"city","episode_id","start_date","end_date","duration_days","n_panic_days","peak_PBB","mean_PBB","is_extreme","year","is_pandemic","is_climate","is_geopol","crisis_type","crisis_type_overlap"
"Araranguá",1,2018-10-06,2018-10-06,1,1,2.50630722067636,2.50630722067636,0,2018,FALSE,FALSE,FALSE,"Unattributed","Unattributed"
"Araranguá",2,2018-11-03,2018-11-03,1,1,3.155003162795,3.155003162795,1,2018,FALSE,FALSE,FALSE,"Unattributed","Unattributed"
"Araranguá",3,2018-11-23,2018-11-24,2,2,2.52372624786789,2.27438634172599,0,2018,FALSE,FALSE,FALSE,"Unattributed","Unattributed"
"Araranguá",4,2018-12-01,2018-12-01,1,1,3.1185612134115,3.1185612134115,1,2018,FALSE,FALSE,FALSE,"Unattributed","Unattributed"
"Araranguá",5,2018-12-21,2018-12-24,4,4,3.2261730216971,2.92698505643229,1,2018,FALSE,FALSE,FALSE,"Unattributed","Unattributed"
"Araranguá",6,2019-01-05,2019-01-05,1,1,3.28501470813282,3.28501470813282,1,2019,FALSE,FALSE,FALSE,"Unattributed","Unattributed"
"Araranguá",7,2019-02-02,2019-02-02,1,1,3.29624878651613,3.29624878651613,1,2019,FALSE,FALSE,FALSE,"Unattributed","Unattributed"
"Araranguá",8,2019-03-02,2019-03-02,1,1,3.41876280899176,3.41876280899176,1,2019,FALSE,FALSE,FALSE,"Unattributed","Unattributed"
"Araranguá",9,2019-03-09,2019-03-09,1,1,2.02410175350147,2.02410175350147,0,2019,FALSE,FALSE,FALSE,"Unattributed","Unattributed"
"Araranguá",10,2019-04-06,2019-04-06,1,1,3.29227756186585,3.29227756186585,1,2019,FALSE,FALSE,FALSE,"Unattributed","Unattributed"
"Araranguá",11,2019-04-13,2019-04-13,1,1,2.13375711864185,2.13375711864185,0,2019,FALSE,FALSE,FALSE,"Unattributed","Unattributed"
"Araranguá",12,2019-04-18,2019-04-18,1,1,2.13273527639928,2.13273527639928,0,2019,FALSE,FALSE,FALSE,"Unattributed","Unattributed"
"Araranguá",13,2019-05-04,2019-05-04,1,1,3.38978615263921,3.38978615263921,1,2019,FALSE,FALSE,FALSE,"Unattributed","Unattributed"
"Araranguá",14,2019-05-11,2019-05-11,1,1,2.49946041231292,2.49946041231292,0,2019,FALSE,FALSE,FALSE,"Unattributed","Unattributed"
"Araranguá",15,2019-06-01,2019-06-01,1,1,3.69689488165665,3.69689488165665,1,2019,FALSE,FALSE,FALSE,"Unattributed","Unattributed"
"Araranguá",16,2019-07-06,2019-07-06,1,1,3.4686638005552,3.4686638005552,1,2019,FALSE,FALSE,FALSE,"Unattributed","Unattributed"
"Araranguá",17,2019-08-03,2019-08-03,1,1,3.46880360686586,3.46880360686586,1,2019,FALSE,FALSE,FALSE,"Unattributed","Unattributed"
"Araranguá",18,2019-08-10,2019-08-10,1,1,2.39431476190088,2.39431476190088,0,2019,FALSE,FALSE,FALSE,"Unattributed","Unattributed"
"Araranguá",19,2019-09-07,2019-09-07,1,1,3.6668382173398,3.6668382173398,1,2019,FALSE,FALSE,FALSE,"Unattributed","Unattributed"
"Araranguá",20,2019-10-05,2019-10-05,1,1,3.33413811459879,3.33413811459879,1,2019,FALSE,FALSE,FALSE,"Unattributed","Unattributed"
"Araranguá",21,2019-11-02,2019-11-02,1,1,2.40643369086961,2.40643369086961,0,2019,FALSE,FALSE,FALSE,"Unattributed","Unattributed"
"Araranguá",22,2019-11-09,2019-11-09,1,1,2.05935599406309,2.05935599406309,0,2019,FALSE,FALSE,FALSE,"Unattributed","Unattributed"
"Araranguá",23,2019-11-29,2019-11-30,2,2,3.39028574057772,2.95448448514609,1,2019,FALSE,FALSE,FALSE,"Unattributed","Unattributed"
"Araranguá",24,2019-12-07,2019-12-07,1,1,2.98859419221922,2.98859419221922,0,2019,FALSE,FALSE,FALSE,"Unattributed","Unattributed"
"Araranguá",25,2019-12-20,2019-12-24,5,5,3.85356001573764,2.94949891647683,1,2019,FALSE,FALSE,FALSE,"Unattributed","Unattributed"
"Araranguá",26,2019-12-30,2019-12-30,1,1,3.19305959656705,3.19305959656705,1,2019,FALSE,FALSE,FALSE,"Unattributed","Unattributed"
"Araranguá",27,2020-02-01,2020-02-01,1,1,3.02083762533311,3.02083762533311,1,2020,FALSE,FALSE,FALSE,"Unattributed","Unattributed"
"Araranguá",28,2020-02-08,2020-02-08,1,1,2.04281011806446,2.04281011806446,0,2020,FALSE,FALSE,FALSE,"Unattributed","Unattributed"
"Araranguá",29,2020-03-07,2020-03-07,1,1,3.30176760592348,3.30176760592348,1,2020,TRUE,FALSE,FALSE,"Pandemic","Pandemic"
"Araranguá",30,2020-03-17,2020-03-18,2,2,2.85164824113026,2.62335122286114,0,2020,TRUE,FALSE,FALSE,"Pandemic","Pandemic"
"Araranguá",31,2020-05-02,2020-05-02,1,1,2.69707640338176,2.69707640338176,0,2020,TRUE,FALSE,FALSE,"Pandemic","Pandemic"
"Araranguá",32,2020-05-09,2020-05-09,1,1,2.86293269422983,2.86293269422983,0,2020,TRUE,FALSE,FALSE,"Pandemic","Pandemic"
"Araranguá",33,2020-06-06,2020-06-06,1,1,3.00704375342649,3.00704375342649,1,2020,TRUE,FALSE,FALSE,"Pandemic","Pandemic"
"Araranguá",34,2020-07-04,2020-07-04,1,1,2.76221596290691,2.76221596290691,0,2020,TRUE,FALSE,FALSE,"Pandemic","Pandemic"
"Araranguá",35,2020-08-01,2020-08-01,1,1,2.05228335929471,2.05228335929471,0,2020,TRUE,FALSE,FALSE,"Pandemic","Pandemic"
"Araranguá",36,2020-08-08,2020-08-08,1,1,2.58869122139826,2.58869122139826,0,2020,TRUE,FALSE,FALSE,"Pandemic","Pandemic"
"Araranguá",37,2020-09-05,2020-09-05,1,1,2.67789592298262,2.67789592298262,0,2020,TRUE,FALSE,FALSE,"Pandemic","Pandemic"
"Araranguá",38,2020-11-07,2020-11-07,1,1,2.26312024213843,2.26312024213843,0,2020,FALSE,FALSE,FALSE,"Unattributed","Unattributed"
"Araranguá",39,2020-11-27,2020-11-29,3,3,3.79657658599839,2.66994475528752,1,2020,TRUE,FALSE,FALSE,"Pandemic","Pandemic"
"Araranguá",40,2020-12-20,2020-12-24,5,4,3.78604503451072,2.86753248260551,1,2020,TRUE,TRUE,FALSE,"Climate","Pandemic & Climate"
"Araranguá",41,2020-12-30,2020-12-30,1,1,2.59860342716406,2.59860342716406,0,2020,TRUE,FALSE,FALSE,"Pandemic","Pandemic"
"Araranguá",42,2021-02-06,2021-02-06,1,1,2.06378238037758,2.06378238037758,0,2021,TRUE,FALSE,FALSE,"Pandemic","Pandemic"
"Araranguá",43,2021-04-03,2021-04-03,1,1,2.17611744424859,2.17611744424859,0,2021,TRUE,FALSE,FALSE,"Pandemic","Pandemic"
"Araranguá",44,2021-05-08,2021-05-08,1,1,3.05680149813251,3.05680149813251,1,2021,TRUE,FALSE,FALSE,"Pandemic","Pandemic"
"Araranguá",45,2021-07-03,2021-07-03,1,1,2.09841139784847,2.09841139784847,0,2021,TRUE,FALSE,FALSE,"Pandemic","Pandemic"
"Araranguá",46,2021-08-07,2021-08-07,1,1,2.97044972034945,2.97044972034945,0,2021,TRUE,FALSE,FALSE,"Pandemic","Pandemic"
"Araranguá",47,2021-09-04,2021-09-04,1,1,2.76962769019454,2.76962769019454,0,2021,TRUE,FALSE,FALSE,"Pandemic","Pandemic"
"Araranguá",48,2021-10-09,2021-10-09,1,1,2.05971522638108,2.05971522638108,0,2021,FALSE,FALSE,FALSE,"Unattributed","Unattributed"
"Araranguá",49,2021-11-06,2021-11-06,1,1,2.111900416442,2.111900416442,0,2021,FALSE,FALSE,FALSE,"Unattributed","Unattributed"
"Araranguá",50,2021-11-26,2021-11-27,2,2,3.3535296262928,2.75361505534534,1,2021,TRUE,FALSE,FALSE,"Pandemic","Pandemic"
"Araranguá",51,2021-12-21,2021-12-24,4,4,3.79432948159799,3.02987025752097,1,2021,TRUE,FALSE,FALSE,"Pandemic","Pandemic"
"Araranguá",52,2021-12-30,2021-12-30,1,1,2.54328008221774,2.54328008221774,0,2021,TRUE,FALSE,FALSE,"Pandemic","Pandemic"
"Araranguá",53,2022-02-05,2022-02-05,1,1,2.52502550065108,2.52502550065108,0,2022,TRUE,FALSE,FALSE,"Pandemic","Pandemic"
"Araranguá",54,2022-03-05,2022-03-05,1,1,2.02906051907882,2.02906051907882,0,2022,TRUE,FALSE,FALSE,"Pandemic","Pandemic"
"Araranguá",55,2022-05-07,2022-05-07,1,1,3.44357861789606,3.44357861789606,1,2022,FALSE,FALSE,FALSE,"Unattributed","Unattributed"
"Araranguá",56,2022-06-04,2022-06-04,1,1,2.49700298082073,2.49700298082073,0,2022,FALSE,FALSE,FALSE,"Unattributed","Unattributed"
"Araranguá",57,2022-07-02,2022-07-02,1,1,2.05760303220116,2.05760303220116,0,2022,FALSE,FALSE,FALSE,"Unattributed","Unattributed"
"Araranguá",58,2022-08-06,2022-08-06,1,1,2.58150890939637,2.58150890939637,0,2022,FALSE,FALSE,FALSE,"Unattributed","Unattributed"
"Araranguá",59,2022-09-03,2022-09-03,1,1,2.74851151868433,2.74851151868433,0,2022,FALSE,FALSE,FALSE,"Unattributed","Unattributed"
"Araranguá",60,2022-10-01,2022-10-01,1,1,2.32558555971699,2.32558555971699,0,2022,FALSE,FALSE,FALSE,"Unattributed","Unattributed"
"Araranguá",61,2022-11-05,2022-11-05,1,1,2.37771224386711,2.37771224386711,0,2022,FALSE,FALSE,FALSE,"Unattributed","Unattributed"
"Araranguá",62,2022-11-25,2022-11-25,1,1,3.88301138100853,3.88301138100853,1,2022,FALSE,FALSE,FALSE,"Unattributed","Unattributed"
"Araranguá",63,2022-12-03,2022-12-03,1,1,2.05051378028169,2.05051378028169,0,2022,FALSE,TRUE,FALSE,"Climate","Climate"
"Araranguá",64,2022-12-21,2022-12-23,3,3,2.94008411170587,2.6301574624702,0,2022,FALSE,TRUE,FALSE,"Climate","Climate"
"Araranguá",65,2023-02-04,2023-02-04,1,1,2.29423715000318,2.29423715000318,0,2023,FALSE,FALSE,FALSE,"Unattributed","Unattributed"
"Araranguá",66,2023-03-04,2023-03-04,1,1,2.1769891950074,2.1769891950074,0,2023,FALSE,FALSE,FALSE,"Unattributed","Unattributed"
"Araranguá",67,2023-04-01,2023-04-01,1,1,2.3949939196107,2.3949939196107,0,2023,FALSE,FALSE,FALSE,"Unattributed","Unattributed"
"Araranguá",68,2023-04-06,2023-04-08,3,2,2.07943627814371,2.05429973159296,0,2023,FALSE,FALSE,FALSE,"Unattributed","Unattributed"
"Araranguá",69,2023-05-06,2023-05-08,3,2,3.59471608525763,3.08182346309088,1,2023,FALSE,FALSE,FALSE,"Unattributed","Unattributed"
"Araranguá",70,2023-08-05,2023-08-05,1,1,2.33927636172453,2.33927636172453,0,2023,FALSE,FALSE,FALSE,"Unattributed","Unattributed"
"Araranguá",71,2023-09-02,2023-09-02,1,1,2.34976783768901,2.34976783768901,0,2023,FALSE,FALSE,FALSE,"Unattributed","Unattributed"
"Araranguá",72,2023-11-24,2023-11-24,1,1,3.44468748344533,3.44468748344533,1,2023,FALSE,FALSE,FALSE,"Unattributed","Unattributed"
"Araranguá",73,2023-12-22,2023-12-22,1,1,2.10326524089235,2.10326524089235,0,2023,FALSE,FALSE,FALSE,"Unattributed","Unattributed"
"Araranguá",74,2024-12-16,2024-12-16,1,1,4.47533896138666,4.47533896138666,1,2024,FALSE,FALSE,FALSE,"Unattributed","Unattributed"
"Campos Novos",1,2018-03-29,2018-03-29,1,1,4.15663165534384,4.15663165534384,1,2018,FALSE,FALSE,FALSE,"Unattributed","Unattributed"
"Campos Novos",2,2018-06-01,2018-06-01,1,1,2.95071087042147,2.95071087042147,0,2018,FALSE,FALSE,FALSE,"Unattributed","Unattributed"
"Campos Novos",3,2018-06-30,2018-06-30,1,1,2.14104793454432,2.14104793454432,0,2018,FALSE,FALSE,FALSE,"Unattributed","Unattributed"
"Campos Novos",4,2018-08-29,2018-08-29,1,1,5.74561066065609,5.74561066065609,1,2018,FALSE,FALSE,FALSE,"Unattributed","Unattributed"
"Campos Novos",5,2018-10-06,2018-10-06,1,1,2.33333305149721,2.33333305149721,0,2018,FALSE,FALSE,FALSE,"Unattributed","Unattributed"
"Campos Novos",6,2018-11-01,2018-11-01,1,1,2.00266861954434,2.00266861954434,0,2018,FALSE,FALSE,FALSE,"Unattributed","Unattributed"
"Campos Novos",7,2018-12-21,2018-12-24,4,3,4.3471107661524,3.60557802594996,1,2018,FALSE,FALSE,FALSE,"Unattributed","Unattributed"
"Campos Novos",8,2019-03-01,2019-03-01,1,1,2.82766220654518,2.82766220654518,0,2019,FALSE,FALSE,FALSE,"Unattributed","Unattributed"
"Campos Novos",9,2019-03-09,2019-03-09,1,1,2.04051740560739,2.04051740560739,0,2019,FALSE,FALSE,FALSE,"Unattributed","Unattributed"
"Campos Novos",10,2019-04-06,2019-04-06,1,1,3.10631124832262,3.10631124832262,1,2019,FALSE,FALSE,FALSE,"Unattributed","Unattributed"
"Campos Novos",11,2019-04-18,2019-04-20,3,2,3.11145803782759,2.94949802634041,1,2019,FALSE,FALSE,FALSE,"Unattributed","Unattributed"
"Campos Novos",12,2019-05-04,2019-05-04,1,1,2.32514295454856,2.32514295454856,0,2019,FALSE,FALSE,FALSE,"Unattributed","Unattributed"
"Campos Novos",13,2019-06-01,2019-06-01,1,1,2.22283554776,2.22283554776,0,2019,FALSE,FALSE,FALSE,"Unattributed","Unattributed"
"Campos Novos",14,2019-06-08,2019-06-08,1,1,3.12423087188814,3.12423087188814,1,2019,FALSE,FALSE,FALSE,"Unattributed","Unattributed"
"Campos Novos",15,2019-06-28,2019-06-29,2,2,3.29909728531337,2.84321996301813,1,2019,FALSE,FALSE,FALSE,"Unattributed","Unattributed"
"Campos Novos",16,2019-07-06,2019-07-06,1,1,3.53244800597183,3.53244800597183,1,2019,FALSE,FALSE,FALSE,"Unattributed","Unattributed"
"Campos Novos",17,2019-08-03,2019-08-03,1,1,2.49095881680155,2.49095881680155,0,2019,FALSE,FALSE,FALSE,"Unattributed","Unattributed"
"Campos Novos",18,2019-08-10,2019-08-10,1,1,2.75554649431693,2.75554649431693,0,2019,FALSE,FALSE,FALSE,"Unattributed","Unattributed"
"Campos Novos",19,2019-08-30,2019-08-31,2,2,2.73103382030416,2.58891309929465,0,2019,FALSE,FALSE,FALSE,"Unattributed","Unattributed"
"Campos Novos",20,2019-09-07,2019-09-07,1,1,2.70343055094127,2.70343055094127,0,2019,FALSE,FALSE,FALSE,"Unattributed","Unattributed"
"Campos Novos",21,2019-09-28,2019-10-01,4,2,2.0807417147683,2.07566877392692,0,2019,FALSE,FALSE,FALSE,"Unattributed","Unattributed"
"Campos Novos",22,2019-10-05,2019-10-05,1,1,3.19106893030907,3.19106893030907,1,2019,FALSE,FALSE,FALSE,"Unattributed","Unattributed"
"Campos Novos",23,2019-11-29,2019-11-29,1,1,4.6352150148658,4.6352150148658,1,2019,FALSE,FALSE,FALSE,"Unattributed","Unattributed"
"Campos Novos",24,2019-12-07,2019-12-07,1,1,2.04309659141861,2.04309659141861,0,2019,FALSE,FALSE,FALSE,"Unattributed","Unattributed"
"Campos Novos",25,2019-12-20,2019-12-24,5,4,4.80063101930022,3.66279747698816,1,2019,FALSE,FALSE,FALSE,"Unattributed","Unattributed"
"Campos Novos",26,2019-12-30,2019-12-31,2,2,3.12740042335311,2.72617470297798,1,2019,FALSE,FALSE,FALSE,"Unattributed","Unattributed"
"Campos Novos",27,2020-02-01,2020-02-01,1,1,2.37682316726017,2.37682316726017,0,2020,FALSE,FALSE,FALSE,"Unattributed","Unattributed"
"Campos Novos",28,2020-02-10,2020-02-10,1,1,2.24106958534708,2.24106958534708,0,2020,FALSE,FALSE,FALSE,"Unattributed","Unattributed"
"Campos Novos",29,2020-02-29,2020-02-29,1,1,2.37228539080318,2.37228539080318,0,2020,TRUE,FALSE,FALSE,"Pandemic","Pandemic"
"Campos Novos",30,2020-03-06,2020-03-07,2,2,3.473249001664,2.88327222694775,1,2020,TRUE,FALSE,FALSE,"Pandemic","Pandemic"
"Campos Novos",31,2020-03-17,2020-03-19,3,3,6.72475909153138,4.19734872715656,1,2020,TRUE,FALSE,FALSE,"Pandemic","Pandemic"
"Campos Novos",32,2020-03-31,2020-04-01,2,2,3.6944081567921,2.91359904171058,1,2020,TRUE,FALSE,FALSE,"Pandemic","Pandemic"
"Campos Novos",33,2020-04-07,2020-04-11,5,4,3.62473929823929,2.85116051003263,1,2020,TRUE,FALSE,FALSE,"Pandemic","Pandemic"
"Campos Novos",34,2020-04-22,2020-04-22,1,1,2.09983675646618,2.09983675646618,0,2020,TRUE,FALSE,FALSE,"Pandemic","Pandemic"
"Campos Novos",35,2020-04-30,2020-04-30,1,1,3.50973370961984,3.50973370961984,1,2020,TRUE,FALSE,FALSE,"Pandemic","Pandemic"
"Campos Novos",36,2020-05-08,2020-05-09,2,2,3.3058462932282,3.140851157332,1,2020,TRUE,FALSE,FALSE,"Pandemic","Pandemic"
"Campos Novos",37,2020-05-29,2020-05-30,2,2,3.20179958580055,3.04887453993849,1,2020,TRUE,FALSE,FALSE,"Pandemic","Pandemic"
"Campos Novos",38,2020-06-05,2020-06-06,2,2,3.76018639482755,3.30531882598983,1,2020,TRUE,FALSE,FALSE,"Pandemic","Pandemic"
"Campos Novos",39,2020-06-12,2020-06-12,1,1,3.00121008202938,3.00121008202938,1,2020,TRUE,FALSE,FALSE,"Pandemic","Pandemic"
"Campos Novos",40,2020-06-20,2020-06-20,1,1,2.14296150115333,2.14296150115333,0,2020,TRUE,FALSE,FALSE,"Pandemic","Pandemic"
"Campos Novos",41,2020-07-01,2020-07-04,4,3,3.08896072235031,2.68708328731722,1,2020,TRUE,TRUE,FALSE,"Climate","Pandemic & Climate"
"Campos Novos",42,2020-07-11,2020-07-11,1,1,2.31036060445606,2.31036060445606,0,2020,TRUE,FALSE,FALSE,"Pandemic","Pandemic"
"Campos Novos",43,2020-07-25,2020-07-25,1,1,2.13447575085132,2.13447575085132,0,2020,TRUE,FALSE,FALSE,"Pandemic","Pandemic"
"Campos Novos",44,2020-07-31,2020-08-01,2,2,3.85121924380209,2.95288607427663,1,2020,TRUE,FALSE,FALSE,"Pandemic","Pandemic"
"Campos Novos",45,2020-08-06,2020-08-08,3,3,3.58521034854309,2.90236739337167,1,2020,TRUE,FALSE,FALSE,"Pandemic","Pandemic"
"Campos Novos",46,2020-08-20,2020-08-20,1,1,6.08445475770628,6.08445475770628,1,2020,TRUE,FALSE,FALSE,"Pandemic","Pandemic"
"Campos Novos",47,2020-08-28,2020-09-05,9,5,4.58035544919631,3.38847342718372,1,2020,TRUE,FALSE,FALSE,"Pandemic","Pandemic"
"Campos Novos",48,2020-09-09,2020-09-09,1,1,5.10282253274753,5.10282253274753,1,2020,TRUE,FALSE,FALSE,"Pandemic","Pandemic"
"Campos Novos",49,2020-09-15,2020-09-15,1,1,2.20662818118339,2.20662818118339,0,2020,TRUE,FALSE,FALSE,"Pandemic","Pandemic"
"Campos Novos",50,2020-09-30,2020-10-03,4,3,4.27087748363894,3.29169074134933,1,2020,FALSE,FALSE,FALSE,"Unattributed","Unattributed"
"Campos Novos",51,2020-10-09,2020-10-10,2,2,2.86828214900904,2.61480430401977,0,2020,FALSE,FALSE,FALSE,"Unattributed","Unattributed"
"Campos Novos",52,2020-10-29,2020-10-31,3,3,4.3016686679226,3.13564391549804,1,2020,FALSE,FALSE,FALSE,"Unattributed","Unattributed"
"Campos Novos",53,2020-11-07,2020-11-07,1,1,3.49462259392097,3.49462259392097,1,2020,FALSE,FALSE,FALSE,"Unattributed","Unattributed"
"Campos Novos",54,2020-11-27,2020-11-28,2,2,2.95438246189524,2.58376910450936,0,2020,TRUE,FALSE,FALSE,"Pandemic","Pandemic"
"Campos Novos",55,2020-12-05,2020-12-05,1,1,2.23340726998126,2.23340726998126,0,2020,TRUE,FALSE,FALSE,"Pandemic","Pandemic"
"Campos Novos",56,2020-12-18,2020-12-24,7,6,4.8330567113063,3.33531436594905,1,2020,TRUE,TRUE,FALSE,"Climate","Pandemic & Climate"
"Campos Novos",57,2020-12-30,2020-12-31,2,2,4.03682256870376,3.7387973941555,1,2020,TRUE,FALSE,FALSE,"Pandemic","Pandemic"
"Campos Novos",58,2021-01-29,2021-01-30,2,2,2.57449049666881,2.39767183262155,0,2021,TRUE,FALSE,FALSE,"Pandemic","Pandemic"
"Campos Novos",59,2021-02-06,2021-02-06,1,1,3.11337634587973,3.11337634587973,1,2021,TRUE,FALSE,FALSE,"Pandemic","Pandemic"
"Campos Novos",60,2021-02-26,2021-02-27,2,2,3.27484785303145,3.1244245853619,1,2021,TRUE,FALSE,FALSE,"Pandemic","Pandemic"
"Campos Novos",61,2021-03-05,2021-03-06,2,2,3.68765710560502,2.93083240673871,1,2021,TRUE,FALSE,FALSE,"Pandemic","Pandemic"
"Campos Novos",62,2021-03-13,2021-03-13,1,1,2.06196125074001,2.06196125074001,0,2021,TRUE,FALSE,FALSE,"Pandemic","Pandemic"
"Campos Novos",63,2021-03-20,2021-03-20,1,1,2.20514601106653,2.20514601106653,0,2021,TRUE,FALSE,FALSE,"Pandemic","Pandemic"
"Campos Novos",64,2021-03-27,2021-03-27,1,1,2.01097798477147,2.01097798477147,0,2021,TRUE,FALSE,FALSE,"Pandemic","Pandemic"
"Campos Novos",65,2021-04-01,2021-04-03,3,2,5.31185252403642,4.09564465096751,1,2021,TRUE,FALSE,FALSE,"Pandemic","Pandemic"
"Campos Novos",66,2021-04-10,2021-04-10,1,1,2.0998281471465,2.0998281471465,0,2021,TRUE,FALSE,FALSE,"Pandemic","Pandemic"
"Campos Novos",67,2021-04-30,2021-05-01,2,2,3.5870482200776,3.06279464054269,1,2021,TRUE,FALSE,FALSE,"Pandemic","Pandemic"
"Campos Novos",68,2021-05-06,2021-05-08,3,3,3.21365735331003,2.85942933553732,1,2021,TRUE,FALSE,FALSE,"Pandemic","Pandemic"
"Campos Novos",69,2021-06-01,2021-06-05,5,3,2.7935865193635,2.41371832643583,0,2021,TRUE,FALSE,FALSE,"Pandemic","Pandemic"
"Campos Novos",70,2021-06-12,2021-06-12,1,1,2.90780882066985,2.90780882066985,0,2021,TRUE,FALSE,FALSE,"Pandemic","Pandemic"
"Campos Novos",71,2021-06-29,2021-07-10,12,7,3.01606301647411,2.41342619014974,1,2021,TRUE,FALSE,FALSE,"Pandemic","Pandemic"
"Campos Novos",72,2021-07-24,2021-07-24,1,1,2.16802145445268,2.16802145445268,0,2021,TRUE,FALSE,FALSE,"Pandemic","Pandemic"
"Campos Novos",73,2021-07-30,2021-07-31,2,2,3.03044082208439,3.01401772497307,1,2021,TRUE,FALSE,FALSE,"Pandemic","Pandemic"
"Campos Novos",74,2021-08-05,2021-08-08,4,4,3.82405792994143,2.82385551593643,1,2021,TRUE,FALSE,FALSE,"Pandemic","Pandemic"
"Campos Novos",75,2021-08-28,2021-09-04,8,4,4.01883538412551,2.86406983601888,1,2021,TRUE,FALSE,FALSE,"Pandemic","Pandemic"
"Campos Novos",76,2021-09-15,2021-09-15,1,1,2.04473264866713,2.04473264866713,0,2021,TRUE,FALSE,FALSE,"Pandemic","Pandemic"
"Campos Novos",77,2021-09-30,2021-10-02,3,3,3.01088650783445,2.83946283688397,1,2021,FALSE,FALSE,FALSE,"Unattributed","Unattributed"
"Campos Novos",78,2021-10-07,2021-10-09,3,2,2.59002550252451,2.33695337443718,0,2021,FALSE,FALSE,FALSE,"Unattributed","Unattributed"
"Campos Novos",79,2021-10-29,2021-10-30,2,2,3.48130620758738,2.82728266231349,1,2021,FALSE,FALSE,FALSE,"Unattributed","Unattributed"
"Campos Novos",80,2021-11-06,2021-11-06,1,1,2.85259439552699,2.85259439552699,0,2021,FALSE,FALSE,FALSE,"Unattributed","Unattributed"
"Campos Novos",81,2021-11-20,2021-11-20,1,1,2.71269725829106,2.71269725829106,0,2021,TRUE,FALSE,FALSE,"Pandemic","Pandemic"
"Campos Novos",82,2021-11-30,2021-11-30,1,1,2.81438817320113,2.81438817320113,0,2021,TRUE,FALSE,FALSE,"Pandemic","Pandemic"
"Campos Novos",83,2021-12-04,2021-12-04,1,1,2.15885029564504,2.15885029564504,0,2021,TRUE,FALSE,FALSE,"Pandemic","Pandemic"
"Campos Novos",84,2021-12-17,2021-12-24,8,7,4.61215966226283,3.37156935425536,1,2021,TRUE,FALSE,FALSE,"Pandemic","Pandemic"
"Campos Novos",85,2021-12-30,2021-12-30,1,1,2.80350514076071,2.80350514076071,0,2021,TRUE,FALSE,FALSE,"Pandemic","Pandemic"
"Campos Novos",86,2022-04-14,2022-04-14,1,1,2.02489935024491,2.02489935024491,0,2022,FALSE,FALSE,FALSE,"Unattributed","Unattributed"
"Campos Novos",87,2022-12-21,2022-12-22,2,2,2.19211357119323,2.16554817308301,0,2022,FALSE,TRUE,FALSE,"Climate","Climate"
"Campos Novos",88,2024-02-19,2024-02-19,1,1,2.0093192304139,2.0093192304139,0,2024,FALSE,FALSE,FALSE,"Unattributed","Unattributed"
"Campos Novos",89,2024-03-28,2024-03-28,1,1,2.45109142128331,2.45109142128331,0,2024,FALSE,FALSE,FALSE,"Unattributed","Unattributed"
"Campos Novos",90,2024-04-26,2024-04-26,1,1,6.64022960301565,6.64022960301565,1,2024,FALSE,FALSE,FALSE,"Unattributed","Unattributed"
"Campos Novos",91,2024-12-20,2024-12-20,1,1,2.01099502888759,2.01099502888759,0,2024,FALSE,FALSE,FALSE,"Unattributed","Unattributed"
"Campos Novos",92,2025-01-28,2025-01-28,1,1,2.39216341872534,2.39216341872534,0,2025,FALSE,FALSE,FALSE,"Unattributed","Unattributed"
"Campos Novos",93,2025-02-18,2025-02-18,1,1,2.29371157152393,2.29371157152393,0,2025,FALSE,FALSE,FALSE,"Unattributed","Unattributed"
"Campos Novos",94,2025-03-10,2025-03-10,1,1,2.53103638866258,2.53103638866258,0,2025,FALSE,FALSE,FALSE,"Unattributed","Unattributed"
"Campos Novos",95,2025-03-24,2025-03-24,1,1,2.02821627728315,2.02821627728315,0,2025,FALSE,FALSE,FALSE,"Unattributed","Unattributed"
"Campos Novos",96,2025-07-30,2025-07-30,1,1,2.85496334628102,2.85496334628102,0,2025,FALSE,FALSE,FALSE,"Unattributed","Unattributed"
"Campos Novos",97,2025-10-01,2025-10-01,1,1,2.50010992517154,2.50010992517154,0,2025,FALSE,FALSE,FALSE,"Unattributed","Unattributed"
"Campos Novos",98,2025-11-30,2025-11-30,1,1,3.75801324625722,3.75801324625722,1,2025,FALSE,FALSE,FALSE,"Unattributed","Unattributed"
"Caçador",1,2018-03-29,2018-03-29,1,1,2.18380306667567,2.18380306667567,0,2018,FALSE,FALSE,FALSE,"Unattributed","Unattributed"
"Caçador",2,2018-06-01,2018-06-01,1,1,2.09542114759343,2.09542114759343,0,2018,FALSE,FALSE,FALSE,"Unattributed","Unattributed"
"Caçador",3,2018-08-04,2018-08-04,1,1,2.04487578724747,2.04487578724747,0,2018,FALSE,FALSE,FALSE,"Unattributed","Unattributed"
"Caçador",4,2018-09-06,2018-09-08,3,2,2.77178039876298,2.68423806103926,0,2018,FALSE,FALSE,FALSE,"Unattributed","Unattributed"
"Caçador",5,2018-10-06,2018-10-06,1,1,2.27956097088787,2.27956097088787,0,2018,FALSE,FALSE,FALSE,"Unattributed","Unattributed"
"Caçador",6,2018-11-03,2018-11-03,1,1,2.12219061063578,2.12219061063578,0,2018,FALSE,FALSE,FALSE,"Unattributed","Unattributed"
"Caçador",7,2018-12-24,2018-12-24,1,1,2.60107135100202,2.60107135100202,0,2018,FALSE,FALSE,FALSE,"Unattributed","Unattributed"
"Caçador",8,2019-06-03,2019-06-03,1,1,5.5266671726701,5.5266671726701,1,2019,FALSE,FALSE,FALSE,"Unattributed","Unattributed"
"Caçador",9,2019-08-06,2019-08-06,1,1,2.55162224286977,2.55162224286977,0,2019,FALSE,FALSE,FALSE,"Unattributed","Unattributed"
"Caçador",10,2019-08-28,2019-08-28,1,1,5.81421891940836,5.81421891940836,1,2019,FALSE,FALSE,FALSE,"Unattributed","Unattributed"
"Caçador",11,2019-09-14,2019-09-14,1,1,2.41731402225922,2.41731402225922,0,2019,FALSE,FALSE,FALSE,"Unattributed","Unattributed"
"Caçador",12,2019-10-04,2019-10-04,1,1,3.5736017716109,3.5736017716109,1,2019,FALSE,FALSE,FALSE,"Unattributed","Unattributed"
"Caçador",13,2019-10-09,2019-10-09,1,1,5.17400317376792,5.17400317376792,1,2019,FALSE,FALSE,FALSE,"Unattributed","Unattributed"
"Caçador",14,2019-12-24,2019-12-24,1,1,3.23073674274728,3.23073674274728,1,2019,FALSE,FALSE,FALSE,"Unattributed","Unattributed"
"Caçador",15,2020-01-07,2020-01-07,1,1,2.92518940772402,2.92518940772402,0,2020,FALSE,FALSE,FALSE,"Unattributed","Unattributed"
"Caçador",16,2020-02-06,2020-02-06,1,1,2.07417984150124,2.07417984150124,0,2020,FALSE,FALSE,FALSE,"Unattributed","Unattributed"
"Caçador",17,2020-03-18,2020-03-18,1,1,3.9692252982796,3.9692252982796,1,2020,TRUE,FALSE,FALSE,"Pandemic","Pandemic"
"Caçador",18,2020-03-29,2020-03-29,1,1,3.56287270610588,3.56287270610588,1,2020,TRUE,FALSE,FALSE,"Pandemic","Pandemic"
"Caçador",19,2020-05-02,2020-05-02,1,1,3.36260582143938,3.36260582143938,1,2020,TRUE,FALSE,FALSE,"Pandemic","Pandemic"
"Caçador",20,2020-06-06,2020-06-06,1,1,2.16328194313854,2.16328194313854,0,2020,TRUE,FALSE,FALSE,"Pandemic","Pandemic"
"Caçador",21,2020-08-31,2020-08-31,1,1,2.15949661439389,2.15949661439389,0,2020,TRUE,FALSE,FALSE,"Pandemic","Pandemic"
"Caçador",22,2020-09-05,2020-09-05,1,1,2.21060050468844,2.21060050468844,0,2020,TRUE,FALSE,FALSE,"Pandemic","Pandemic"
"Caçador",23,2020-12-23,2020-12-24,2,2,3.43603844802495,2.87602173539083,1,2020,TRUE,FALSE,FALSE,"Pandemic","Pandemic"
"Caçador",24,2021-03-31,2021-03-31,1,1,2.08936408649061,2.08936408649061,0,2021,TRUE,FALSE,FALSE,"Pandemic","Pandemic"
"Caçador",25,2021-05-02,2021-05-02,1,1,3.19738937584151,3.19738937584151,1,2021,TRUE,FALSE,FALSE,"Pandemic","Pandemic"
"Caçador",26,2021-06-26,2021-06-26,1,1,2.36765578317396,2.36765578317396,0,2021,TRUE,FALSE,FALSE,"Pandemic","Pandemic"
"Caçador",27,2021-07-10,2021-07-10,1,1,2.32714168613315,2.32714168613315,0,2021,TRUE,FALSE,FALSE,"Pandemic","Pandemic"
"Caçador",28,2021-08-06,2021-08-07,2,2,3.3132404357004,2.75615097342182,1,2021,TRUE,FALSE,FALSE,"Pandemic","Pandemic"
"Caçador",29,2021-08-11,2021-08-11,1,1,2.28897740688949,2.28897740688949,0,2021,TRUE,FALSE,FALSE,"Pandemic","Pandemic"
"Caçador",30,2021-08-24,2021-08-24,1,1,2.46434672129566,2.46434672129566,0,2021,TRUE,FALSE,FALSE,"Pandemic","Pandemic"
"Caçador",31,2021-09-01,2021-09-01,1,1,3.45733811686418,3.45733811686418,1,2021,TRUE,FALSE,FALSE,"Pandemic","Pandemic"
"Caçador",32,2021-09-16,2021-09-16,1,1,2.2748577100224,2.2748577100224,0,2021,TRUE,FALSE,FALSE,"Pandemic","Pandemic"
"Caçador",33,2021-09-21,2021-09-21,1,1,2.24571452521407,2.24571452521407,0,2021,FALSE,FALSE,FALSE,"Unattributed","Unattributed"
"Caçador",34,2021-10-01,2021-10-01,1,1,2.68413776754443,2.68413776754443,0,2021,FALSE,FALSE,FALSE,"Unattributed","Unattributed"
"Caçador",35,2021-11-10,2021-11-10,1,1,2.36754205136692,2.36754205136692,0,2021,FALSE,FALSE,FALSE,"Unattributed","Unattributed"
"Caçador",36,2021-12-21,2021-12-24,4,3,4.13190695190495,3.21682156735693,1,2021,TRUE,FALSE,FALSE,"Pandemic","Pandemic"
"Caçador",37,2022-02-01,2022-02-01,1,1,2.24860106236161,2.24860106236161,0,2022,TRUE,FALSE,FALSE,"Pandemic","Pandemic"
"Caçador",38,2022-02-15,2022-02-16,2,2,3.41646944107649,2.83806844951622,1,2022,TRUE,FALSE,FALSE,"Pandemic","Pandemic"
"Caçador",39,2022-03-10,2022-03-10,1,1,3.53403059150148,3.53403059150148,1,2022,TRUE,FALSE,FALSE,"Pandemic","Pandemic"
"Caçador",40,2022-03-15,2022-03-15,1,1,2.21371329826998,2.21371329826998,0,2022,TRUE,FALSE,FALSE,"Pandemic","Pandemic"
"Caçador",41,2022-03-22,2022-03-24,3,2,3.88141767941568,3.14897378668062,1,2022,TRUE,FALSE,FALSE,"Pandemic","Pandemic"
"Caçador",42,2022-03-30,2022-03-30,1,1,3.01725727691304,3.01725727691304,1,2022,TRUE,FALSE,FALSE,"Pandemic","Pandemic"
"Caçador",43,2022-04-12,2022-04-14,3,3,5.46572268866067,3.75717967507253,1,2022,FALSE,FALSE,FALSE,"Unattributed","Unattributed"
"Caçador",44,2022-04-26,2022-04-26,1,1,2.60960485745023,2.60960485745023,0,2022,FALSE,FALSE,FALSE,"Unattributed","Unattributed"
"Caçador",45,2022-05-20,2022-05-20,1,1,2.02308998823226,2.02308998823226,0,2022,FALSE,FALSE,FALSE,"Unattributed","Unattributed"
"Caçador",46,2022-06-07,2022-06-07,1,1,2.26738144644078,2.26738144644078,0,2022,FALSE,FALSE,FALSE,"Unattributed","Unattributed"
"Caçador",47,2022-06-12,2022-06-14,3,2,2.34187692523671,2.2392461508687,0,2022,FALSE,FALSE,FALSE,"Unattributed","Unattributed"
"Caçador",48,2022-07-07,2022-07-07,1,1,2.35860795823785,2.35860795823785,0,2022,FALSE,FALSE,FALSE,"Unattributed","Unattributed"
"Caçador",49,2022-07-11,2022-07-11,1,1,2.00364495938983,2.00364495938983,0,2022,FALSE,FALSE,FALSE,"Unattributed","Unattributed"
"Caçador",50,2022-08-05,2022-08-09,5,3,2.78518040302268,2.32930908867194,0,2022,FALSE,FALSE,FALSE,"Unattributed","Unattributed"
"Caçador",51,2022-08-14,2022-08-14,1,1,2.22939684814469,2.22939684814469,0,2022,FALSE,FALSE,FALSE,"Unattributed","Unattributed"
"Caçador",52,2023-04-06,2023-04-06,1,1,2.4101236019357,2.4101236019357,0,2023,FALSE,FALSE,FALSE,"Unattributed","Unattributed"
"Caçador",53,2023-05-14,2023-05-14,1,1,2.01198820199317,2.01198820199317,0,2023,FALSE,FALSE,FALSE,"Unattributed","Unattributed"
"Caçador",54,2023-08-21,2023-08-21,1,1,3.8275046002384,3.8275046002384,1,2023,FALSE,FALSE,FALSE,"Unattributed","Unattributed"
"Caçador",55,2023-10-26,2023-10-26,1,1,2.3012388676874,2.3012388676874,0,2023,FALSE,FALSE,FALSE,"Unattributed","Unattributed"
"Caçador",56,2023-12-24,2023-12-24,1,1,2.64412852999857,2.64412852999857,0,2023,FALSE,FALSE,FALSE,"Unattributed","Unattributed"
"Caçador",57,2024-04-21,2024-04-21,1,1,2.2836867980826,2.2836867980826,0,2024,FALSE,FALSE,FALSE,"Unattributed","Unattributed"
"Caçador",58,2024-05-12,2024-05-12,1,1,2.16076437529866,2.16076437529866,0,2024,FALSE,FALSE,FALSE,"Unattributed","Unattributed"
"Caçador",59,2024-12-24,2024-12-24,1,1,2.03564212750486,2.03564212750486,0,2024,FALSE,FALSE,FALSE,"Unattributed","Unattributed"
"Caçador",60,2025-08-22,2025-08-22,1,1,4.35174769906132,4.35174769906132,1,2025,FALSE,FALSE,FALSE,"Unattributed","Unattributed"
"Caçador",61,2025-09-15,2025-09-15,1,1,2.66780547010634,2.66780547010634,0,2025,FALSE,FALSE,FALSE,"Unattributed","Unattributed"
"Chapecó",1,2018-11-23,2018-11-23,1,1,2.45762209313061,2.45762209313061,0,2018,FALSE,FALSE,FALSE,"Unattributed","Unattributed"
"Chapecó",2,2019-01-05,2019-01-05,1,1,2.52631014603189,2.52631014603189,0,2019,FALSE,FALSE,FALSE,"Unattributed","Unattributed"
"Chapecó",3,2019-01-11,2019-01-11,1,1,3.63035547603874,3.63035547603874,1,2019,FALSE,FALSE,FALSE,"Unattributed","Unattributed"
"Chapecó",4,2019-04-06,2019-04-06,1,1,2.26269768344018,2.26269768344018,0,2019,FALSE,FALSE,FALSE,"Unattributed","Unattributed"
"Chapecó",5,2019-05-06,2019-05-09,4,2,3.58644997394514,3.21446142657691,1,2019,FALSE,FALSE,FALSE,"Unattributed","Unattributed"
"Chapecó",6,2019-07-06,2019-07-06,1,1,2.88869580548075,2.88869580548075,0,2019,FALSE,FALSE,FALSE,"Unattributed","Unattributed"
"Chapecó",7,2019-09-07,2019-09-07,1,1,3.01842706770351,3.01842706770351,1,2019,FALSE,FALSE,FALSE,"Unattributed","Unattributed"
"Chapecó",8,2019-10-05,2019-10-05,1,1,2.51380765254101,2.51380765254101,0,2019,FALSE,FALSE,FALSE,"Unattributed","Unattributed"
"Chapecó",9,2019-11-29,2019-11-30,2,2,4.05427054147323,3.2506285109575,1,2019,FALSE,FALSE,FALSE,"Unattributed","Unattributed"
"Chapecó",10,2019-12-20,2019-12-24,5,5,3.87482193280611,3.03161928191455,1,2019,FALSE,FALSE,FALSE,"Unattributed","Unattributed"
"Chapecó",11,2019-12-30,2019-12-31,2,2,2.79219576646838,2.49917994706209,0,2019,FALSE,FALSE,FALSE,"Unattributed","Unattributed"
"Chapecó",12,2020-03-07,2020-03-07,1,1,2.95464176605177,2.95464176605177,0,2020,TRUE,FALSE,FALSE,"Pandemic","Pandemic"
"Chapecó",13,2020-03-17,2020-03-18,2,2,4.36160900335551,3.4848303147872,1,2020,TRUE,FALSE,FALSE,"Pandemic","Pandemic"
"Chapecó",14,2020-06-06,2020-06-06,1,1,2.247640740814,2.247640740814,0,2020,TRUE,FALSE,FALSE,"Pandemic","Pandemic"
"Chapecó",15,2020-08-01,2020-08-01,1,1,2.36414330370173,2.36414330370173,0,2020,TRUE,FALSE,FALSE,"Pandemic","Pandemic"
"Chapecó",16,2020-08-08,2020-08-08,1,1,2.39644532914669,2.39644532914669,0,2020,TRUE,FALSE,FALSE,"Pandemic","Pandemic"
"Chapecó",17,2020-09-05,2020-09-05,1,1,3.00368897828108,3.00368897828108,1,2020,TRUE,FALSE,FALSE,"Pandemic","Pandemic"
"Chapecó",18,2020-10-10,2020-10-10,1,1,2.03533020295914,2.03533020295914,0,2020,FALSE,FALSE,FALSE,"Unattributed","Unattributed"
"Chapecó",19,2020-11-07,2020-11-07,1,1,2.0925947524424,2.0925947524424,0,2020,FALSE,FALSE,FALSE,"Unattributed","Unattributed"
"Chapecó",20,2020-11-11,2020-11-11,1,1,4.82299402369318,4.82299402369318,1,2020,FALSE,FALSE,FALSE,"Unattributed","Unattributed"
"Chapecó",21,2020-11-27,2020-11-27,1,1,2.63530590482285,2.63530590482285,0,2020,TRUE,FALSE,FALSE,"Pandemic","Pandemic"
"Chapecó",22,2020-12-22,2020-12-26,5,4,3.90003581893117,3.28464843627404,1,2020,TRUE,FALSE,FALSE,"Pandemic","Pandemic"
"Chapecó",23,2020-12-31,2020-12-31,1,1,2.28267239603026,2.28267239603026,0,2020,TRUE,FALSE,FALSE,"Pandemic","Pandemic"
"Chapecó",24,2021-04-01,2021-04-01,1,1,2.42086818846186,2.42086818846186,0,2021,TRUE,FALSE,FALSE,"Pandemic","Pandemic"
"Chapecó",25,2021-05-01,2021-05-01,1,1,2.65346048173314,2.65346048173314,0,2021,TRUE,FALSE,FALSE,"Pandemic","Pandemic"
"Chapecó",26,2021-05-08,2021-05-08,1,1,2.64080745779517,2.64080745779517,0,2021,TRUE,FALSE,FALSE,"Pandemic","Pandemic"
"Chapecó",27,2021-06-12,2021-06-12,1,1,2.31583239683142,2.31583239683142,0,2021,TRUE,FALSE,FALSE,"Pandemic","Pandemic"
"Chapecó",28,2021-07-03,2021-07-03,1,1,2.18840688754377,2.18840688754377,0,2021,TRUE,FALSE,FALSE,"Pandemic","Pandemic"
"Chapecó",29,2021-07-10,2021-07-10,1,1,2.1986988678208,2.1986988678208,0,2021,TRUE,FALSE,FALSE,"Pandemic","Pandemic"
"Chapecó",30,2021-08-07,2021-08-07,1,1,2.60093232256356,2.60093232256356,0,2021,TRUE,FALSE,FALSE,"Pandemic","Pandemic"
"Chapecó",31,2021-08-31,2021-08-31,1,1,2.33666453045202,2.33666453045202,0,2021,TRUE,FALSE,FALSE,"Pandemic","Pandemic"
"Chapecó",32,2021-10-30,2021-10-30,1,1,2.63572586685212,2.63572586685212,0,2021,FALSE,FALSE,FALSE,"Unattributed","Unattributed"
"Chapecó",33,2021-11-06,2021-11-06,1,1,2.10251486230516,2.10251486230516,0,2021,FALSE,FALSE,FALSE,"Unattributed","Unattributed"
"Chapecó",34,2021-11-26,2021-11-26,1,1,2.79253685409457,2.79253685409457,0,2021,TRUE,FALSE,FALSE,"Pandemic","Pandemic"
"Chapecó",35,2021-11-30,2021-11-30,1,1,2.05607349769096,2.05607349769096,0,2021,TRUE,FALSE,FALSE,"Pandemic","Pandemic"
"Chapecó",36,2021-12-21,2021-12-24,4,4,3.44808698760581,3.0500967859998,1,2021,TRUE,FALSE,FALSE,"Pandemic","Pandemic"
"Chapecó",37,2022-03-05,2022-03-05,1,1,2.21503369584378,2.21503369584378,0,2022,TRUE,FALSE,FALSE,"Pandemic","Pandemic"
"Chapecó",38,2022-04-12,2022-04-12,1,1,3.18767465035688,3.18767465035688,1,2022,FALSE,FALSE,FALSE,"Unattributed","Unattributed"
"Chapecó",39,2022-05-07,2022-05-07,1,1,2.83919645680213,2.83919645680213,0,2022,FALSE,FALSE,FALSE,"Unattributed","Unattributed"
"Chapecó",40,2022-06-04,2022-06-04,1,1,2.26500010570292,2.26500010570292,0,2022,FALSE,FALSE,FALSE,"Unattributed","Unattributed"
"Chapecó",41,2022-08-06,2022-08-06,1,1,2.40598623026199,2.40598623026199,0,2022,FALSE,FALSE,FALSE,"Unattributed","Unattributed"
"Chapecó",42,2022-09-03,2022-09-03,1,1,2.15358436133971,2.15358436133971,0,2022,FALSE,FALSE,FALSE,"Unattributed","Unattributed"
"Chapecó",43,2022-09-07,2022-09-07,1,1,2.00091017577379,2.00091017577379,0,2022,FALSE,FALSE,FALSE,"Unattributed","Unattributed"
"Chapecó",44,2022-10-01,2022-10-01,1,1,2.60875661833809,2.60875661833809,0,2022,FALSE,FALSE,FALSE,"Unattributed","Unattributed"
"Chapecó",45,2022-11-25,2022-11-25,1,1,2.68488998313033,2.68488998313033,0,2022,FALSE,FALSE,FALSE,"Unattributed","Unattributed"
"Chapecó",46,2022-12-21,2022-12-24,4,2,3.01145473392938,2.86501155232635,1,2022,FALSE,TRUE,FALSE,"Climate","Climate"
"Chapecó",47,2023-03-02,2023-03-02,1,1,4.61639935923311,4.61639935923311,1,2023,FALSE,FALSE,FALSE,"Unattributed","Unattributed"
"Chapecó",48,2023-03-10,2023-03-10,1,1,4.80861138824104,4.80861138824104,1,2023,FALSE,FALSE,FALSE,"Unattributed","Unattributed"
"Chapecó",49,2023-04-05,2023-04-05,1,1,5.40940595069119,5.40940595069119,1,2023,FALSE,FALSE,FALSE,"Unattributed","Unattributed"
"Chapecó",50,2023-05-06,2023-05-06,1,1,2.20649963749473,2.20649963749473,0,2023,FALSE,FALSE,FALSE,"Unattributed","Unattributed"
"Chapecó",51,2023-07-01,2023-07-01,1,1,2.25491203532672,2.25491203532672,0,2023,FALSE,FALSE,FALSE,"Unattributed","Unattributed"
"Chapecó",52,2023-08-05,2023-08-05,1,1,2.30589156068978,2.30589156068978,0,2023,FALSE,FALSE,FALSE,"Unattributed","Unattributed"
"Chapecó",53,2023-10-07,2023-10-07,1,1,2.05566295354772,2.05566295354772,0,2023,FALSE,FALSE,FALSE,"Unattributed","Unattributed"
"Chapecó",54,2023-11-24,2023-11-24,1,1,3.89091935441706,3.89091935441706,1,2023,FALSE,FALSE,FALSE,"Unattributed","Unattributed"
"Chapecó",55,2023-12-19,2023-12-24,6,6,2.8397715870933,2.39488977651252,0,2023,FALSE,FALSE,FALSE,"Unattributed","Unattributed"
"Chapecó",56,2024-03-02,2024-03-02,1,1,2.76306454315574,2.76306454315574,0,2024,FALSE,FALSE,FALSE,"Unattributed","Unattributed"
"Chapecó",57,2024-04-06,2024-04-06,1,1,2.13241056886841,2.13241056886841,0,2024,FALSE,FALSE,FALSE,"Unattributed","Unattributed"
"Chapecó",58,2024-04-11,2024-04-11,1,1,3.98548133049408,3.98548133049408,1,2024,FALSE,FALSE,FALSE,"Unattributed","Unattributed"
"Chapecó",59,2024-05-04,2024-05-04,1,1,2.22080884688794,2.22080884688794,0,2024,FALSE,FALSE,FALSE,"Unattributed","Unattributed"
"Chapecó",60,2024-07-06,2024-07-06,1,1,2.70037962239728,2.70037962239728,0,2024,FALSE,FALSE,FALSE,"Unattributed","Unattributed"
"Chapecó",61,2024-09-07,2024-09-07,1,1,3.0627158233161,3.0627158233161,1,2024,FALSE,FALSE,FALSE,"Unattributed","Unattributed"
"Chapecó",62,2024-10-01,2024-10-01,1,1,6.10495470824857,6.10495470824857,1,2024,FALSE,FALSE,FALSE,"Unattributed","Unattributed"
"Chapecó",63,2024-10-05,2024-10-05,1,1,3.42011706617886,3.42011706617886,1,2024,FALSE,FALSE,FALSE,"Unattributed","Unattributed"
"Chapecó",64,2024-10-10,2024-10-11,2,2,5.68626649905056,4.93332552044859,1,2024,FALSE,FALSE,FALSE,"Unattributed","Unattributed"
"Chapecó",65,2024-10-16,2024-10-16,1,1,6.29810467875957,6.29810467875957,1,2024,FALSE,FALSE,FALSE,"Unattributed","Unattributed"
"Chapecó",66,2024-11-29,2024-11-29,1,1,5.19656484280986,5.19656484280986,1,2024,FALSE,FALSE,FALSE,"Unattributed","Unattributed"
"Chapecó",67,2024-12-23,2024-12-24,2,2,2.85293537578557,2.62041133616074,0,2024,FALSE,FALSE,FALSE,"Unattributed","Unattributed"
"Chapecó",68,2025-03-01,2025-03-01,1,1,2.24829218182378,2.24829218182378,0,2025,FALSE,FALSE,FALSE,"Unattributed","Unattributed"
"Chapecó",69,2025-04-10,2025-04-10,1,1,3.45800534925332,3.45800534925332,1,2025,FALSE,FALSE,FALSE,"Unattributed","Unattributed"
"Chapecó",70,2025-08-04,2025-08-04,1,1,4.42098826916834,4.42098826916834,1,2025,FALSE,FALSE,FALSE,"Unattributed","Unattributed"
"Chapecó",71,2025-08-27,2025-08-27,1,1,3.24390462476593,3.24390462476593,1,2025,FALSE,FALSE,FALSE,"Unattributed","Unattributed"
"Chapecó",72,2025-09-01,2025-09-01,1,1,3.9076735190321,3.9076735190321,1,2025,FALSE,FALSE,FALSE,"Unattributed","Unattributed"
"Chapecó",73,2025-10-02,2025-10-02,1,1,3.29574530348668,3.29574530348668,1,2025,FALSE,FALSE,FALSE,"Unattributed","Unattributed"
"Chapecó",74,2025-11-28,2025-11-28,1,1,4.27178255935198,4.27178255935198,1,2025,FALSE,FALSE,FALSE,"Unattributed","Unattributed"
"Chapecó",75,2025-12-24,2025-12-24,1,1,2.00008256416505,2.00008256416505,0,2025,FALSE,FALSE,FALSE,"Unattributed","Unattributed"
"Curitibanos",1,2018-01-11,2018-01-11,1,1,4.52684316695223,4.52684316695223,1,2018,FALSE,FALSE,FALSE,"Unattributed","Unattributed"
"Curitibanos",2,2018-04-04,2018-04-04,1,1,4.52294044460956,4.52294044460956,1,2018,FALSE,FALSE,FALSE,"Unattributed","Unattributed"
"Curitibanos",3,2018-04-17,2018-04-17,1,1,4.97869168757324,4.97869168757324,1,2018,FALSE,FALSE,FALSE,"Unattributed","Unattributed"
"Curitibanos",4,2018-04-26,2018-04-26,1,1,4.77351465555406,4.77351465555406,1,2018,FALSE,FALSE,FALSE,"Unattributed","Unattributed"
"Curitibanos",5,2018-04-30,2018-04-30,1,1,4.2719731840989,4.2719731840989,1,2018,FALSE,FALSE,FALSE,"Unattributed","Unattributed"
"Curitibanos",6,2018-06-01,2018-06-01,1,1,2.0762826417395,2.0762826417395,0,2018,FALSE,FALSE,FALSE,"Unattributed","Unattributed"
"Curitibanos",7,2018-08-13,2018-08-13,1,1,5.21244151015334,5.21244151015334,1,2018,FALSE,FALSE,FALSE,"Unattributed","Unattributed"
"Curitibanos",8,2018-08-31,2018-08-31,1,1,3.66106096122295,3.66106096122295,1,2018,FALSE,FALSE,FALSE,"Unattributed","Unattributed"
"Curitibanos",9,2018-10-05,2018-10-05,1,1,3.46722096053868,3.46722096053868,1,2018,FALSE,FALSE,FALSE,"Unattributed","Unattributed"
"Curitibanos",10,2018-11-10,2018-11-10,1,1,3.43866263286712,3.43866263286712,1,2018,FALSE,FALSE,FALSE,"Unattributed","Unattributed"
"Curitibanos",11,2018-11-19,2018-11-19,1,1,5.08521902948616,5.08521902948616,1,2018,FALSE,FALSE,FALSE,"Unattributed","Unattributed"
"Curitibanos",12,2018-11-28,2018-11-28,1,1,4.7042918770287,4.7042918770287,1,2018,FALSE,FALSE,FALSE,"Unattributed","Unattributed"
"Curitibanos",13,2018-12-07,2018-12-07,1,1,3.38326517626782,3.38326517626782,1,2018,FALSE,FALSE,FALSE,"Unattributed","Unattributed"
"Curitibanos",14,2018-12-21,2018-12-24,4,2,2.83343320818214,2.63488540708276,0,2018,FALSE,FALSE,FALSE,"Unattributed","Unattributed"
"Curitibanos",15,2019-01-14,2019-01-14,1,1,2.24691745955281,2.24691745955281,0,2019,FALSE,FALSE,FALSE,"Unattributed","Unattributed"
"Curitibanos",16,2019-02-06,2019-02-08,3,2,4.57699101826881,4.28365532199542,1,2019,FALSE,FALSE,FALSE,"Unattributed","Unattributed"
"Curitibanos",17,2019-03-26,2019-03-26,1,1,4.97364735440258,4.97364735440258,1,2019,FALSE,FALSE,FALSE,"Unattributed","Unattributed"
"Curitibanos",18,2019-03-30,2019-04-01,3,2,5.2344162327245,4.49989250889382,1,2019,FALSE,FALSE,FALSE,"Unattributed","Unattributed"
"Curitibanos",19,2019-04-05,2019-04-06,2,2,4.04531374012743,3.80316647039941,1,2019,FALSE,FALSE,FALSE,"Unattributed","Unattributed"
"Curitibanos",20,2019-04-18,2019-04-18,1,1,2.21112584241221,2.21112584241221,0,2019,FALSE,FALSE,FALSE,"Unattributed","Unattributed"
"Curitibanos",21,2019-04-26,2019-04-26,1,1,4.44968641054066,4.44968641054066,1,2019,FALSE,FALSE,FALSE,"Unattributed","Unattributed"
"Curitibanos",22,2019-06-29,2019-07-01,3,2,4.21250892193676,3.96444634103739,1,2019,FALSE,FALSE,FALSE,"Unattributed","Unattributed"
"Curitibanos",23,2020-01-13,2020-01-13,1,1,2.12876859493773,2.12876859493773,0,2020,FALSE,FALSE,FALSE,"Unattributed","Unattributed"
"Curitibanos",24,2020-03-07,2020-03-07,1,1,3.80287669085733,3.80287669085733,1,2020,TRUE,FALSE,FALSE,"Pandemic","Pandemic"
"Curitibanos",25,2020-03-17,2020-03-18,2,2,5.35772584735991,4.4033621634408,1,2020,TRUE,FALSE,FALSE,"Pandemic","Pandemic"
"Curitibanos",26,2020-06-05,2020-06-05,1,1,2.49095167055145,2.49095167055145,0,2020,TRUE,FALSE,FALSE,"Pandemic","Pandemic"
"Curitibanos",27,2020-08-19,2020-08-19,1,1,2.03378924327806,2.03378924327806,0,2020,TRUE,FALSE,FALSE,"Pandemic","Pandemic"
"Curitibanos",28,2020-09-04,2020-09-04,1,1,3.85524170270031,3.85524170270031,1,2020,TRUE,FALSE,FALSE,"Pandemic","Pandemic"
"Curitibanos",29,2020-09-18,2020-09-18,1,1,2.09176552482577,2.09176552482577,0,2020,TRUE,FALSE,FALSE,"Pandemic","Pandemic"
"Curitibanos",30,2020-09-30,2020-09-30,1,1,2.45249736443336,2.45249736443336,0,2020,FALSE,FALSE,FALSE,"Unattributed","Unattributed"
"Curitibanos",31,2020-10-16,2020-10-16,1,1,3.17570248793752,3.17570248793752,1,2020,FALSE,FALSE,FALSE,"Unattributed","Unattributed"
"Curitibanos",32,2020-10-30,2020-10-30,1,1,2.27833015402117,2.27833015402117,0,2020,FALSE,FALSE,FALSE,"Unattributed","Unattributed"
"Curitibanos",33,2020-11-20,2020-11-20,1,1,2.32076503757003,2.32076503757003,0,2020,TRUE,FALSE,FALSE,"Pandemic","Pandemic"
"Curitibanos",34,2020-12-15,2020-12-15,1,1,3.14384857156299,3.14384857156299,1,2020,TRUE,FALSE,FALSE,"Pandemic","Pandemic"
"Curitibanos",35,2020-12-23,2020-12-24,2,2,2.83330794166918,2.79122635855442,0,2020,TRUE,FALSE,FALSE,"Pandemic","Pandemic"
"Curitibanos",36,2020-12-28,2020-12-28,1,1,2.33380740088834,2.33380740088834,0,2020,TRUE,FALSE,FALSE,"Pandemic","Pandemic"
"Curitibanos",37,2021-01-08,2021-01-11,4,2,2.78188046665547,2.57364773132022,0,2021,TRUE,FALSE,FALSE,"Pandemic","Pandemic"
"Curitibanos",38,2021-01-18,2021-01-22,5,3,3.38378739883738,3.08921859356763,1,2021,TRUE,TRUE,FALSE,"Climate","Pandemic & Climate"
"Curitibanos",39,2021-01-27,2021-01-29,3,3,4.55989793892177,3.37405475289687,1,2021,TRUE,FALSE,FALSE,"Pandemic","Pandemic"
"Curitibanos",40,2021-02-04,2021-02-04,1,1,2.62068276920334,2.62068276920334,0,2021,TRUE,FALSE,FALSE,"Pandemic","Pandemic"
"Curitibanos",41,2021-02-08,2021-02-10,3,2,2.32948620475682,2.25611995420666,0,2021,TRUE,FALSE,FALSE,"Pandemic","Pandemic"
"Curitibanos",42,2021-02-24,2021-03-26,31,19,3.74211554245967,2.49493957710931,1,2021,TRUE,TRUE,FALSE,"Climate","Pandemic & Climate"
"Curitibanos",43,2021-03-30,2021-04-01,3,2,3.79981508579662,3.289346494847,1,2021,TRUE,FALSE,FALSE,"Pandemic","Pandemic"
"Curitibanos",44,2021-04-09,2021-04-15,7,4,3.84675434288816,3.23611695632585,1,2021,TRUE,FALSE,FALSE,"Pandemic","Pandemic"
"Curitibanos",45,2021-04-19,2021-04-19,1,1,2.39736813747081,2.39736813747081,0,2021,TRUE,FALSE,FALSE,"Pandemic","Pandemic"
"Curitibanos",46,2021-04-23,2021-04-23,1,1,4.9063553084919,4.9063553084919,1,2021,TRUE,FALSE,FALSE,"Pandemic","Pandemic"
"Curitibanos",47,2021-04-27,2021-05-07,11,7,5.05709753669801,3.21131445020544,1,2021,TRUE,FALSE,FALSE,"Pandemic","Pandemic"
"Curitibanos",48,2021-05-11,2021-05-14,4,2,4.97113195498038,3.6500581333764,1,2021,TRUE,FALSE,FALSE,"Pandemic","Pandemic"
"Curitibanos",49,2021-05-18,2021-05-20,3,2,5.56190963333572,4.39995422576694,1,2021,TRUE,FALSE,FALSE,"Pandemic","Pandemic"
"Curitibanos",50,2021-05-24,2021-06-04,12,6,4.24543748875828,3.1181647453673,1,2021,TRUE,FALSE,FALSE,"Pandemic","Pandemic"
"Curitibanos",51,2021-06-08,2021-06-10,3,3,2.81300578073005,2.66948226593956,0,2021,TRUE,TRUE,FALSE,"Climate","Pandemic & Climate"
"Curitibanos",52,2021-06-15,2021-06-30,16,8,3.95488697125302,2.9570992611832,1,2021,TRUE,FALSE,FALSE,"Pandemic","Pandemic"
"Curitibanos",53,2021-07-07,2021-07-12,6,5,4.69771257150027,3.5954067991163,1,2021,TRUE,FALSE,FALSE,"Pandemic","Pandemic"
"Curitibanos",54,2021-07-16,2021-07-16,1,1,5.00199651903184,5.00199651903184,1,2021,TRUE,FALSE,FALSE,"Pandemic","Pandemic"
"Curitibanos",55,2021-07-22,2021-07-30,9,6,5.02382462132776,2.8173665911802,1,2021,TRUE,FALSE,FALSE,"Pandemic","Pandemic"
"Curitibanos",56,2021-08-04,2021-08-13,10,5,3.67890707045776,2.62922197247278,1,2021,TRUE,FALSE,FALSE,"Pandemic","Pandemic"
"Curitibanos",57,2021-08-17,2021-08-17,1,1,4.70082229737207,4.70082229737207,1,2021,TRUE,FALSE,FALSE,"Pandemic","Pandemic"
"Curitibanos",58,2021-08-25,2021-08-30,6,3,4.27794985038009,3.387745224944,1,2021,TRUE,FALSE,FALSE,"Pandemic","Pandemic"
"Curitibanos",59,2021-09-03,2021-09-06,4,2,2.56289551033883,2.34042329618719,0,2021,TRUE,FALSE,FALSE,"Pandemic","Pandemic"
"Curitibanos",60,2021-09-17,2021-09-17,1,1,4.96902181187728,4.96902181187728,1,2021,FALSE,FALSE,FALSE,"Unattributed","Unattributed"
"Curitibanos",61,2021-09-24,2021-09-24,1,1,2.230699065053,2.230699065053,0,2021,FALSE,FALSE,FALSE,"Unattributed","Unattributed"
"Curitibanos",62,2021-09-28,2021-10-02,5,3,5.16962735883881,4.17105622576042,1,2021,FALSE,FALSE,FALSE,"Unattributed","Unattributed"
"Curitibanos",63,2021-10-13,2021-10-15,3,2,4.84823017852098,3.6300303392307,1,2021,FALSE,FALSE,FALSE,"Unattributed","Unattributed"
"Curitibanos",64,2021-10-22,2021-10-22,1,1,4.86905553892954,4.86905553892954,1,2021,FALSE,FALSE,FALSE,"Unattributed","Unattributed"
"Curitibanos",65,2021-10-29,2021-10-29,1,1,2.31560823419046,2.31560823419046,0,2021,FALSE,FALSE,FALSE,"Unattributed","Unattributed"
"Curitibanos",66,2021-11-05,2021-11-06,2,2,3.29399442148964,3.26062236590914,1,2021,FALSE,FALSE,FALSE,"Unattributed","Unattributed"
"Curitibanos",67,2021-11-12,2021-11-12,1,1,3.37925346755336,3.37925346755336,1,2021,FALSE,FALSE,FALSE,"Unattributed","Unattributed"
"Curitibanos",68,2021-11-18,2021-11-19,2,2,3.35484792034263,2.69796196056712,1,2021,TRUE,FALSE,FALSE,"Pandemic","Pandemic"
"Curitibanos",69,2021-11-24,2021-11-24,1,1,2.98042068909106,2.98042068909106,0,2021,TRUE,FALSE,FALSE,"Pandemic","Pandemic"
"Curitibanos",70,2021-12-07,2021-12-10,4,2,3.53185360367786,3.11313222872484,1,2021,TRUE,FALSE,FALSE,"Pandemic","Pandemic"
"Curitibanos",71,2021-12-16,2021-12-23,8,4,4.92185187155903,3.49107983319193,1,2021,TRUE,FALSE,FALSE,"Pandemic","Pandemic"
"Curitibanos",72,2022-01-21,2022-01-21,1,1,2.53765198445801,2.53765198445801,0,2022,TRUE,FALSE,FALSE,"Pandemic","Pandemic"
"Curitibanos",73,2022-01-28,2022-01-31,4,2,5.01515048248605,4.84553696541492,1,2022,TRUE,FALSE,FALSE,"Pandemic","Pandemic"
"Curitibanos",74,2022-02-07,2022-02-07,1,1,3.70830151759335,3.70830151759335,1,2022,TRUE,FALSE,FALSE,"Pandemic","Pandemic"
"Curitibanos",75,2022-02-14,2022-02-14,1,1,2.11578569714378,2.11578569714378,0,2022,TRUE,FALSE,FALSE,"Pandemic","Pandemic"
"Curitibanos",76,2022-02-21,2022-03-01,9,5,3.87033835446696,2.86091595673716,1,2022,TRUE,FALSE,FALSE,"Pandemic","Pandemic"
"Curitibanos",77,2022-03-11,2022-03-11,1,1,4.17303500694732,4.17303500694732,1,2022,TRUE,FALSE,FALSE,"Pandemic","Pandemic"
"Curitibanos",78,2022-03-16,2022-03-18,3,3,4.95846010167537,3.68094578471313,1,2022,TRUE,FALSE,FALSE,"Pandemic","Pandemic"
"Curitibanos",79,2022-03-23,2022-03-23,1,1,2.72842845244972,2.72842845244972,0,2022,TRUE,FALSE,FALSE,"Pandemic","Pandemic"
"Curitibanos",80,2022-03-31,2022-04-02,3,2,4.12932012379229,3.21907506065231,1,2022,TRUE,FALSE,FALSE,"Pandemic","Pandemic"
"Curitibanos",81,2022-04-11,2022-04-11,1,1,2.77285242150299,2.77285242150299,0,2022,FALSE,FALSE,FALSE,"Unattributed","Unattributed"
"Curitibanos",82,2022-04-28,2022-05-05,8,5,4.9960859046312,3.31736577924931,1,2022,FALSE,TRUE,FALSE,"Climate","Climate"
"Curitibanos",83,2022-05-23,2022-05-23,1,1,5.82834456127022,5.82834456127022,1,2022,FALSE,FALSE,FALSE,"Unattributed","Unattributed"
"Curitibanos",84,2022-05-30,2022-05-31,2,2,5.24390837172186,3.65038124796625,1,2022,FALSE,FALSE,FALSE,"Unattributed","Unattributed"
"Curitibanos",85,2022-06-17,2022-06-17,1,1,2.07550381687804,2.07550381687804,0,2022,FALSE,FALSE,FALSE,"Unattributed","Unattributed"
"Curitibanos",86,2022-06-30,2022-06-30,1,1,5.44070466027767,5.44070466027767,1,2022,FALSE,FALSE,FALSE,"Unattributed","Unattributed"
"Curitibanos",87,2022-07-28,2022-07-28,1,1,2.8390656950201,2.8390656950201,0,2022,FALSE,FALSE,FALSE,"Unattributed","Unattributed"
"Curitibanos",88,2022-09-08,2022-09-08,1,1,3.58791797564769,3.58791797564769,1,2022,FALSE,FALSE,FALSE,"Unattributed","Unattributed"
"Curitibanos",89,2022-09-16,2022-09-16,1,1,4.09541524411386,4.09541524411386,1,2022,FALSE,FALSE,FALSE,"Unattributed","Unattributed"
"Curitibanos",90,2022-09-30,2022-09-30,1,1,2.3367098130591,2.3367098130591,0,2022,FALSE,FALSE,FALSE,"Unattributed","Unattributed"
"Curitibanos",91,2022-10-29,2022-10-29,1,1,2.95731340431384,2.95731340431384,0,2022,FALSE,FALSE,FALSE,"Unattributed","Unattributed"
"Curitibanos",92,2022-11-17,2022-11-17,1,1,3.52124353510669,3.52124353510669,1,2022,FALSE,FALSE,FALSE,"Unattributed","Unattributed"
"Curitibanos",93,2022-11-25,2022-11-25,1,1,2.63980349084606,2.63980349084606,0,2022,FALSE,FALSE,FALSE,"Unattributed","Unattributed"
"Curitibanos",94,2022-12-31,2022-12-31,1,1,2.31854514454684,2.31854514454684,0,2022,FALSE,FALSE,FALSE,"Unattributed","Unattributed"
"Curitibanos",95,2023-01-13,2023-01-16,4,2,2.85556481166584,2.58974727813741,0,2023,FALSE,FALSE,FALSE,"Unattributed","Unattributed"
"Curitibanos",96,2023-02-27,2023-03-02,4,3,5.24304880979182,3.41701342704679,1,2023,FALSE,FALSE,FALSE,"Unattributed","Unattributed"
"Curitibanos",97,2023-03-31,2023-03-31,1,1,4.51312674569624,4.51312674569624,1,2023,FALSE,FALSE,FALSE,"Unattributed","Unattributed"
"Curitibanos",98,2023-04-08,2023-04-08,1,1,2.89261576737953,2.89261576737953,0,2023,FALSE,FALSE,FALSE,"Unattributed","Unattributed"
"Curitibanos",99,2023-04-17,2023-04-17,1,1,2.63786807675311,2.63786807675311,0,2023,FALSE,FALSE,FALSE,"Unattributed","Unattributed"
"Curitibanos",100,2023-04-29,2023-04-29,1,1,4.56755474368515,4.56755474368515,1,2023,FALSE,FALSE,FALSE,"Unattributed","Unattributed"
"Curitibanos",101,2023-07-31,2023-07-31,1,1,2.43196360713586,2.43196360713586,0,2023,FALSE,FALSE,FALSE,"Unattributed","Unattributed"
"Curitibanos",102,2023-09-01,2023-09-01,1,1,4.07134256796178,4.07134256796178,1,2023,FALSE,FALSE,FALSE,"Unattributed","Unattributed"
"Curitibanos",103,2025-01-03,2025-01-06,4,2,3.05297953335321,3.0418288234483,1,2025,FALSE,FALSE,FALSE,"Unattributed","Unattributed"
"Florianópolis",1,2018-03-29,2018-03-29,1,1,3.72818402240462,3.72818402240462,1,2018,FALSE,FALSE,FALSE,"Unattributed","Unattributed"
"Florianópolis",2,2018-11-23,2018-11-23,1,1,4.44873698671695,4.44873698671695,1,2018,FALSE,FALSE,FALSE,"Unattributed","Unattributed"
"Florianópolis",3,2018-12-21,2018-12-24,4,4,3.57095913363161,2.97061342749313,1,2018,FALSE,FALSE,FALSE,"Unattributed","Unattributed"
"Florianópolis",4,2018-12-28,2018-12-31,4,4,3.37586111784012,2.75649247862538,1,2018,FALSE,FALSE,FALSE,"Unattributed","Unattributed"
"Florianópolis",5,2019-06-14,2019-06-14,1,1,4.52453020408143,4.52453020408143,1,2019,FALSE,FALSE,FALSE,"Unattributed","Unattributed"
"Florianópolis",6,2019-07-06,2019-07-06,1,1,2.6076217104657,2.6076217104657,0,2019,FALSE,FALSE,FALSE,"Unattributed","Unattributed"
"Florianópolis",7,2019-11-05,2019-11-05,1,1,4.52698654775808,4.52698654775808,1,2019,FALSE,FALSE,FALSE,"Unattributed","Unattributed"
"Florianópolis",8,2019-11-29,2019-11-30,2,2,4.40326271384946,3.37863524587572,1,2019,FALSE,FALSE,FALSE,"Unattributed","Unattributed"
"Florianópolis",9,2019-12-22,2019-12-31,10,7,4.07759772454411,3.01523914747253,1,2019,FALSE,FALSE,FALSE,"Unattributed","Unattributed"
"Florianópolis",10,2020-03-15,2020-03-18,4,4,4.4983358318098,3.45654634783924,1,2020,TRUE,FALSE,FALSE,"Pandemic","Pandemic"
"Florianópolis",11,2020-04-01,2020-04-01,1,1,2.9572107399433,2.9572107399433,0,2020,TRUE,FALSE,FALSE,"Pandemic","Pandemic"
"Florianópolis",12,2020-08-07,2020-08-07,1,1,2.01224789507685,2.01224789507685,0,2020,TRUE,FALSE,FALSE,"Pandemic","Pandemic"
"Florianópolis",13,2020-10-07,2020-10-07,1,1,4.0521628192537,4.0521628192537,1,2020,FALSE,FALSE,FALSE,"Unattributed","Unattributed"
"Florianópolis",14,2020-10-16,2020-10-19,4,2,5.83800032809332,5.24205203777737,1,2020,FALSE,FALSE,FALSE,"Unattributed","Unattributed"
"Florianópolis",15,2020-11-12,2020-11-12,1,1,3.87240980098188,3.87240980098188,1,2020,FALSE,FALSE,FALSE,"Unattributed","Unattributed"
"Florianópolis",16,2020-11-27,2020-11-28,2,2,4.80682000331177,3.62773384706806,1,2020,TRUE,FALSE,FALSE,"Pandemic","Pandemic"
"Florianópolis",17,2020-12-21,2020-12-24,4,4,3.88244834159981,3.45541377327512,1,2020,TRUE,TRUE,FALSE,"Climate","Pandemic & Climate"
"Florianópolis",18,2020-12-29,2020-12-31,3,3,4.10886702907984,3.33447518772631,1,2020,TRUE,FALSE,FALSE,"Pandemic","Pandemic"
"Florianópolis",19,2021-04-01,2021-04-01,1,1,2.91094950854455,2.91094950854455,0,2021,TRUE,FALSE,FALSE,"Pandemic","Pandemic"
"Florianópolis",20,2021-06-20,2021-06-23,4,2,3.73554420642002,3.60831037069027,1,2021,TRUE,FALSE,FALSE,"Pandemic","Pandemic"
"Florianópolis",21,2021-09-04,2021-09-04,1,1,2.06011595528027,2.06011595528027,0,2021,TRUE,FALSE,FALSE,"Pandemic","Pandemic"
"Florianópolis",22,2021-09-09,2021-09-09,1,1,2.92052570885832,2.92052570885832,0,2021,TRUE,FALSE,TRUE,"Geopolitical","Pandemic & Geopolitical"
"Florianópolis",23,2021-11-24,2021-11-28,5,5,5.12727266947555,3.31608670292879,1,2021,TRUE,FALSE,FALSE,"Pandemic","Pandemic"
"Florianópolis",24,2021-12-20,2021-12-24,5,5,4.0832212676913,3.15086596574463,1,2021,TRUE,FALSE,FALSE,"Pandemic","Pandemic"
"Florianópolis",25,2021-12-28,2021-12-31,4,4,4.15706905083863,3.02215588054117,1,2021,TRUE,FALSE,FALSE,"Pandemic","Pandemic"
"Florianópolis",26,2022-01-10,2022-01-11,2,2,5.8472612241991,5.78696347097592,1,2022,TRUE,FALSE,FALSE,"Pandemic","Pandemic"
"Florianópolis",27,2022-02-19,2022-02-19,1,1,4.3731851829975,4.3731851829975,1,2022,TRUE,FALSE,FALSE,"Pandemic","Pandemic"
"Florianópolis",28,2022-04-12,2022-04-12,1,1,2.03329359674617,2.03329359674617,0,2022,FALSE,FALSE,FALSE,"Unattributed","Unattributed"
"Florianópolis",29,2022-05-05,2022-05-05,1,1,5.40300509843598,5.40300509843598,1,2022,FALSE,TRUE,FALSE,"Climate","Climate"
"Florianópolis",30,2022-05-30,2022-05-31,2,2,6.02636178394784,5.61941499414729,1,2022,FALSE,FALSE,FALSE,"Unattributed","Unattributed"
"Florianópolis",31,2022-07-19,2022-07-19,1,1,6.3933595610055,6.3933595610055,1,2022,FALSE,FALSE,FALSE,"Unattributed","Unattributed"
"Florianópolis",32,2022-09-21,2022-09-21,1,1,2.10908708165976,2.10908708165976,0,2022,FALSE,FALSE,FALSE,"Unattributed","Unattributed"
"Florianópolis",33,2022-09-26,2022-09-26,1,1,2.05123751114176,2.05123751114176,0,2022,FALSE,FALSE,FALSE,"Unattributed","Unattributed"
"Florianópolis",34,2022-11-23,2022-11-25,3,2,3.29816020876128,3.06256243114077,1,2022,FALSE,FALSE,FALSE,"Unattributed","Unattributed"
"Florianópolis",35,2022-12-21,2022-12-23,3,3,3.1531527396811,2.76090713074413,1,2022,FALSE,TRUE,FALSE,"Climate","Climate"
"Florianópolis",36,2022-12-28,2022-12-30,3,3,3.30669368572332,2.48859004363034,1,2022,FALSE,FALSE,FALSE,"Unattributed","Unattributed"
"Florianópolis",37,2023-03-15,2023-03-15,1,1,2.83380431719969,2.83380431719969,0,2023,FALSE,FALSE,FALSE,"Unattributed","Unattributed"
"Florianópolis",38,2023-05-06,2023-05-06,1,1,4.28367160181701,4.28367160181701,1,2023,FALSE,FALSE,FALSE,"Unattributed","Unattributed"
"Florianópolis",39,2023-07-01,2023-07-01,1,1,2.08792415883928,2.08792415883928,0,2023,FALSE,FALSE,FALSE,"Unattributed","Unattributed"
"Florianópolis",40,2023-07-18,2023-07-18,1,1,2.13017511202084,2.13017511202084,0,2023,FALSE,FALSE,FALSE,"Unattributed","Unattributed"
"Florianópolis",41,2023-07-23,2023-07-23,1,1,3.65380793568274,3.65380793568274,1,2023,FALSE,FALSE,FALSE,"Unattributed","Unattributed"
"Florianópolis",42,2023-08-05,2023-08-05,1,1,2.033889054995,2.033889054995,0,2023,FALSE,FALSE,FALSE,"Unattributed","Unattributed"
"Florianópolis",43,2023-11-22,2023-11-26,5,3,4.53509477894703,3.47982768763358,1,2023,FALSE,FALSE,FALSE,"Unattributed","Unattributed"
"Florianópolis",44,2023-12-20,2023-12-24,5,5,2.2870323180925,2.16603019231028,0,2023,FALSE,FALSE,FALSE,"Unattributed","Unattributed"
"Florianópolis",45,2023-12-28,2023-12-31,4,4,2.72482521258796,2.44404896320297,0,2023,FALSE,FALSE,FALSE,"Unattributed","Unattributed"
"Florianópolis",46,2024-01-11,2024-01-11,1,1,6.01479810652499,6.01479810652499,1,2024,FALSE,TRUE,FALSE,"Climate","Climate"
"Florianópolis",47,2024-02-28,2024-02-28,1,1,5.05079670423814,5.05079670423814,1,2024,FALSE,FALSE,FALSE,"Unattributed","Unattributed"
"Florianópolis",48,2024-11-27,2024-12-01,5,4,5.72386713470825,3.39269897448997,1,2024,FALSE,FALSE,FALSE,"Unattributed","Unattributed"
"Florianópolis",49,2024-12-22,2024-12-24,3,3,3.01880386724568,2.4177267868893,1,2024,FALSE,FALSE,FALSE,"Unattributed","Unattributed"
"Florianópolis",50,2024-12-30,2024-12-31,2,2,4.31163489878721,3.31787358452891,1,2024,FALSE,FALSE,FALSE,"Unattributed","Unattributed"
"Florianópolis",51,2025-04-01,2025-04-01,1,1,6.78619879833162,6.78619879833162,1,2025,FALSE,FALSE,FALSE,"Unattributed","Unattributed"
"Florianópolis",52,2025-08-04,2025-08-04,1,1,2.20422142579572,2.20422142579572,0,2025,FALSE,FALSE,FALSE,"Unattributed","Unattributed"
"Florianópolis",53,2025-08-27,2025-08-27,1,1,2.19953955663988,2.19953955663988,0,2025,FALSE,FALSE,FALSE,"Unattributed","Unattributed"
"Florianópolis",54,2025-11-28,2025-11-28,1,1,4.50265643749159,4.50265643749159,1,2025,FALSE,FALSE,FALSE,"Unattributed","Unattributed"
"Florianópolis",55,2025-12-19,2025-12-19,1,1,2.42834735496411,2.42834735496411,0,2025,FALSE,FALSE,FALSE,"Unattributed","Unattributed"
"Florianópolis",56,2025-12-30,2025-12-30,1,1,2.46194455053632,2.46194455053632,0,2025,FALSE,FALSE,FALSE,"Unattributed","Unattributed"
"Indaial",1,2018-09-12,2018-09-12,1,1,2.12519816497129,2.12519816497129,0,2018,FALSE,FALSE,FALSE,"Unattributed","Unattributed"
"Indaial",2,2018-11-23,2018-11-23,1,1,3.34603443856433,3.34603443856433,1,2018,FALSE,FALSE,FALSE,"Unattributed","Unattributed"
"Indaial",3,2018-12-21,2018-12-24,4,4,2.87765235587307,2.45991326599577,0,2018,FALSE,FALSE,FALSE,"Unattributed","Unattributed"
"Indaial",4,2019-06-29,2019-06-29,1,1,2.15707708656329,2.15707708656329,0,2019,FALSE,FALSE,FALSE,"Unattributed","Unattributed"
"Indaial",5,2019-07-06,2019-07-06,1,1,2.25810019195396,2.25810019195396,0,2019,FALSE,FALSE,FALSE,"Unattributed","Unattributed"
"Indaial",6,2019-08-31,2019-08-31,1,1,2.11875390951648,2.11875390951648,0,2019,FALSE,FALSE,FALSE,"Unattributed","Unattributed"
"Indaial",7,2019-09-07,2019-09-07,1,1,2.38040543737206,2.38040543737206,0,2019,FALSE,FALSE,FALSE,"Unattributed","Unattributed"
"Indaial",8,2019-11-29,2019-11-30,2,2,3.66689257393218,3.5673546486512,1,2019,FALSE,FALSE,FALSE,"Unattributed","Unattributed"
"Indaial",9,2019-12-23,2019-12-24,2,2,2.94828168842649,2.79871230024031,0,2019,FALSE,FALSE,FALSE,"Unattributed","Unattributed"
"Indaial",10,2020-01-25,2020-01-25,1,1,2.21034480681911,2.21034480681911,0,2020,FALSE,FALSE,FALSE,"Unattributed","Unattributed"
"Indaial",11,2020-02-08,2020-02-08,1,1,2.60167591652211,2.60167591652211,0,2020,FALSE,FALSE,FALSE,"Unattributed","Unattributed"
"Indaial",12,2020-02-29,2020-02-29,1,1,2.14880753454511,2.14880753454511,0,2020,TRUE,FALSE,FALSE,"Pandemic","Pandemic"
"Indaial",13,2020-03-06,2020-03-07,2,2,4.38853172323697,3.49071410949729,1,2020,TRUE,FALSE,FALSE,"Pandemic","Pandemic"
"Indaial",14,2020-03-17,2020-03-18,2,2,3.64507863997233,3.064521112408,1,2020,TRUE,FALSE,FALSE,"Pandemic","Pandemic"
"Indaial",15,2020-05-09,2020-05-09,1,1,2.49978456690725,2.49978456690725,0,2020,TRUE,FALSE,FALSE,"Pandemic","Pandemic"
"Indaial",16,2020-06-06,2020-06-06,1,1,2.42644844062892,2.42644844062892,0,2020,TRUE,FALSE,FALSE,"Pandemic","Pandemic"
"Indaial",17,2020-07-13,2020-07-13,1,1,2.44073802505163,2.44073802505163,0,2020,TRUE,FALSE,FALSE,"Pandemic","Pandemic"
"Indaial",18,2020-08-01,2020-08-01,1,1,2.67881320089373,2.67881320089373,0,2020,TRUE,FALSE,FALSE,"Pandemic","Pandemic"
"Indaial",19,2020-08-07,2020-08-08,2,2,3.38555255785866,2.76918579932227,1,2020,TRUE,FALSE,FALSE,"Pandemic","Pandemic"
"Indaial",20,2020-08-15,2020-08-15,1,1,2.45681424809808,2.45681424809808,0,2020,TRUE,FALSE,FALSE,"Pandemic","Pandemic"
"Indaial",21,2020-09-05,2020-09-05,1,1,3.8412837459763,3.8412837459763,1,2020,TRUE,FALSE,FALSE,"Pandemic","Pandemic"
"Indaial",22,2020-10-03,2020-10-03,1,1,2.14897941675992,2.14897941675992,0,2020,FALSE,FALSE,FALSE,"Unattributed","Unattributed"
"Indaial",23,2020-10-10,2020-10-10,1,1,2.28950515109822,2.28950515109822,0,2020,FALSE,FALSE,FALSE,"Unattributed","Unattributed"
"Indaial",24,2020-11-07,2020-11-07,1,1,2.24534562263023,2.24534562263023,0,2020,FALSE,FALSE,FALSE,"Unattributed","Unattributed"
"Indaial",25,2020-11-27,2020-11-28,2,2,2.4733807676676,2.46274673211959,0,2020,TRUE,FALSE,FALSE,"Pandemic","Pandemic"
"Indaial",26,2020-12-19,2020-12-24,6,5,3.28930112378681,2.64625475384764,1,2020,TRUE,TRUE,FALSE,"Climate","Pandemic & Climate"
"Indaial",27,2021-02-06,2021-02-06,1,1,2.63435243717324,2.63435243717324,0,2021,TRUE,FALSE,FALSE,"Pandemic","Pandemic"
"Indaial",28,2021-05-08,2021-05-08,1,1,2.94886786804914,2.94886786804914,0,2021,TRUE,FALSE,FALSE,"Pandemic","Pandemic"
"Indaial",29,2021-06-09,2021-06-12,4,2,5.53915673951562,3.87318781673726,1,2021,TRUE,TRUE,FALSE,"Climate","Pandemic & Climate"
"Indaial",30,2021-06-20,2021-06-20,1,1,6.69674194084846,6.69674194084846,1,2021,TRUE,FALSE,FALSE,"Pandemic","Pandemic"
"Indaial",31,2021-06-26,2021-06-26,1,1,2.09457948020895,2.09457948020895,0,2021,TRUE,FALSE,FALSE,"Pandemic","Pandemic"
"Indaial",32,2021-06-30,2021-07-03,4,2,4.15144494020685,3.3043935210834,1,2021,TRUE,FALSE,FALSE,"Pandemic","Pandemic"
"Indaial",33,2021-08-07,2021-08-07,1,1,2.8833133276415,2.8833133276415,0,2021,TRUE,FALSE,FALSE,"Pandemic","Pandemic"
"Indaial",34,2021-08-25,2021-09-04,11,6,4.03243850837301,3.09775244976989,1,2021,TRUE,FALSE,FALSE,"Pandemic","Pandemic"
"Indaial",35,2021-09-15,2021-09-18,4,2,2.58621522910933,2.34211719449589,0,2021,TRUE,FALSE,FALSE,"Pandemic","Pandemic"
"Indaial",36,2021-10-02,2021-10-02,1,1,3.31560977002978,3.31560977002978,1,2021,FALSE,FALSE,FALSE,"Unattributed","Unattributed"
"Indaial",37,2021-10-09,2021-10-09,1,1,2.79778712417568,2.79778712417568,0,2021,FALSE,FALSE,FALSE,"Unattributed","Unattributed"
"Indaial",38,2021-11-06,2021-11-06,1,1,3.53756340257118,3.53756340257118,1,2021,FALSE,FALSE,FALSE,"Unattributed","Unattributed"
"Indaial",39,2021-11-26,2021-11-27,2,2,2.95293246164116,2.57804113795773,0,2021,TRUE,FALSE,FALSE,"Pandemic","Pandemic"
"Indaial",40,2021-12-04,2021-12-04,1,1,2.50381912867555,2.50381912867555,0,2021,TRUE,FALSE,FALSE,"Pandemic","Pandemic"
"Indaial",41,2021-12-18,2021-12-24,7,6,4.22216525720833,3.18768117101422,1,2021,TRUE,FALSE,FALSE,"Pandemic","Pandemic"
"Indaial",42,2021-12-30,2021-12-30,1,1,2.70870056123734,2.70870056123734,0,2021,TRUE,FALSE,FALSE,"Pandemic","Pandemic"
"Indaial",43,2022-01-08,2022-01-08,1,1,2.24840180988267,2.24840180988267,0,2022,TRUE,FALSE,FALSE,"Pandemic","Pandemic"
"Indaial",44,2022-01-26,2022-01-26,1,1,2.0285631076534,2.0285631076534,0,2022,TRUE,FALSE,FALSE,"Pandemic","Pandemic"
"Indaial",45,2022-02-01,2022-02-01,1,1,2.12178713012932,2.12178713012932,0,2022,TRUE,FALSE,FALSE,"Pandemic","Pandemic"
"Indaial",46,2022-02-05,2022-02-05,1,1,3.55627154907231,3.55627154907231,1,2022,TRUE,FALSE,FALSE,"Pandemic","Pandemic"
"Indaial",47,2022-02-26,2022-02-28,3,2,2.39355793462153,2.24756105963746,0,2022,TRUE,FALSE,FALSE,"Pandemic","Pandemic"
"Indaial",48,2022-03-05,2022-03-05,1,1,4.04220125198308,4.04220125198308,1,2022,TRUE,FALSE,FALSE,"Pandemic","Pandemic"
"Indaial",49,2022-04-02,2022-04-02,1,1,2.30983997925961,2.30983997925961,0,2022,FALSE,FALSE,FALSE,"Unattributed","Unattributed"
"Indaial",50,2022-04-09,2022-04-09,1,1,2.74045263318101,2.74045263318101,0,2022,FALSE,FALSE,FALSE,"Unattributed","Unattributed"
"Indaial",51,2022-04-14,2022-04-14,1,1,2.44147242100177,2.44147242100177,0,2022,FALSE,FALSE,FALSE,"Unattributed","Unattributed"
"Indaial",52,2022-04-29,2022-04-30,2,2,2.29996132106969,2.18483672044318,0,2022,FALSE,FALSE,FALSE,"Unattributed","Unattributed"
"Indaial",53,2022-05-07,2022-05-07,1,1,3.71658123559314,3.71658123559314,1,2022,FALSE,FALSE,FALSE,"Unattributed","Unattributed"
"Indaial",54,2022-06-04,2022-06-04,1,1,2.911406709587,2.911406709587,0,2022,FALSE,FALSE,FALSE,"Unattributed","Unattributed"
"Indaial",55,2022-06-10,2022-06-10,1,1,2.10556455072991,2.10556455072991,0,2022,FALSE,FALSE,FALSE,"Unattributed","Unattributed"
"Indaial",56,2022-08-04,2022-08-06,3,2,2.36666429272333,2.21963514655609,0,2022,FALSE,FALSE,FALSE,"Unattributed","Unattributed"
"Indaial",57,2022-09-26,2022-09-26,1,1,2.40026250750487,2.40026250750487,0,2022,FALSE,FALSE,FALSE,"Unattributed","Unattributed"
"Indaial",58,2022-12-19,2022-12-23,5,4,2.71066934049322,2.43867804881677,0,2022,FALSE,TRUE,FALSE,"Climate","Climate"
"Indaial",59,2023-02-01,2023-02-02,2,2,4.92082384596563,4.37453980157527,1,2023,FALSE,FALSE,FALSE,"Unattributed","Unattributed"
"Indaial",60,2023-02-07,2023-02-07,1,1,5.57400542061735,5.57400542061735,1,2023,FALSE,FALSE,FALSE,"Unattributed","Unattributed"
"Indaial",61,2023-02-28,2023-02-28,1,1,2.01866637193379,2.01866637193379,0,2023,FALSE,FALSE,FALSE,"Unattributed","Unattributed"
"Indaial",62,2023-08-05,2023-08-05,1,1,2.72802536677163,2.72802536677163,0,2023,FALSE,FALSE,FALSE,"Unattributed","Unattributed"
"Indaial",63,2023-08-31,2023-09-02,3,2,3.19938538117651,2.70099716351037,1,2023,FALSE,FALSE,FALSE,"Unattributed","Unattributed"
"Indaial",64,2023-09-22,2023-09-22,1,1,2.01556083143168,2.01556083143168,0,2023,FALSE,FALSE,FALSE,"Unattributed","Unattributed"
"Indaial",65,2023-09-27,2023-09-29,3,2,4.05247319869649,3.0681794115706,1,2023,FALSE,FALSE,FALSE,"Unattributed","Unattributed"
"Indaial",66,2023-10-07,2023-10-07,1,1,2.40250079674264,2.40250079674264,0,2023,FALSE,FALSE,FALSE,"Unattributed","Unattributed"
"Indaial",67,2023-11-24,2023-11-24,1,1,2.45451028691432,2.45451028691432,0,2023,FALSE,FALSE,FALSE,"Unattributed","Unattributed"
"Indaial",68,2023-12-02,2023-12-02,1,1,2.75766438372114,2.75766438372114,0,2023,FALSE,FALSE,FALSE,"Unattributed","Unattributed"
"Indaial",69,2023-12-15,2023-12-23,9,5,3.13124018709222,2.4544746356009,1,2023,FALSE,FALSE,FALSE,"Unattributed","Unattributed"
"Indaial",70,2023-12-27,2023-12-29,3,2,2.16351415087905,2.10044177125738,0,2023,FALSE,FALSE,FALSE,"Unattributed","Unattributed"
"Indaial",71,2024-01-12,2024-01-12,1,1,2.19849547177489,2.19849547177489,0,2024,FALSE,TRUE,FALSE,"Climate","Climate"
"Indaial",72,2024-01-16,2024-01-16,1,1,6.28301521817597,6.28301521817597,1,2024,FALSE,TRUE,FALSE,"Climate","Climate"
"Indaial",73,2024-02-03,2024-02-03,1,1,2.09707138815757,2.09707138815757,0,2024,FALSE,FALSE,FALSE,"Unattributed","Unattributed"
"Indaial",74,2024-03-02,2024-03-02,1,1,2.33583847278226,2.33583847278226,0,2024,FALSE,FALSE,FALSE,"Unattributed","Unattributed"
"Indaial",75,2024-03-27,2024-03-28,2,2,2.68356200012239,2.45363976904053,0,2024,FALSE,FALSE,FALSE,"Unattributed","Unattributed"
"Indaial",76,2024-06-27,2024-06-27,1,1,6.19454788407768,6.19454788407768,1,2024,FALSE,FALSE,FALSE,"Unattributed","Unattributed"
"Indaial",77,2024-09-30,2024-09-30,1,1,2.5608479604747,2.5608479604747,0,2024,FALSE,FALSE,FALSE,"Unattributed","Unattributed"
"Indaial",78,2025-04-11,2025-04-11,1,1,5.66425117216868,5.66425117216868,1,2025,FALSE,FALSE,FALSE,"Unattributed","Unattributed"
"Indaial",79,2025-05-26,2025-05-26,1,1,4.68897142404312,4.68897142404312,1,2025,FALSE,FALSE,FALSE,"Unattributed","Unattributed"
"Indaial",80,2025-06-30,2025-06-30,1,1,2.40574786488301,2.40574786488301,0,2025,FALSE,FALSE,FALSE,"Unattributed","Unattributed"
"Indaial",81,2025-07-10,2025-07-10,1,1,2.81393369208535,2.81393369208535,0,2025,FALSE,FALSE,FALSE,"Unattributed","Unattributed"
"Indaial",82,2025-07-25,2025-07-28,4,2,3.36323987744454,3.2571373403612,1,2025,FALSE,FALSE,FALSE,"Unattributed","Unattributed"
"Indaial",83,2025-09-29,2025-09-30,2,2,2.16264794715134,2.13115332958685,0,2025,FALSE,FALSE,FALSE,"Unattributed","Unattributed"
"Itajaí",1,2018-01-05,2018-01-05,1,1,2.49740174775244,2.49740174775244,0,2018,FALSE,FALSE,FALSE,"Unattributed","Unattributed"
"Itajaí",2,2018-04-18,2018-04-18,1,1,4.28895806577504,4.28895806577504,1,2018,FALSE,FALSE,FALSE,"Unattributed","Unattributed"
"Itajaí",3,2018-11-23,2018-11-23,1,1,2.20064309714559,2.20064309714559,0,2018,FALSE,FALSE,FALSE,"Unattributed","Unattributed"
"Itajaí",4,2019-09-07,2019-09-07,1,1,2.80361551092119,2.80361551092119,0,2019,FALSE,FALSE,FALSE,"Unattributed","Unattributed"
"Itajaí",5,2019-11-02,2019-11-02,1,1,2.02975567401781,2.02975567401781,0,2019,FALSE,FALSE,FALSE,"Unattributed","Unattributed"
"Itajaí",6,2019-11-29,2019-11-30,2,2,3.55225801220525,2.7884585233293,1,2019,FALSE,FALSE,FALSE,"Unattributed","Unattributed"
"Itajaí",7,2019-12-22,2019-12-24,3,3,3.15975093178912,2.6331436320942,1,2019,FALSE,FALSE,FALSE,"Unattributed","Unattributed"
"Itajaí",8,2019-12-30,2019-12-30,1,1,2.7031948781088,2.7031948781088,0,2019,FALSE,FALSE,FALSE,"Unattributed","Unattributed"
"Itajaí",9,2020-03-17,2020-03-18,2,2,3.6120926349279,3.53441212229543,1,2020,TRUE,FALSE,FALSE,"Pandemic","Pandemic"
"Itajaí",10,2020-08-06,2020-08-10,5,3,4.77757963991916,4.08656905972038,1,2020,TRUE,FALSE,FALSE,"Pandemic","Pandemic"
"Itajaí",11,2020-10-27,2020-10-27,1,1,4.52315162880753,4.52315162880753,1,2020,FALSE,FALSE,FALSE,"Unattributed","Unattributed"
"Itajaí",12,2020-11-03,2020-11-03,1,1,3.94808756804804,3.94808756804804,1,2020,FALSE,FALSE,FALSE,"Unattributed","Unattributed"
"Itajaí",13,2020-11-27,2020-11-27,1,1,3.13515854233519,3.13515854233519,1,2020,TRUE,FALSE,FALSE,"Pandemic","Pandemic"
"Itajaí",14,2020-12-01,2020-12-01,1,1,3.87858165554988,3.87858165554988,1,2020,TRUE,FALSE,FALSE,"Pandemic","Pandemic"
"Itajaí",15,2020-12-20,2020-12-24,5,4,3.19020522654465,2.6235207154554,1,2020,TRUE,TRUE,FALSE,"Climate","Pandemic & Climate"
"Itajaí",16,2020-12-30,2020-12-31,2,2,2.80845624201188,2.44678050149384,0,2020,TRUE,FALSE,FALSE,"Pandemic","Pandemic"
"Itajaí",17,2021-01-14,2021-01-14,1,1,4.56628481002661,4.56628481002661,1,2021,TRUE,FALSE,FALSE,"Pandemic","Pandemic"
"Itajaí",18,2021-03-11,2021-03-11,1,1,4.54775282779326,4.54775282779326,1,2021,TRUE,FALSE,FALSE,"Pandemic","Pandemic"
"Itajaí",19,2021-04-01,2021-04-01,1,1,2.36917842977077,2.36917842977077,0,2021,TRUE,FALSE,FALSE,"Pandemic","Pandemic"
"Itajaí",20,2021-07-03,2021-07-03,1,1,2.01094355485716,2.01094355485716,0,2021,TRUE,FALSE,FALSE,"Pandemic","Pandemic"
"Itajaí",21,2021-08-07,2021-08-07,1,1,2.00972713632645,2.00972713632645,0,2021,TRUE,FALSE,FALSE,"Pandemic","Pandemic"
"Itajaí",22,2021-08-26,2021-08-29,4,2,5.84616181958789,5.34365134748228,1,2021,TRUE,FALSE,FALSE,"Pandemic","Pandemic"
"Itajaí",23,2021-09-04,2021-09-04,1,1,2.34839938742681,2.34839938742681,0,2021,TRUE,FALSE,FALSE,"Pandemic","Pandemic"
"Itajaí",24,2021-10-02,2021-10-02,1,1,2.69440409130973,2.69440409130973,0,2021,FALSE,FALSE,FALSE,"Unattributed","Unattributed"
"Itajaí",25,2021-11-26,2021-11-26,1,1,3.60025776292408,3.60025776292408,1,2021,TRUE,FALSE,FALSE,"Pandemic","Pandemic"
"Itajaí",26,2021-12-22,2021-12-24,3,3,3.23715090059308,2.68702766852207,1,2021,TRUE,FALSE,FALSE,"Pandemic","Pandemic"
"Itajaí",27,2021-12-30,2021-12-30,1,1,2.82957700447761,2.82957700447761,0,2021,TRUE,FALSE,FALSE,"Pandemic","Pandemic"
"Itajaí",28,2022-03-05,2022-03-05,1,1,2.20437653462137,2.20437653462137,0,2022,TRUE,FALSE,FALSE,"Pandemic","Pandemic"
"Itajaí",29,2022-04-02,2022-04-02,1,1,2.14309719823008,2.14309719823008,0,2022,FALSE,FALSE,FALSE,"Unattributed","Unattributed"
"Itajaí",30,2022-04-12,2022-04-12,1,1,2.67714090921591,2.67714090921591,0,2022,FALSE,FALSE,FALSE,"Unattributed","Unattributed"
"Itajaí",31,2022-05-07,2022-05-07,1,1,2.37779135919954,2.37779135919954,0,2022,FALSE,FALSE,FALSE,"Unattributed","Unattributed"
"Itajaí",32,2022-09-09,2022-09-09,1,1,2.26483834137997,2.26483834137997,0,2022,FALSE,FALSE,FALSE,"Unattributed","Unattributed"
"Itajaí",33,2022-10-01,2022-10-01,1,1,3.41371127605355,3.41371127605355,1,2022,FALSE,FALSE,FALSE,"Unattributed","Unattributed"
"Itajaí",34,2022-11-05,2022-11-05,1,1,2.1845270053994,2.1845270053994,0,2022,FALSE,FALSE,FALSE,"Unattributed","Unattributed"
"Itajaí",35,2022-11-25,2022-11-25,1,1,2.65990502644889,2.65990502644889,0,2022,FALSE,FALSE,FALSE,"Unattributed","Unattributed"
"Itajaí",36,2022-12-03,2022-12-03,1,1,2.17864970312354,2.17864970312354,0,2022,FALSE,TRUE,FALSE,"Climate","Climate"
"Itajaí",37,2022-12-21,2022-12-23,3,3,3.31793012229686,2.86444099845266,1,2022,FALSE,TRUE,FALSE,"Climate","Climate"
"Itajaí",38,2022-12-30,2022-12-30,1,1,2.766017023393,2.766017023393,0,2022,FALSE,FALSE,FALSE,"Unattributed","Unattributed"
"Itajaí",39,2023-01-07,2023-01-07,1,1,2.84724414456439,2.84724414456439,0,2023,FALSE,FALSE,FALSE,"Unattributed","Unattributed"
"Itajaí",40,2023-02-04,2023-02-04,1,1,3.06450798821081,3.06450798821081,1,2023,FALSE,FALSE,FALSE,"Unattributed","Unattributed"
"Itajaí",41,2023-03-04,2023-03-04,1,1,3.29817959661947,3.29817959661947,1,2023,FALSE,FALSE,FALSE,"Unattributed","Unattributed"
"Itajaí",42,2023-04-01,2023-04-02,2,2,3.75238712652058,2.99722161262127,1,2023,FALSE,FALSE,FALSE,"Unattributed","Unattributed"
"Itajaí",43,2023-04-06,2023-04-07,2,2,2.50194155100485,2.46613362136931,0,2023,FALSE,FALSE,FALSE,"Unattributed","Unattributed"
"Itajaí",44,2023-04-13,2023-04-13,1,1,2.61925968237538,2.61925968237538,0,2023,FALSE,FALSE,FALSE,"Unattributed","Unattributed"
"Itajaí",45,2023-05-06,2023-05-06,1,1,2.06200904853857,2.06200904853857,0,2023,FALSE,FALSE,FALSE,"Unattributed","Unattributed"
"Itajaí",46,2023-07-01,2023-07-01,1,1,2.06392436927209,2.06392436927209,0,2023,FALSE,FALSE,FALSE,"Unattributed","Unattributed"
"Itajaí",47,2023-07-18,2023-07-18,1,1,2.35257190236441,2.35257190236441,0,2023,FALSE,FALSE,FALSE,"Unattributed","Unattributed"
"Itajaí",48,2023-08-05,2023-08-05,1,1,2.40872576570389,2.40872576570389,0,2023,FALSE,FALSE,FALSE,"Unattributed","Unattributed"
"Itajaí",49,2023-09-02,2023-09-02,1,1,2.23432585666315,2.23432585666315,0,2023,FALSE,FALSE,FALSE,"Unattributed","Unattributed"
"Itajaí",50,2023-10-01,2023-10-01,1,1,2.40190089246703,2.40190089246703,0,2023,FALSE,FALSE,FALSE,"Unattributed","Unattributed"
"Itajaí",51,2023-10-07,2023-10-07,1,1,3.20135224485264,3.20135224485264,1,2023,FALSE,FALSE,FALSE,"Unattributed","Unattributed"
"Itajaí",52,2023-11-02,2023-11-04,3,2,2.31973890258419,2.16659223985727,0,2023,FALSE,FALSE,FALSE,"Unattributed","Unattributed"
"Itajaí",53,2023-11-24,2023-11-24,1,1,3.68734243362192,3.68734243362192,1,2023,FALSE,FALSE,FALSE,"Unattributed","Unattributed"
"Itajaí",54,2023-12-02,2023-12-02,1,1,2.60790856624582,2.60790856624582,0,2023,FALSE,FALSE,FALSE,"Unattributed","Unattributed"
"Itajaí",55,2023-12-21,2023-12-24,4,4,2.79969201492666,2.55374577301007,0,2023,FALSE,FALSE,FALSE,"Unattributed","Unattributed"
"Itajaí",56,2023-12-29,2023-12-30,2,2,2.38425927258289,2.26139213419158,0,2023,FALSE,FALSE,FALSE,"Unattributed","Unattributed"
"Itajaí",57,2024-01-06,2024-01-06,1,1,3.01254893595693,3.01254893595693,1,2024,FALSE,FALSE,FALSE,"Unattributed","Unattributed"
"Itajaí",58,2024-02-03,2024-02-03,1,1,3.15373587765456,3.15373587765456,1,2024,FALSE,FALSE,FALSE,"Unattributed","Unattributed"
"Itajaí",59,2024-03-02,2024-03-03,2,2,3.55529501519517,2.82243309003449,1,2024,FALSE,FALSE,FALSE,"Unattributed","Unattributed"
"Itajaí",60,2024-03-17,2024-03-17,1,1,2.00321057512017,2.00321057512017,0,2024,FALSE,FALSE,FALSE,"Unattributed","Unattributed"
"Itajaí",61,2024-03-28,2024-03-29,2,2,2.15119675063291,2.14632731447714,0,2024,FALSE,FALSE,FALSE,"Unattributed","Unattributed"
"Itajaí",62,2024-04-06,2024-04-07,2,2,3.56264070293876,2.9322121396338,1,2024,FALSE,FALSE,FALSE,"Unattributed","Unattributed"
"Itajaí",63,2024-04-11,2024-04-11,1,1,3.36229388772942,3.36229388772942,1,2024,FALSE,FALSE,FALSE,"Unattributed","Unattributed"
"Itajaí",64,2024-05-04,2024-05-05,2,2,3.66522678870572,2.88269410375243,1,2024,FALSE,FALSE,FALSE,"Unattributed","Unattributed"
"Itajaí",65,2024-06-01,2024-06-01,1,1,3.49883782647066,3.49883782647066,1,2024,FALSE,FALSE,FALSE,"Unattributed","Unattributed"
"Itajaí",66,2024-06-09,2024-06-09,1,1,2.07863792028215,2.07863792028215,0,2024,FALSE,FALSE,FALSE,"Unattributed","Unattributed"
"Itajaí",67,2024-07-06,2024-07-07,2,2,3.7118203610326,3.12584012510713,1,2024,FALSE,FALSE,FALSE,"Unattributed","Unattributed"
"Itajaí",68,2024-08-03,2024-08-04,2,2,3.71208701430884,2.91576513470438,1,2024,FALSE,FALSE,FALSE,"Unattributed","Unattributed"
"Itajaí",69,2024-09-01,2024-09-01,1,1,2.44094311179448,2.44094311179448,0,2024,FALSE,FALSE,FALSE,"Unattributed","Unattributed"
"Itajaí",70,2024-09-07,2024-09-08,2,2,4.08979941828474,3.22115124888562,1,2024,FALSE,FALSE,FALSE,"Unattributed","Unattributed"
"Itajaí",71,2024-10-05,2024-10-06,2,2,3.45523884673316,2.99267058587997,1,2024,FALSE,FALSE,FALSE,"Unattributed","Unattributed"
"Itajaí",72,2024-10-28,2024-10-28,1,1,5.69145858534922,5.69145858534922,1,2024,FALSE,FALSE,FALSE,"Unattributed","Unattributed"
"Itajaí",73,2024-11-02,2024-11-04,3,2,5.1603323117579,3.95463556601785,1,2024,FALSE,FALSE,FALSE,"Unattributed","Unattributed"
"Itajaí",74,2024-11-29,2024-12-01,3,3,3.6716378649009,2.63777421964506,1,2024,FALSE,FALSE,FALSE,"Unattributed","Unattributed"
"Itajaí",75,2024-12-22,2024-12-22,1,1,2.10603858880252,2.10603858880252,0,2024,FALSE,FALSE,FALSE,"Unattributed","Unattributed"
"Itajaí",76,2024-12-30,2024-12-30,1,1,2.63337857375954,2.63337857375954,0,2024,FALSE,FALSE,FALSE,"Unattributed","Unattributed"
"Itajaí",77,2025-02-01,2025-02-01,1,1,2.04693536666932,2.04693536666932,0,2025,FALSE,FALSE,FALSE,"Unattributed","Unattributed"
"Itajaí",78,2025-03-01,2025-03-01,1,1,2.19221097304132,2.19221097304132,0,2025,FALSE,FALSE,FALSE,"Unattributed","Unattributed"
"Itajaí",79,2025-09-09,2025-09-09,1,1,5.64464283315101,5.64464283315101,1,2025,FALSE,FALSE,FALSE,"Unattributed","Unattributed"
"Itajaí",80,2025-10-09,2025-10-09,1,1,5.3012824305015,5.3012824305015,1,2025,FALSE,FALSE,FALSE,"Unattributed","Unattributed"
"Itajaí",81,2025-11-28,2025-11-28,1,1,2.01785084781043,2.01785084781043,0,2025,FALSE,FALSE,FALSE,"Unattributed","Unattributed"
"Itapoá",1,2018-01-02,2018-01-03,2,2,2.17818503994538,2.16639498073719,0,2018,FALSE,FALSE,FALSE,"Unattributed","Unattributed"
"Itapoá",2,2018-01-19,2018-01-19,1,1,2.22861354066301,2.22861354066301,0,2018,FALSE,FALSE,FALSE,"Unattributed","Unattributed"
"Itapoá",3,2018-01-31,2018-01-31,1,1,2.36482367676574,2.36482367676574,0,2018,FALSE,FALSE,FALSE,"Unattributed","Unattributed"
"Itapoá",4,2018-02-10,2018-02-12,3,3,2.79303376986049,2.48679457789079,0,2018,FALSE,FALSE,FALSE,"Unattributed","Unattributed"
"Itapoá",5,2018-02-28,2018-02-28,1,1,3.62118758075931,3.62118758075931,1,2018,FALSE,FALSE,FALSE,"Unattributed","Unattributed"
"Itapoá",6,2018-09-07,2018-09-07,1,1,2.58611781294545,2.58611781294545,0,2018,FALSE,FALSE,FALSE,"Unattributed","Unattributed"
"Itapoá",7,2018-11-15,2018-11-15,1,1,2.4196925549838,2.4196925549838,0,2018,FALSE,FALSE,FALSE,"Unattributed","Unattributed"
"Itapoá",8,2018-12-22,2019-01-06,16,14,4.11241639193684,3.09503226523948,1,2018,FALSE,FALSE,FALSE,"Unattributed","Unattributed"
"Itapoá",9,2019-01-11,2019-01-13,3,3,3.26635903213197,2.92261146015876,1,2019,FALSE,FALSE,FALSE,"Unattributed","Unattributed"
"Itapoá",10,2019-01-19,2019-01-20,2,2,2.38423637329212,2.22388991998756,0,2019,FALSE,FALSE,FALSE,"Unattributed","Unattributed"
"Itapoá",11,2019-03-02,2019-03-03,2,2,2.82429757310962,2.65478720504887,0,2019,FALSE,FALSE,FALSE,"Unattributed","Unattributed"
"Itapoá",12,2019-05-05,2019-05-05,1,1,5.2241416815527,5.2241416815527,1,2019,FALSE,FALSE,FALSE,"Unattributed","Unattributed"
"Itapoá",13,2019-06-20,2019-06-20,1,1,2.10710485945614,2.10710485945614,0,2019,FALSE,FALSE,FALSE,"Unattributed","Unattributed"
"Itapoá",14,2019-10-31,2019-10-31,1,1,3.55038346142162,3.55038346142162,1,2019,FALSE,FALSE,FALSE,"Unattributed","Unattributed"
"Itapoá",15,2019-11-15,2019-11-15,1,1,2.69423247577632,2.69423247577632,0,2019,FALSE,FALSE,FALSE,"Unattributed","Unattributed"
"Itapoá",16,2019-11-27,2019-12-02,6,3,3.81335858514209,2.74639298120913,1,2019,FALSE,FALSE,FALSE,"Unattributed","Unattributed"
"Itapoá",17,2019-12-22,2020-01-20,30,20,5.17901051824546,2.95454010881642,1,2019,FALSE,FALSE,FALSE,"Unattributed","Unattributed"
"Itapoá",18,2020-01-26,2020-01-26,1,1,3.42982029805866,3.42982029805866,1,2020,FALSE,FALSE,FALSE,"Unattributed","Unattributed"
"Itapoá",19,2020-02-22,2020-02-23,2,2,3.41370818610123,2.82532912614727,1,2020,FALSE,FALSE,FALSE,"Unattributed","Unattributed"
"Itapoá",20,2020-03-13,2020-03-13,1,1,2.0639430113275,2.0639430113275,0,2020,TRUE,FALSE,FALSE,"Pandemic","Pandemic"
"Itapoá",21,2020-03-18,2020-03-18,1,1,2.78216099547946,2.78216099547946,0,2020,TRUE,FALSE,FALSE,"Pandemic","Pandemic"
"Itapoá",22,2020-06-06,2020-06-06,1,1,2.56162738028342,2.56162738028342,0,2020,TRUE,FALSE,FALSE,"Pandemic","Pandemic"
"Itapoá",23,2020-07-02,2020-07-02,1,1,2.7682234580264,2.7682234580264,0,2020,TRUE,FALSE,FALSE,"Pandemic","Pandemic"
"Itapoá",24,2020-07-17,2020-07-17,1,1,2.99801511998671,2.99801511998671,0,2020,TRUE,FALSE,FALSE,"Pandemic","Pandemic"
"Itapoá",25,2020-10-10,2020-10-10,1,1,2.20742232598304,2.20742232598304,0,2020,FALSE,FALSE,FALSE,"Unattributed","Unattributed"
"Itapoá",26,2020-11-06,2020-11-06,1,1,2.28393878637169,2.28393878637169,0,2020,FALSE,FALSE,FALSE,"Unattributed","Unattributed"
"Itapoá",27,2020-11-30,2020-11-30,1,1,2.1055727444478,2.1055727444478,0,2020,TRUE,FALSE,FALSE,"Pandemic","Pandemic"
"Itapoá",28,2020-12-16,2020-12-19,4,2,2.22826509426227,2.11687637523417,0,2020,TRUE,TRUE,FALSE,"Climate","Pandemic & Climate"
"Itapoá",29,2020-12-24,2021-01-05,13,10,3.80707883457466,2.88625819176339,1,2020,TRUE,FALSE,FALSE,"Pandemic","Pandemic"
"Itapoá",30,2021-01-09,2021-01-10,2,2,2.49459591450497,2.30669709716462,0,2021,TRUE,FALSE,FALSE,"Pandemic","Pandemic"
"Itapoá",31,2021-01-14,2021-01-21,8,7,5.37292551305479,3.90726603333358,1,2021,TRUE,TRUE,FALSE,"Climate","Pandemic & Climate"
"Itapoá",32,2021-02-03,2021-02-03,1,1,4.49459395989911,4.49459395989911,1,2021,TRUE,FALSE,FALSE,"Pandemic","Pandemic"
"Itapoá",33,2021-02-08,2021-02-08,1,1,4.33612632711939,4.33612632711939,1,2021,TRUE,FALSE,FALSE,"Pandemic","Pandemic"
"Itapoá",34,2021-02-12,2021-02-14,3,3,2.73248379930784,2.39214135392315,0,2021,TRUE,FALSE,FALSE,"Pandemic","Pandemic"
"Itapoá",35,2021-02-18,2021-02-22,5,3,5.30802408373717,3.88118322423182,1,2021,TRUE,FALSE,FALSE,"Pandemic","Pandemic"
"Itapoá",36,2021-02-27,2021-03-01,3,2,3.47754448675985,2.81452438500825,1,2021,TRUE,FALSE,FALSE,"Pandemic","Pandemic"
"Itapoá",37,2021-03-20,2021-03-20,1,1,2.4086104240276,2.4086104240276,0,2021,TRUE,FALSE,FALSE,"Pandemic","Pandemic"
"Itapoá",38,2021-03-26,2021-03-27,2,2,3.5798074885829,2.8106541610093,1,2021,TRUE,TRUE,FALSE,"Climate","Pandemic & Climate"
"Itapoá",39,2021-04-01,2021-04-03,3,2,2.16227640500506,2.15074173995843,0,2021,TRUE,FALSE,FALSE,"Pandemic","Pandemic"
"Itapoá",40,2021-04-20,2021-04-20,1,1,3.33820836269527,3.33820836269527,1,2021,TRUE,FALSE,FALSE,"Pandemic","Pandemic"
"Itapoá",41,2021-04-30,2021-05-01,2,2,3.3241820245742,2.68564644278145,1,2021,TRUE,FALSE,FALSE,"Pandemic","Pandemic"
"Itapoá",42,2021-05-27,2021-05-27,1,1,4.17264478080934,4.17264478080934,1,2021,TRUE,FALSE,FALSE,"Pandemic","Pandemic"
"Itapoá",43,2021-06-03,2021-06-03,1,1,2.21239142344779,2.21239142344779,0,2021,TRUE,FALSE,FALSE,"Pandemic","Pandemic"
"Itapoá",44,2021-09-04,2021-09-05,2,2,2.67491179892058,2.458522922885,0,2021,TRUE,FALSE,FALSE,"Pandemic","Pandemic"
"Itapoá",45,2021-11-14,2021-11-14,1,1,2.39610226780773,2.39610226780773,0,2021,FALSE,FALSE,FALSE,"Unattributed","Unattributed"
"Itapoá",46,2021-12-19,2022-01-24,37,29,4.56296330513077,3.12694249449812,1,2021,TRUE,FALSE,FALSE,"Pandemic","Pandemic"
"Itapoá",47,2022-02-12,2022-02-13,2,2,3.49895188495801,2.76830072403076,1,2022,TRUE,FALSE,FALSE,"Pandemic","Pandemic"
"Itapoá",48,2022-02-19,2022-02-19,1,1,2.94540692161521,2.94540692161521,0,2022,TRUE,FALSE,FALSE,"Pandemic","Pandemic"
"Itapoá",49,2022-02-25,2022-03-01,5,5,3.76347837059449,2.91363595076797,1,2022,TRUE,FALSE,FALSE,"Pandemic","Pandemic"
"Itapoá",50,2022-04-21,2022-04-21,1,1,2.23075261872743,2.23075261872743,0,2022,FALSE,FALSE,FALSE,"Unattributed","Unattributed"
"Itapoá",51,2022-06-16,2022-06-16,1,1,2.00465384906073,2.00465384906073,0,2022,FALSE,FALSE,FALSE,"Unattributed","Unattributed"
"Itapoá",52,2022-11-13,2022-11-13,1,1,2.86506468748731,2.86506468748731,0,2022,FALSE,FALSE,FALSE,"Unattributed","Unattributed"
"Itapoá",53,2022-12-27,2023-01-02,7,7,3.32376640684717,2.72894938517334,1,2022,FALSE,FALSE,FALSE,"Unattributed","Unattributed"
"Itapoá",54,2023-01-08,2023-01-08,1,1,2.26282716534325,2.26282716534325,0,2023,FALSE,FALSE,FALSE,"Unattributed","Unattributed"
"Itapoá",55,2023-01-15,2023-01-15,1,1,2.36006580067435,2.36006580067435,0,2023,FALSE,FALSE,FALSE,"Unattributed","Unattributed"
"Itapoá",56,2023-12-29,2023-12-31,3,2,2.9339866193038,2.6200073846231,0,2023,FALSE,FALSE,FALSE,"Unattributed","Unattributed"
"Itapoá",57,2024-04-18,2024-04-22,5,3,6.20936697612366,5.75138150736427,1,2024,FALSE,FALSE,FALSE,"Unattributed","Unattributed"
"Itapoá",58,2025-02-19,2025-02-19,1,1,5.04888973580075,5.04888973580075,1,2025,FALSE,FALSE,FALSE,"Unattributed","Unattributed"
"Itapoá",59,2025-03-25,2025-03-25,1,1,2.08274820318483,2.08274820318483,0,2025,FALSE,FALSE,FALSE,"Unattributed","Unattributed"
"Itapoá",60,2025-07-15,2025-07-15,1,1,3.06072495797356,3.06072495797356,1,2025,FALSE,FALSE,FALSE,"Unattributed","Unattributed"
"Itapoá",61,2025-08-21,2025-08-21,1,1,3.06486105311058,3.06486105311058,1,2025,FALSE,FALSE,FALSE,"Unattributed","Unattributed"
"Itapoá",62,2025-09-30,2025-09-30,1,1,2.10715788882973,2.10715788882973,0,2025,FALSE,FALSE,FALSE,"Unattributed","Unattributed"
"Itapoá",63,2025-10-20,2025-10-20,1,1,2.17501282272413,2.17501282272413,0,2025,FALSE,FALSE,FALSE,"Unattributed","Unattributed"
"Joaçaba",1,2018-05-14,2018-05-17,4,2,5.76252271329154,5.60576900890142,1,2018,FALSE,FALSE,FALSE,"Unattributed","Unattributed"
"Joaçaba",2,2018-05-28,2018-05-28,1,1,5.59990326858672,5.59990326858672,1,2018,FALSE,FALSE,TRUE,"Geopolitical","Geopolitical"
"Joaçaba",3,2018-06-01,2018-06-01,1,1,2.4652134916022,2.4652134916022,0,2018,FALSE,FALSE,FALSE,"Unattributed","Unattributed"
"Joaçaba",4,2018-11-23,2018-11-24,2,2,4.88051435231641,3.97775931118086,1,2018,FALSE,FALSE,FALSE,"Unattributed","Unattributed"
"Joaçaba",5,2018-12-21,2018-12-24,4,3,3.67687673388084,3.04698604079719,1,2018,FALSE,FALSE,FALSE,"Unattributed","Unattributed"
"Joaçaba",6,2019-02-28,2019-02-28,1,1,2.3388892830431,2.3388892830431,0,2019,FALSE,FALSE,FALSE,"Unattributed","Unattributed"
"Joaçaba",7,2019-03-09,2019-03-09,1,1,2.19822805177464,2.19822805177464,0,2019,FALSE,FALSE,FALSE,"Unattributed","Unattributed"
"Joaçaba",8,2019-03-16,2019-03-16,1,1,2.54797385898882,2.54797385898882,0,2019,FALSE,FALSE,FALSE,"Unattributed","Unattributed"
"Joaçaba",9,2019-04-06,2019-04-06,1,1,2.63236205799894,2.63236205799894,0,2019,FALSE,FALSE,FALSE,"Unattributed","Unattributed"
"Joaçaba",10,2019-04-18,2019-04-20,3,2,3.07633003225685,2.66859294185902,1,2019,FALSE,FALSE,FALSE,"Unattributed","Unattributed"
"Joaçaba",11,2019-05-11,2019-05-11,1,1,3.30388677938368,3.30388677938368,1,2019,FALSE,FALSE,FALSE,"Unattributed","Unattributed"
"Joaçaba",12,2019-06-01,2019-06-01,1,1,2.38927733224617,2.38927733224617,0,2019,FALSE,FALSE,FALSE,"Unattributed","Unattributed"
"Joaçaba",13,2019-06-08,2019-06-08,1,1,2.01345114485531,2.01345114485531,0,2019,FALSE,FALSE,FALSE,"Unattributed","Unattributed"
"Joaçaba",14,2019-07-06,2019-07-06,1,1,2.95279617558443,2.95279617558443,0,2019,FALSE,FALSE,FALSE,"Unattributed","Unattributed"
"Joaçaba",15,2019-08-10,2019-08-10,1,1,2.86151908802252,2.86151908802252,0,2019,FALSE,FALSE,FALSE,"Unattributed","Unattributed"
"Joaçaba",16,2019-09-07,2019-09-07,1,1,2.66763517391356,2.66763517391356,0,2019,FALSE,FALSE,FALSE,"Unattributed","Unattributed"
"Joaçaba",17,2019-10-05,2019-10-05,1,1,2.59160457158548,2.59160457158548,0,2019,FALSE,FALSE,FALSE,"Unattributed","Unattributed"
"Joaçaba",18,2019-11-09,2019-11-09,1,1,2.44276872357174,2.44276872357174,0,2019,FALSE,FALSE,FALSE,"Unattributed","Unattributed"
"Joaçaba",19,2019-11-29,2019-11-30,2,2,4.83882755745592,3.97641505126377,1,2019,FALSE,FALSE,FALSE,"Unattributed","Unattributed"
"Joaçaba",20,2019-12-07,2019-12-07,1,1,2.36847846663839,2.36847846663839,0,2019,FALSE,FALSE,FALSE,"Unattributed","Unattributed"
"Joaçaba",21,2019-12-20,2019-12-24,5,5,4.67556731222905,3.36879056757223,1,2019,FALSE,FALSE,FALSE,"Unattributed","Unattributed"
"Joaçaba",22,2019-12-30,2019-12-31,2,2,3.9805826757343,3.05435863748452,1,2019,FALSE,FALSE,FALSE,"Unattributed","Unattributed"
"Joaçaba",23,2020-02-08,2020-02-08,1,1,2.12804493986052,2.12804493986052,0,2020,FALSE,FALSE,FALSE,"Unattributed","Unattributed"
"Joaçaba",24,2020-02-29,2020-02-29,1,1,2.39324293404908,2.39324293404908,0,2020,TRUE,FALSE,FALSE,"Pandemic","Pandemic"
"Joaçaba",25,2020-03-07,2020-03-07,1,1,2.70530420923485,2.70530420923485,0,2020,TRUE,FALSE,FALSE,"Pandemic","Pandemic"
"Joaçaba",26,2020-03-17,2020-03-18,2,2,4.49293656219634,3.81387434943567,1,2020,TRUE,FALSE,FALSE,"Pandemic","Pandemic"
"Joaçaba",27,2020-04-09,2020-04-11,3,2,2.20494840330866,2.11760040913505,0,2020,TRUE,FALSE,FALSE,"Pandemic","Pandemic"
"Joaçaba",28,2020-05-02,2020-05-02,1,1,3.65554598780343,3.65554598780343,1,2020,TRUE,FALSE,FALSE,"Pandemic","Pandemic"
"Joaçaba",29,2020-05-09,2020-05-09,1,1,3.38464471012397,3.38464471012397,1,2020,TRUE,FALSE,FALSE,"Pandemic","Pandemic"
"Joaçaba",30,2020-05-30,2020-05-30,1,1,2.44656148138701,2.44656148138701,0,2020,TRUE,FALSE,FALSE,"Pandemic","Pandemic"
"Joaçaba",31,2020-06-06,2020-06-06,1,1,3.1975679679436,3.1975679679436,1,2020,TRUE,FALSE,FALSE,"Pandemic","Pandemic"
"Joaçaba",32,2020-06-12,2020-06-12,1,1,2.30125798276682,2.30125798276682,0,2020,TRUE,FALSE,FALSE,"Pandemic","Pandemic"
"Joaçaba",33,2020-07-04,2020-07-04,1,1,2.68424776980725,2.68424776980725,0,2020,TRUE,FALSE,FALSE,"Pandemic","Pandemic"
"Joaçaba",34,2020-07-11,2020-07-11,1,1,2.41281805338921,2.41281805338921,0,2020,TRUE,FALSE,FALSE,"Pandemic","Pandemic"
"Joaçaba",35,2020-08-01,2020-08-01,1,1,2.38982629905117,2.38982629905117,0,2020,TRUE,FALSE,FALSE,"Pandemic","Pandemic"
"Joaçaba",36,2020-08-08,2020-08-08,1,1,3.33610545418694,3.33610545418694,1,2020,TRUE,FALSE,FALSE,"Pandemic","Pandemic"
"Joaçaba",37,2020-09-05,2020-09-05,1,1,2.9180588843134,2.9180588843134,0,2020,TRUE,FALSE,FALSE,"Pandemic","Pandemic"
"Joaçaba",38,2020-10-03,2020-10-03,1,1,2.44200405363987,2.44200405363987,0,2020,FALSE,FALSE,FALSE,"Unattributed","Unattributed"
"Joaçaba",39,2020-10-10,2020-10-10,1,1,2.71560593086876,2.71560593086876,0,2020,FALSE,FALSE,FALSE,"Unattributed","Unattributed"
"Joaçaba",40,2020-11-07,2020-11-07,1,1,2.4506944523994,2.4506944523994,0,2020,FALSE,FALSE,FALSE,"Unattributed","Unattributed"
"Joaçaba",41,2020-11-16,2020-11-16,1,1,4.90748854814154,4.90748854814154,1,2020,TRUE,FALSE,FALSE,"Pandemic","Pandemic"
"Joaçaba",42,2020-11-27,2020-11-28,2,2,5.02431754429447,3.7320316412945,1,2020,TRUE,FALSE,FALSE,"Pandemic","Pandemic"
"Joaçaba",43,2020-12-05,2020-12-05,1,1,2.43349645791606,2.43349645791606,0,2020,TRUE,FALSE,FALSE,"Pandemic","Pandemic"
"Joaçaba",44,2020-12-19,2020-12-24,6,5,4.69850661090891,3.53890128785223,1,2020,TRUE,TRUE,FALSE,"Climate","Pandemic & Climate"
"Joaçaba",45,2020-12-30,2020-12-31,2,2,3.17443615029258,2.92210676927511,1,2020,TRUE,FALSE,FALSE,"Pandemic","Pandemic"
"Joaçaba",46,2021-02-06,2021-02-06,1,1,2.14549853778023,2.14549853778023,0,2021,TRUE,FALSE,FALSE,"Pandemic","Pandemic"
"Joaçaba",47,2021-02-26,2021-02-26,1,1,2.36774862543433,2.36774862543433,0,2021,TRUE,FALSE,FALSE,"Pandemic","Pandemic"
"Joaçaba",48,2021-03-27,2021-03-27,1,1,2.2244720200144,2.2244720200144,0,2021,TRUE,FALSE,FALSE,"Pandemic","Pandemic"
"Joaçaba",49,2021-03-31,2021-04-03,4,3,4.30833069803156,3.30933014190904,1,2021,TRUE,FALSE,FALSE,"Pandemic","Pandemic"
"Joaçaba",50,2021-04-20,2021-04-20,1,1,5.47667009328679,5.47667009328679,1,2021,TRUE,FALSE,FALSE,"Pandemic","Pandemic"
"Joaçaba",51,2021-04-30,2021-05-02,3,2,4.2023881997999,3.40266028715924,1,2021,TRUE,FALSE,FALSE,"Pandemic","Pandemic"
"Joaçaba",52,2021-05-07,2021-05-08,2,2,3.55287537663706,3.01552277995461,1,2021,TRUE,FALSE,FALSE,"Pandemic","Pandemic"
"Joaçaba",53,2021-06-12,2021-06-12,1,1,3.37276690632616,3.37276690632616,1,2021,TRUE,FALSE,FALSE,"Pandemic","Pandemic"
"Joaçaba",54,2021-07-03,2021-07-03,1,1,2.42720279427659,2.42720279427659,0,2021,TRUE,FALSE,FALSE,"Pandemic","Pandemic"
"Joaçaba",55,2021-07-10,2021-07-10,1,1,2.17621287981902,2.17621287981902,0,2021,TRUE,FALSE,FALSE,"Pandemic","Pandemic"
"Joaçaba",56,2021-08-07,2021-08-07,1,1,2.95221561239338,2.95221561239338,0,2021,TRUE,FALSE,FALSE,"Pandemic","Pandemic"
"Joaçaba",57,2021-10-09,2021-10-09,1,1,2.45043367464911,2.45043367464911,0,2021,FALSE,FALSE,FALSE,"Unattributed","Unattributed"
"Joaçaba",58,2021-11-26,2021-11-26,1,1,2.99092243396675,2.99092243396675,0,2021,TRUE,FALSE,FALSE,"Pandemic","Pandemic"
"Joaçaba",59,2021-12-18,2021-12-24,7,5,4.54223474523656,3.29807720997895,1,2021,TRUE,FALSE,FALSE,"Pandemic","Pandemic"
"Joaçaba",60,2021-12-30,2021-12-30,1,1,3.23162519941402,3.23162519941402,1,2021,TRUE,FALSE,FALSE,"Pandemic","Pandemic"
"Joaçaba",61,2022-02-05,2022-02-05,1,1,2.25040085324111,2.25040085324111,0,2022,TRUE,FALSE,FALSE,"Pandemic","Pandemic"
"Joaçaba",62,2022-04-09,2022-04-09,1,1,2.41953821658477,2.41953821658477,0,2022,FALSE,FALSE,FALSE,"Unattributed","Unattributed"
"Joaçaba",63,2022-04-14,2022-04-16,3,2,2.64715759501865,2.60844959425337,0,2022,FALSE,FALSE,FALSE,"Unattributed","Unattributed"
"Joaçaba",64,2022-05-07,2022-05-07,1,1,3.39611088833432,3.39611088833432,1,2022,FALSE,FALSE,FALSE,"Unattributed","Unattributed"
"Joaçaba",65,2022-06-04,2022-06-04,1,1,2.00742917805113,2.00742917805113,0,2022,FALSE,FALSE,FALSE,"Unattributed","Unattributed"
"Joaçaba",66,2022-07-29,2022-07-29,1,1,2.28557993801404,2.28557993801404,0,2022,FALSE,FALSE,FALSE,"Unattributed","Unattributed"
"Joaçaba",67,2022-08-06,2022-08-06,1,1,2.44799560423678,2.44799560423678,0,2022,FALSE,FALSE,FALSE,"Unattributed","Unattributed"
"Joaçaba",68,2022-10-01,2022-10-01,1,1,2.12021958976898,2.12021958976898,0,2022,FALSE,FALSE,FALSE,"Unattributed","Unattributed"
"Joaçaba",69,2022-10-08,2022-10-08,1,1,2.23428771833078,2.23428771833078,0,2022,FALSE,FALSE,FALSE,"Unattributed","Unattributed"
"Joaçaba",70,2022-12-22,2022-12-23,2,2,2.52758004925922,2.43823611930646,0,2022,FALSE,TRUE,FALSE,"Climate","Climate"
"Joaçaba",71,2023-08-05,2023-08-05,1,1,2.27286181826871,2.27286181826871,0,2023,FALSE,FALSE,FALSE,"Unattributed","Unattributed"
"Joaçaba",72,2023-10-07,2023-10-07,1,1,2.51862679107641,2.51862679107641,0,2023,FALSE,FALSE,FALSE,"Unattributed","Unattributed"
"Joaçaba",73,2024-03-09,2024-03-09,1,1,2.9490289124252,2.9490289124252,0,2024,FALSE,FALSE,FALSE,"Unattributed","Unattributed"
"Joaçaba",74,2024-03-28,2024-03-28,1,1,2.18558094164229,2.18558094164229,0,2024,FALSE,FALSE,FALSE,"Unattributed","Unattributed"
"Joaçaba",75,2024-04-06,2024-04-06,1,1,3.1140406792745,3.1140406792745,1,2024,FALSE,FALSE,FALSE,"Unattributed","Unattributed"
"Joaçaba",76,2024-04-30,2024-04-30,1,1,2.39907252222821,2.39907252222821,0,2024,FALSE,FALSE,FALSE,"Unattributed","Unattributed"
"Joaçaba",77,2024-05-04,2024-05-04,1,1,3.40126414884038,3.40126414884038,1,2024,FALSE,FALSE,FALSE,"Unattributed","Unattributed"
"Joaçaba",78,2024-06-08,2024-06-08,1,1,4.01201510524269,4.01201510524269,1,2024,FALSE,FALSE,FALSE,"Unattributed","Unattributed"
"Joaçaba",79,2024-06-29,2024-06-29,1,1,2.38529335992594,2.38529335992594,0,2024,FALSE,FALSE,FALSE,"Unattributed","Unattributed"
"Joaçaba",80,2024-07-06,2024-07-06,1,1,4.72588502600672,4.72588502600672,1,2024,FALSE,FALSE,FALSE,"Unattributed","Unattributed"
"Joaçaba",81,2024-08-10,2024-08-10,1,1,2.56010386824739,2.56010386824739,0,2024,FALSE,FALSE,FALSE,"Unattributed","Unattributed"
"Joaçaba",82,2024-09-07,2024-09-07,1,1,3.48231072816677,3.48231072816677,1,2024,FALSE,FALSE,FALSE,"Unattributed","Unattributed"
"Joaçaba",83,2024-10-05,2024-10-05,1,1,4.00996255308181,4.00996255308181,1,2024,FALSE,FALSE,FALSE,"Unattributed","Unattributed"
"Joaçaba",84,2024-11-09,2024-11-09,1,1,3.19993449234528,3.19993449234528,1,2024,FALSE,FALSE,FALSE,"Unattributed","Unattributed"
"Joaçaba",85,2024-11-29,2024-11-29,1,1,5.08341018954802,5.08341018954802,1,2024,FALSE,FALSE,FALSE,"Unattributed","Unattributed"
"Joaçaba",86,2024-12-07,2024-12-07,1,1,2.3878341746132,2.3878341746132,0,2024,FALSE,FALSE,FALSE,"Unattributed","Unattributed"
"Joaçaba",87,2024-12-24,2024-12-24,1,1,2.55787156512278,2.55787156512278,0,2024,FALSE,FALSE,FALSE,"Unattributed","Unattributed"
"Joaçaba",88,2024-12-30,2024-12-30,1,1,2.48049844279781,2.48049844279781,0,2024,FALSE,FALSE,FALSE,"Unattributed","Unattributed"
"Joaçaba",89,2025-01-11,2025-01-11,1,1,2.87133964881019,2.87133964881019,0,2025,FALSE,FALSE,FALSE,"Unattributed","Unattributed"
"Joaçaba",90,2025-02-08,2025-02-08,1,1,3.16965129498366,3.16965129498366,1,2025,FALSE,FALSE,FALSE,"Unattributed","Unattributed"
"Joaçaba",91,2025-03-08,2025-03-08,1,1,3.78614602883552,3.78614602883552,1,2025,FALSE,FALSE,FALSE,"Unattributed","Unattributed"
"Joaçaba",92,2025-04-05,2025-04-05,1,1,4.11335756377216,4.11335756377216,1,2025,FALSE,FALSE,FALSE,"Unattributed","Unattributed"
"Joaçaba",93,2025-05-03,2025-05-03,1,1,3.65422381088914,3.65422381088914,1,2025,FALSE,FALSE,FALSE,"Unattributed","Unattributed"
"Joaçaba",94,2025-06-07,2025-06-07,1,1,4.35333147756469,4.35333147756469,1,2025,FALSE,FALSE,FALSE,"Unattributed","Unattributed"
"Joaçaba",95,2025-07-05,2025-07-05,1,1,4.50959275493576,4.50959275493576,1,2025,FALSE,FALSE,FALSE,"Unattributed","Unattributed"
"Joaçaba",96,2025-08-02,2025-08-02,1,1,3.62087010936907,3.62087010936907,1,2025,FALSE,FALSE,FALSE,"Unattributed","Unattributed"
"Joaçaba",97,2025-09-06,2025-09-06,1,1,2.7958401589045,2.7958401589045,0,2025,FALSE,FALSE,FALSE,"Unattributed","Unattributed"
"Joaçaba",98,2025-11-08,2025-11-08,1,1,2.29382982368497,2.29382982368497,0,2025,FALSE,FALSE,FALSE,"Unattributed","Unattributed"
"Joaçaba",99,2025-11-28,2025-11-28,1,1,3.50686463912567,3.50686463912567,1,2025,FALSE,FALSE,FALSE,"Unattributed","Unattributed"
"Joaçaba",100,2025-12-06,2025-12-06,1,1,2.80377794956933,2.80377794956933,0,2025,FALSE,FALSE,FALSE,"Unattributed","Unattributed"
"Joaçaba",101,2025-12-23,2025-12-24,2,2,2.39047279917489,2.35779504467224,0,2025,FALSE,FALSE,FALSE,"Unattributed","Unattributed"
"Joaçaba",102,2025-12-30,2025-12-31,2,2,2.3853909069493,2.31732851658826,0,2025,FALSE,FALSE,FALSE,"Unattributed","Unattributed"
"Lages",1,2018-04-30,2018-04-30,1,1,5.48636645428908,5.48636645428908,1,2018,FALSE,FALSE,FALSE,"Unattributed","Unattributed"
"Lages",2,2018-09-01,2018-09-01,1,1,2.4872803892888,2.4872803892888,0,2018,FALSE,FALSE,FALSE,"Unattributed","Unattributed"
"Lages",3,2018-10-06,2018-10-06,1,1,2.15647841757804,2.15647841757804,0,2018,FALSE,FALSE,FALSE,"Unattributed","Unattributed"
"Lages",4,2018-11-23,2018-11-24,2,2,3.98676257707196,3.94255054707874,1,2018,FALSE,FALSE,FALSE,"Unattributed","Unattributed"
"Lages",5,2018-12-20,2018-12-24,5,5,4.34390828215616,3.33794606847519,1,2018,FALSE,FALSE,FALSE,"Unattributed","Unattributed"
"Lages",6,2019-04-06,2019-04-06,1,1,2.40899193319961,2.40899193319961,0,2019,FALSE,FALSE,FALSE,"Unattributed","Unattributed"
"Lages",7,2019-05-11,2019-05-11,1,1,2.33013353149699,2.33013353149699,0,2019,FALSE,FALSE,FALSE,"Unattributed","Unattributed"
"Lages",8,2019-06-01,2019-06-01,1,1,2.87897282820457,2.87897282820457,0,2019,FALSE,FALSE,FALSE,"Unattributed","Unattributed"
"Lages",9,2019-07-06,2019-07-06,1,1,2.72654821058229,2.72654821058229,0,2019,FALSE,FALSE,FALSE,"Unattributed","Unattributed"
"Lages",10,2019-07-26,2019-07-26,1,1,5.82218070740804,5.82218070740804,1,2019,FALSE,FALSE,FALSE,"Unattributed","Unattributed"
"Lages",11,2019-08-03,2019-08-03,1,1,2.17972230345228,2.17972230345228,0,2019,FALSE,FALSE,FALSE,"Unattributed","Unattributed"
"Lages",12,2019-08-12,2019-08-12,1,1,6.74081440400948,6.74081440400948,1,2019,FALSE,FALSE,FALSE,"Unattributed","Unattributed"
"Lages",13,2019-09-07,2019-09-07,1,1,3.01479051997968,3.01479051997968,1,2019,FALSE,FALSE,FALSE,"Unattributed","Unattributed"
"Lages",14,2019-10-05,2019-10-05,1,1,2.39729177012117,2.39729177012117,0,2019,FALSE,FALSE,FALSE,"Unattributed","Unattributed"
"Lages",15,2019-10-14,2019-10-16,3,2,6.64949009332314,6.58574130090773,1,2019,FALSE,FALSE,FALSE,"Unattributed","Unattributed"
"Lages",16,2019-11-20,2019-11-20,1,1,2.05743643332418,2.05743643332418,0,2019,FALSE,FALSE,FALSE,"Unattributed","Unattributed"
"Lages",17,2019-11-29,2019-11-30,2,2,5.02980984246117,4.10029959879536,1,2019,FALSE,FALSE,FALSE,"Unattributed","Unattributed"
"Lages",18,2019-12-20,2019-12-24,5,5,4.29245119084027,3.0370481780268,1,2019,FALSE,FALSE,FALSE,"Unattributed","Unattributed"
"Lages",19,2019-12-30,2019-12-30,1,1,2.10100866999969,2.10100866999969,0,2019,FALSE,FALSE,FALSE,"Unattributed","Unattributed"
"Lages",20,2020-02-01,2020-02-01,1,1,2.34151417718648,2.34151417718648,0,2020,FALSE,FALSE,FALSE,"Unattributed","Unattributed"
"Lages",21,2020-03-07,2020-03-07,1,1,3.03347827242395,3.03347827242395,1,2020,TRUE,FALSE,FALSE,"Pandemic","Pandemic"
"Lages",22,2020-03-17,2020-03-18,2,2,5.31105459065306,4.16679516507612,1,2020,TRUE,FALSE,FALSE,"Pandemic","Pandemic"
"Lages",23,2020-05-08,2020-05-09,2,2,3.28789112224285,2.67414824180862,1,2020,TRUE,FALSE,FALSE,"Pandemic","Pandemic"
"Lages",24,2020-06-06,2020-06-06,1,1,2.62349792806306,2.62349792806306,0,2020,TRUE,FALSE,FALSE,"Pandemic","Pandemic"
"Lages",25,2020-07-04,2020-07-04,1,1,2.21879161847317,2.21879161847317,0,2020,TRUE,FALSE,FALSE,"Pandemic","Pandemic"
"Lages",26,2020-08-01,2020-08-01,1,1,2.94219473117828,2.94219473117828,0,2020,TRUE,FALSE,FALSE,"Pandemic","Pandemic"
"Lages",27,2020-08-07,2020-08-08,2,2,3.63060861085997,3.16428891953917,1,2020,TRUE,FALSE,FALSE,"Pandemic","Pandemic"
"Lages",28,2020-09-05,2020-09-05,1,1,2.66493911180829,2.66493911180829,0,2020,TRUE,FALSE,FALSE,"Pandemic","Pandemic"
"Lages",29,2020-10-03,2020-10-03,1,1,2.08641389870037,2.08641389870037,0,2020,FALSE,FALSE,FALSE,"Unattributed","Unattributed"
"Lages",30,2020-10-10,2020-10-10,1,1,2.13853614519574,2.13853614519574,0,2020,FALSE,FALSE,FALSE,"Unattributed","Unattributed"
"Lages",31,2020-11-07,2020-11-07,1,1,2.30041944974676,2.30041944974676,0,2020,FALSE,FALSE,FALSE,"Unattributed","Unattributed"
"Lages",32,2020-11-27,2020-11-28,2,2,3.56441026025189,2.79992152447539,1,2020,TRUE,FALSE,FALSE,"Pandemic","Pandemic"
"Lages",33,2020-12-21,2020-12-24,4,4,4.35727111402845,3.55314759732778,1,2020,TRUE,TRUE,FALSE,"Climate","Pandemic & Climate"
"Lages",34,2020-12-28,2020-12-30,3,2,4.02355536077554,3.35296852904924,1,2020,TRUE,FALSE,FALSE,"Pandemic","Pandemic"
"Lages",35,2021-02-06,2021-02-06,1,1,2.34165298533897,2.34165298533897,0,2021,TRUE,FALSE,FALSE,"Pandemic","Pandemic"
"Lages",36,2021-04-01,2021-04-01,1,1,3.15603288911729,3.15603288911729,1,2021,TRUE,FALSE,FALSE,"Pandemic","Pandemic"
"Lages",37,2021-05-01,2021-05-01,1,1,3.11948018006382,3.11948018006382,1,2021,TRUE,FALSE,FALSE,"Pandemic","Pandemic"
"Lages",38,2021-05-07,2021-05-08,2,2,3.13710406349872,2.97423584687826,1,2021,TRUE,FALSE,FALSE,"Pandemic","Pandemic"
"Lages",39,2021-07-03,2021-07-03,1,1,2.28348716469573,2.28348716469573,0,2021,TRUE,FALSE,FALSE,"Pandemic","Pandemic"
"Lages",40,2021-08-07,2021-08-07,1,1,3.24786577591079,3.24786577591079,1,2021,TRUE,FALSE,FALSE,"Pandemic","Pandemic"
"Lages",41,2021-09-04,2021-09-04,1,1,2.66018122342801,2.66018122342801,0,2021,TRUE,FALSE,FALSE,"Pandemic","Pandemic"
"Lages",42,2021-10-02,2021-10-02,1,1,2.58678315710244,2.58678315710244,0,2021,FALSE,FALSE,FALSE,"Unattributed","Unattributed"
"Lages",43,2021-11-06,2021-11-06,1,1,2.75190922550551,2.75190922550551,0,2021,FALSE,FALSE,FALSE,"Unattributed","Unattributed"
"Lages",44,2021-11-26,2021-11-26,1,1,3.64310189484293,3.64310189484293,1,2021,TRUE,FALSE,FALSE,"Pandemic","Pandemic"
"Lages",45,2021-12-04,2021-12-04,1,1,2.46327220313695,2.46327220313695,0,2021,TRUE,FALSE,FALSE,"Pandemic","Pandemic"
"Lages",46,2021-12-21,2021-12-24,4,4,4.24868124158339,3.40103594883064,1,2021,TRUE,FALSE,FALSE,"Pandemic","Pandemic"
"Lages",47,2021-12-30,2021-12-30,1,1,2.01361760261745,2.01361760261745,0,2021,TRUE,FALSE,FALSE,"Pandemic","Pandemic"
"Lages",48,2022-01-08,2022-01-08,1,1,2.44431610563487,2.44431610563487,0,2022,TRUE,FALSE,FALSE,"Pandemic","Pandemic"
"Lages",49,2022-02-05,2022-02-05,1,1,2.75140718054682,2.75140718054682,0,2022,TRUE,FALSE,FALSE,"Pandemic","Pandemic"
"Lages",50,2022-03-05,2022-03-05,1,1,2.93127470627816,2.93127470627816,0,2022,TRUE,FALSE,FALSE,"Pandemic","Pandemic"
"Lages",51,2022-04-02,2022-04-02,1,1,2.52469382074877,2.52469382074877,0,2022,FALSE,FALSE,FALSE,"Unattributed","Unattributed"
"Lages",52,2022-04-14,2022-04-14,1,1,2.26049517198159,2.26049517198159,0,2022,FALSE,FALSE,FALSE,"Unattributed","Unattributed"
"Lages",53,2022-05-07,2022-05-07,1,1,3.69000494139422,3.69000494139422,1,2022,FALSE,FALSE,FALSE,"Unattributed","Unattributed"
"Lages",54,2022-06-04,2022-06-04,1,1,2.86095066599386,2.86095066599386,0,2022,FALSE,FALSE,FALSE,"Unattributed","Unattributed"
"Lages",55,2022-06-13,2022-06-13,1,1,3.08594968733252,3.08594968733252,1,2022,FALSE,FALSE,FALSE,"Unattributed","Unattributed"
"Lages",56,2022-07-02,2022-07-02,1,1,2.58116052505691,2.58116052505691,0,2022,FALSE,FALSE,FALSE,"Unattributed","Unattributed"
"Lages",57,2022-08-06,2022-08-06,1,1,3.92283289295852,3.92283289295852,1,2022,FALSE,FALSE,FALSE,"Unattributed","Unattributed"
"Lages",58,2022-09-02,2022-09-03,2,2,3.23751819596358,2.84300392265735,1,2022,FALSE,FALSE,FALSE,"Unattributed","Unattributed"
"Lages",59,2022-09-30,2022-10-01,2,2,3.582341103946,3.15545404307496,1,2022,FALSE,FALSE,FALSE,"Unattributed","Unattributed"
"Lages",60,2022-11-05,2022-11-05,1,1,2.28619823456004,2.28619823456004,0,2022,FALSE,FALSE,FALSE,"Unattributed","Unattributed"
"Lages",61,2022-12-03,2022-12-03,1,1,2.00218325582022,2.00218325582022,0,2022,FALSE,TRUE,FALSE,"Climate","Climate"
"Lages",62,2022-12-22,2022-12-23,2,2,3.02191421202622,2.83154580636922,1,2022,FALSE,TRUE,FALSE,"Climate","Climate"
"Lages",63,2023-02-04,2023-02-04,1,1,2.45487698228319,2.45487698228319,0,2023,FALSE,FALSE,FALSE,"Unattributed","Unattributed"
"Lages",64,2023-03-04,2023-03-04,1,1,3.17858489210778,3.17858489210778,1,2023,FALSE,FALSE,FALSE,"Unattributed","Unattributed"
"Lages",65,2023-04-01,2023-04-01,1,1,2.90028884324769,2.90028884324769,0,2023,FALSE,FALSE,FALSE,"Unattributed","Unattributed"
"Lages",66,2023-04-06,2023-04-06,1,1,2.25512471569183,2.25512471569183,0,2023,FALSE,FALSE,FALSE,"Unattributed","Unattributed"
"Lages",67,2023-05-06,2023-05-06,1,1,2.45660283786996,2.45660283786996,0,2023,FALSE,FALSE,FALSE,"Unattributed","Unattributed"
"Lages",68,2023-07-01,2023-07-01,1,1,2.87122375517899,2.87122375517899,0,2023,FALSE,FALSE,FALSE,"Unattributed","Unattributed"
"Lages",69,2023-07-19,2023-07-19,1,1,7.63520627605434,7.63520627605434,1,2023,FALSE,FALSE,FALSE,"Unattributed","Unattributed"
"Lages",70,2023-08-05,2023-08-05,1,1,2.35849942609584,2.35849942609584,0,2023,FALSE,FALSE,FALSE,"Unattributed","Unattributed"
"Lages",71,2023-08-17,2023-08-17,1,1,7.45259055492499,7.45259055492499,1,2023,FALSE,FALSE,FALSE,"Unattributed","Unattributed"
"Lages",72,2024-04-06,2024-04-06,1,1,2.07226038235314,2.07226038235314,0,2024,FALSE,FALSE,FALSE,"Unattributed","Unattributed"
"Lages",73,2025-08-04,2025-08-04,1,1,5.59770761313045,5.59770761313045,1,2025,FALSE,FALSE,FALSE,"Unattributed","Unattributed"
"Lages",74,2025-08-27,2025-08-27,1,1,3.93336385611993,3.93336385611993,1,2025,FALSE,FALSE,FALSE,"Unattributed","Unattributed"
"Laguna",1,2018-01-19,2018-01-19,1,1,4.26238633554559,4.26238633554559,1,2018,FALSE,FALSE,FALSE,"Unattributed","Unattributed"
"Laguna",2,2018-02-01,2018-02-02,2,2,3.8213627942535,3.59969400956935,1,2018,FALSE,FALSE,FALSE,"Unattributed","Unattributed"
"Laguna",3,2018-02-09,2018-02-11,3,3,2.82091211783883,2.46841803078882,0,2018,FALSE,FALSE,FALSE,"Unattributed","Unattributed"
"Laguna",4,2018-02-16,2018-02-16,1,1,2.30080045314706,2.30080045314706,0,2018,FALSE,FALSE,FALSE,"Unattributed","Unattributed"
"Laguna",5,2018-05-04,2018-05-04,1,1,3.73902742978582,3.73902742978582,1,2018,FALSE,FALSE,FALSE,"Unattributed","Unattributed"
"Laguna",6,2018-06-01,2018-06-01,1,1,4.35537524043583,4.35537524043583,1,2018,FALSE,FALSE,FALSE,"Unattributed","Unattributed"
"Laguna",7,2018-06-11,2018-06-11,1,1,4.60842551806987,4.60842551806987,1,2018,FALSE,FALSE,FALSE,"Unattributed","Unattributed"
"Laguna",8,2018-07-07,2018-07-07,1,1,2.99054746022703,2.99054746022703,0,2018,FALSE,FALSE,FALSE,"Unattributed","Unattributed"
"Laguna",9,2018-11-26,2018-11-26,1,1,2.12256129028478,2.12256129028478,0,2018,FALSE,FALSE,FALSE,"Unattributed","Unattributed"
"Laguna",10,2018-12-22,2019-01-02,12,9,4.41010977777171,3.07449179546846,1,2018,FALSE,FALSE,FALSE,"Unattributed","Unattributed"
"Laguna",11,2019-01-31,2019-01-31,1,1,3.43882635726545,3.43882635726545,1,2019,FALSE,FALSE,FALSE,"Unattributed","Unattributed"
"Laguna",12,2019-03-01,2019-03-02,2,2,2.78285305852283,2.71715454312967,0,2019,FALSE,FALSE,FALSE,"Unattributed","Unattributed"
"Laguna",13,2019-04-18,2019-04-18,1,1,4.27325465540772,4.27325465540772,1,2019,FALSE,FALSE,FALSE,"Unattributed","Unattributed"
"Laguna",14,2019-04-22,2019-04-22,1,1,3.02395199495838,3.02395199495838,1,2019,FALSE,FALSE,FALSE,"Unattributed","Unattributed"
"Laguna",15,2019-06-02,2019-06-02,1,1,2.08420640460305,2.08420640460305,0,2019,FALSE,FALSE,FALSE,"Unattributed","Unattributed"
"Laguna",16,2019-06-15,2019-06-17,3,2,4.04216835440333,3.33452042606826,1,2019,FALSE,FALSE,FALSE,"Unattributed","Unattributed"
"Laguna",17,2019-06-25,2019-06-26,2,2,2.53754851935281,2.31798566857152,0,2019,FALSE,FALSE,FALSE,"Unattributed","Unattributed"
"Laguna",18,2019-08-16,2019-08-19,4,2,4.98207284879696,3.59372592537131,1,2019,FALSE,FALSE,FALSE,"Unattributed","Unattributed"
"Laguna",19,2019-10-16,2019-10-16,1,1,2.62333643196911,2.62333643196911,0,2019,FALSE,FALSE,FALSE,"Unattributed","Unattributed"
"Laguna",20,2019-10-26,2019-10-26,1,1,3.14548373286049,3.14548373286049,1,2019,FALSE,FALSE,FALSE,"Unattributed","Unattributed"
"Laguna",21,2019-11-15,2019-11-15,1,1,3.62976222642596,3.62976222642596,1,2019,FALSE,FALSE,FALSE,"Unattributed","Unattributed"
"Laguna",22,2019-11-29,2019-11-29,1,1,3.09673982486563,3.09673982486563,1,2019,FALSE,FALSE,FALSE,"Unattributed","Unattributed"
"Laguna",23,2019-12-23,2019-12-24,2,2,4.37998387838465,3.71063519392711,1,2019,FALSE,FALSE,FALSE,"Unattributed","Unattributed"
"Laguna",24,2019-12-29,2019-12-31,3,3,4.29410925147068,3.29492526702476,1,2019,FALSE,FALSE,FALSE,"Unattributed","Unattributed"
"Laguna",25,2020-01-10,2020-01-11,2,2,2.15572382250861,2.13392935763733,0,2020,FALSE,FALSE,FALSE,"Unattributed","Unattributed"
"Laguna",26,2020-01-25,2020-01-25,1,1,3.89545802005711,3.89545802005711,1,2020,FALSE,FALSE,FALSE,"Unattributed","Unattributed"
"Laguna",27,2020-01-31,2020-02-08,9,7,4.65537409505666,3.10890824997752,1,2020,FALSE,FALSE,FALSE,"Unattributed","Unattributed"
"Laguna",28,2020-02-13,2020-02-14,2,2,4.73267835110699,3.75439411355046,1,2020,FALSE,FALSE,FALSE,"Unattributed","Unattributed"
"Laguna",29,2020-02-18,2020-02-18,1,1,6.05759920113501,6.05759920113501,1,2020,FALSE,FALSE,FALSE,"Unattributed","Unattributed"
"Laguna",30,2020-02-27,2020-02-27,1,1,4.37786371828545,4.37786371828545,1,2020,TRUE,FALSE,FALSE,"Pandemic","Pandemic"
"Laguna",31,2020-03-05,2020-03-05,1,1,2.86169772487308,2.86169772487308,0,2020,TRUE,FALSE,FALSE,"Pandemic","Pandemic"
"Laguna",32,2020-03-17,2020-03-18,2,2,3.86728313603132,3.72522866537935,1,2020,TRUE,FALSE,FALSE,"Pandemic","Pandemic"
"Laguna",33,2020-09-14,2020-09-17,4,2,6.05607692978389,5.72953680666659,1,2020,TRUE,FALSE,FALSE,"Pandemic","Pandemic"
"Laguna",34,2020-11-27,2020-11-27,1,1,2.27320834138418,2.27320834138418,0,2020,TRUE,FALSE,FALSE,"Pandemic","Pandemic"
"Laguna",35,2020-12-23,2020-12-24,2,2,4.50910399977104,4.29616008853789,1,2020,TRUE,FALSE,FALSE,"Pandemic","Pandemic"
"Laguna",36,2020-12-30,2020-12-31,2,2,3.55770348743619,3.36420438350327,1,2020,TRUE,FALSE,FALSE,"Pandemic","Pandemic"
"Laguna",37,2021-01-04,2021-01-04,1,1,3.82131488673321,3.82131488673321,1,2021,TRUE,FALSE,FALSE,"Pandemic","Pandemic"
"Laguna",38,2021-01-29,2021-01-30,2,2,4.17797672330358,4.00251723126462,1,2021,TRUE,FALSE,FALSE,"Pandemic","Pandemic"
"Laguna",39,2021-02-17,2021-02-17,1,1,4.03381185930601,4.03381185930601,1,2021,TRUE,FALSE,FALSE,"Pandemic","Pandemic"
"Laguna",40,2021-02-26,2021-02-26,1,1,2.01176318109952,2.01176318109952,0,2021,TRUE,FALSE,FALSE,"Pandemic","Pandemic"
"Laguna",41,2021-03-19,2021-03-22,4,2,6.90334755722904,6.2021553076643,1,2021,TRUE,FALSE,FALSE,"Pandemic","Pandemic"
"Laguna",42,2021-08-20,2021-08-20,1,1,2.22741056951324,2.22741056951324,0,2021,TRUE,FALSE,FALSE,"Pandemic","Pandemic"
"Laguna",43,2021-11-26,2021-11-26,1,1,2.98561449922895,2.98561449922895,0,2021,TRUE,FALSE,FALSE,"Pandemic","Pandemic"
"Laguna",44,2021-12-22,2021-12-22,1,1,2.14453296019357,2.14453296019357,0,2021,TRUE,FALSE,FALSE,"Pandemic","Pandemic"
"Laguna",45,2021-12-30,2021-12-31,2,2,2.99397821394763,2.80298043246144,0,2021,TRUE,FALSE,FALSE,"Pandemic","Pandemic"
"Laguna",46,2022-05-24,2022-05-24,1,1,2.39429028263671,2.39429028263671,0,2022,FALSE,FALSE,FALSE,"Unattributed","Unattributed"
"Laguna",47,2022-06-24,2022-06-24,1,1,5.86845830881476,5.86845830881476,1,2022,FALSE,FALSE,FALSE,"Unattributed","Unattributed"
"Laguna",48,2022-12-30,2022-12-30,1,1,2.01022072681705,2.01022072681705,0,2022,FALSE,FALSE,FALSE,"Unattributed","Unattributed"
"Laguna",49,2023-02-19,2023-02-19,1,1,2.15700197123698,2.15700197123698,0,2023,FALSE,FALSE,FALSE,"Unattributed","Unattributed"
"Laguna",50,2023-03-07,2023-03-07,1,1,2.07721583079331,2.07721583079331,0,2023,FALSE,FALSE,FALSE,"Unattributed","Unattributed"
"Laguna",51,2023-04-26,2023-04-28,3,2,7.07275712107135,5.07254844765539,1,2023,FALSE,FALSE,FALSE,"Unattributed","Unattributed"
"Laguna",52,2023-08-31,2023-08-31,1,1,2.60361507427565,2.60361507427565,0,2023,FALSE,FALSE,FALSE,"Unattributed","Unattributed"
"Laguna",53,2023-12-24,2023-12-24,1,1,2.20881220880986,2.20881220880986,0,2023,FALSE,FALSE,FALSE,"Unattributed","Unattributed"
"Laguna",54,2023-12-28,2023-12-29,2,2,3.85288521142253,2.93451983685415,1,2023,FALSE,FALSE,FALSE,"Unattributed","Unattributed"
"Laguna",55,2024-01-11,2024-01-11,1,1,6.70720154038383,6.70720154038383,1,2024,FALSE,TRUE,FALSE,"Climate","Climate"
"Laguna",56,2024-11-04,2024-11-05,2,2,6.49891836075491,4.94654531794528,1,2024,FALSE,FALSE,FALSE,"Unattributed","Unattributed"
"Laguna",57,2024-12-30,2024-12-31,2,2,2.88140097354868,2.69739777671619,0,2024,FALSE,FALSE,FALSE,"Unattributed","Unattributed"
"Laguna",58,2025-02-27,2025-02-28,2,2,2.10816337702583,2.07649836386737,0,2025,FALSE,FALSE,FALSE,"Unattributed","Unattributed"
"Laguna",59,2025-03-19,2025-03-19,1,1,2.22886776457205,2.22886776457205,0,2025,FALSE,FALSE,FALSE,"Unattributed","Unattributed"
"Laguna",60,2025-12-16,2025-12-16,1,1,2.13749618761739,2.13749618761739,0,2025,FALSE,FALSE,FALSE,"Unattributed","Unattributed"
"Rio Negrinho",1,2018-07-07,2018-07-07,1,1,2.3347605359308,2.3347605359308,0,2018,FALSE,FALSE,FALSE,"Unattributed","Unattributed"
"Rio Negrinho",2,2018-09-07,2018-09-07,1,1,2.68200531228836,2.68200531228836,0,2018,FALSE,FALSE,FALSE,"Unattributed","Unattributed"
"Rio Negrinho",3,2018-10-06,2018-10-06,1,1,2.12097694160067,2.12097694160067,0,2018,FALSE,FALSE,FALSE,"Unattributed","Unattributed"
"Rio Negrinho",4,2018-11-08,2018-11-08,1,1,2.084521123376,2.084521123376,0,2018,FALSE,FALSE,FALSE,"Unattributed","Unattributed"
"Rio Negrinho",5,2018-11-23,2018-11-23,1,1,2.42660767656939,2.42660767656939,0,2018,FALSE,FALSE,FALSE,"Unattributed","Unattributed"
"Rio Negrinho",6,2018-12-07,2018-12-10,4,2,2.93685703750664,2.87337058407364,0,2018,FALSE,FALSE,FALSE,"Unattributed","Unattributed"
"Rio Negrinho",7,2018-12-17,2018-12-24,8,7,5.20548854007261,3.35007399877751,1,2018,FALSE,FALSE,FALSE,"Unattributed","Unattributed"
"Rio Negrinho",8,2019-01-05,2019-01-05,1,1,2.67850774318,2.67850774318,0,2019,FALSE,FALSE,FALSE,"Unattributed","Unattributed"
"Rio Negrinho",9,2019-02-08,2019-02-08,1,1,2.23103977470746,2.23103977470746,0,2019,FALSE,FALSE,FALSE,"Unattributed","Unattributed"
"Rio Negrinho",10,2019-03-08,2019-03-08,1,1,2.14803811032895,2.14803811032895,0,2019,FALSE,FALSE,FALSE,"Unattributed","Unattributed"
"Rio Negrinho",11,2019-04-18,2019-04-18,1,1,2.10146116991119,2.10146116991119,0,2019,FALSE,FALSE,FALSE,"Unattributed","Unattributed"
"Rio Negrinho",12,2019-05-17,2019-05-17,1,1,2.30039069973096,2.30039069973096,0,2019,FALSE,FALSE,FALSE,"Unattributed","Unattributed"
"Rio Negrinho",13,2019-06-06,2019-06-07,2,2,2.29235738832002,2.25920712024719,0,2019,FALSE,FALSE,FALSE,"Unattributed","Unattributed"
"Rio Negrinho",14,2019-07-04,2019-07-06,3,2,2.59187746655535,2.44631622363254,0,2019,FALSE,FALSE,FALSE,"Unattributed","Unattributed"
"Rio Negrinho",15,2019-08-09,2019-08-09,1,1,3.24439213631498,3.24439213631498,1,2019,FALSE,FALSE,FALSE,"Unattributed","Unattributed"
"Rio Negrinho",16,2019-09-06,2019-09-07,2,2,2.58998738674256,2.35094267793199,0,2019,FALSE,FALSE,FALSE,"Unattributed","Unattributed"
"Rio Negrinho",17,2019-10-04,2019-10-05,2,2,3.40168231620979,3.32130436113696,1,2019,FALSE,FALSE,FALSE,"Unattributed","Unattributed"
"Rio Negrinho",18,2019-11-07,2019-11-09,3,3,2.5292545416524,2.27667794940071,0,2019,FALSE,FALSE,FALSE,"Unattributed","Unattributed"
"Rio Negrinho",19,2019-11-29,2019-11-29,1,1,2.30548056699502,2.30548056699502,0,2019,FALSE,FALSE,FALSE,"Unattributed","Unattributed"
"Rio Negrinho",20,2019-12-17,2019-12-30,14,7,2.89495723074982,2.50836752510695,0,2019,FALSE,FALSE,FALSE,"Unattributed","Unattributed"
"Rio Negrinho",21,2020-01-07,2020-01-07,1,1,2.46340974760929,2.46340974760929,0,2020,FALSE,FALSE,FALSE,"Unattributed","Unattributed"
"Rio Negrinho",22,2020-02-06,2020-02-08,3,2,2.70641163249574,2.42970394114651,0,2020,FALSE,FALSE,FALSE,"Unattributed","Unattributed"
"Rio Negrinho",23,2020-02-13,2020-02-13,1,1,2.3321967878687,2.3321967878687,0,2020,FALSE,FALSE,FALSE,"Unattributed","Unattributed"
"Rio Negrinho",24,2020-02-27,2020-02-27,1,1,3.02499231907314,3.02499231907314,1,2020,TRUE,FALSE,FALSE,"Pandemic","Pandemic"
"Rio Negrinho",25,2020-03-07,2020-03-07,1,1,2.49273397109966,2.49273397109966,0,2020,TRUE,FALSE,FALSE,"Pandemic","Pandemic"
"Rio Negrinho",26,2020-03-17,2020-03-20,4,4,3.18189818815857,2.68758249996726,1,2020,TRUE,FALSE,FALSE,"Pandemic","Pandemic"
"Rio Negrinho",27,2020-04-07,2020-04-08,2,2,2.27642288808186,2.13890805742784,0,2020,TRUE,FALSE,FALSE,"Pandemic","Pandemic"
"Rio Negrinho",28,2020-05-01,2020-05-01,1,1,2.47637221237717,2.47637221237717,0,2020,TRUE,FALSE,FALSE,"Pandemic","Pandemic"
"Rio Negrinho",29,2020-05-06,2020-05-06,1,1,2.00716247967301,2.00716247967301,0,2020,TRUE,FALSE,FALSE,"Pandemic","Pandemic"
"Rio Negrinho",30,2020-07-10,2020-07-10,1,1,2.12953416982763,2.12953416982763,0,2020,TRUE,FALSE,FALSE,"Pandemic","Pandemic"
"Rio Negrinho",31,2020-07-30,2020-07-30,1,1,2.42115289384036,2.42115289384036,0,2020,TRUE,FALSE,FALSE,"Pandemic","Pandemic"
"Rio Negrinho",32,2020-08-07,2020-08-07,1,1,2.40480584508896,2.40480584508896,0,2020,TRUE,FALSE,FALSE,"Pandemic","Pandemic"
"Rio Negrinho",33,2020-09-03,2020-09-05,3,2,2.2804618207466,2.18823683954523,0,2020,TRUE,FALSE,FALSE,"Pandemic","Pandemic"
"Rio Negrinho",34,2020-10-21,2020-10-21,1,1,2.16885069586348,2.16885069586348,0,2020,FALSE,FALSE,FALSE,"Unattributed","Unattributed"
"Rio Negrinho",35,2020-10-30,2020-10-30,1,1,2.69076893835635,2.69076893835635,0,2020,FALSE,FALSE,FALSE,"Unattributed","Unattributed"
"Rio Negrinho",36,2020-11-06,2020-11-07,2,2,2.34340750053537,2.196124189157,0,2020,FALSE,FALSE,FALSE,"Unattributed","Unattributed"
"Rio Negrinho",37,2020-11-27,2020-11-27,1,1,2.54715462755117,2.54715462755117,0,2020,TRUE,FALSE,FALSE,"Pandemic","Pandemic"
"Rio Negrinho",38,2020-12-03,2020-12-03,1,1,2.08783089713449,2.08783089713449,0,2020,TRUE,FALSE,FALSE,"Pandemic","Pandemic"
"Rio Negrinho",39,2020-12-18,2020-12-18,1,1,2.14329693854882,2.14329693854882,0,2020,TRUE,TRUE,FALSE,"Climate","Pandemic & Climate"
"Rio Negrinho",40,2020-12-22,2020-12-24,3,3,4.20217079582764,3.24140905712242,1,2020,TRUE,FALSE,FALSE,"Pandemic","Pandemic"
"Rio Negrinho",41,2021-03-06,2021-03-06,1,1,4.17433881989019,4.17433881989019,1,2021,TRUE,FALSE,FALSE,"Pandemic","Pandemic"
"Rio Negrinho",42,2021-05-01,2021-05-01,1,1,2.14315438346418,2.14315438346418,0,2021,TRUE,FALSE,FALSE,"Pandemic","Pandemic"
"Rio Negrinho",43,2021-06-13,2021-06-13,1,1,6.47795064447776,6.47795064447776,1,2021,TRUE,FALSE,FALSE,"Pandemic","Pandemic"
"Rio Negrinho",44,2021-07-10,2021-07-10,1,1,2.53684353009938,2.53684353009938,0,2021,TRUE,FALSE,FALSE,"Pandemic","Pandemic"
"Rio Negrinho",45,2021-07-30,2021-07-30,1,1,2.10362726155634,2.10362726155634,0,2021,TRUE,FALSE,FALSE,"Pandemic","Pandemic"
"Rio Negrinho",46,2021-08-06,2021-08-07,2,2,2.86642780648667,2.65956004702963,0,2021,TRUE,FALSE,FALSE,"Pandemic","Pandemic"
"Rio Negrinho",47,2021-09-04,2021-09-04,1,1,2.43643548035147,2.43643548035147,0,2021,TRUE,FALSE,FALSE,"Pandemic","Pandemic"
"Rio Negrinho",48,2021-09-10,2021-09-13,4,2,2.95888528130859,2.8463726086549,0,2021,TRUE,FALSE,FALSE,"Pandemic","Pandemic"
"Rio Negrinho",49,2021-09-23,2021-09-23,1,1,2.25418138833737,2.25418138833737,0,2021,FALSE,FALSE,FALSE,"Unattributed","Unattributed"
"Rio Negrinho",50,2021-10-07,2021-10-07,1,1,2.46140043642454,2.46140043642454,0,2021,FALSE,FALSE,FALSE,"Unattributed","Unattributed"
"Rio Negrinho",51,2021-11-05,2021-11-05,1,1,2.03690337960254,2.03690337960254,0,2021,FALSE,FALSE,FALSE,"Unattributed","Unattributed"
"Rio Negrinho",52,2021-11-11,2021-11-11,1,1,4.12769355072756,4.12769355072756,1,2021,FALSE,FALSE,FALSE,"Unattributed","Unattributed"
"Rio Negrinho",53,2021-12-21,2021-12-24,4,4,3.39744019473481,2.74920712342679,1,2021,TRUE,FALSE,FALSE,"Pandemic","Pandemic"
"Rio Negrinho",54,2022-03-09,2022-03-09,1,1,2.22134297546062,2.22134297546062,0,2022,TRUE,FALSE,FALSE,"Pandemic","Pandemic"
"Rio Negrinho",55,2022-03-18,2022-03-18,1,1,2.10392075629923,2.10392075629923,0,2022,TRUE,FALSE,FALSE,"Pandemic","Pandemic"
"Rio Negrinho",56,2022-04-08,2022-04-08,1,1,2.46242990813089,2.46242990813089,0,2022,FALSE,FALSE,FALSE,"Unattributed","Unattributed"
"Rio Negrinho",57,2022-04-29,2022-04-29,1,1,2.48771250115455,2.48771250115455,0,2022,FALSE,FALSE,FALSE,"Unattributed","Unattributed"
"Rio Negrinho",58,2022-05-06,2022-05-06,1,1,2.10442944858128,2.10442944858128,0,2022,FALSE,FALSE,FALSE,"Unattributed","Unattributed"
"Rio Negrinho",59,2022-12-28,2022-12-28,1,1,3.02790030823156,3.02790030823156,1,2022,FALSE,FALSE,FALSE,"Unattributed","Unattributed"
"Rio Negrinho",60,2023-03-31,2023-03-31,1,1,2.22394057174344,2.22394057174344,0,2023,FALSE,FALSE,FALSE,"Unattributed","Unattributed"
"Rio Negrinho",61,2023-06-30,2023-06-30,1,1,2.99710906895553,2.99710906895553,0,2023,FALSE,FALSE,FALSE,"Unattributed","Unattributed"
"Rio Negrinho",62,2023-08-23,2023-08-25,3,2,2.94309772229721,2.65562366644591,0,2023,FALSE,FALSE,FALSE,"Unattributed","Unattributed"
"Rio Negrinho",63,2023-09-23,2023-09-23,1,1,2.24008917174307,2.24008917174307,0,2023,FALSE,FALSE,FALSE,"Unattributed","Unattributed"
"Rio Negrinho",64,2023-09-27,2023-09-29,3,2,3.32610352591452,2.7160962840917,1,2023,FALSE,FALSE,FALSE,"Unattributed","Unattributed"
"Rio Negrinho",65,2023-11-30,2023-11-30,1,1,2.19945009570357,2.19945009570357,0,2023,FALSE,FALSE,FALSE,"Unattributed","Unattributed"
"Rio Negrinho",66,2024-03-13,2024-03-13,1,1,2.40202855454685,2.40202855454685,0,2024,FALSE,FALSE,FALSE,"Unattributed","Unattributed"
"Rio Negrinho",67,2024-06-06,2024-06-06,1,1,2.65367872725038,2.65367872725038,0,2024,FALSE,FALSE,FALSE,"Unattributed","Unattributed"
"Rio Negrinho",68,2024-08-29,2024-08-29,1,1,2.21480631500523,2.21480631500523,0,2024,FALSE,FALSE,FALSE,"Unattributed","Unattributed"
"Rio Negrinho",69,2024-11-16,2024-11-16,1,1,2.47381573346071,2.47381573346071,0,2024,FALSE,FALSE,FALSE,"Unattributed","Unattributed"
"Rio Negrinho",70,2024-12-19,2024-12-19,1,1,2.27713413881035,2.27713413881035,0,2024,FALSE,FALSE,FALSE,"Unattributed","Unattributed"
"Rio Negrinho",71,2024-12-30,2024-12-30,1,1,4.59472439414633,4.59472439414633,1,2024,FALSE,FALSE,FALSE,"Unattributed","Unattributed"
"Rio Negrinho",72,2025-01-23,2025-01-23,1,1,3.5417278092968,3.5417278092968,1,2025,FALSE,FALSE,FALSE,"Unattributed","Unattributed"
"Rio Negrinho",73,2025-01-30,2025-01-30,1,1,5.24428216183934,5.24428216183934,1,2025,FALSE,FALSE,FALSE,"Unattributed","Unattributed"
"Rio Negrinho",74,2025-02-17,2025-02-17,1,1,2.14296578055376,2.14296578055376,0,2025,FALSE,FALSE,FALSE,"Unattributed","Unattributed"
"Rio Negrinho",75,2025-03-28,2025-03-28,1,1,5.90626033900601,5.90626033900601,1,2025,FALSE,FALSE,FALSE,"Unattributed","Unattributed"
"Rio Negrinho",76,2025-05-08,2025-05-08,1,1,2.19226741788594,2.19226741788594,0,2025,FALSE,FALSE,FALSE,"Unattributed","Unattributed"
"Rio Negrinho",77,2025-06-30,2025-06-30,1,1,5.20775802731467,5.20775802731467,1,2025,FALSE,FALSE,FALSE,"Unattributed","Unattributed"
"Rio Negrinho",78,2025-11-14,2025-11-16,3,3,6.92112374949053,4.52778343318434,1,2025,FALSE,FALSE,FALSE,"Unattributed","Unattributed"
"Rio Negrinho",79,2025-12-29,2025-12-29,1,1,6.02407418425623,6.02407418425623,1,2025,FALSE,FALSE,FALSE,"Unattributed","Unattributed"
"São Miguel do Oeste",1,2020-05-01,2020-05-01,1,1,2.27329649162132,2.27329649162132,0,2020,TRUE,FALSE,FALSE,"Pandemic","Pandemic"
"São Miguel do Oeste",2,2020-06-01,2020-06-01,1,1,2.79509200743857,2.79509200743857,0,2020,TRUE,FALSE,FALSE,"Pandemic","Pandemic"
"São Miguel do Oeste",3,2021-12-14,2021-12-14,1,1,2.29531799394253,2.29531799394253,0,2021,TRUE,FALSE,FALSE,"Pandemic","Pandemic"
"São Miguel do Oeste",4,2022-10-03,2022-10-03,1,1,2.77566374209897,2.77566374209897,0,2022,FALSE,FALSE,FALSE,"Unattributed","Unattributed"
"São Miguel do Oeste",5,2023-05-30,2023-05-31,2,2,3.28036732316812,2.93514024665531,1,2023,FALSE,FALSE,FALSE,"Unattributed","Unattributed"
"São Miguel do Oeste",6,2024-07-25,2024-07-25,1,1,2.31121925889884,2.31121925889884,0,2024,FALSE,FALSE,FALSE,"Unattributed","Unattributed"
"São Miguel do Oeste",7,2024-11-29,2024-11-29,1,1,2.21678909101126,2.21678909101126,0,2024,FALSE,FALSE,FALSE,"Unattributed","Unattributed"
"São Miguel do Oeste",8,2024-12-23,2024-12-24,2,2,2.58568634326909,2.37518283629219,0,2024,FALSE,FALSE,FALSE,"Unattributed","Unattributed"
"São Miguel do Oeste",9,2025-04-15,2025-04-16,2,2,2.2225289906228,2.11724230795834,0,2025,FALSE,FALSE,FALSE,"Unattributed","Unattributed"
"São Miguel do Oeste",10,2025-06-12,2025-06-12,1,1,3.65662603627291,3.65662603627291,1,2025,FALSE,FALSE,FALSE,"Unattributed","Unattributed"
"São Miguel do Oeste",11,2025-06-23,2025-06-23,1,1,3.20595498195492,3.20595498195492,1,2025,FALSE,FALSE,FALSE,"Unattributed","Unattributed"
"São Miguel do Oeste",12,2025-08-01,2025-08-01,1,1,2.07421295198543,2.07421295198543,0,2025,FALSE,FALSE,FALSE,"Unattributed","Unattributed"
"São Miguel do Oeste",13,2025-09-01,2025-09-01,1,1,2.04359350941381,2.04359350941381,0,2025,FALSE,FALSE,FALSE,"Unattributed","Unattributed"
"São Miguel do Oeste",14,2025-09-15,2025-09-15,1,1,2.06967366789275,2.06967366789275,0,2025,FALSE,FALSE,FALSE,"Unattributed","Unattributed"
"São Miguel do Oeste",15,2025-10-01,2025-10-01,1,1,2.0430889688266,2.0430889688266,0,2025,FALSE,FALSE,FALSE,"Unattributed","Unattributed"
"São Miguel do Oeste",16,2025-11-28,2025-11-28,1,1,2.69944822942248,2.69944822942248,0,2025,FALSE,FALSE,FALSE,"Unattributed","Unattributed"
"São Miguel do Oeste",17,2025-12-22,2025-12-24,3,3,2.90031723287394,2.56788892776855,0,2025,FALSE,FALSE,FALSE,"Unattributed","Unattributed"
"São Miguel do Oeste",18,2025-12-30,2025-12-31,2,2,2.70318656907603,2.44886082101288,0,2025,FALSE,FALSE,FALSE,"Unattributed","Unattributed"
"Xanxerê",1,2018-03-25,2018-03-25,1,1,2.81431685676815,2.81431685676815,0,2018,FALSE,FALSE,FALSE,"Unattributed","Unattributed"
"Xanxerê",2,2018-03-29,2018-03-31,3,2,2.60463472823823,2.39965584900605,0,2018,FALSE,FALSE,FALSE,"Unattributed","Unattributed"
"Xanxerê",3,2018-04-28,2018-04-29,2,2,2.47519839597715,2.3038845974048,0,2018,FALSE,FALSE,FALSE,"Unattributed","Unattributed"
"Xanxerê",4,2018-06-01,2018-06-01,1,1,2.33623486883066,2.33623486883066,0,2018,FALSE,FALSE,FALSE,"Unattributed","Unattributed"
"Xanxerê",5,2018-07-29,2018-07-29,1,1,2.09694044992359,2.09694044992359,0,2018,FALSE,FALSE,FALSE,"Unattributed","Unattributed"
"Xanxerê",6,2018-08-26,2018-08-26,1,1,2.19592612414155,2.19592612414155,0,2018,FALSE,FALSE,FALSE,"Unattributed","Unattributed"
"Xanxerê",7,2018-09-08,2018-09-08,1,1,2.2236972383443,2.2236972383443,0,2018,FALSE,FALSE,FALSE,"Unattributed","Unattributed"
"Xanxerê",8,2018-09-30,2018-09-30,1,1,3.13436761493706,3.13436761493706,1,2018,FALSE,FALSE,FALSE,"Unattributed","Unattributed"
"Xanxerê",9,2018-10-06,2018-10-06,1,1,2.32438669725541,2.32438669725541,0,2018,FALSE,FALSE,FALSE,"Unattributed","Unattributed"
"Xanxerê",10,2018-10-28,2018-10-28,1,1,2.54615302646694,2.54615302646694,0,2018,FALSE,FALSE,FALSE,"Unattributed","Unattributed"
"Xanxerê",11,2018-12-16,2018-12-16,1,1,2.07331716431325,2.07331716431325,0,2018,FALSE,FALSE,FALSE,"Unattributed","Unattributed"
"Xanxerê",12,2018-12-21,2018-12-24,4,3,4.66163889975626,3.4582078845651,1,2018,FALSE,FALSE,FALSE,"Unattributed","Unattributed"
"Xanxerê",13,2018-12-31,2018-12-31,1,1,2.3596294131754,2.3596294131754,0,2018,FALSE,FALSE,FALSE,"Unattributed","Unattributed"
"Xanxerê",14,2019-01-27,2019-01-27,1,1,2.03607210805862,2.03607210805862,0,2019,FALSE,FALSE,FALSE,"Unattributed","Unattributed"
"Xanxerê",15,2019-02-24,2019-02-24,1,1,2.51035303095461,2.51035303095461,0,2019,FALSE,FALSE,FALSE,"Unattributed","Unattributed"
"Xanxerê",16,2019-03-30,2019-03-30,1,1,3.6836209880955,3.6836209880955,1,2019,FALSE,FALSE,FALSE,"Unattributed","Unattributed"
"Xanxerê",17,2019-04-20,2019-04-20,1,1,2.76843631030163,2.76843631030163,0,2019,FALSE,FALSE,FALSE,"Unattributed","Unattributed"
"Xanxerê",18,2019-06-29,2019-06-29,1,1,3.72843020506396,3.72843020506396,1,2019,FALSE,FALSE,FALSE,"Unattributed","Unattributed"
"Xanxerê",19,2019-07-06,2019-07-06,1,1,2.10622288419639,2.10622288419639,0,2019,FALSE,FALSE,FALSE,"Unattributed","Unattributed"
"Xanxerê",20,2019-08-10,2019-08-10,1,1,3.2604023314255,3.2604023314255,1,2019,FALSE,FALSE,FALSE,"Unattributed","Unattributed"
"Xanxerê",21,2019-08-24,2019-08-24,1,1,2.54204231472265,2.54204231472265,0,2019,FALSE,FALSE,FALSE,"Unattributed","Unattributed"
"Xanxerê",22,2019-09-28,2019-09-28,1,1,4.06783690656235,4.06783690656235,1,2019,FALSE,FALSE,FALSE,"Unattributed","Unattributed"
"Xanxerê",23,2019-10-05,2019-10-05,1,1,2.2121085620179,2.2121085620179,0,2019,FALSE,FALSE,FALSE,"Unattributed","Unattributed"
"Xanxerê",24,2019-10-26,2019-10-26,1,1,2.80459317759051,2.80459317759051,0,2019,FALSE,FALSE,FALSE,"Unattributed","Unattributed"
"Xanxerê",25,2019-11-09,2019-11-09,1,1,2.06838736944324,2.06838736944324,0,2019,FALSE,FALSE,FALSE,"Unattributed","Unattributed"
"Xanxerê",26,2019-11-23,2019-11-23,1,1,3.86085263459868,3.86085263459868,1,2019,FALSE,FALSE,FALSE,"Unattributed","Unattributed"
"Xanxerê",27,2019-11-29,2019-11-30,2,2,3.16626519951416,2.93705285603315,1,2019,FALSE,FALSE,FALSE,"Unattributed","Unattributed"
"Xanxerê",28,2019-12-14,2019-12-14,1,1,2.47075673505855,2.47075673505855,0,2019,FALSE,FALSE,FALSE,"Unattributed","Unattributed"
"Xanxerê",29,2019-12-23,2019-12-24,2,2,4.63516103958219,3.88237617574118,1,2019,FALSE,FALSE,FALSE,"Unattributed","Unattributed"
"Xanxerê",30,2019-12-31,2019-12-31,1,1,2.26584008053455,2.26584008053455,0,2019,FALSE,FALSE,FALSE,"Unattributed","Unattributed"
"Xanxerê",31,2020-01-25,2020-01-25,1,1,3.06590728708604,3.06590728708604,1,2020,FALSE,FALSE,FALSE,"Unattributed","Unattributed"
"Xanxerê",32,2020-02-22,2020-02-22,1,1,2.74235301783891,2.74235301783891,0,2020,FALSE,FALSE,FALSE,"Unattributed","Unattributed"
"Xanxerê",33,2020-03-07,2020-03-07,1,1,2.95182199741952,2.95182199741952,0,2020,TRUE,FALSE,FALSE,"Pandemic","Pandemic"
"Xanxerê",34,2020-03-17,2020-03-18,2,2,6.09647993925721,4.26795950309205,1,2020,TRUE,FALSE,FALSE,"Pandemic","Pandemic"
"Xanxerê",35,2020-04-11,2020-04-11,1,1,2.42018446362671,2.42018446362671,0,2020,TRUE,FALSE,FALSE,"Pandemic","Pandemic"
"Xanxerê",36,2020-05-02,2020-05-02,1,1,3.34939869325372,3.34939869325372,1,2020,TRUE,FALSE,FALSE,"Pandemic","Pandemic"
"Xanxerê",37,2020-05-09,2020-05-09,1,1,2.65898051851393,2.65898051851393,0,2020,TRUE,FALSE,FALSE,"Pandemic","Pandemic"
"Xanxerê",38,2020-06-06,2020-06-06,1,1,2.83831203836423,2.83831203836423,0,2020,TRUE,FALSE,FALSE,"Pandemic","Pandemic"
"Xanxerê",39,2020-07-04,2020-07-04,1,1,2.4384242249167,2.4384242249167,0,2020,TRUE,FALSE,FALSE,"Pandemic","Pandemic"
"Xanxerê",40,2020-08-01,2020-08-01,1,1,2.39966238265849,2.39966238265849,0,2020,TRUE,FALSE,FALSE,"Pandemic","Pandemic"
"Xanxerê",41,2020-08-08,2020-08-08,1,1,3.18185906450241,3.18185906450241,1,2020,TRUE,FALSE,FALSE,"Pandemic","Pandemic"
"Xanxerê",42,2020-08-29,2020-08-29,1,1,2.44448960804991,2.44448960804991,0,2020,TRUE,FALSE,FALSE,"Pandemic","Pandemic"
"Xanxerê",43,2020-09-05,2020-09-08,4,2,3.5665163838007,2.81414407489263,1,2020,TRUE,FALSE,FALSE,"Pandemic","Pandemic"
"Xanxerê",44,2020-09-26,2020-09-26,1,1,2.48186982780723,2.48186982780723,0,2020,TRUE,FALSE,FALSE,"Pandemic","Pandemic"
"Xanxerê",45,2020-10-03,2020-10-03,1,1,2.31878775725088,2.31878775725088,0,2020,FALSE,FALSE,FALSE,"Unattributed","Unattributed"
"Xanxerê",46,2020-10-10,2020-10-10,1,1,2.22407617415949,2.22407617415949,0,2020,FALSE,FALSE,FALSE,"Unattributed","Unattributed"
"Xanxerê",47,2020-11-07,2020-11-07,1,1,2.71208598643842,2.71208598643842,0,2020,FALSE,FALSE,FALSE,"Unattributed","Unattributed"
"Xanxerê",48,2020-11-28,2020-11-28,1,1,2.83388636511165,2.83388636511165,0,2020,TRUE,FALSE,FALSE,"Pandemic","Pandemic"
"Xanxerê",49,2020-12-22,2020-12-24,3,3,4.73571572950794,3.52276192602423,1,2020,TRUE,FALSE,FALSE,"Pandemic","Pandemic"
"Xanxerê",50,2020-12-30,2020-12-31,2,2,2.60597011943198,2.33499513858492,0,2020,TRUE,FALSE,FALSE,"Pandemic","Pandemic"
"Xanxerê",51,2021-01-30,2021-01-30,1,1,2.78179741106166,2.78179741106166,0,2021,TRUE,FALSE,FALSE,"Pandemic","Pandemic"
"Xanxerê",52,2021-02-06,2021-02-06,1,1,2.13067971755733,2.13067971755733,0,2021,TRUE,FALSE,FALSE,"Pandemic","Pandemic"
"Xanxerê",53,2021-04-01,2021-04-03,3,2,3.04607643174033,2.7627568579208,1,2021,TRUE,FALSE,FALSE,"Pandemic","Pandemic"
"Xanxerê",54,2021-04-10,2021-04-10,1,1,2.15651126511251,2.15651126511251,0,2021,TRUE,FALSE,FALSE,"Pandemic","Pandemic"
"Xanxerê",55,2021-04-30,2021-04-30,1,1,2.20684915564433,2.20684915564433,0,2021,TRUE,FALSE,FALSE,"Pandemic","Pandemic"
"Xanxerê",56,2021-05-08,2021-05-08,1,1,3.13416992037746,3.13416992037746,1,2021,TRUE,FALSE,FALSE,"Pandemic","Pandemic"
"Xanxerê",57,2021-05-29,2021-05-29,1,1,2.69032328687016,2.69032328687016,0,2021,TRUE,FALSE,FALSE,"Pandemic","Pandemic"
"Xanxerê",58,2021-06-12,2021-06-12,1,1,2.31440861066804,2.31440861066804,0,2021,TRUE,FALSE,FALSE,"Pandemic","Pandemic"
"Xanxerê",59,2021-06-25,2021-06-25,1,1,4.22513447738141,4.22513447738141,1,2021,TRUE,FALSE,FALSE,"Pandemic","Pandemic"
"Xanxerê",60,2021-07-10,2021-07-10,1,1,2.14030730634303,2.14030730634303,0,2021,TRUE,FALSE,FALSE,"Pandemic","Pandemic"
"Xanxerê",61,2021-07-24,2021-07-24,1,1,2.03760259120827,2.03760259120827,0,2021,TRUE,FALSE,FALSE,"Pandemic","Pandemic"
"Xanxerê",62,2021-08-05,2021-08-07,3,2,3.53394039660578,3.34352464328553,1,2021,TRUE,FALSE,FALSE,"Pandemic","Pandemic"
"Xanxerê",63,2021-08-17,2021-08-18,2,2,3.21810610510303,2.74038830822707,1,2021,TRUE,FALSE,FALSE,"Pandemic","Pandemic"
"Xanxerê",64,2021-08-28,2021-08-31,4,2,3.06964710200151,3.03891301220165,1,2021,TRUE,FALSE,FALSE,"Pandemic","Pandemic"
"Xanxerê",65,2021-09-04,2021-09-04,1,1,2.37848165396125,2.37848165396125,0,2021,TRUE,FALSE,FALSE,"Pandemic","Pandemic"
"Xanxerê",66,2021-09-25,2021-09-25,1,1,2.11227135415931,2.11227135415931,0,2021,FALSE,FALSE,FALSE,"Unattributed","Unattributed"
"Xanxerê",67,2021-10-09,2021-10-09,1,1,2.22521222938075,2.22521222938075,0,2021,FALSE,FALSE,FALSE,"Unattributed","Unattributed"
"Xanxerê",68,2021-10-30,2021-10-30,1,1,3.34964964820975,3.34964964820975,1,2021,FALSE,FALSE,FALSE,"Unattributed","Unattributed"
"Xanxerê",69,2021-11-06,2021-11-06,1,1,2.69482280062887,2.69482280062887,0,2021,FALSE,FALSE,FALSE,"Unattributed","Unattributed"
"Xanxerê",70,2021-11-27,2021-11-27,1,1,2.67173924698967,2.67173924698967,0,2021,TRUE,FALSE,FALSE,"Pandemic","Pandemic"
"Xanxerê",71,2021-12-18,2021-12-18,1,1,2.28747433652261,2.28747433652261,0,2021,TRUE,FALSE,FALSE,"Pandemic","Pandemic"
"Xanxerê",72,2021-12-22,2021-12-24,3,3,4.31762667136944,3.70625298950794,1,2021,TRUE,FALSE,FALSE,"Pandemic","Pandemic"
"Xanxerê",73,2021-12-30,2021-12-30,1,1,2.62636676934621,2.62636676934621,0,2021,TRUE,FALSE,FALSE,"Pandemic","Pandemic"
"Xanxerê",74,2022-01-29,2022-01-29,1,1,2.77910319785802,2.77910319785802,0,2022,TRUE,FALSE,FALSE,"Pandemic","Pandemic"
"Xanxerê",75,2022-02-05,2022-02-05,1,1,2.39607576489112,2.39607576489112,0,2022,TRUE,FALSE,FALSE,"Pandemic","Pandemic"
"Xanxerê",76,2022-02-26,2022-02-26,1,1,3.16171445515862,3.16171445515862,1,2022,TRUE,FALSE,FALSE,"Pandemic","Pandemic"
"Xanxerê",77,2022-03-02,2022-03-05,4,2,2.92579681665715,2.80079056766995,0,2022,TRUE,FALSE,FALSE,"Pandemic","Pandemic"
"Xanxerê",78,2022-03-26,2022-03-26,1,1,2.9995433754444,2.9995433754444,0,2022,TRUE,FALSE,FALSE,"Pandemic","Pandemic"
"Xanxerê",79,2022-04-07,2022-04-07,1,1,2.13361053889005,2.13361053889005,0,2022,FALSE,FALSE,FALSE,"Unattributed","Unattributed"
"Xanxerê",80,2022-04-13,2022-04-16,4,3,2.59509322113227,2.47399888041248,0,2022,FALSE,FALSE,FALSE,"Unattributed","Unattributed"
"Xanxerê",81,2022-04-23,2022-04-23,1,1,2.01402054994003,2.01402054994003,0,2022,FALSE,FALSE,FALSE,"Unattributed","Unattributed"
"Xanxerê",82,2022-05-06,2022-05-07,2,2,3.26496934475845,2.68178239439168,1,2022,FALSE,FALSE,FALSE,"Unattributed","Unattributed"
"Xanxerê",83,2022-05-28,2022-05-28,1,1,3.61934789362528,3.61934789362528,1,2022,FALSE,FALSE,FALSE,"Unattributed","Unattributed"
"Xanxerê",84,2022-06-04,2022-06-04,1,1,2.26679302302374,2.26679302302374,0,2022,FALSE,FALSE,FALSE,"Unattributed","Unattributed"
"Xanxerê",85,2022-06-25,2022-06-25,1,1,2.95357571952455,2.95357571952455,0,2022,FALSE,FALSE,FALSE,"Unattributed","Unattributed"
"Xanxerê",86,2022-07-09,2022-07-09,1,1,3.43780272014429,3.43780272014429,1,2022,FALSE,FALSE,FALSE,"Unattributed","Unattributed"
"Xanxerê",87,2022-07-20,2022-07-20,1,1,2.06352397959094,2.06352397959094,0,2022,FALSE,FALSE,FALSE,"Unattributed","Unattributed"
"Xanxerê",88,2022-07-30,2022-07-30,1,1,3.53647069064822,3.53647069064822,1,2022,FALSE,FALSE,FALSE,"Unattributed","Unattributed"
"Xanxerê",89,2022-08-27,2022-08-28,2,2,3.26574737022403,2.68005028279733,1,2022,FALSE,FALSE,FALSE,"Unattributed","Unattributed"
"Xanxerê",90,2022-09-10,2022-09-10,1,1,2.06545054463419,2.06545054463419,0,2022,FALSE,FALSE,FALSE,"Unattributed","Unattributed"
"Xanxerê",91,2022-09-22,2022-09-24,3,2,3.10602803778295,2.80053166182791,1,2022,FALSE,FALSE,FALSE,"Unattributed","Unattributed"
"Xanxerê",92,2022-10-01,2022-10-01,1,1,2.42019726405605,2.42019726405605,0,2022,FALSE,FALSE,FALSE,"Unattributed","Unattributed"
"Xanxerê",93,2022-10-08,2022-10-08,1,1,2.19291287653187,2.19291287653187,0,2022,FALSE,FALSE,FALSE,"Unattributed","Unattributed"
"Xanxerê",94,2022-10-29,2022-10-29,1,1,3.54371305422274,3.54371305422274,1,2022,FALSE,FALSE,FALSE,"Unattributed","Unattributed"
"Xanxerê",95,2022-11-16,2022-11-16,1,1,2.00952628947473,2.00952628947473,0,2022,FALSE,FALSE,FALSE,"Unattributed","Unattributed"
"Xanxerê",96,2022-11-26,2022-11-26,1,1,2.77580638423744,2.77580638423744,0,2022,FALSE,FALSE,FALSE,"Unattributed","Unattributed"
"Xanxerê",97,2022-12-01,2022-12-01,1,1,2.66779780724244,2.66779780724244,0,2022,FALSE,TRUE,FALSE,"Climate","Climate"
"Xanxerê",98,2022-12-07,2022-12-07,1,1,3.24785851404179,3.24785851404179,1,2022,FALSE,FALSE,FALSE,"Unattributed","Unattributed"
"Xanxerê",99,2022-12-15,2022-12-26,12,8,5.94702869441605,3.37178774920081,1,2022,FALSE,TRUE,FALSE,"Climate","Climate"
"Xanxerê",100,2022-12-30,2022-12-30,1,1,2.08714535577516,2.08714535577516,0,2022,FALSE,FALSE,FALSE,"Unattributed","Unattributed"
"Xanxerê",101,2023-01-17,2023-01-19,3,3,6.64587104231981,6.1971258940733,1,2023,FALSE,TRUE,FALSE,"Climate","Climate"
"Xanxerê",102,2024-07-31,2024-07-31,1,1,2.67373526817127,2.67373526817127,0,2024,FALSE,FALSE,FALSE,"Unattributed","Unattributed"
"Xanxerê",103,2024-08-30,2024-08-30,1,1,4.87057797035657,4.87057797035657,1,2024,FALSE,FALSE,FALSE,"Unattributed","Unattributed"
"Xanxerê",104,2024-11-21,2024-11-21,1,1,2.61615113251871,2.61615113251871,0,2024,FALSE,FALSE,FALSE,"Unattributed","Unattributed"
"Xanxerê",105,2024-12-20,2024-12-23,4,2,2.28747617818817,2.20232592393521,0,2024,FALSE,FALSE,FALSE,"Unattributed","Unattributed"
"Xanxerê",106,2025-02-28,2025-02-28,1,1,2.26707608210046,2.26707608210046,0,2025,FALSE,FALSE,FALSE,"Unattributed","Unattributed"
"Xanxerê",107,2025-04-16,2025-04-16,1,1,3.64286773403046,3.64286773403046,1,2025,FALSE,FALSE,FALSE,"Unattributed","Unattributed"
"Xanxerê",108,2025-06-09,2025-06-09,1,1,7.18017558864194,7.18017558864194,1,2025,FALSE,FALSE,FALSE,"Unattributed","Unattributed"
"Xanxerê",109,2025-11-28,2025-11-28,1,1,2.06930258127142,2.06930258127142,0,2025,FALSE,FALSE,FALSE,"Unattributed","Unattributed"
"Xanxerê",110,2025-12-29,2025-12-29,1,1,2.73211191687585,2.73211191687585,0,2025,FALSE,FALSE,FALSE,"Unattributed","Unattributed"
