date;city;Pandemic_severity_index
01/01/2018;Florianópolis;
01/01/2018;Itajaí;
01/01/2018;Chapecó;
01/01/2018;Lages;
01/01/2018;Caçador;
01/01/2018;Araranguá;
01/01/2018;Indaial;
01/01/2018;Xanxerê;
01/01/2018;São Miguel do Oeste;
01/01/2018;Laguna;
01/01/2018;Curitibanos;
01/01/2018;Rio Negrinho;
01/01/2018;Campos Novos;
01/01/2018;Itapoá;
01/01/2018;Joaçaba;
02/01/2018;Florianópolis;
02/01/2018;Itajaí;
02/01/2018;Chapecó;
02/01/2018;Lages;
02/01/2018;Caçador;
02/01/2018;Araranguá;
02/01/2018;Indaial;
02/01/2018;Xanxerê;
02/01/2018;São Miguel do Oeste;
02/01/2018;Laguna;
02/01/2018;Curitibanos;
02/01/2018;Rio Negrinho;
02/01/2018;Campos Novos;
02/01/2018;Itapoá;
02/01/2018;Joaçaba;
03/01/2018;Florianópolis;
03/01/2018;Itajaí;
03/01/2018;Chapecó;
03/01/2018;Lages;
03/01/2018;Caçador;
03/01/2018;Araranguá;
03/01/2018;Indaial;
03/01/2018;Xanxerê;
03/01/2018;São Miguel do Oeste;
03/01/2018;Laguna;
03/01/2018;Curitibanos;
03/01/2018;Rio Negrinho;
03/01/2018;Campos Novos;
03/01/2018;Itapoá;
03/01/2018;Joaçaba;
04/01/2018;Florianópolis;
04/01/2018;Itajaí;
04/01/2018;Chapecó;
04/01/2018;Lages;
04/01/2018;Caçador;
04/01/2018;Araranguá;
04/01/2018;Indaial;
04/01/2018;Xanxerê;
04/01/2018;São Miguel do Oeste;
04/01/2018;Laguna;
04/01/2018;Curitibanos;
04/01/2018;Rio Negrinho;
04/01/2018;Campos Novos;
04/01/2018;Itapoá;
04/01/2018;Joaçaba;
05/01/2018;Florianópolis;
05/01/2018;Itajaí;
05/01/2018;Chapecó;
05/01/2018;Lages;
05/01/2018;Caçador;
05/01/2018;Araranguá;
05/01/2018;Indaial;
05/01/2018;Xanxerê;
05/01/2018;São Miguel do Oeste;
05/01/2018;Laguna;
05/01/2018;Curitibanos;
05/01/2018;Rio Negrinho;
05/01/2018;Campos Novos;
05/01/2018;Itapoá;
05/01/2018;Joaçaba;
06/01/2018;Florianópolis;
06/01/2018;Itajaí;
06/01/2018;Chapecó;
06/01/2018;Lages;
06/01/2018;Caçador;
06/01/2018;Araranguá;
06/01/2018;Indaial;
06/01/2018;Xanxerê;
06/01/2018;São Miguel do Oeste;
06/01/2018;Laguna;
06/01/2018;Curitibanos;
06/01/2018;Rio Negrinho;
06/01/2018;Campos Novos;
06/01/2018;Itapoá;
06/01/2018;Joaçaba;
07/01/2018;Florianópolis;
07/01/2018;Itajaí;
07/01/2018;Chapecó;
07/01/2018;Lages;
07/01/2018;Caçador;
07/01/2018;Araranguá;
07/01/2018;Indaial;
07/01/2018;Xanxerê;
07/01/2018;São Miguel do Oeste;
07/01/2018;Laguna;
07/01/2018;Curitibanos;
07/01/2018;Rio Negrinho;
07/01/2018;Campos Novos;
07/01/2018;Itapoá;
07/01/2018;Joaçaba;
08/01/2018;Florianópolis;
08/01/2018;Itajaí;
08/01/2018;Chapecó;
08/01/2018;Lages;
08/01/2018;Caçador;
08/01/2018;Araranguá;
08/01/2018;Indaial;
08/01/2018;Xanxerê;
08/01/2018;São Miguel do Oeste;
08/01/2018;Laguna;
08/01/2018;Curitibanos;
08/01/2018;Rio Negrinho;
08/01/2018;Campos Novos;
08/01/2018;Itapoá;
08/01/2018;Joaçaba;
09/01/2018;Florianópolis;
09/01/2018;Itajaí;
09/01/2018;Chapecó;
09/01/2018;Lages;
09/01/2018;Caçador;
09/01/2018;Araranguá;
09/01/2018;Indaial;
09/01/2018;Xanxerê;
09/01/2018;São Miguel do Oeste;
09/01/2018;Laguna;
09/01/2018;Curitibanos;
09/01/2018;Rio Negrinho;
09/01/2018;Campos Novos;
09/01/2018;Itapoá;
09/01/2018;Joaçaba;
10/01/2018;Florianópolis;
10/01/2018;Itajaí;
10/01/2018;Chapecó;
10/01/2018;Lages;
10/01/2018;Caçador;
10/01/2018;Araranguá;
10/01/2018;Indaial;
10/01/2018;Xanxerê;
10/01/2018;São Miguel do Oeste;
10/01/2018;Laguna;
10/01/2018;Curitibanos;
10/01/2018;Rio Negrinho;
10/01/2018;Campos Novos;
10/01/2018;Itapoá;
10/01/2018;Joaçaba;
11/01/2018;Florianópolis;
11/01/2018;Itajaí;
11/01/2018;Chapecó;
11/01/2018;Lages;
11/01/2018;Caçador;
11/01/2018;Araranguá;
11/01/2018;Indaial;
11/01/2018;Xanxerê;
11/01/2018;São Miguel do Oeste;
11/01/2018;Laguna;
11/01/2018;Curitibanos;
11/01/2018;Rio Negrinho;
11/01/2018;Campos Novos;
11/01/2018;Itapoá;
11/01/2018;Joaçaba;
12/01/2018;Florianópolis;
12/01/2018;Itajaí;
12/01/2018;Chapecó;
12/01/2018;Lages;
12/01/2018;Caçador;
12/01/2018;Araranguá;
12/01/2018;Indaial;
12/01/2018;Xanxerê;
12/01/2018;São Miguel do Oeste;
12/01/2018;Laguna;
12/01/2018;Curitibanos;
12/01/2018;Rio Negrinho;
12/01/2018;Campos Novos;
12/01/2018;Itapoá;
12/01/2018;Joaçaba;
13/01/2018;Florianópolis;
13/01/2018;Itajaí;
13/01/2018;Chapecó;
13/01/2018;Lages;
13/01/2018;Caçador;
13/01/2018;Araranguá;
13/01/2018;Indaial;
13/01/2018;Xanxerê;
13/01/2018;São Miguel do Oeste;
13/01/2018;Laguna;
13/01/2018;Curitibanos;
13/01/2018;Rio Negrinho;
13/01/2018;Campos Novos;
13/01/2018;Itapoá;
13/01/2018;Joaçaba;
14/01/2018;Florianópolis;
14/01/2018;Itajaí;
14/01/2018;Chapecó;
14/01/2018;Lages;
14/01/2018;Caçador;
14/01/2018;Araranguá;
14/01/2018;Indaial;
14/01/2018;Xanxerê;
14/01/2018;São Miguel do Oeste;
14/01/2018;Laguna;
14/01/2018;Curitibanos;
14/01/2018;Rio Negrinho;
14/01/2018;Campos Novos;
14/01/2018;Itapoá;
14/01/2018;Joaçaba;
15/01/2018;Florianópolis;
15/01/2018;Itajaí;
15/01/2018;Chapecó;
15/01/2018;Lages;
15/01/2018;Caçador;
15/01/2018;Araranguá;
15/01/2018;Indaial;
15/01/2018;Xanxerê;
15/01/2018;São Miguel do Oeste;
15/01/2018;Laguna;
15/01/2018;Curitibanos;
15/01/2018;Rio Negrinho;
15/01/2018;Campos Novos;
15/01/2018;Itapoá;
15/01/2018;Joaçaba;
16/01/2018;Florianópolis;
16/01/2018;Itajaí;
16/01/2018;Chapecó;
16/01/2018;Lages;
16/01/2018;Caçador;
16/01/2018;Araranguá;
16/01/2018;Indaial;
16/01/2018;Xanxerê;
16/01/2018;São Miguel do Oeste;
16/01/2018;Laguna;
16/01/2018;Curitibanos;
16/01/2018;Rio Negrinho;
16/01/2018;Campos Novos;
16/01/2018;Itapoá;
16/01/2018;Joaçaba;
17/01/2018;Florianópolis;
17/01/2018;Itajaí;
17/01/2018;Chapecó;
17/01/2018;Lages;
17/01/2018;Caçador;
17/01/2018;Araranguá;
17/01/2018;Indaial;
17/01/2018;Xanxerê;
17/01/2018;São Miguel do Oeste;
17/01/2018;Laguna;
17/01/2018;Curitibanos;
17/01/2018;Rio Negrinho;
17/01/2018;Campos Novos;
17/01/2018;Itapoá;
17/01/2018;Joaçaba;
18/01/2018;Florianópolis;
18/01/2018;Itajaí;
18/01/2018;Chapecó;
18/01/2018;Lages;
18/01/2018;Caçador;
18/01/2018;Araranguá;
18/01/2018;Indaial;
18/01/2018;Xanxerê;
18/01/2018;São Miguel do Oeste;
18/01/2018;Laguna;
18/01/2018;Curitibanos;
18/01/2018;Rio Negrinho;
18/01/2018;Campos Novos;
18/01/2018;Itapoá;
18/01/2018;Joaçaba;
19/01/2018;Florianópolis;
19/01/2018;Itajaí;
19/01/2018;Chapecó;
19/01/2018;Lages;
19/01/2018;Caçador;
19/01/2018;Araranguá;
19/01/2018;Indaial;
19/01/2018;Xanxerê;
19/01/2018;São Miguel do Oeste;
19/01/2018;Laguna;
19/01/2018;Curitibanos;
19/01/2018;Rio Negrinho;
19/01/2018;Campos Novos;
19/01/2018;Itapoá;
19/01/2018;Joaçaba;
20/01/2018;Florianópolis;
20/01/2018;Itajaí;
20/01/2018;Chapecó;
20/01/2018;Lages;
20/01/2018;Caçador;
20/01/2018;Araranguá;
20/01/2018;Indaial;
20/01/2018;Xanxerê;
20/01/2018;São Miguel do Oeste;
20/01/2018;Laguna;
20/01/2018;Curitibanos;
20/01/2018;Rio Negrinho;
20/01/2018;Campos Novos;
20/01/2018;Itapoá;
20/01/2018;Joaçaba;
21/01/2018;Florianópolis;
21/01/2018;Itajaí;
21/01/2018;Chapecó;
21/01/2018;Lages;
21/01/2018;Caçador;
21/01/2018;Araranguá;
21/01/2018;Indaial;
21/01/2018;Xanxerê;
21/01/2018;São Miguel do Oeste;
21/01/2018;Laguna;
21/01/2018;Curitibanos;
21/01/2018;Rio Negrinho;
21/01/2018;Campos Novos;
21/01/2018;Itapoá;
21/01/2018;Joaçaba;
22/01/2018;Florianópolis;
22/01/2018;Itajaí;
22/01/2018;Chapecó;
22/01/2018;Lages;
22/01/2018;Caçador;
22/01/2018;Araranguá;
22/01/2018;Indaial;
22/01/2018;Xanxerê;
22/01/2018;São Miguel do Oeste;
22/01/2018;Laguna;
22/01/2018;Curitibanos;
22/01/2018;Rio Negrinho;
22/01/2018;Campos Novos;
22/01/2018;Itapoá;
22/01/2018;Joaçaba;
23/01/2018;Florianópolis;
23/01/2018;Itajaí;
23/01/2018;Chapecó;
23/01/2018;Lages;
23/01/2018;Caçador;
23/01/2018;Araranguá;
23/01/2018;Indaial;
23/01/2018;Xanxerê;
23/01/2018;São Miguel do Oeste;
23/01/2018;Laguna;
23/01/2018;Curitibanos;
23/01/2018;Rio Negrinho;
23/01/2018;Campos Novos;
23/01/2018;Itapoá;
23/01/2018;Joaçaba;
24/01/2018;Florianópolis;
24/01/2018;Itajaí;
24/01/2018;Chapecó;
24/01/2018;Lages;
24/01/2018;Caçador;
24/01/2018;Araranguá;
24/01/2018;Indaial;
24/01/2018;Xanxerê;
24/01/2018;São Miguel do Oeste;
24/01/2018;Laguna;
24/01/2018;Curitibanos;
24/01/2018;Rio Negrinho;
24/01/2018;Campos Novos;
24/01/2018;Itapoá;
24/01/2018;Joaçaba;
25/01/2018;Florianópolis;
25/01/2018;Itajaí;
25/01/2018;Chapecó;
25/01/2018;Lages;
25/01/2018;Caçador;
25/01/2018;Araranguá;
25/01/2018;Indaial;
25/01/2018;Xanxerê;
25/01/2018;São Miguel do Oeste;
25/01/2018;Laguna;
25/01/2018;Curitibanos;
25/01/2018;Rio Negrinho;
25/01/2018;Campos Novos;
25/01/2018;Itapoá;
25/01/2018;Joaçaba;
26/01/2018;Florianópolis;
26/01/2018;Itajaí;
26/01/2018;Chapecó;
26/01/2018;Lages;
26/01/2018;Caçador;
26/01/2018;Araranguá;
26/01/2018;Indaial;
26/01/2018;Xanxerê;
26/01/2018;São Miguel do Oeste;
26/01/2018;Laguna;
26/01/2018;Curitibanos;
26/01/2018;Rio Negrinho;
26/01/2018;Campos Novos;
26/01/2018;Itapoá;
26/01/2018;Joaçaba;
27/01/2018;Florianópolis;
27/01/2018;Itajaí;
27/01/2018;Chapecó;
27/01/2018;Lages;
27/01/2018;Caçador;
27/01/2018;Araranguá;
27/01/2018;Indaial;
27/01/2018;Xanxerê;
27/01/2018;São Miguel do Oeste;
27/01/2018;Laguna;
27/01/2018;Curitibanos;
27/01/2018;Rio Negrinho;
27/01/2018;Campos Novos;
27/01/2018;Itapoá;
27/01/2018;Joaçaba;
28/01/2018;Florianópolis;
28/01/2018;Itajaí;
28/01/2018;Chapecó;
28/01/2018;Lages;
28/01/2018;Caçador;
28/01/2018;Araranguá;
28/01/2018;Indaial;
28/01/2018;Xanxerê;
28/01/2018;São Miguel do Oeste;
28/01/2018;Laguna;
28/01/2018;Curitibanos;
28/01/2018;Rio Negrinho;
28/01/2018;Campos Novos;
28/01/2018;Itapoá;
28/01/2018;Joaçaba;
29/01/2018;Florianópolis;
29/01/2018;Itajaí;
29/01/2018;Chapecó;
29/01/2018;Lages;
29/01/2018;Caçador;
29/01/2018;Araranguá;
29/01/2018;Indaial;
29/01/2018;Xanxerê;
29/01/2018;São Miguel do Oeste;
29/01/2018;Laguna;
29/01/2018;Curitibanos;
29/01/2018;Rio Negrinho;
29/01/2018;Campos Novos;
29/01/2018;Itapoá;
29/01/2018;Joaçaba;
30/01/2018;Florianópolis;
30/01/2018;Itajaí;
30/01/2018;Chapecó;
30/01/2018;Lages;
30/01/2018;Caçador;
30/01/2018;Araranguá;
30/01/2018;Indaial;
30/01/2018;Xanxerê;
30/01/2018;São Miguel do Oeste;
30/01/2018;Laguna;
30/01/2018;Curitibanos;
30/01/2018;Rio Negrinho;
30/01/2018;Campos Novos;
30/01/2018;Itapoá;
30/01/2018;Joaçaba;
31/01/2018;Florianópolis;
31/01/2018;Itajaí;
31/01/2018;Chapecó;
31/01/2018;Lages;
31/01/2018;Caçador;
31/01/2018;Araranguá;
31/01/2018;Indaial;
31/01/2018;Xanxerê;
31/01/2018;São Miguel do Oeste;
31/01/2018;Laguna;
31/01/2018;Curitibanos;
31/01/2018;Rio Negrinho;
31/01/2018;Campos Novos;
31/01/2018;Itapoá;
31/01/2018;Joaçaba;
01/02/2018;Florianópolis;
01/02/2018;Itajaí;
01/02/2018;Chapecó;
01/02/2018;Lages;
01/02/2018;Caçador;
01/02/2018;Araranguá;
01/02/2018;Indaial;
01/02/2018;Xanxerê;
01/02/2018;São Miguel do Oeste;
01/02/2018;Laguna;
01/02/2018;Curitibanos;
01/02/2018;Rio Negrinho;
01/02/2018;Campos Novos;
01/02/2018;Itapoá;
01/02/2018;Joaçaba;
02/02/2018;Florianópolis;
02/02/2018;Itajaí;
02/02/2018;Chapecó;
02/02/2018;Lages;
02/02/2018;Caçador;
02/02/2018;Araranguá;
02/02/2018;Indaial;
02/02/2018;Xanxerê;
02/02/2018;São Miguel do Oeste;
02/02/2018;Laguna;
02/02/2018;Curitibanos;
02/02/2018;Rio Negrinho;
02/02/2018;Campos Novos;
02/02/2018;Itapoá;
02/02/2018;Joaçaba;
03/02/2018;Florianópolis;
03/02/2018;Itajaí;
03/02/2018;Chapecó;
03/02/2018;Lages;
03/02/2018;Caçador;
03/02/2018;Araranguá;
03/02/2018;Indaial;
03/02/2018;Xanxerê;
03/02/2018;São Miguel do Oeste;
03/02/2018;Laguna;
03/02/2018;Curitibanos;
03/02/2018;Rio Negrinho;
03/02/2018;Campos Novos;
03/02/2018;Itapoá;
03/02/2018;Joaçaba;
04/02/2018;Florianópolis;
04/02/2018;Itajaí;
04/02/2018;Chapecó;
04/02/2018;Lages;
04/02/2018;Caçador;
04/02/2018;Araranguá;
04/02/2018;Indaial;
04/02/2018;Xanxerê;
04/02/2018;São Miguel do Oeste;
04/02/2018;Laguna;
04/02/2018;Curitibanos;
04/02/2018;Rio Negrinho;
04/02/2018;Campos Novos;
04/02/2018;Itapoá;
04/02/2018;Joaçaba;
05/02/2018;Florianópolis;
05/02/2018;Itajaí;
05/02/2018;Chapecó;
05/02/2018;Lages;
05/02/2018;Caçador;
05/02/2018;Araranguá;
05/02/2018;Indaial;
05/02/2018;Xanxerê;
05/02/2018;São Miguel do Oeste;
05/02/2018;Laguna;
05/02/2018;Curitibanos;
05/02/2018;Rio Negrinho;
05/02/2018;Campos Novos;
05/02/2018;Itapoá;
05/02/2018;Joaçaba;
06/02/2018;Florianópolis;
06/02/2018;Itajaí;
06/02/2018;Chapecó;
06/02/2018;Lages;
06/02/2018;Caçador;
06/02/2018;Araranguá;
06/02/2018;Indaial;
06/02/2018;Xanxerê;
06/02/2018;São Miguel do Oeste;
06/02/2018;Laguna;
06/02/2018;Curitibanos;
06/02/2018;Rio Negrinho;
06/02/2018;Campos Novos;
06/02/2018;Itapoá;
06/02/2018;Joaçaba;
07/02/2018;Florianópolis;
07/02/2018;Itajaí;
07/02/2018;Chapecó;
07/02/2018;Lages;
07/02/2018;Caçador;
07/02/2018;Araranguá;
07/02/2018;Indaial;
07/02/2018;Xanxerê;
07/02/2018;São Miguel do Oeste;
07/02/2018;Laguna;
07/02/2018;Curitibanos;
07/02/2018;Rio Negrinho;
07/02/2018;Campos Novos;
07/02/2018;Itapoá;
07/02/2018;Joaçaba;
08/02/2018;Florianópolis;
08/02/2018;Itajaí;
08/02/2018;Chapecó;
08/02/2018;Lages;
08/02/2018;Caçador;
08/02/2018;Araranguá;
08/02/2018;Indaial;
08/02/2018;Xanxerê;
08/02/2018;São Miguel do Oeste;
08/02/2018;Laguna;
08/02/2018;Curitibanos;
08/02/2018;Rio Negrinho;
08/02/2018;Campos Novos;
08/02/2018;Itapoá;
08/02/2018;Joaçaba;
09/02/2018;Florianópolis;
09/02/2018;Itajaí;
09/02/2018;Chapecó;
09/02/2018;Lages;
09/02/2018;Caçador;
09/02/2018;Araranguá;
09/02/2018;Indaial;
09/02/2018;Xanxerê;
09/02/2018;São Miguel do Oeste;
09/02/2018;Laguna;
09/02/2018;Curitibanos;
09/02/2018;Rio Negrinho;
09/02/2018;Campos Novos;
09/02/2018;Itapoá;
09/02/2018;Joaçaba;
10/02/2018;Florianópolis;
10/02/2018;Itajaí;
10/02/2018;Chapecó;
10/02/2018;Lages;
10/02/2018;Caçador;
10/02/2018;Araranguá;
10/02/2018;Indaial;
10/02/2018;Xanxerê;
10/02/2018;São Miguel do Oeste;
10/02/2018;Laguna;
10/02/2018;Curitibanos;
10/02/2018;Rio Negrinho;
10/02/2018;Campos Novos;
10/02/2018;Itapoá;
10/02/2018;Joaçaba;
11/02/2018;Florianópolis;
11/02/2018;Itajaí;
11/02/2018;Chapecó;
11/02/2018;Lages;
11/02/2018;Caçador;
11/02/2018;Araranguá;
11/02/2018;Indaial;
11/02/2018;Xanxerê;
11/02/2018;São Miguel do Oeste;
11/02/2018;Laguna;
11/02/2018;Curitibanos;
11/02/2018;Rio Negrinho;
11/02/2018;Campos Novos;
11/02/2018;Itapoá;
11/02/2018;Joaçaba;
12/02/2018;Florianópolis;
12/02/2018;Itajaí;
12/02/2018;Chapecó;
12/02/2018;Lages;
12/02/2018;Caçador;
12/02/2018;Araranguá;
12/02/2018;Indaial;
12/02/2018;Xanxerê;
12/02/2018;São Miguel do Oeste;
12/02/2018;Laguna;
12/02/2018;Curitibanos;
12/02/2018;Rio Negrinho;
12/02/2018;Campos Novos;
12/02/2018;Itapoá;
12/02/2018;Joaçaba;
13/02/2018;Florianópolis;
13/02/2018;Itajaí;
13/02/2018;Chapecó;
13/02/2018;Lages;
13/02/2018;Caçador;
13/02/2018;Araranguá;
13/02/2018;Indaial;
13/02/2018;Xanxerê;
13/02/2018;São Miguel do Oeste;
13/02/2018;Laguna;
13/02/2018;Curitibanos;
13/02/2018;Rio Negrinho;
13/02/2018;Campos Novos;
13/02/2018;Itapoá;
13/02/2018;Joaçaba;
14/02/2018;Florianópolis;
14/02/2018;Itajaí;
14/02/2018;Chapecó;
14/02/2018;Lages;
14/02/2018;Caçador;
14/02/2018;Araranguá;
14/02/2018;Indaial;
14/02/2018;Xanxerê;
14/02/2018;São Miguel do Oeste;
14/02/2018;Laguna;
14/02/2018;Curitibanos;
14/02/2018;Rio Negrinho;
14/02/2018;Campos Novos;
14/02/2018;Itapoá;
14/02/2018;Joaçaba;
15/02/2018;Florianópolis;
15/02/2018;Itajaí;
15/02/2018;Chapecó;
15/02/2018;Lages;
15/02/2018;Caçador;
15/02/2018;Araranguá;
15/02/2018;Indaial;
15/02/2018;Xanxerê;
15/02/2018;São Miguel do Oeste;
15/02/2018;Laguna;
15/02/2018;Curitibanos;
15/02/2018;Rio Negrinho;
15/02/2018;Campos Novos;
15/02/2018;Itapoá;
15/02/2018;Joaçaba;
16/02/2018;Florianópolis;
16/02/2018;Itajaí;
16/02/2018;Chapecó;
16/02/2018;Lages;
16/02/2018;Caçador;
16/02/2018;Araranguá;
16/02/2018;Indaial;
16/02/2018;Xanxerê;
16/02/2018;São Miguel do Oeste;
16/02/2018;Laguna;
16/02/2018;Curitibanos;
16/02/2018;Rio Negrinho;
16/02/2018;Campos Novos;
16/02/2018;Itapoá;
16/02/2018;Joaçaba;
17/02/2018;Florianópolis;
17/02/2018;Itajaí;
17/02/2018;Chapecó;
17/02/2018;Lages;
17/02/2018;Caçador;
17/02/2018;Araranguá;
17/02/2018;Indaial;
17/02/2018;Xanxerê;
17/02/2018;São Miguel do Oeste;
17/02/2018;Laguna;
17/02/2018;Curitibanos;
17/02/2018;Rio Negrinho;
17/02/2018;Campos Novos;
17/02/2018;Itapoá;
17/02/2018;Joaçaba;
18/02/2018;Florianópolis;
18/02/2018;Itajaí;
18/02/2018;Chapecó;
18/02/2018;Lages;
18/02/2018;Caçador;
18/02/2018;Araranguá;
18/02/2018;Indaial;
18/02/2018;Xanxerê;
18/02/2018;São Miguel do Oeste;
18/02/2018;Laguna;
18/02/2018;Curitibanos;
18/02/2018;Rio Negrinho;
18/02/2018;Campos Novos;
18/02/2018;Itapoá;
18/02/2018;Joaçaba;
19/02/2018;Florianópolis;
19/02/2018;Itajaí;
19/02/2018;Chapecó;
19/02/2018;Lages;
19/02/2018;Caçador;
19/02/2018;Araranguá;
19/02/2018;Indaial;
19/02/2018;Xanxerê;
19/02/2018;São Miguel do Oeste;
19/02/2018;Laguna;
19/02/2018;Curitibanos;
19/02/2018;Rio Negrinho;
19/02/2018;Campos Novos;
19/02/2018;Itapoá;
19/02/2018;Joaçaba;
20/02/2018;Florianópolis;
20/02/2018;Itajaí;
20/02/2018;Chapecó;
20/02/2018;Lages;
20/02/2018;Caçador;
20/02/2018;Araranguá;
20/02/2018;Indaial;
20/02/2018;Xanxerê;
20/02/2018;São Miguel do Oeste;
20/02/2018;Laguna;
20/02/2018;Curitibanos;
20/02/2018;Rio Negrinho;
20/02/2018;Campos Novos;
20/02/2018;Itapoá;
20/02/2018;Joaçaba;
21/02/2018;Florianópolis;
21/02/2018;Itajaí;
21/02/2018;Chapecó;
21/02/2018;Lages;
21/02/2018;Caçador;
21/02/2018;Araranguá;
21/02/2018;Indaial;
21/02/2018;Xanxerê;
21/02/2018;São Miguel do Oeste;
21/02/2018;Laguna;
21/02/2018;Curitibanos;
21/02/2018;Rio Negrinho;
21/02/2018;Campos Novos;
21/02/2018;Itapoá;
21/02/2018;Joaçaba;
22/02/2018;Florianópolis;
22/02/2018;Itajaí;
22/02/2018;Chapecó;
22/02/2018;Lages;
22/02/2018;Caçador;
22/02/2018;Araranguá;
22/02/2018;Indaial;
22/02/2018;Xanxerê;
22/02/2018;São Miguel do Oeste;
22/02/2018;Laguna;
22/02/2018;Curitibanos;
22/02/2018;Rio Negrinho;
22/02/2018;Campos Novos;
22/02/2018;Itapoá;
22/02/2018;Joaçaba;
23/02/2018;Florianópolis;
23/02/2018;Itajaí;
23/02/2018;Chapecó;
23/02/2018;Lages;
23/02/2018;Caçador;
23/02/2018;Araranguá;
23/02/2018;Indaial;
23/02/2018;Xanxerê;
23/02/2018;São Miguel do Oeste;
23/02/2018;Laguna;
23/02/2018;Curitibanos;
23/02/2018;Rio Negrinho;
23/02/2018;Campos Novos;
23/02/2018;Itapoá;
23/02/2018;Joaçaba;
24/02/2018;Florianópolis;
24/02/2018;Itajaí;
24/02/2018;Chapecó;
24/02/2018;Lages;
24/02/2018;Caçador;
24/02/2018;Araranguá;
24/02/2018;Indaial;
24/02/2018;Xanxerê;
24/02/2018;São Miguel do Oeste;
24/02/2018;Laguna;
24/02/2018;Curitibanos;
24/02/2018;Rio Negrinho;
24/02/2018;Campos Novos;
24/02/2018;Itapoá;
24/02/2018;Joaçaba;
25/02/2018;Florianópolis;
25/02/2018;Itajaí;
25/02/2018;Chapecó;
25/02/2018;Lages;
25/02/2018;Caçador;
25/02/2018;Araranguá;
25/02/2018;Indaial;
25/02/2018;Xanxerê;
25/02/2018;São Miguel do Oeste;
25/02/2018;Laguna;
25/02/2018;Curitibanos;
25/02/2018;Rio Negrinho;
25/02/2018;Campos Novos;
25/02/2018;Itapoá;
25/02/2018;Joaçaba;
26/02/2018;Florianópolis;
26/02/2018;Itajaí;
26/02/2018;Chapecó;
26/02/2018;Lages;
26/02/2018;Caçador;
26/02/2018;Araranguá;
26/02/2018;Indaial;
26/02/2018;Xanxerê;
26/02/2018;São Miguel do Oeste;
26/02/2018;Laguna;
26/02/2018;Curitibanos;
26/02/2018;Rio Negrinho;
26/02/2018;Campos Novos;
26/02/2018;Itapoá;
26/02/2018;Joaçaba;
27/02/2018;Florianópolis;
27/02/2018;Itajaí;
27/02/2018;Chapecó;
27/02/2018;Lages;
27/02/2018;Caçador;
27/02/2018;Araranguá;
27/02/2018;Indaial;
27/02/2018;Xanxerê;
27/02/2018;São Miguel do Oeste;
27/02/2018;Laguna;
27/02/2018;Curitibanos;
27/02/2018;Rio Negrinho;
27/02/2018;Campos Novos;
27/02/2018;Itapoá;
27/02/2018;Joaçaba;
28/02/2018;Florianópolis;
28/02/2018;Itajaí;
28/02/2018;Chapecó;
28/02/2018;Lages;
28/02/2018;Caçador;
28/02/2018;Araranguá;
28/02/2018;Indaial;
28/02/2018;Xanxerê;
28/02/2018;São Miguel do Oeste;
28/02/2018;Laguna;
28/02/2018;Curitibanos;
28/02/2018;Rio Negrinho;
28/02/2018;Campos Novos;
28/02/2018;Itapoá;
28/02/2018;Joaçaba;
01/03/2018;Florianópolis;
01/03/2018;Itajaí;
01/03/2018;Chapecó;
01/03/2018;Lages;
01/03/2018;Caçador;
01/03/2018;Araranguá;
01/03/2018;Indaial;
01/03/2018;Xanxerê;
01/03/2018;São Miguel do Oeste;
01/03/2018;Laguna;
01/03/2018;Curitibanos;
01/03/2018;Rio Negrinho;
01/03/2018;Campos Novos;
01/03/2018;Itapoá;
01/03/2018;Joaçaba;
02/03/2018;Florianópolis;
02/03/2018;Itajaí;
02/03/2018;Chapecó;
02/03/2018;Lages;
02/03/2018;Caçador;
02/03/2018;Araranguá;
02/03/2018;Indaial;
02/03/2018;Xanxerê;
02/03/2018;São Miguel do Oeste;
02/03/2018;Laguna;
02/03/2018;Curitibanos;
02/03/2018;Rio Negrinho;
02/03/2018;Campos Novos;
02/03/2018;Itapoá;
02/03/2018;Joaçaba;
03/03/2018;Florianópolis;
03/03/2018;Itajaí;
03/03/2018;Chapecó;
03/03/2018;Lages;
03/03/2018;Caçador;
03/03/2018;Araranguá;
03/03/2018;Indaial;
03/03/2018;Xanxerê;
03/03/2018;São Miguel do Oeste;
03/03/2018;Laguna;
03/03/2018;Curitibanos;
03/03/2018;Rio Negrinho;
03/03/2018;Campos Novos;
03/03/2018;Itapoá;
03/03/2018;Joaçaba;
04/03/2018;Florianópolis;
04/03/2018;Itajaí;
04/03/2018;Chapecó;
04/03/2018;Lages;
04/03/2018;Caçador;
04/03/2018;Araranguá;
04/03/2018;Indaial;
04/03/2018;Xanxerê;
04/03/2018;São Miguel do Oeste;
04/03/2018;Laguna;
04/03/2018;Curitibanos;
04/03/2018;Rio Negrinho;
04/03/2018;Campos Novos;
04/03/2018;Itapoá;
04/03/2018;Joaçaba;
05/03/2018;Florianópolis;
05/03/2018;Itajaí;
05/03/2018;Chapecó;
05/03/2018;Lages;
05/03/2018;Caçador;
05/03/2018;Araranguá;
05/03/2018;Indaial;
05/03/2018;Xanxerê;
05/03/2018;São Miguel do Oeste;
05/03/2018;Laguna;
05/03/2018;Curitibanos;
05/03/2018;Rio Negrinho;
05/03/2018;Campos Novos;
05/03/2018;Itapoá;
05/03/2018;Joaçaba;
06/03/2018;Florianópolis;
06/03/2018;Itajaí;
06/03/2018;Chapecó;
06/03/2018;Lages;
06/03/2018;Caçador;
06/03/2018;Araranguá;
06/03/2018;Indaial;
06/03/2018;Xanxerê;
06/03/2018;São Miguel do Oeste;
06/03/2018;Laguna;
06/03/2018;Curitibanos;
06/03/2018;Rio Negrinho;
06/03/2018;Campos Novos;
06/03/2018;Itapoá;
06/03/2018;Joaçaba;
07/03/2018;Florianópolis;
07/03/2018;Itajaí;
07/03/2018;Chapecó;
07/03/2018;Lages;
07/03/2018;Caçador;
07/03/2018;Araranguá;
07/03/2018;Indaial;
07/03/2018;Xanxerê;
07/03/2018;São Miguel do Oeste;
07/03/2018;Laguna;
07/03/2018;Curitibanos;
07/03/2018;Rio Negrinho;
07/03/2018;Campos Novos;
07/03/2018;Itapoá;
07/03/2018;Joaçaba;
08/03/2018;Florianópolis;
08/03/2018;Itajaí;
08/03/2018;Chapecó;
08/03/2018;Lages;
08/03/2018;Caçador;
08/03/2018;Araranguá;
08/03/2018;Indaial;
08/03/2018;Xanxerê;
08/03/2018;São Miguel do Oeste;
08/03/2018;Laguna;
08/03/2018;Curitibanos;
08/03/2018;Rio Negrinho;
08/03/2018;Campos Novos;
08/03/2018;Itapoá;
08/03/2018;Joaçaba;
09/03/2018;Florianópolis;
09/03/2018;Itajaí;
09/03/2018;Chapecó;
09/03/2018;Lages;
09/03/2018;Caçador;
09/03/2018;Araranguá;
09/03/2018;Indaial;
09/03/2018;Xanxerê;
09/03/2018;São Miguel do Oeste;
09/03/2018;Laguna;
09/03/2018;Curitibanos;
09/03/2018;Rio Negrinho;
09/03/2018;Campos Novos;
09/03/2018;Itapoá;
09/03/2018;Joaçaba;
10/03/2018;Florianópolis;
10/03/2018;Itajaí;
10/03/2018;Chapecó;
10/03/2018;Lages;
10/03/2018;Caçador;
10/03/2018;Araranguá;
10/03/2018;Indaial;
10/03/2018;Xanxerê;
10/03/2018;São Miguel do Oeste;
10/03/2018;Laguna;
10/03/2018;Curitibanos;
10/03/2018;Rio Negrinho;
10/03/2018;Campos Novos;
10/03/2018;Itapoá;
10/03/2018;Joaçaba;
11/03/2018;Florianópolis;
11/03/2018;Itajaí;
11/03/2018;Chapecó;
11/03/2018;Lages;
11/03/2018;Caçador;
11/03/2018;Araranguá;
11/03/2018;Indaial;
11/03/2018;Xanxerê;
11/03/2018;São Miguel do Oeste;
11/03/2018;Laguna;
11/03/2018;Curitibanos;
11/03/2018;Rio Negrinho;
11/03/2018;Campos Novos;
11/03/2018;Itapoá;
11/03/2018;Joaçaba;
12/03/2018;Florianópolis;
12/03/2018;Itajaí;
12/03/2018;Chapecó;
12/03/2018;Lages;
12/03/2018;Caçador;
12/03/2018;Araranguá;
12/03/2018;Indaial;
12/03/2018;Xanxerê;
12/03/2018;São Miguel do Oeste;
12/03/2018;Laguna;
12/03/2018;Curitibanos;
12/03/2018;Rio Negrinho;
12/03/2018;Campos Novos;
12/03/2018;Itapoá;
12/03/2018;Joaçaba;
13/03/2018;Florianópolis;
13/03/2018;Itajaí;
13/03/2018;Chapecó;
13/03/2018;Lages;
13/03/2018;Caçador;
13/03/2018;Araranguá;
13/03/2018;Indaial;
13/03/2018;Xanxerê;
13/03/2018;São Miguel do Oeste;
13/03/2018;Laguna;
13/03/2018;Curitibanos;
13/03/2018;Rio Negrinho;
13/03/2018;Campos Novos;
13/03/2018;Itapoá;
13/03/2018;Joaçaba;
14/03/2018;Florianópolis;
14/03/2018;Itajaí;
14/03/2018;Chapecó;
14/03/2018;Lages;
14/03/2018;Caçador;
14/03/2018;Araranguá;
14/03/2018;Indaial;
14/03/2018;Xanxerê;
14/03/2018;São Miguel do Oeste;
14/03/2018;Laguna;
14/03/2018;Curitibanos;
14/03/2018;Rio Negrinho;
14/03/2018;Campos Novos;
14/03/2018;Itapoá;
14/03/2018;Joaçaba;
15/03/2018;Florianópolis;
15/03/2018;Itajaí;
15/03/2018;Chapecó;
15/03/2018;Lages;
15/03/2018;Caçador;
15/03/2018;Araranguá;
15/03/2018;Indaial;
15/03/2018;Xanxerê;
15/03/2018;São Miguel do Oeste;
15/03/2018;Laguna;
15/03/2018;Curitibanos;
15/03/2018;Rio Negrinho;
15/03/2018;Campos Novos;
15/03/2018;Itapoá;
15/03/2018;Joaçaba;
16/03/2018;Florianópolis;
16/03/2018;Itajaí;
16/03/2018;Chapecó;
16/03/2018;Lages;
16/03/2018;Caçador;
16/03/2018;Araranguá;
16/03/2018;Indaial;
16/03/2018;Xanxerê;
16/03/2018;São Miguel do Oeste;
16/03/2018;Laguna;
16/03/2018;Curitibanos;
16/03/2018;Rio Negrinho;
16/03/2018;Campos Novos;
16/03/2018;Itapoá;
16/03/2018;Joaçaba;
17/03/2018;Florianópolis;
17/03/2018;Itajaí;
17/03/2018;Chapecó;
17/03/2018;Lages;
17/03/2018;Caçador;
17/03/2018;Araranguá;
17/03/2018;Indaial;
17/03/2018;Xanxerê;
17/03/2018;São Miguel do Oeste;
17/03/2018;Laguna;
17/03/2018;Curitibanos;
17/03/2018;Rio Negrinho;
17/03/2018;Campos Novos;
17/03/2018;Itapoá;
17/03/2018;Joaçaba;
18/03/2018;Florianópolis;
18/03/2018;Itajaí;
18/03/2018;Chapecó;
18/03/2018;Lages;
18/03/2018;Caçador;
18/03/2018;Araranguá;
18/03/2018;Indaial;
18/03/2018;Xanxerê;
18/03/2018;São Miguel do Oeste;
18/03/2018;Laguna;
18/03/2018;Curitibanos;
18/03/2018;Rio Negrinho;
18/03/2018;Campos Novos;
18/03/2018;Itapoá;
18/03/2018;Joaçaba;
19/03/2018;Florianópolis;
19/03/2018;Itajaí;
19/03/2018;Chapecó;
19/03/2018;Lages;
19/03/2018;Caçador;
19/03/2018;Araranguá;
19/03/2018;Indaial;
19/03/2018;Xanxerê;
19/03/2018;São Miguel do Oeste;
19/03/2018;Laguna;
19/03/2018;Curitibanos;
19/03/2018;Rio Negrinho;
19/03/2018;Campos Novos;
19/03/2018;Itapoá;
19/03/2018;Joaçaba;
20/03/2018;Florianópolis;
20/03/2018;Itajaí;
20/03/2018;Chapecó;
20/03/2018;Lages;
20/03/2018;Caçador;
20/03/2018;Araranguá;
20/03/2018;Indaial;
20/03/2018;Xanxerê;
20/03/2018;São Miguel do Oeste;
20/03/2018;Laguna;
20/03/2018;Curitibanos;
20/03/2018;Rio Negrinho;
20/03/2018;Campos Novos;
20/03/2018;Itapoá;
20/03/2018;Joaçaba;
21/03/2018;Florianópolis;
21/03/2018;Itajaí;
21/03/2018;Chapecó;
21/03/2018;Lages;
21/03/2018;Caçador;
21/03/2018;Araranguá;
21/03/2018;Indaial;
21/03/2018;Xanxerê;
21/03/2018;São Miguel do Oeste;
21/03/2018;Laguna;
21/03/2018;Curitibanos;
21/03/2018;Rio Negrinho;
21/03/2018;Campos Novos;
21/03/2018;Itapoá;
21/03/2018;Joaçaba;
22/03/2018;Florianópolis;
22/03/2018;Itajaí;
22/03/2018;Chapecó;
22/03/2018;Lages;
22/03/2018;Caçador;
22/03/2018;Araranguá;
22/03/2018;Indaial;
22/03/2018;Xanxerê;
22/03/2018;São Miguel do Oeste;
22/03/2018;Laguna;
22/03/2018;Curitibanos;
22/03/2018;Rio Negrinho;
22/03/2018;Campos Novos;
22/03/2018;Itapoá;
22/03/2018;Joaçaba;
23/03/2018;Florianópolis;
23/03/2018;Itajaí;
23/03/2018;Chapecó;
23/03/2018;Lages;
23/03/2018;Caçador;
23/03/2018;Araranguá;
23/03/2018;Indaial;
23/03/2018;Xanxerê;
23/03/2018;São Miguel do Oeste;
23/03/2018;Laguna;
23/03/2018;Curitibanos;
23/03/2018;Rio Negrinho;
23/03/2018;Campos Novos;
23/03/2018;Itapoá;
23/03/2018;Joaçaba;
24/03/2018;Florianópolis;
24/03/2018;Itajaí;
24/03/2018;Chapecó;
24/03/2018;Lages;
24/03/2018;Caçador;
24/03/2018;Araranguá;
24/03/2018;Indaial;
24/03/2018;Xanxerê;
24/03/2018;São Miguel do Oeste;
24/03/2018;Laguna;
24/03/2018;Curitibanos;
24/03/2018;Rio Negrinho;
24/03/2018;Campos Novos;
24/03/2018;Itapoá;
24/03/2018;Joaçaba;
25/03/2018;Florianópolis;
25/03/2018;Itajaí;
25/03/2018;Chapecó;
25/03/2018;Lages;
25/03/2018;Caçador;
25/03/2018;Araranguá;
25/03/2018;Indaial;
25/03/2018;Xanxerê;
25/03/2018;São Miguel do Oeste;
25/03/2018;Laguna;
25/03/2018;Curitibanos;
25/03/2018;Rio Negrinho;
25/03/2018;Campos Novos;
25/03/2018;Itapoá;
25/03/2018;Joaçaba;
26/03/2018;Florianópolis;
26/03/2018;Itajaí;
26/03/2018;Chapecó;
26/03/2018;Lages;
26/03/2018;Caçador;
26/03/2018;Araranguá;
26/03/2018;Indaial;
26/03/2018;Xanxerê;
26/03/2018;São Miguel do Oeste;
26/03/2018;Laguna;
26/03/2018;Curitibanos;
26/03/2018;Rio Negrinho;
26/03/2018;Campos Novos;
26/03/2018;Itapoá;
26/03/2018;Joaçaba;
27/03/2018;Florianópolis;
27/03/2018;Itajaí;
27/03/2018;Chapecó;
27/03/2018;Lages;
27/03/2018;Caçador;
27/03/2018;Araranguá;
27/03/2018;Indaial;
27/03/2018;Xanxerê;
27/03/2018;São Miguel do Oeste;
27/03/2018;Laguna;
27/03/2018;Curitibanos;
27/03/2018;Rio Negrinho;
27/03/2018;Campos Novos;
27/03/2018;Itapoá;
27/03/2018;Joaçaba;
28/03/2018;Florianópolis;
28/03/2018;Itajaí;
28/03/2018;Chapecó;
28/03/2018;Lages;
28/03/2018;Caçador;
28/03/2018;Araranguá;
28/03/2018;Indaial;
28/03/2018;Xanxerê;
28/03/2018;São Miguel do Oeste;
28/03/2018;Laguna;
28/03/2018;Curitibanos;
28/03/2018;Rio Negrinho;
28/03/2018;Campos Novos;
28/03/2018;Itapoá;
28/03/2018;Joaçaba;
29/03/2018;Florianópolis;
29/03/2018;Itajaí;
29/03/2018;Chapecó;
29/03/2018;Lages;
29/03/2018;Caçador;
29/03/2018;Araranguá;
29/03/2018;Indaial;
29/03/2018;Xanxerê;
29/03/2018;São Miguel do Oeste;
29/03/2018;Laguna;
29/03/2018;Curitibanos;
29/03/2018;Rio Negrinho;
29/03/2018;Campos Novos;
29/03/2018;Itapoá;
29/03/2018;Joaçaba;
30/03/2018;Florianópolis;
30/03/2018;Itajaí;
30/03/2018;Chapecó;
30/03/2018;Lages;
30/03/2018;Caçador;
30/03/2018;Araranguá;
30/03/2018;Indaial;
30/03/2018;Xanxerê;
30/03/2018;São Miguel do Oeste;
30/03/2018;Laguna;
30/03/2018;Curitibanos;
30/03/2018;Rio Negrinho;
30/03/2018;Campos Novos;
30/03/2018;Itapoá;
30/03/2018;Joaçaba;
31/03/2018;Florianópolis;
31/03/2018;Itajaí;
31/03/2018;Chapecó;
31/03/2018;Lages;
31/03/2018;Caçador;
31/03/2018;Araranguá;
31/03/2018;Indaial;
31/03/2018;Xanxerê;
31/03/2018;São Miguel do Oeste;
31/03/2018;Laguna;
31/03/2018;Curitibanos;
31/03/2018;Rio Negrinho;
31/03/2018;Campos Novos;
31/03/2018;Itapoá;
31/03/2018;Joaçaba;
01/04/2018;Florianópolis;
01/04/2018;Itajaí;
01/04/2018;Chapecó;
01/04/2018;Lages;
01/04/2018;Caçador;
01/04/2018;Araranguá;
01/04/2018;Indaial;
01/04/2018;Xanxerê;
01/04/2018;São Miguel do Oeste;
01/04/2018;Laguna;
01/04/2018;Curitibanos;
01/04/2018;Rio Negrinho;
01/04/2018;Campos Novos;
01/04/2018;Itapoá;
01/04/2018;Joaçaba;
02/04/2018;Florianópolis;
02/04/2018;Itajaí;
02/04/2018;Chapecó;
02/04/2018;Lages;
02/04/2018;Caçador;
02/04/2018;Araranguá;
02/04/2018;Indaial;
02/04/2018;Xanxerê;
02/04/2018;São Miguel do Oeste;
02/04/2018;Laguna;
02/04/2018;Curitibanos;
02/04/2018;Rio Negrinho;
02/04/2018;Campos Novos;
02/04/2018;Itapoá;
02/04/2018;Joaçaba;
03/04/2018;Florianópolis;
03/04/2018;Itajaí;
03/04/2018;Chapecó;
03/04/2018;Lages;
03/04/2018;Caçador;
03/04/2018;Araranguá;
03/04/2018;Indaial;
03/04/2018;Xanxerê;
03/04/2018;São Miguel do Oeste;
03/04/2018;Laguna;
03/04/2018;Curitibanos;
03/04/2018;Rio Negrinho;
03/04/2018;Campos Novos;
03/04/2018;Itapoá;
03/04/2018;Joaçaba;
04/04/2018;Florianópolis;
04/04/2018;Itajaí;
04/04/2018;Chapecó;
04/04/2018;Lages;
04/04/2018;Caçador;
04/04/2018;Araranguá;
04/04/2018;Indaial;
04/04/2018;Xanxerê;
04/04/2018;São Miguel do Oeste;
04/04/2018;Laguna;
04/04/2018;Curitibanos;
04/04/2018;Rio Negrinho;
04/04/2018;Campos Novos;
04/04/2018;Itapoá;
04/04/2018;Joaçaba;
05/04/2018;Florianópolis;
05/04/2018;Itajaí;
05/04/2018;Chapecó;
05/04/2018;Lages;
05/04/2018;Caçador;
05/04/2018;Araranguá;
05/04/2018;Indaial;
05/04/2018;Xanxerê;
05/04/2018;São Miguel do Oeste;
05/04/2018;Laguna;
05/04/2018;Curitibanos;
05/04/2018;Rio Negrinho;
05/04/2018;Campos Novos;
05/04/2018;Itapoá;
05/04/2018;Joaçaba;
06/04/2018;Florianópolis;
06/04/2018;Itajaí;
06/04/2018;Chapecó;
06/04/2018;Lages;
06/04/2018;Caçador;
06/04/2018;Araranguá;
06/04/2018;Indaial;
06/04/2018;Xanxerê;
06/04/2018;São Miguel do Oeste;
06/04/2018;Laguna;
06/04/2018;Curitibanos;
06/04/2018;Rio Negrinho;
06/04/2018;Campos Novos;
06/04/2018;Itapoá;
06/04/2018;Joaçaba;
07/04/2018;Florianópolis;
07/04/2018;Itajaí;
07/04/2018;Chapecó;
07/04/2018;Lages;
07/04/2018;Caçador;
07/04/2018;Araranguá;
07/04/2018;Indaial;
07/04/2018;Xanxerê;
07/04/2018;São Miguel do Oeste;
07/04/2018;Laguna;
07/04/2018;Curitibanos;
07/04/2018;Rio Negrinho;
07/04/2018;Campos Novos;
07/04/2018;Itapoá;
07/04/2018;Joaçaba;
08/04/2018;Florianópolis;
08/04/2018;Itajaí;
08/04/2018;Chapecó;
08/04/2018;Lages;
08/04/2018;Caçador;
08/04/2018;Araranguá;
08/04/2018;Indaial;
08/04/2018;Xanxerê;
08/04/2018;São Miguel do Oeste;
08/04/2018;Laguna;
08/04/2018;Curitibanos;
08/04/2018;Rio Negrinho;
08/04/2018;Campos Novos;
08/04/2018;Itapoá;
08/04/2018;Joaçaba;
09/04/2018;Florianópolis;
09/04/2018;Itajaí;
09/04/2018;Chapecó;
09/04/2018;Lages;
09/04/2018;Caçador;
09/04/2018;Araranguá;
09/04/2018;Indaial;
09/04/2018;Xanxerê;
09/04/2018;São Miguel do Oeste;
09/04/2018;Laguna;
09/04/2018;Curitibanos;
09/04/2018;Rio Negrinho;
09/04/2018;Campos Novos;
09/04/2018;Itapoá;
09/04/2018;Joaçaba;
10/04/2018;Florianópolis;
10/04/2018;Itajaí;
10/04/2018;Chapecó;
10/04/2018;Lages;
10/04/2018;Caçador;
10/04/2018;Araranguá;
10/04/2018;Indaial;
10/04/2018;Xanxerê;
10/04/2018;São Miguel do Oeste;
10/04/2018;Laguna;
10/04/2018;Curitibanos;
10/04/2018;Rio Negrinho;
10/04/2018;Campos Novos;
10/04/2018;Itapoá;
10/04/2018;Joaçaba;
11/04/2018;Florianópolis;
11/04/2018;Itajaí;
11/04/2018;Chapecó;
11/04/2018;Lages;
11/04/2018;Caçador;
11/04/2018;Araranguá;
11/04/2018;Indaial;
11/04/2018;Xanxerê;
11/04/2018;São Miguel do Oeste;
11/04/2018;Laguna;
11/04/2018;Curitibanos;
11/04/2018;Rio Negrinho;
11/04/2018;Campos Novos;
11/04/2018;Itapoá;
11/04/2018;Joaçaba;
12/04/2018;Florianópolis;
12/04/2018;Itajaí;
12/04/2018;Chapecó;
12/04/2018;Lages;
12/04/2018;Caçador;
12/04/2018;Araranguá;
12/04/2018;Indaial;
12/04/2018;Xanxerê;
12/04/2018;São Miguel do Oeste;
12/04/2018;Laguna;
12/04/2018;Curitibanos;
12/04/2018;Rio Negrinho;
12/04/2018;Campos Novos;
12/04/2018;Itapoá;
12/04/2018;Joaçaba;
13/04/2018;Florianópolis;
13/04/2018;Itajaí;
13/04/2018;Chapecó;
13/04/2018;Lages;
13/04/2018;Caçador;
13/04/2018;Araranguá;
13/04/2018;Indaial;
13/04/2018;Xanxerê;
13/04/2018;São Miguel do Oeste;
13/04/2018;Laguna;
13/04/2018;Curitibanos;
13/04/2018;Rio Negrinho;
13/04/2018;Campos Novos;
13/04/2018;Itapoá;
13/04/2018;Joaçaba;
14/04/2018;Florianópolis;
14/04/2018;Itajaí;
14/04/2018;Chapecó;
14/04/2018;Lages;
14/04/2018;Caçador;
14/04/2018;Araranguá;
14/04/2018;Indaial;
14/04/2018;Xanxerê;
14/04/2018;São Miguel do Oeste;
14/04/2018;Laguna;
14/04/2018;Curitibanos;
14/04/2018;Rio Negrinho;
14/04/2018;Campos Novos;
14/04/2018;Itapoá;
14/04/2018;Joaçaba;
15/04/2018;Florianópolis;
15/04/2018;Itajaí;
15/04/2018;Chapecó;
15/04/2018;Lages;
15/04/2018;Caçador;
15/04/2018;Araranguá;
15/04/2018;Indaial;
15/04/2018;Xanxerê;
15/04/2018;São Miguel do Oeste;
15/04/2018;Laguna;
15/04/2018;Curitibanos;
15/04/2018;Rio Negrinho;
15/04/2018;Campos Novos;
15/04/2018;Itapoá;
15/04/2018;Joaçaba;
16/04/2018;Florianópolis;
16/04/2018;Itajaí;
16/04/2018;Chapecó;
16/04/2018;Lages;
16/04/2018;Caçador;
16/04/2018;Araranguá;
16/04/2018;Indaial;
16/04/2018;Xanxerê;
16/04/2018;São Miguel do Oeste;
16/04/2018;Laguna;
16/04/2018;Curitibanos;
16/04/2018;Rio Negrinho;
16/04/2018;Campos Novos;
16/04/2018;Itapoá;
16/04/2018;Joaçaba;
17/04/2018;Florianópolis;
17/04/2018;Itajaí;
17/04/2018;Chapecó;
17/04/2018;Lages;
17/04/2018;Caçador;
17/04/2018;Araranguá;
17/04/2018;Indaial;
17/04/2018;Xanxerê;
17/04/2018;São Miguel do Oeste;
17/04/2018;Laguna;
17/04/2018;Curitibanos;
17/04/2018;Rio Negrinho;
17/04/2018;Campos Novos;
17/04/2018;Itapoá;
17/04/2018;Joaçaba;
18/04/2018;Florianópolis;
18/04/2018;Itajaí;
18/04/2018;Chapecó;
18/04/2018;Lages;
18/04/2018;Caçador;
18/04/2018;Araranguá;
18/04/2018;Indaial;
18/04/2018;Xanxerê;
18/04/2018;São Miguel do Oeste;
18/04/2018;Laguna;
18/04/2018;Curitibanos;
18/04/2018;Rio Negrinho;
18/04/2018;Campos Novos;
18/04/2018;Itapoá;
18/04/2018;Joaçaba;
19/04/2018;Florianópolis;
19/04/2018;Itajaí;
19/04/2018;Chapecó;
19/04/2018;Lages;
19/04/2018;Caçador;
19/04/2018;Araranguá;
19/04/2018;Indaial;
19/04/2018;Xanxerê;
19/04/2018;São Miguel do Oeste;
19/04/2018;Laguna;
19/04/2018;Curitibanos;
19/04/2018;Rio Negrinho;
19/04/2018;Campos Novos;
19/04/2018;Itapoá;
19/04/2018;Joaçaba;
20/04/2018;Florianópolis;
20/04/2018;Itajaí;
20/04/2018;Chapecó;
20/04/2018;Lages;
20/04/2018;Caçador;
20/04/2018;Araranguá;
20/04/2018;Indaial;
20/04/2018;Xanxerê;
20/04/2018;São Miguel do Oeste;
20/04/2018;Laguna;
20/04/2018;Curitibanos;
20/04/2018;Rio Negrinho;
20/04/2018;Campos Novos;
20/04/2018;Itapoá;
20/04/2018;Joaçaba;
21/04/2018;Florianópolis;
21/04/2018;Itajaí;
21/04/2018;Chapecó;
21/04/2018;Lages;
21/04/2018;Caçador;
21/04/2018;Araranguá;
21/04/2018;Indaial;
21/04/2018;Xanxerê;
21/04/2018;São Miguel do Oeste;
21/04/2018;Laguna;
21/04/2018;Curitibanos;
21/04/2018;Rio Negrinho;
21/04/2018;Campos Novos;
21/04/2018;Itapoá;
21/04/2018;Joaçaba;
22/04/2018;Florianópolis;
22/04/2018;Itajaí;
22/04/2018;Chapecó;
22/04/2018;Lages;
22/04/2018;Caçador;
22/04/2018;Araranguá;
22/04/2018;Indaial;
22/04/2018;Xanxerê;
22/04/2018;São Miguel do Oeste;
22/04/2018;Laguna;
22/04/2018;Curitibanos;
22/04/2018;Rio Negrinho;
22/04/2018;Campos Novos;
22/04/2018;Itapoá;
22/04/2018;Joaçaba;
23/04/2018;Florianópolis;
23/04/2018;Itajaí;
23/04/2018;Chapecó;
23/04/2018;Lages;
23/04/2018;Caçador;
23/04/2018;Araranguá;
23/04/2018;Indaial;
23/04/2018;Xanxerê;
23/04/2018;São Miguel do Oeste;
23/04/2018;Laguna;
23/04/2018;Curitibanos;
23/04/2018;Rio Negrinho;
23/04/2018;Campos Novos;
23/04/2018;Itapoá;
23/04/2018;Joaçaba;
24/04/2018;Florianópolis;
24/04/2018;Itajaí;
24/04/2018;Chapecó;
24/04/2018;Lages;
24/04/2018;Caçador;
24/04/2018;Araranguá;
24/04/2018;Indaial;
24/04/2018;Xanxerê;
24/04/2018;São Miguel do Oeste;
24/04/2018;Laguna;
24/04/2018;Curitibanos;
24/04/2018;Rio Negrinho;
24/04/2018;Campos Novos;
24/04/2018;Itapoá;
24/04/2018;Joaçaba;
25/04/2018;Florianópolis;
25/04/2018;Itajaí;
25/04/2018;Chapecó;
25/04/2018;Lages;
25/04/2018;Caçador;
25/04/2018;Araranguá;
25/04/2018;Indaial;
25/04/2018;Xanxerê;
25/04/2018;São Miguel do Oeste;
25/04/2018;Laguna;
25/04/2018;Curitibanos;
25/04/2018;Rio Negrinho;
25/04/2018;Campos Novos;
25/04/2018;Itapoá;
25/04/2018;Joaçaba;
26/04/2018;Florianópolis;
26/04/2018;Itajaí;
26/04/2018;Chapecó;
26/04/2018;Lages;
26/04/2018;Caçador;
26/04/2018;Araranguá;
26/04/2018;Indaial;
26/04/2018;Xanxerê;
26/04/2018;São Miguel do Oeste;
26/04/2018;Laguna;
26/04/2018;Curitibanos;
26/04/2018;Rio Negrinho;
26/04/2018;Campos Novos;
26/04/2018;Itapoá;
26/04/2018;Joaçaba;
27/04/2018;Florianópolis;
27/04/2018;Itajaí;
27/04/2018;Chapecó;
27/04/2018;Lages;
27/04/2018;Caçador;
27/04/2018;Araranguá;
27/04/2018;Indaial;
27/04/2018;Xanxerê;
27/04/2018;São Miguel do Oeste;
27/04/2018;Laguna;
27/04/2018;Curitibanos;
27/04/2018;Rio Negrinho;
27/04/2018;Campos Novos;
27/04/2018;Itapoá;
27/04/2018;Joaçaba;
28/04/2018;Florianópolis;
28/04/2018;Itajaí;
28/04/2018;Chapecó;
28/04/2018;Lages;
28/04/2018;Caçador;
28/04/2018;Araranguá;
28/04/2018;Indaial;
28/04/2018;Xanxerê;
28/04/2018;São Miguel do Oeste;
28/04/2018;Laguna;
28/04/2018;Curitibanos;
28/04/2018;Rio Negrinho;
28/04/2018;Campos Novos;
28/04/2018;Itapoá;
28/04/2018;Joaçaba;
29/04/2018;Florianópolis;
29/04/2018;Itajaí;
29/04/2018;Chapecó;
29/04/2018;Lages;
29/04/2018;Caçador;
29/04/2018;Araranguá;
29/04/2018;Indaial;
29/04/2018;Xanxerê;
29/04/2018;São Miguel do Oeste;
29/04/2018;Laguna;
29/04/2018;Curitibanos;
29/04/2018;Rio Negrinho;
29/04/2018;Campos Novos;
29/04/2018;Itapoá;
29/04/2018;Joaçaba;
30/04/2018;Florianópolis;
30/04/2018;Itajaí;
30/04/2018;Chapecó;
30/04/2018;Lages;
30/04/2018;Caçador;
30/04/2018;Araranguá;
30/04/2018;Indaial;
30/04/2018;Xanxerê;
30/04/2018;São Miguel do Oeste;
30/04/2018;Laguna;
30/04/2018;Curitibanos;
30/04/2018;Rio Negrinho;
30/04/2018;Campos Novos;
30/04/2018;Itapoá;
30/04/2018;Joaçaba;
01/05/2018;Florianópolis;
01/05/2018;Itajaí;
01/05/2018;Chapecó;
01/05/2018;Lages;
01/05/2018;Caçador;
01/05/2018;Araranguá;
01/05/2018;Indaial;
01/05/2018;Xanxerê;
01/05/2018;São Miguel do Oeste;
01/05/2018;Laguna;
01/05/2018;Curitibanos;
01/05/2018;Rio Negrinho;
01/05/2018;Campos Novos;
01/05/2018;Itapoá;
01/05/2018;Joaçaba;
02/05/2018;Florianópolis;
02/05/2018;Itajaí;
02/05/2018;Chapecó;
02/05/2018;Lages;
02/05/2018;Caçador;
02/05/2018;Araranguá;
02/05/2018;Indaial;
02/05/2018;Xanxerê;
02/05/2018;São Miguel do Oeste;
02/05/2018;Laguna;
02/05/2018;Curitibanos;
02/05/2018;Rio Negrinho;
02/05/2018;Campos Novos;
02/05/2018;Itapoá;
02/05/2018;Joaçaba;
03/05/2018;Florianópolis;
03/05/2018;Itajaí;
03/05/2018;Chapecó;
03/05/2018;Lages;
03/05/2018;Caçador;
03/05/2018;Araranguá;
03/05/2018;Indaial;
03/05/2018;Xanxerê;
03/05/2018;São Miguel do Oeste;
03/05/2018;Laguna;
03/05/2018;Curitibanos;
03/05/2018;Rio Negrinho;
03/05/2018;Campos Novos;
03/05/2018;Itapoá;
03/05/2018;Joaçaba;
04/05/2018;Florianópolis;
04/05/2018;Itajaí;
04/05/2018;Chapecó;
04/05/2018;Lages;
04/05/2018;Caçador;
04/05/2018;Araranguá;
04/05/2018;Indaial;
04/05/2018;Xanxerê;
04/05/2018;São Miguel do Oeste;
04/05/2018;Laguna;
04/05/2018;Curitibanos;
04/05/2018;Rio Negrinho;
04/05/2018;Campos Novos;
04/05/2018;Itapoá;
04/05/2018;Joaçaba;
05/05/2018;Florianópolis;
05/05/2018;Itajaí;
05/05/2018;Chapecó;
05/05/2018;Lages;
05/05/2018;Caçador;
05/05/2018;Araranguá;
05/05/2018;Indaial;
05/05/2018;Xanxerê;
05/05/2018;São Miguel do Oeste;
05/05/2018;Laguna;
05/05/2018;Curitibanos;
05/05/2018;Rio Negrinho;
05/05/2018;Campos Novos;
05/05/2018;Itapoá;
05/05/2018;Joaçaba;
06/05/2018;Florianópolis;
06/05/2018;Itajaí;
06/05/2018;Chapecó;
06/05/2018;Lages;
06/05/2018;Caçador;
06/05/2018;Araranguá;
06/05/2018;Indaial;
06/05/2018;Xanxerê;
06/05/2018;São Miguel do Oeste;
06/05/2018;Laguna;
06/05/2018;Curitibanos;
06/05/2018;Rio Negrinho;
06/05/2018;Campos Novos;
06/05/2018;Itapoá;
06/05/2018;Joaçaba;
07/05/2018;Florianópolis;
07/05/2018;Itajaí;
07/05/2018;Chapecó;
07/05/2018;Lages;
07/05/2018;Caçador;
07/05/2018;Araranguá;
07/05/2018;Indaial;
07/05/2018;Xanxerê;
07/05/2018;São Miguel do Oeste;
07/05/2018;Laguna;
07/05/2018;Curitibanos;
07/05/2018;Rio Negrinho;
07/05/2018;Campos Novos;
07/05/2018;Itapoá;
07/05/2018;Joaçaba;
08/05/2018;Florianópolis;
08/05/2018;Itajaí;
08/05/2018;Chapecó;
08/05/2018;Lages;
08/05/2018;Caçador;
08/05/2018;Araranguá;
08/05/2018;Indaial;
08/05/2018;Xanxerê;
08/05/2018;São Miguel do Oeste;
08/05/2018;Laguna;
08/05/2018;Curitibanos;
08/05/2018;Rio Negrinho;
08/05/2018;Campos Novos;
08/05/2018;Itapoá;
08/05/2018;Joaçaba;
09/05/2018;Florianópolis;
09/05/2018;Itajaí;
09/05/2018;Chapecó;
09/05/2018;Lages;
09/05/2018;Caçador;
09/05/2018;Araranguá;
09/05/2018;Indaial;
09/05/2018;Xanxerê;
09/05/2018;São Miguel do Oeste;
09/05/2018;Laguna;
09/05/2018;Curitibanos;
09/05/2018;Rio Negrinho;
09/05/2018;Campos Novos;
09/05/2018;Itapoá;
09/05/2018;Joaçaba;
10/05/2018;Florianópolis;
10/05/2018;Itajaí;
10/05/2018;Chapecó;
10/05/2018;Lages;
10/05/2018;Caçador;
10/05/2018;Araranguá;
10/05/2018;Indaial;
10/05/2018;Xanxerê;
10/05/2018;São Miguel do Oeste;
10/05/2018;Laguna;
10/05/2018;Curitibanos;
10/05/2018;Rio Negrinho;
10/05/2018;Campos Novos;
10/05/2018;Itapoá;
10/05/2018;Joaçaba;
11/05/2018;Florianópolis;
11/05/2018;Itajaí;
11/05/2018;Chapecó;
11/05/2018;Lages;
11/05/2018;Caçador;
11/05/2018;Araranguá;
11/05/2018;Indaial;
11/05/2018;Xanxerê;
11/05/2018;São Miguel do Oeste;
11/05/2018;Laguna;
11/05/2018;Curitibanos;
11/05/2018;Rio Negrinho;
11/05/2018;Campos Novos;
11/05/2018;Itapoá;
11/05/2018;Joaçaba;
12/05/2018;Florianópolis;
12/05/2018;Itajaí;
12/05/2018;Chapecó;
12/05/2018;Lages;
12/05/2018;Caçador;
12/05/2018;Araranguá;
12/05/2018;Indaial;
12/05/2018;Xanxerê;
12/05/2018;São Miguel do Oeste;
12/05/2018;Laguna;
12/05/2018;Curitibanos;
12/05/2018;Rio Negrinho;
12/05/2018;Campos Novos;
12/05/2018;Itapoá;
12/05/2018;Joaçaba;
13/05/2018;Florianópolis;
13/05/2018;Itajaí;
13/05/2018;Chapecó;
13/05/2018;Lages;
13/05/2018;Caçador;
13/05/2018;Araranguá;
13/05/2018;Indaial;
13/05/2018;Xanxerê;
13/05/2018;São Miguel do Oeste;
13/05/2018;Laguna;
13/05/2018;Curitibanos;
13/05/2018;Rio Negrinho;
13/05/2018;Campos Novos;
13/05/2018;Itapoá;
13/05/2018;Joaçaba;
14/05/2018;Florianópolis;
14/05/2018;Itajaí;
14/05/2018;Chapecó;
14/05/2018;Lages;
14/05/2018;Caçador;
14/05/2018;Araranguá;
14/05/2018;Indaial;
14/05/2018;Xanxerê;
14/05/2018;São Miguel do Oeste;
14/05/2018;Laguna;
14/05/2018;Curitibanos;
14/05/2018;Rio Negrinho;
14/05/2018;Campos Novos;
14/05/2018;Itapoá;
14/05/2018;Joaçaba;
15/05/2018;Florianópolis;
15/05/2018;Itajaí;
15/05/2018;Chapecó;
15/05/2018;Lages;
15/05/2018;Caçador;
15/05/2018;Araranguá;
15/05/2018;Indaial;
15/05/2018;Xanxerê;
15/05/2018;São Miguel do Oeste;
15/05/2018;Laguna;
15/05/2018;Curitibanos;
15/05/2018;Rio Negrinho;
15/05/2018;Campos Novos;
15/05/2018;Itapoá;
15/05/2018;Joaçaba;
16/05/2018;Florianópolis;
16/05/2018;Itajaí;
16/05/2018;Chapecó;
16/05/2018;Lages;
16/05/2018;Caçador;
16/05/2018;Araranguá;
16/05/2018;Indaial;
16/05/2018;Xanxerê;
16/05/2018;São Miguel do Oeste;
16/05/2018;Laguna;
16/05/2018;Curitibanos;
16/05/2018;Rio Negrinho;
16/05/2018;Campos Novos;
16/05/2018;Itapoá;
16/05/2018;Joaçaba;
17/05/2018;Florianópolis;
17/05/2018;Itajaí;
17/05/2018;Chapecó;
17/05/2018;Lages;
17/05/2018;Caçador;
17/05/2018;Araranguá;
17/05/2018;Indaial;
17/05/2018;Xanxerê;
17/05/2018;São Miguel do Oeste;
17/05/2018;Laguna;
17/05/2018;Curitibanos;
17/05/2018;Rio Negrinho;
17/05/2018;Campos Novos;
17/05/2018;Itapoá;
17/05/2018;Joaçaba;
18/05/2018;Florianópolis;
18/05/2018;Itajaí;
18/05/2018;Chapecó;
18/05/2018;Lages;
18/05/2018;Caçador;
18/05/2018;Araranguá;
18/05/2018;Indaial;
18/05/2018;Xanxerê;
18/05/2018;São Miguel do Oeste;
18/05/2018;Laguna;
18/05/2018;Curitibanos;
18/05/2018;Rio Negrinho;
18/05/2018;Campos Novos;
18/05/2018;Itapoá;
18/05/2018;Joaçaba;
19/05/2018;Florianópolis;
19/05/2018;Itajaí;
19/05/2018;Chapecó;
19/05/2018;Lages;
19/05/2018;Caçador;
19/05/2018;Araranguá;
19/05/2018;Indaial;
19/05/2018;Xanxerê;
19/05/2018;São Miguel do Oeste;
19/05/2018;Laguna;
19/05/2018;Curitibanos;
19/05/2018;Rio Negrinho;
19/05/2018;Campos Novos;
19/05/2018;Itapoá;
19/05/2018;Joaçaba;
20/05/2018;Florianópolis;
20/05/2018;Itajaí;
20/05/2018;Chapecó;
20/05/2018;Lages;
20/05/2018;Caçador;
20/05/2018;Araranguá;
20/05/2018;Indaial;
20/05/2018;Xanxerê;
20/05/2018;São Miguel do Oeste;
20/05/2018;Laguna;
20/05/2018;Curitibanos;
20/05/2018;Rio Negrinho;
20/05/2018;Campos Novos;
20/05/2018;Itapoá;
20/05/2018;Joaçaba;
21/05/2018;Florianópolis;
21/05/2018;Itajaí;
21/05/2018;Chapecó;
21/05/2018;Lages;
21/05/2018;Caçador;
21/05/2018;Araranguá;
21/05/2018;Indaial;
21/05/2018;Xanxerê;
21/05/2018;São Miguel do Oeste;
21/05/2018;Laguna;
21/05/2018;Curitibanos;
21/05/2018;Rio Negrinho;
21/05/2018;Campos Novos;
21/05/2018;Itapoá;
21/05/2018;Joaçaba;
22/05/2018;Florianópolis;
22/05/2018;Itajaí;
22/05/2018;Chapecó;
22/05/2018;Lages;
22/05/2018;Caçador;
22/05/2018;Araranguá;
22/05/2018;Indaial;
22/05/2018;Xanxerê;
22/05/2018;São Miguel do Oeste;
22/05/2018;Laguna;
22/05/2018;Curitibanos;
22/05/2018;Rio Negrinho;
22/05/2018;Campos Novos;
22/05/2018;Itapoá;
22/05/2018;Joaçaba;
23/05/2018;Florianópolis;
23/05/2018;Itajaí;
23/05/2018;Chapecó;
23/05/2018;Lages;
23/05/2018;Caçador;
23/05/2018;Araranguá;
23/05/2018;Indaial;
23/05/2018;Xanxerê;
23/05/2018;São Miguel do Oeste;
23/05/2018;Laguna;
23/05/2018;Curitibanos;
23/05/2018;Rio Negrinho;
23/05/2018;Campos Novos;
23/05/2018;Itapoá;
23/05/2018;Joaçaba;
24/05/2018;Florianópolis;
24/05/2018;Itajaí;
24/05/2018;Chapecó;
24/05/2018;Lages;
24/05/2018;Caçador;
24/05/2018;Araranguá;
24/05/2018;Indaial;
24/05/2018;Xanxerê;
24/05/2018;São Miguel do Oeste;
24/05/2018;Laguna;
24/05/2018;Curitibanos;
24/05/2018;Rio Negrinho;
24/05/2018;Campos Novos;
24/05/2018;Itapoá;
24/05/2018;Joaçaba;
25/05/2018;Florianópolis;
25/05/2018;Itajaí;
25/05/2018;Chapecó;
25/05/2018;Lages;
25/05/2018;Caçador;
25/05/2018;Araranguá;
25/05/2018;Indaial;
25/05/2018;Xanxerê;
25/05/2018;São Miguel do Oeste;
25/05/2018;Laguna;
25/05/2018;Curitibanos;
25/05/2018;Rio Negrinho;
25/05/2018;Campos Novos;
25/05/2018;Itapoá;
25/05/2018;Joaçaba;
26/05/2018;Florianópolis;
26/05/2018;Itajaí;
26/05/2018;Chapecó;
26/05/2018;Lages;
26/05/2018;Caçador;
26/05/2018;Araranguá;
26/05/2018;Indaial;
26/05/2018;Xanxerê;
26/05/2018;São Miguel do Oeste;
26/05/2018;Laguna;
26/05/2018;Curitibanos;
26/05/2018;Rio Negrinho;
26/05/2018;Campos Novos;
26/05/2018;Itapoá;
26/05/2018;Joaçaba;
27/05/2018;Florianópolis;
27/05/2018;Itajaí;
27/05/2018;Chapecó;
27/05/2018;Lages;
27/05/2018;Caçador;
27/05/2018;Araranguá;
27/05/2018;Indaial;
27/05/2018;Xanxerê;
27/05/2018;São Miguel do Oeste;
27/05/2018;Laguna;
27/05/2018;Curitibanos;
27/05/2018;Rio Negrinho;
27/05/2018;Campos Novos;
27/05/2018;Itapoá;
27/05/2018;Joaçaba;
28/05/2018;Florianópolis;
28/05/2018;Itajaí;
28/05/2018;Chapecó;
28/05/2018;Lages;
28/05/2018;Caçador;
28/05/2018;Araranguá;
28/05/2018;Indaial;
28/05/2018;Xanxerê;
28/05/2018;São Miguel do Oeste;
28/05/2018;Laguna;
28/05/2018;Curitibanos;
28/05/2018;Rio Negrinho;
28/05/2018;Campos Novos;
28/05/2018;Itapoá;
28/05/2018;Joaçaba;
29/05/2018;Florianópolis;
29/05/2018;Itajaí;
29/05/2018;Chapecó;
29/05/2018;Lages;
29/05/2018;Caçador;
29/05/2018;Araranguá;
29/05/2018;Indaial;
29/05/2018;Xanxerê;
29/05/2018;São Miguel do Oeste;
29/05/2018;Laguna;
29/05/2018;Curitibanos;
29/05/2018;Rio Negrinho;
29/05/2018;Campos Novos;
29/05/2018;Itapoá;
29/05/2018;Joaçaba;
30/05/2018;Florianópolis;
30/05/2018;Itajaí;
30/05/2018;Chapecó;
30/05/2018;Lages;
30/05/2018;Caçador;
30/05/2018;Araranguá;
30/05/2018;Indaial;
30/05/2018;Xanxerê;
30/05/2018;São Miguel do Oeste;
30/05/2018;Laguna;
30/05/2018;Curitibanos;
30/05/2018;Rio Negrinho;
30/05/2018;Campos Novos;
30/05/2018;Itapoá;
30/05/2018;Joaçaba;
31/05/2018;Florianópolis;
31/05/2018;Itajaí;
31/05/2018;Chapecó;
31/05/2018;Lages;
31/05/2018;Caçador;
31/05/2018;Araranguá;
31/05/2018;Indaial;
31/05/2018;Xanxerê;
31/05/2018;São Miguel do Oeste;
31/05/2018;Laguna;
31/05/2018;Curitibanos;
31/05/2018;Rio Negrinho;
31/05/2018;Campos Novos;
31/05/2018;Itapoá;
31/05/2018;Joaçaba;
01/06/2018;Florianópolis;
01/06/2018;Itajaí;
01/06/2018;Chapecó;
01/06/2018;Lages;
01/06/2018;Caçador;
01/06/2018;Araranguá;
01/06/2018;Indaial;
01/06/2018;Xanxerê;
01/06/2018;São Miguel do Oeste;
01/06/2018;Laguna;
01/06/2018;Curitibanos;
01/06/2018;Rio Negrinho;
01/06/2018;Campos Novos;
01/06/2018;Itapoá;
01/06/2018;Joaçaba;
02/06/2018;Florianópolis;
02/06/2018;Itajaí;
02/06/2018;Chapecó;
02/06/2018;Lages;
02/06/2018;Caçador;
02/06/2018;Araranguá;
02/06/2018;Indaial;
02/06/2018;Xanxerê;
02/06/2018;São Miguel do Oeste;
02/06/2018;Laguna;
02/06/2018;Curitibanos;
02/06/2018;Rio Negrinho;
02/06/2018;Campos Novos;
02/06/2018;Itapoá;
02/06/2018;Joaçaba;
03/06/2018;Florianópolis;
03/06/2018;Itajaí;
03/06/2018;Chapecó;
03/06/2018;Lages;
03/06/2018;Caçador;
03/06/2018;Araranguá;
03/06/2018;Indaial;
03/06/2018;Xanxerê;
03/06/2018;São Miguel do Oeste;
03/06/2018;Laguna;
03/06/2018;Curitibanos;
03/06/2018;Rio Negrinho;
03/06/2018;Campos Novos;
03/06/2018;Itapoá;
03/06/2018;Joaçaba;
04/06/2018;Florianópolis;
04/06/2018;Itajaí;
04/06/2018;Chapecó;
04/06/2018;Lages;
04/06/2018;Caçador;
04/06/2018;Araranguá;
04/06/2018;Indaial;
04/06/2018;Xanxerê;
04/06/2018;São Miguel do Oeste;
04/06/2018;Laguna;
04/06/2018;Curitibanos;
04/06/2018;Rio Negrinho;
04/06/2018;Campos Novos;
04/06/2018;Itapoá;
04/06/2018;Joaçaba;
05/06/2018;Florianópolis;
05/06/2018;Itajaí;
05/06/2018;Chapecó;
05/06/2018;Lages;
05/06/2018;Caçador;
05/06/2018;Araranguá;
05/06/2018;Indaial;
05/06/2018;Xanxerê;
05/06/2018;São Miguel do Oeste;
05/06/2018;Laguna;
05/06/2018;Curitibanos;
05/06/2018;Rio Negrinho;
05/06/2018;Campos Novos;
05/06/2018;Itapoá;
05/06/2018;Joaçaba;
06/06/2018;Florianópolis;
06/06/2018;Itajaí;
06/06/2018;Chapecó;
06/06/2018;Lages;
06/06/2018;Caçador;
06/06/2018;Araranguá;
06/06/2018;Indaial;
06/06/2018;Xanxerê;
06/06/2018;São Miguel do Oeste;
06/06/2018;Laguna;
06/06/2018;Curitibanos;
06/06/2018;Rio Negrinho;
06/06/2018;Campos Novos;
06/06/2018;Itapoá;
06/06/2018;Joaçaba;
07/06/2018;Florianópolis;
07/06/2018;Itajaí;
07/06/2018;Chapecó;
07/06/2018;Lages;
07/06/2018;Caçador;
07/06/2018;Araranguá;
07/06/2018;Indaial;
07/06/2018;Xanxerê;
07/06/2018;São Miguel do Oeste;
07/06/2018;Laguna;
07/06/2018;Curitibanos;
07/06/2018;Rio Negrinho;
07/06/2018;Campos Novos;
07/06/2018;Itapoá;
07/06/2018;Joaçaba;
08/06/2018;Florianópolis;
08/06/2018;Itajaí;
08/06/2018;Chapecó;
08/06/2018;Lages;
08/06/2018;Caçador;
08/06/2018;Araranguá;
08/06/2018;Indaial;
08/06/2018;Xanxerê;
08/06/2018;São Miguel do Oeste;
08/06/2018;Laguna;
08/06/2018;Curitibanos;
08/06/2018;Rio Negrinho;
08/06/2018;Campos Novos;
08/06/2018;Itapoá;
08/06/2018;Joaçaba;
09/06/2018;Florianópolis;
09/06/2018;Itajaí;
09/06/2018;Chapecó;
09/06/2018;Lages;
09/06/2018;Caçador;
09/06/2018;Araranguá;
09/06/2018;Indaial;
09/06/2018;Xanxerê;
09/06/2018;São Miguel do Oeste;
09/06/2018;Laguna;
09/06/2018;Curitibanos;
09/06/2018;Rio Negrinho;
09/06/2018;Campos Novos;
09/06/2018;Itapoá;
09/06/2018;Joaçaba;
10/06/2018;Florianópolis;
10/06/2018;Itajaí;
10/06/2018;Chapecó;
10/06/2018;Lages;
10/06/2018;Caçador;
10/06/2018;Araranguá;
10/06/2018;Indaial;
10/06/2018;Xanxerê;
10/06/2018;São Miguel do Oeste;
10/06/2018;Laguna;
10/06/2018;Curitibanos;
10/06/2018;Rio Negrinho;
10/06/2018;Campos Novos;
10/06/2018;Itapoá;
10/06/2018;Joaçaba;
11/06/2018;Florianópolis;
11/06/2018;Itajaí;
11/06/2018;Chapecó;
11/06/2018;Lages;
11/06/2018;Caçador;
11/06/2018;Araranguá;
11/06/2018;Indaial;
11/06/2018;Xanxerê;
11/06/2018;São Miguel do Oeste;
11/06/2018;Laguna;
11/06/2018;Curitibanos;
11/06/2018;Rio Negrinho;
11/06/2018;Campos Novos;
11/06/2018;Itapoá;
11/06/2018;Joaçaba;
12/06/2018;Florianópolis;
12/06/2018;Itajaí;
12/06/2018;Chapecó;
12/06/2018;Lages;
12/06/2018;Caçador;
12/06/2018;Araranguá;
12/06/2018;Indaial;
12/06/2018;Xanxerê;
12/06/2018;São Miguel do Oeste;
12/06/2018;Laguna;
12/06/2018;Curitibanos;
12/06/2018;Rio Negrinho;
12/06/2018;Campos Novos;
12/06/2018;Itapoá;
12/06/2018;Joaçaba;
13/06/2018;Florianópolis;
13/06/2018;Itajaí;
13/06/2018;Chapecó;
13/06/2018;Lages;
13/06/2018;Caçador;
13/06/2018;Araranguá;
13/06/2018;Indaial;
13/06/2018;Xanxerê;
13/06/2018;São Miguel do Oeste;
13/06/2018;Laguna;
13/06/2018;Curitibanos;
13/06/2018;Rio Negrinho;
13/06/2018;Campos Novos;
13/06/2018;Itapoá;
13/06/2018;Joaçaba;
14/06/2018;Florianópolis;
14/06/2018;Itajaí;
14/06/2018;Chapecó;
14/06/2018;Lages;
14/06/2018;Caçador;
14/06/2018;Araranguá;
14/06/2018;Indaial;
14/06/2018;Xanxerê;
14/06/2018;São Miguel do Oeste;
14/06/2018;Laguna;
14/06/2018;Curitibanos;
14/06/2018;Rio Negrinho;
14/06/2018;Campos Novos;
14/06/2018;Itapoá;
14/06/2018;Joaçaba;
15/06/2018;Florianópolis;
15/06/2018;Itajaí;
15/06/2018;Chapecó;
15/06/2018;Lages;
15/06/2018;Caçador;
15/06/2018;Araranguá;
15/06/2018;Indaial;
15/06/2018;Xanxerê;
15/06/2018;São Miguel do Oeste;
15/06/2018;Laguna;
15/06/2018;Curitibanos;
15/06/2018;Rio Negrinho;
15/06/2018;Campos Novos;
15/06/2018;Itapoá;
15/06/2018;Joaçaba;
16/06/2018;Florianópolis;
16/06/2018;Itajaí;
16/06/2018;Chapecó;
16/06/2018;Lages;
16/06/2018;Caçador;
16/06/2018;Araranguá;
16/06/2018;Indaial;
16/06/2018;Xanxerê;
16/06/2018;São Miguel do Oeste;
16/06/2018;Laguna;
16/06/2018;Curitibanos;
16/06/2018;Rio Negrinho;
16/06/2018;Campos Novos;
16/06/2018;Itapoá;
16/06/2018;Joaçaba;
17/06/2018;Florianópolis;
17/06/2018;Itajaí;
17/06/2018;Chapecó;
17/06/2018;Lages;
17/06/2018;Caçador;
17/06/2018;Araranguá;
17/06/2018;Indaial;
17/06/2018;Xanxerê;
17/06/2018;São Miguel do Oeste;
17/06/2018;Laguna;
17/06/2018;Curitibanos;
17/06/2018;Rio Negrinho;
17/06/2018;Campos Novos;
17/06/2018;Itapoá;
17/06/2018;Joaçaba;
18/06/2018;Florianópolis;
18/06/2018;Itajaí;
18/06/2018;Chapecó;
18/06/2018;Lages;
18/06/2018;Caçador;
18/06/2018;Araranguá;
18/06/2018;Indaial;
18/06/2018;Xanxerê;
18/06/2018;São Miguel do Oeste;
18/06/2018;Laguna;
18/06/2018;Curitibanos;
18/06/2018;Rio Negrinho;
18/06/2018;Campos Novos;
18/06/2018;Itapoá;
18/06/2018;Joaçaba;
19/06/2018;Florianópolis;
19/06/2018;Itajaí;
19/06/2018;Chapecó;
19/06/2018;Lages;
19/06/2018;Caçador;
19/06/2018;Araranguá;
19/06/2018;Indaial;
19/06/2018;Xanxerê;
19/06/2018;São Miguel do Oeste;
19/06/2018;Laguna;
19/06/2018;Curitibanos;
19/06/2018;Rio Negrinho;
19/06/2018;Campos Novos;
19/06/2018;Itapoá;
19/06/2018;Joaçaba;
20/06/2018;Florianópolis;
20/06/2018;Itajaí;
20/06/2018;Chapecó;
20/06/2018;Lages;
20/06/2018;Caçador;
20/06/2018;Araranguá;
20/06/2018;Indaial;
20/06/2018;Xanxerê;
20/06/2018;São Miguel do Oeste;
20/06/2018;Laguna;
20/06/2018;Curitibanos;
20/06/2018;Rio Negrinho;
20/06/2018;Campos Novos;
20/06/2018;Itapoá;
20/06/2018;Joaçaba;
21/06/2018;Florianópolis;
21/06/2018;Itajaí;
21/06/2018;Chapecó;
21/06/2018;Lages;
21/06/2018;Caçador;
21/06/2018;Araranguá;
21/06/2018;Indaial;
21/06/2018;Xanxerê;
21/06/2018;São Miguel do Oeste;
21/06/2018;Laguna;
21/06/2018;Curitibanos;
21/06/2018;Rio Negrinho;
21/06/2018;Campos Novos;
21/06/2018;Itapoá;
21/06/2018;Joaçaba;
22/06/2018;Florianópolis;
22/06/2018;Itajaí;
22/06/2018;Chapecó;
22/06/2018;Lages;
22/06/2018;Caçador;
22/06/2018;Araranguá;
22/06/2018;Indaial;
22/06/2018;Xanxerê;
22/06/2018;São Miguel do Oeste;
22/06/2018;Laguna;
22/06/2018;Curitibanos;
22/06/2018;Rio Negrinho;
22/06/2018;Campos Novos;
22/06/2018;Itapoá;
22/06/2018;Joaçaba;
23/06/2018;Florianópolis;
23/06/2018;Itajaí;
23/06/2018;Chapecó;
23/06/2018;Lages;
23/06/2018;Caçador;
23/06/2018;Araranguá;
23/06/2018;Indaial;
23/06/2018;Xanxerê;
23/06/2018;São Miguel do Oeste;
23/06/2018;Laguna;
23/06/2018;Curitibanos;
23/06/2018;Rio Negrinho;
23/06/2018;Campos Novos;
23/06/2018;Itapoá;
23/06/2018;Joaçaba;
24/06/2018;Florianópolis;
24/06/2018;Itajaí;
24/06/2018;Chapecó;
24/06/2018;Lages;
24/06/2018;Caçador;
24/06/2018;Araranguá;
24/06/2018;Indaial;
24/06/2018;Xanxerê;
24/06/2018;São Miguel do Oeste;
24/06/2018;Laguna;
24/06/2018;Curitibanos;
24/06/2018;Rio Negrinho;
24/06/2018;Campos Novos;
24/06/2018;Itapoá;
24/06/2018;Joaçaba;
25/06/2018;Florianópolis;
25/06/2018;Itajaí;
25/06/2018;Chapecó;
25/06/2018;Lages;
25/06/2018;Caçador;
25/06/2018;Araranguá;
25/06/2018;Indaial;
25/06/2018;Xanxerê;
25/06/2018;São Miguel do Oeste;
25/06/2018;Laguna;
25/06/2018;Curitibanos;
25/06/2018;Rio Negrinho;
25/06/2018;Campos Novos;
25/06/2018;Itapoá;
25/06/2018;Joaçaba;
26/06/2018;Florianópolis;
26/06/2018;Itajaí;
26/06/2018;Chapecó;
26/06/2018;Lages;
26/06/2018;Caçador;
26/06/2018;Araranguá;
26/06/2018;Indaial;
26/06/2018;Xanxerê;
26/06/2018;São Miguel do Oeste;
26/06/2018;Laguna;
26/06/2018;Curitibanos;
26/06/2018;Rio Negrinho;
26/06/2018;Campos Novos;
26/06/2018;Itapoá;
26/06/2018;Joaçaba;
27/06/2018;Florianópolis;
27/06/2018;Itajaí;
27/06/2018;Chapecó;
27/06/2018;Lages;
27/06/2018;Caçador;
27/06/2018;Araranguá;
27/06/2018;Indaial;
27/06/2018;Xanxerê;
27/06/2018;São Miguel do Oeste;
27/06/2018;Laguna;
27/06/2018;Curitibanos;
27/06/2018;Rio Negrinho;
27/06/2018;Campos Novos;
27/06/2018;Itapoá;
27/06/2018;Joaçaba;
28/06/2018;Florianópolis;
28/06/2018;Itajaí;
28/06/2018;Chapecó;
28/06/2018;Lages;
28/06/2018;Caçador;
28/06/2018;Araranguá;
28/06/2018;Indaial;
28/06/2018;Xanxerê;
28/06/2018;São Miguel do Oeste;
28/06/2018;Laguna;
28/06/2018;Curitibanos;
28/06/2018;Rio Negrinho;
28/06/2018;Campos Novos;
28/06/2018;Itapoá;
28/06/2018;Joaçaba;
29/06/2018;Florianópolis;
29/06/2018;Itajaí;
29/06/2018;Chapecó;
29/06/2018;Lages;
29/06/2018;Caçador;
29/06/2018;Araranguá;
29/06/2018;Indaial;
29/06/2018;Xanxerê;
29/06/2018;São Miguel do Oeste;
29/06/2018;Laguna;
29/06/2018;Curitibanos;
29/06/2018;Rio Negrinho;
29/06/2018;Campos Novos;
29/06/2018;Itapoá;
29/06/2018;Joaçaba;
30/06/2018;Florianópolis;
30/06/2018;Itajaí;
30/06/2018;Chapecó;
30/06/2018;Lages;
30/06/2018;Caçador;
30/06/2018;Araranguá;
30/06/2018;Indaial;
30/06/2018;Xanxerê;
30/06/2018;São Miguel do Oeste;
30/06/2018;Laguna;
30/06/2018;Curitibanos;
30/06/2018;Rio Negrinho;
30/06/2018;Campos Novos;
30/06/2018;Itapoá;
30/06/2018;Joaçaba;
01/07/2018;Florianópolis;
01/07/2018;Itajaí;
01/07/2018;Chapecó;
01/07/2018;Lages;
01/07/2018;Caçador;
01/07/2018;Araranguá;
01/07/2018;Indaial;
01/07/2018;Xanxerê;
01/07/2018;São Miguel do Oeste;
01/07/2018;Laguna;
01/07/2018;Curitibanos;
01/07/2018;Rio Negrinho;
01/07/2018;Campos Novos;
01/07/2018;Itapoá;
01/07/2018;Joaçaba;
02/07/2018;Florianópolis;
02/07/2018;Itajaí;
02/07/2018;Chapecó;
02/07/2018;Lages;
02/07/2018;Caçador;
02/07/2018;Araranguá;
02/07/2018;Indaial;
02/07/2018;Xanxerê;
02/07/2018;São Miguel do Oeste;
02/07/2018;Laguna;
02/07/2018;Curitibanos;
02/07/2018;Rio Negrinho;
02/07/2018;Campos Novos;
02/07/2018;Itapoá;
02/07/2018;Joaçaba;
03/07/2018;Florianópolis;
03/07/2018;Itajaí;
03/07/2018;Chapecó;
03/07/2018;Lages;
03/07/2018;Caçador;
03/07/2018;Araranguá;
03/07/2018;Indaial;
03/07/2018;Xanxerê;
03/07/2018;São Miguel do Oeste;
03/07/2018;Laguna;
03/07/2018;Curitibanos;
03/07/2018;Rio Negrinho;
03/07/2018;Campos Novos;
03/07/2018;Itapoá;
03/07/2018;Joaçaba;
04/07/2018;Florianópolis;
04/07/2018;Itajaí;
04/07/2018;Chapecó;
04/07/2018;Lages;
04/07/2018;Caçador;
04/07/2018;Araranguá;
04/07/2018;Indaial;
04/07/2018;Xanxerê;
04/07/2018;São Miguel do Oeste;
04/07/2018;Laguna;
04/07/2018;Curitibanos;
04/07/2018;Rio Negrinho;
04/07/2018;Campos Novos;
04/07/2018;Itapoá;
04/07/2018;Joaçaba;
05/07/2018;Florianópolis;
05/07/2018;Itajaí;
05/07/2018;Chapecó;
05/07/2018;Lages;
05/07/2018;Caçador;
05/07/2018;Araranguá;
05/07/2018;Indaial;
05/07/2018;Xanxerê;
05/07/2018;São Miguel do Oeste;
05/07/2018;Laguna;
05/07/2018;Curitibanos;
05/07/2018;Rio Negrinho;
05/07/2018;Campos Novos;
05/07/2018;Itapoá;
05/07/2018;Joaçaba;
06/07/2018;Florianópolis;
06/07/2018;Itajaí;
06/07/2018;Chapecó;
06/07/2018;Lages;
06/07/2018;Caçador;
06/07/2018;Araranguá;
06/07/2018;Indaial;
06/07/2018;Xanxerê;
06/07/2018;São Miguel do Oeste;
06/07/2018;Laguna;
06/07/2018;Curitibanos;
06/07/2018;Rio Negrinho;
06/07/2018;Campos Novos;
06/07/2018;Itapoá;
06/07/2018;Joaçaba;
07/07/2018;Florianópolis;
07/07/2018;Itajaí;
07/07/2018;Chapecó;
07/07/2018;Lages;
07/07/2018;Caçador;
07/07/2018;Araranguá;
07/07/2018;Indaial;
07/07/2018;Xanxerê;
07/07/2018;São Miguel do Oeste;
07/07/2018;Laguna;
07/07/2018;Curitibanos;
07/07/2018;Rio Negrinho;
07/07/2018;Campos Novos;
07/07/2018;Itapoá;
07/07/2018;Joaçaba;
08/07/2018;Florianópolis;
08/07/2018;Itajaí;
08/07/2018;Chapecó;
08/07/2018;Lages;
08/07/2018;Caçador;
08/07/2018;Araranguá;
08/07/2018;Indaial;
08/07/2018;Xanxerê;
08/07/2018;São Miguel do Oeste;
08/07/2018;Laguna;
08/07/2018;Curitibanos;
08/07/2018;Rio Negrinho;
08/07/2018;Campos Novos;
08/07/2018;Itapoá;
08/07/2018;Joaçaba;
09/07/2018;Florianópolis;
09/07/2018;Itajaí;
09/07/2018;Chapecó;
09/07/2018;Lages;
09/07/2018;Caçador;
09/07/2018;Araranguá;
09/07/2018;Indaial;
09/07/2018;Xanxerê;
09/07/2018;São Miguel do Oeste;
09/07/2018;Laguna;
09/07/2018;Curitibanos;
09/07/2018;Rio Negrinho;
09/07/2018;Campos Novos;
09/07/2018;Itapoá;
09/07/2018;Joaçaba;
10/07/2018;Florianópolis;
10/07/2018;Itajaí;
10/07/2018;Chapecó;
10/07/2018;Lages;
10/07/2018;Caçador;
10/07/2018;Araranguá;
10/07/2018;Indaial;
10/07/2018;Xanxerê;
10/07/2018;São Miguel do Oeste;
10/07/2018;Laguna;
10/07/2018;Curitibanos;
10/07/2018;Rio Negrinho;
10/07/2018;Campos Novos;
10/07/2018;Itapoá;
10/07/2018;Joaçaba;
11/07/2018;Florianópolis;
11/07/2018;Itajaí;
11/07/2018;Chapecó;
11/07/2018;Lages;
11/07/2018;Caçador;
11/07/2018;Araranguá;
11/07/2018;Indaial;
11/07/2018;Xanxerê;
11/07/2018;São Miguel do Oeste;
11/07/2018;Laguna;
11/07/2018;Curitibanos;
11/07/2018;Rio Negrinho;
11/07/2018;Campos Novos;
11/07/2018;Itapoá;
11/07/2018;Joaçaba;
12/07/2018;Florianópolis;
12/07/2018;Itajaí;
12/07/2018;Chapecó;
12/07/2018;Lages;
12/07/2018;Caçador;
12/07/2018;Araranguá;
12/07/2018;Indaial;
12/07/2018;Xanxerê;
12/07/2018;São Miguel do Oeste;
12/07/2018;Laguna;
12/07/2018;Curitibanos;
12/07/2018;Rio Negrinho;
12/07/2018;Campos Novos;
12/07/2018;Itapoá;
12/07/2018;Joaçaba;
13/07/2018;Florianópolis;
13/07/2018;Itajaí;
13/07/2018;Chapecó;
13/07/2018;Lages;
13/07/2018;Caçador;
13/07/2018;Araranguá;
13/07/2018;Indaial;
13/07/2018;Xanxerê;
13/07/2018;São Miguel do Oeste;
13/07/2018;Laguna;
13/07/2018;Curitibanos;
13/07/2018;Rio Negrinho;
13/07/2018;Campos Novos;
13/07/2018;Itapoá;
13/07/2018;Joaçaba;
14/07/2018;Florianópolis;
14/07/2018;Itajaí;
14/07/2018;Chapecó;
14/07/2018;Lages;
14/07/2018;Caçador;
14/07/2018;Araranguá;
14/07/2018;Indaial;
14/07/2018;Xanxerê;
14/07/2018;São Miguel do Oeste;
14/07/2018;Laguna;
14/07/2018;Curitibanos;
14/07/2018;Rio Negrinho;
14/07/2018;Campos Novos;
14/07/2018;Itapoá;
14/07/2018;Joaçaba;
15/07/2018;Florianópolis;
15/07/2018;Itajaí;
15/07/2018;Chapecó;
15/07/2018;Lages;
15/07/2018;Caçador;
15/07/2018;Araranguá;
15/07/2018;Indaial;
15/07/2018;Xanxerê;
15/07/2018;São Miguel do Oeste;
15/07/2018;Laguna;
15/07/2018;Curitibanos;
15/07/2018;Rio Negrinho;
15/07/2018;Campos Novos;
15/07/2018;Itapoá;
15/07/2018;Joaçaba;
16/07/2018;Florianópolis;
16/07/2018;Itajaí;
16/07/2018;Chapecó;
16/07/2018;Lages;
16/07/2018;Caçador;
16/07/2018;Araranguá;
16/07/2018;Indaial;
16/07/2018;Xanxerê;
16/07/2018;São Miguel do Oeste;
16/07/2018;Laguna;
16/07/2018;Curitibanos;
16/07/2018;Rio Negrinho;
16/07/2018;Campos Novos;
16/07/2018;Itapoá;
16/07/2018;Joaçaba;
17/07/2018;Florianópolis;
17/07/2018;Itajaí;
17/07/2018;Chapecó;
17/07/2018;Lages;
17/07/2018;Caçador;
17/07/2018;Araranguá;
17/07/2018;Indaial;
17/07/2018;Xanxerê;
17/07/2018;São Miguel do Oeste;
17/07/2018;Laguna;
17/07/2018;Curitibanos;
17/07/2018;Rio Negrinho;
17/07/2018;Campos Novos;
17/07/2018;Itapoá;
17/07/2018;Joaçaba;
18/07/2018;Florianópolis;
18/07/2018;Itajaí;
18/07/2018;Chapecó;
18/07/2018;Lages;
18/07/2018;Caçador;
18/07/2018;Araranguá;
18/07/2018;Indaial;
18/07/2018;Xanxerê;
18/07/2018;São Miguel do Oeste;
18/07/2018;Laguna;
18/07/2018;Curitibanos;
18/07/2018;Rio Negrinho;
18/07/2018;Campos Novos;
18/07/2018;Itapoá;
18/07/2018;Joaçaba;
19/07/2018;Florianópolis;
19/07/2018;Itajaí;
19/07/2018;Chapecó;
19/07/2018;Lages;
19/07/2018;Caçador;
19/07/2018;Araranguá;
19/07/2018;Indaial;
19/07/2018;Xanxerê;
19/07/2018;São Miguel do Oeste;
19/07/2018;Laguna;
19/07/2018;Curitibanos;
19/07/2018;Rio Negrinho;
19/07/2018;Campos Novos;
19/07/2018;Itapoá;
19/07/2018;Joaçaba;
20/07/2018;Florianópolis;
20/07/2018;Itajaí;
20/07/2018;Chapecó;
20/07/2018;Lages;
20/07/2018;Caçador;
20/07/2018;Araranguá;
20/07/2018;Indaial;
20/07/2018;Xanxerê;
20/07/2018;São Miguel do Oeste;
20/07/2018;Laguna;
20/07/2018;Curitibanos;
20/07/2018;Rio Negrinho;
20/07/2018;Campos Novos;
20/07/2018;Itapoá;
20/07/2018;Joaçaba;
21/07/2018;Florianópolis;
21/07/2018;Itajaí;
21/07/2018;Chapecó;
21/07/2018;Lages;
21/07/2018;Caçador;
21/07/2018;Araranguá;
21/07/2018;Indaial;
21/07/2018;Xanxerê;
21/07/2018;São Miguel do Oeste;
21/07/2018;Laguna;
21/07/2018;Curitibanos;
21/07/2018;Rio Negrinho;
21/07/2018;Campos Novos;
21/07/2018;Itapoá;
21/07/2018;Joaçaba;
22/07/2018;Florianópolis;
22/07/2018;Itajaí;
22/07/2018;Chapecó;
22/07/2018;Lages;
22/07/2018;Caçador;
22/07/2018;Araranguá;
22/07/2018;Indaial;
22/07/2018;Xanxerê;
22/07/2018;São Miguel do Oeste;
22/07/2018;Laguna;
22/07/2018;Curitibanos;
22/07/2018;Rio Negrinho;
22/07/2018;Campos Novos;
22/07/2018;Itapoá;
22/07/2018;Joaçaba;
23/07/2018;Florianópolis;
23/07/2018;Itajaí;
23/07/2018;Chapecó;
23/07/2018;Lages;
23/07/2018;Caçador;
23/07/2018;Araranguá;
23/07/2018;Indaial;
23/07/2018;Xanxerê;
23/07/2018;São Miguel do Oeste;
23/07/2018;Laguna;
23/07/2018;Curitibanos;
23/07/2018;Rio Negrinho;
23/07/2018;Campos Novos;
23/07/2018;Itapoá;
23/07/2018;Joaçaba;
24/07/2018;Florianópolis;
24/07/2018;Itajaí;
24/07/2018;Chapecó;
24/07/2018;Lages;
24/07/2018;Caçador;
24/07/2018;Araranguá;
24/07/2018;Indaial;
24/07/2018;Xanxerê;
24/07/2018;São Miguel do Oeste;
24/07/2018;Laguna;
24/07/2018;Curitibanos;
24/07/2018;Rio Negrinho;
24/07/2018;Campos Novos;
24/07/2018;Itapoá;
24/07/2018;Joaçaba;
25/07/2018;Florianópolis;
25/07/2018;Itajaí;
25/07/2018;Chapecó;
25/07/2018;Lages;
25/07/2018;Caçador;
25/07/2018;Araranguá;
25/07/2018;Indaial;
25/07/2018;Xanxerê;
25/07/2018;São Miguel do Oeste;
25/07/2018;Laguna;
25/07/2018;Curitibanos;
25/07/2018;Rio Negrinho;
25/07/2018;Campos Novos;
25/07/2018;Itapoá;
25/07/2018;Joaçaba;
26/07/2018;Florianópolis;
26/07/2018;Itajaí;
26/07/2018;Chapecó;
26/07/2018;Lages;
26/07/2018;Caçador;
26/07/2018;Araranguá;
26/07/2018;Indaial;
26/07/2018;Xanxerê;
26/07/2018;São Miguel do Oeste;
26/07/2018;Laguna;
26/07/2018;Curitibanos;
26/07/2018;Rio Negrinho;
26/07/2018;Campos Novos;
26/07/2018;Itapoá;
26/07/2018;Joaçaba;
27/07/2018;Florianópolis;
27/07/2018;Itajaí;
27/07/2018;Chapecó;
27/07/2018;Lages;
27/07/2018;Caçador;
27/07/2018;Araranguá;
27/07/2018;Indaial;
27/07/2018;Xanxerê;
27/07/2018;São Miguel do Oeste;
27/07/2018;Laguna;
27/07/2018;Curitibanos;
27/07/2018;Rio Negrinho;
27/07/2018;Campos Novos;
27/07/2018;Itapoá;
27/07/2018;Joaçaba;
28/07/2018;Florianópolis;
28/07/2018;Itajaí;
28/07/2018;Chapecó;
28/07/2018;Lages;
28/07/2018;Caçador;
28/07/2018;Araranguá;
28/07/2018;Indaial;
28/07/2018;Xanxerê;
28/07/2018;São Miguel do Oeste;
28/07/2018;Laguna;
28/07/2018;Curitibanos;
28/07/2018;Rio Negrinho;
28/07/2018;Campos Novos;
28/07/2018;Itapoá;
28/07/2018;Joaçaba;
29/07/2018;Florianópolis;
29/07/2018;Itajaí;
29/07/2018;Chapecó;
29/07/2018;Lages;
29/07/2018;Caçador;
29/07/2018;Araranguá;
29/07/2018;Indaial;
29/07/2018;Xanxerê;
29/07/2018;São Miguel do Oeste;
29/07/2018;Laguna;
29/07/2018;Curitibanos;
29/07/2018;Rio Negrinho;
29/07/2018;Campos Novos;
29/07/2018;Itapoá;
29/07/2018;Joaçaba;
30/07/2018;Florianópolis;
30/07/2018;Itajaí;
30/07/2018;Chapecó;
30/07/2018;Lages;
30/07/2018;Caçador;
30/07/2018;Araranguá;
30/07/2018;Indaial;
30/07/2018;Xanxerê;
30/07/2018;São Miguel do Oeste;
30/07/2018;Laguna;
30/07/2018;Curitibanos;
30/07/2018;Rio Negrinho;
30/07/2018;Campos Novos;
30/07/2018;Itapoá;
30/07/2018;Joaçaba;
31/07/2018;Florianópolis;
31/07/2018;Itajaí;
31/07/2018;Chapecó;
31/07/2018;Lages;
31/07/2018;Caçador;
31/07/2018;Araranguá;
31/07/2018;Indaial;
31/07/2018;Xanxerê;
31/07/2018;São Miguel do Oeste;
31/07/2018;Laguna;
31/07/2018;Curitibanos;
31/07/2018;Rio Negrinho;
31/07/2018;Campos Novos;
31/07/2018;Itapoá;
31/07/2018;Joaçaba;
01/08/2018;Florianópolis;
01/08/2018;Itajaí;
01/08/2018;Chapecó;
01/08/2018;Lages;
01/08/2018;Caçador;
01/08/2018;Araranguá;
01/08/2018;Indaial;
01/08/2018;Xanxerê;
01/08/2018;São Miguel do Oeste;
01/08/2018;Laguna;
01/08/2018;Curitibanos;
01/08/2018;Rio Negrinho;
01/08/2018;Campos Novos;
01/08/2018;Itapoá;
01/08/2018;Joaçaba;
02/08/2018;Florianópolis;
02/08/2018;Itajaí;
02/08/2018;Chapecó;
02/08/2018;Lages;
02/08/2018;Caçador;
02/08/2018;Araranguá;
02/08/2018;Indaial;
02/08/2018;Xanxerê;
02/08/2018;São Miguel do Oeste;
02/08/2018;Laguna;
02/08/2018;Curitibanos;
02/08/2018;Rio Negrinho;
02/08/2018;Campos Novos;
02/08/2018;Itapoá;
02/08/2018;Joaçaba;
03/08/2018;Florianópolis;
03/08/2018;Itajaí;
03/08/2018;Chapecó;
03/08/2018;Lages;
03/08/2018;Caçador;
03/08/2018;Araranguá;
03/08/2018;Indaial;
03/08/2018;Xanxerê;
03/08/2018;São Miguel do Oeste;
03/08/2018;Laguna;
03/08/2018;Curitibanos;
03/08/2018;Rio Negrinho;
03/08/2018;Campos Novos;
03/08/2018;Itapoá;
03/08/2018;Joaçaba;
04/08/2018;Florianópolis;
04/08/2018;Itajaí;
04/08/2018;Chapecó;
04/08/2018;Lages;
04/08/2018;Caçador;
04/08/2018;Araranguá;
04/08/2018;Indaial;
04/08/2018;Xanxerê;
04/08/2018;São Miguel do Oeste;
04/08/2018;Laguna;
04/08/2018;Curitibanos;
04/08/2018;Rio Negrinho;
04/08/2018;Campos Novos;
04/08/2018;Itapoá;
04/08/2018;Joaçaba;
05/08/2018;Florianópolis;
05/08/2018;Itajaí;
05/08/2018;Chapecó;
05/08/2018;Lages;
05/08/2018;Caçador;
05/08/2018;Araranguá;
05/08/2018;Indaial;
05/08/2018;Xanxerê;
05/08/2018;São Miguel do Oeste;
05/08/2018;Laguna;
05/08/2018;Curitibanos;
05/08/2018;Rio Negrinho;
05/08/2018;Campos Novos;
05/08/2018;Itapoá;
05/08/2018;Joaçaba;
06/08/2018;Florianópolis;
06/08/2018;Itajaí;
06/08/2018;Chapecó;
06/08/2018;Lages;
06/08/2018;Caçador;
06/08/2018;Araranguá;
06/08/2018;Indaial;
06/08/2018;Xanxerê;
06/08/2018;São Miguel do Oeste;
06/08/2018;Laguna;
06/08/2018;Curitibanos;
06/08/2018;Rio Negrinho;
06/08/2018;Campos Novos;
06/08/2018;Itapoá;
06/08/2018;Joaçaba;
07/08/2018;Florianópolis;
07/08/2018;Itajaí;
07/08/2018;Chapecó;
07/08/2018;Lages;
07/08/2018;Caçador;
07/08/2018;Araranguá;
07/08/2018;Indaial;
07/08/2018;Xanxerê;
07/08/2018;São Miguel do Oeste;
07/08/2018;Laguna;
07/08/2018;Curitibanos;
07/08/2018;Rio Negrinho;
07/08/2018;Campos Novos;
07/08/2018;Itapoá;
07/08/2018;Joaçaba;
08/08/2018;Florianópolis;
08/08/2018;Itajaí;
08/08/2018;Chapecó;
08/08/2018;Lages;
08/08/2018;Caçador;
08/08/2018;Araranguá;
08/08/2018;Indaial;
08/08/2018;Xanxerê;
08/08/2018;São Miguel do Oeste;
08/08/2018;Laguna;
08/08/2018;Curitibanos;
08/08/2018;Rio Negrinho;
08/08/2018;Campos Novos;
08/08/2018;Itapoá;
08/08/2018;Joaçaba;
09/08/2018;Florianópolis;
09/08/2018;Itajaí;
09/08/2018;Chapecó;
09/08/2018;Lages;
09/08/2018;Caçador;
09/08/2018;Araranguá;
09/08/2018;Indaial;
09/08/2018;Xanxerê;
09/08/2018;São Miguel do Oeste;
09/08/2018;Laguna;
09/08/2018;Curitibanos;
09/08/2018;Rio Negrinho;
09/08/2018;Campos Novos;
09/08/2018;Itapoá;
09/08/2018;Joaçaba;
10/08/2018;Florianópolis;
10/08/2018;Itajaí;
10/08/2018;Chapecó;
10/08/2018;Lages;
10/08/2018;Caçador;
10/08/2018;Araranguá;
10/08/2018;Indaial;
10/08/2018;Xanxerê;
10/08/2018;São Miguel do Oeste;
10/08/2018;Laguna;
10/08/2018;Curitibanos;
10/08/2018;Rio Negrinho;
10/08/2018;Campos Novos;
10/08/2018;Itapoá;
10/08/2018;Joaçaba;
11/08/2018;Florianópolis;
11/08/2018;Itajaí;
11/08/2018;Chapecó;
11/08/2018;Lages;
11/08/2018;Caçador;
11/08/2018;Araranguá;
11/08/2018;Indaial;
11/08/2018;Xanxerê;
11/08/2018;São Miguel do Oeste;
11/08/2018;Laguna;
11/08/2018;Curitibanos;
11/08/2018;Rio Negrinho;
11/08/2018;Campos Novos;
11/08/2018;Itapoá;
11/08/2018;Joaçaba;
12/08/2018;Florianópolis;
12/08/2018;Itajaí;
12/08/2018;Chapecó;
12/08/2018;Lages;
12/08/2018;Caçador;
12/08/2018;Araranguá;
12/08/2018;Indaial;
12/08/2018;Xanxerê;
12/08/2018;São Miguel do Oeste;
12/08/2018;Laguna;
12/08/2018;Curitibanos;
12/08/2018;Rio Negrinho;
12/08/2018;Campos Novos;
12/08/2018;Itapoá;
12/08/2018;Joaçaba;
13/08/2018;Florianópolis;
13/08/2018;Itajaí;
13/08/2018;Chapecó;
13/08/2018;Lages;
13/08/2018;Caçador;
13/08/2018;Araranguá;
13/08/2018;Indaial;
13/08/2018;Xanxerê;
13/08/2018;São Miguel do Oeste;
13/08/2018;Laguna;
13/08/2018;Curitibanos;
13/08/2018;Rio Negrinho;
13/08/2018;Campos Novos;
13/08/2018;Itapoá;
13/08/2018;Joaçaba;
14/08/2018;Florianópolis;
14/08/2018;Itajaí;
14/08/2018;Chapecó;
14/08/2018;Lages;
14/08/2018;Caçador;
14/08/2018;Araranguá;
14/08/2018;Indaial;
14/08/2018;Xanxerê;
14/08/2018;São Miguel do Oeste;
14/08/2018;Laguna;
14/08/2018;Curitibanos;
14/08/2018;Rio Negrinho;
14/08/2018;Campos Novos;
14/08/2018;Itapoá;
14/08/2018;Joaçaba;
15/08/2018;Florianópolis;
15/08/2018;Itajaí;
15/08/2018;Chapecó;
15/08/2018;Lages;
15/08/2018;Caçador;
15/08/2018;Araranguá;
15/08/2018;Indaial;
15/08/2018;Xanxerê;
15/08/2018;São Miguel do Oeste;
15/08/2018;Laguna;
15/08/2018;Curitibanos;
15/08/2018;Rio Negrinho;
15/08/2018;Campos Novos;
15/08/2018;Itapoá;
15/08/2018;Joaçaba;
16/08/2018;Florianópolis;
16/08/2018;Itajaí;
16/08/2018;Chapecó;
16/08/2018;Lages;
16/08/2018;Caçador;
16/08/2018;Araranguá;
16/08/2018;Indaial;
16/08/2018;Xanxerê;
16/08/2018;São Miguel do Oeste;
16/08/2018;Laguna;
16/08/2018;Curitibanos;
16/08/2018;Rio Negrinho;
16/08/2018;Campos Novos;
16/08/2018;Itapoá;
16/08/2018;Joaçaba;
17/08/2018;Florianópolis;
17/08/2018;Itajaí;
17/08/2018;Chapecó;
17/08/2018;Lages;
17/08/2018;Caçador;
17/08/2018;Araranguá;
17/08/2018;Indaial;
17/08/2018;Xanxerê;
17/08/2018;São Miguel do Oeste;
17/08/2018;Laguna;
17/08/2018;Curitibanos;
17/08/2018;Rio Negrinho;
17/08/2018;Campos Novos;
17/08/2018;Itapoá;
17/08/2018;Joaçaba;
18/08/2018;Florianópolis;
18/08/2018;Itajaí;
18/08/2018;Chapecó;
18/08/2018;Lages;
18/08/2018;Caçador;
18/08/2018;Araranguá;
18/08/2018;Indaial;
18/08/2018;Xanxerê;
18/08/2018;São Miguel do Oeste;
18/08/2018;Laguna;
18/08/2018;Curitibanos;
18/08/2018;Rio Negrinho;
18/08/2018;Campos Novos;
18/08/2018;Itapoá;
18/08/2018;Joaçaba;
19/08/2018;Florianópolis;
19/08/2018;Itajaí;
19/08/2018;Chapecó;
19/08/2018;Lages;
19/08/2018;Caçador;
19/08/2018;Araranguá;
19/08/2018;Indaial;
19/08/2018;Xanxerê;
19/08/2018;São Miguel do Oeste;
19/08/2018;Laguna;
19/08/2018;Curitibanos;
19/08/2018;Rio Negrinho;
19/08/2018;Campos Novos;
19/08/2018;Itapoá;
19/08/2018;Joaçaba;
20/08/2018;Florianópolis;
20/08/2018;Itajaí;
20/08/2018;Chapecó;
20/08/2018;Lages;
20/08/2018;Caçador;
20/08/2018;Araranguá;
20/08/2018;Indaial;
20/08/2018;Xanxerê;
20/08/2018;São Miguel do Oeste;
20/08/2018;Laguna;
20/08/2018;Curitibanos;
20/08/2018;Rio Negrinho;
20/08/2018;Campos Novos;
20/08/2018;Itapoá;
20/08/2018;Joaçaba;
21/08/2018;Florianópolis;
21/08/2018;Itajaí;
21/08/2018;Chapecó;
21/08/2018;Lages;
21/08/2018;Caçador;
21/08/2018;Araranguá;
21/08/2018;Indaial;
21/08/2018;Xanxerê;
21/08/2018;São Miguel do Oeste;
21/08/2018;Laguna;
21/08/2018;Curitibanos;
21/08/2018;Rio Negrinho;
21/08/2018;Campos Novos;
21/08/2018;Itapoá;
21/08/2018;Joaçaba;
22/08/2018;Florianópolis;
22/08/2018;Itajaí;
22/08/2018;Chapecó;
22/08/2018;Lages;
22/08/2018;Caçador;
22/08/2018;Araranguá;
22/08/2018;Indaial;
22/08/2018;Xanxerê;
22/08/2018;São Miguel do Oeste;
22/08/2018;Laguna;
22/08/2018;Curitibanos;
22/08/2018;Rio Negrinho;
22/08/2018;Campos Novos;
22/08/2018;Itapoá;
22/08/2018;Joaçaba;
23/08/2018;Florianópolis;
23/08/2018;Itajaí;
23/08/2018;Chapecó;
23/08/2018;Lages;
23/08/2018;Caçador;
23/08/2018;Araranguá;
23/08/2018;Indaial;
23/08/2018;Xanxerê;
23/08/2018;São Miguel do Oeste;
23/08/2018;Laguna;
23/08/2018;Curitibanos;
23/08/2018;Rio Negrinho;
23/08/2018;Campos Novos;
23/08/2018;Itapoá;
23/08/2018;Joaçaba;
24/08/2018;Florianópolis;
24/08/2018;Itajaí;
24/08/2018;Chapecó;
24/08/2018;Lages;
24/08/2018;Caçador;
24/08/2018;Araranguá;
24/08/2018;Indaial;
24/08/2018;Xanxerê;
24/08/2018;São Miguel do Oeste;
24/08/2018;Laguna;
24/08/2018;Curitibanos;
24/08/2018;Rio Negrinho;
24/08/2018;Campos Novos;
24/08/2018;Itapoá;
24/08/2018;Joaçaba;
25/08/2018;Florianópolis;
25/08/2018;Itajaí;
25/08/2018;Chapecó;
25/08/2018;Lages;
25/08/2018;Caçador;
25/08/2018;Araranguá;
25/08/2018;Indaial;
25/08/2018;Xanxerê;
25/08/2018;São Miguel do Oeste;
25/08/2018;Laguna;
25/08/2018;Curitibanos;
25/08/2018;Rio Negrinho;
25/08/2018;Campos Novos;
25/08/2018;Itapoá;
25/08/2018;Joaçaba;
26/08/2018;Florianópolis;
26/08/2018;Itajaí;
26/08/2018;Chapecó;
26/08/2018;Lages;
26/08/2018;Caçador;
26/08/2018;Araranguá;
26/08/2018;Indaial;
26/08/2018;Xanxerê;
26/08/2018;São Miguel do Oeste;
26/08/2018;Laguna;
26/08/2018;Curitibanos;
26/08/2018;Rio Negrinho;
26/08/2018;Campos Novos;
26/08/2018;Itapoá;
26/08/2018;Joaçaba;
27/08/2018;Florianópolis;
27/08/2018;Itajaí;
27/08/2018;Chapecó;
27/08/2018;Lages;
27/08/2018;Caçador;
27/08/2018;Araranguá;
27/08/2018;Indaial;
27/08/2018;Xanxerê;
27/08/2018;São Miguel do Oeste;
27/08/2018;Laguna;
27/08/2018;Curitibanos;
27/08/2018;Rio Negrinho;
27/08/2018;Campos Novos;
27/08/2018;Itapoá;
27/08/2018;Joaçaba;
28/08/2018;Florianópolis;
28/08/2018;Itajaí;
28/08/2018;Chapecó;
28/08/2018;Lages;
28/08/2018;Caçador;
28/08/2018;Araranguá;
28/08/2018;Indaial;
28/08/2018;Xanxerê;
28/08/2018;São Miguel do Oeste;
28/08/2018;Laguna;
28/08/2018;Curitibanos;
28/08/2018;Rio Negrinho;
28/08/2018;Campos Novos;
28/08/2018;Itapoá;
28/08/2018;Joaçaba;
29/08/2018;Florianópolis;
29/08/2018;Itajaí;
29/08/2018;Chapecó;
29/08/2018;Lages;
29/08/2018;Caçador;
29/08/2018;Araranguá;
29/08/2018;Indaial;
29/08/2018;Xanxerê;
29/08/2018;São Miguel do Oeste;
29/08/2018;Laguna;
29/08/2018;Curitibanos;
29/08/2018;Rio Negrinho;
29/08/2018;Campos Novos;
29/08/2018;Itapoá;
29/08/2018;Joaçaba;
30/08/2018;Florianópolis;
30/08/2018;Itajaí;
30/08/2018;Chapecó;
30/08/2018;Lages;
30/08/2018;Caçador;
30/08/2018;Araranguá;
30/08/2018;Indaial;
30/08/2018;Xanxerê;
30/08/2018;São Miguel do Oeste;
30/08/2018;Laguna;
30/08/2018;Curitibanos;
30/08/2018;Rio Negrinho;
30/08/2018;Campos Novos;
30/08/2018;Itapoá;
30/08/2018;Joaçaba;
31/08/2018;Florianópolis;
31/08/2018;Itajaí;
31/08/2018;Chapecó;
31/08/2018;Lages;
31/08/2018;Caçador;
31/08/2018;Araranguá;
31/08/2018;Indaial;
31/08/2018;Xanxerê;
31/08/2018;São Miguel do Oeste;
31/08/2018;Laguna;
31/08/2018;Curitibanos;
31/08/2018;Rio Negrinho;
31/08/2018;Campos Novos;
31/08/2018;Itapoá;
31/08/2018;Joaçaba;
01/09/2018;Florianópolis;
01/09/2018;Itajaí;
01/09/2018;Chapecó;
01/09/2018;Lages;
01/09/2018;Caçador;
01/09/2018;Araranguá;
01/09/2018;Indaial;
01/09/2018;Xanxerê;
01/09/2018;São Miguel do Oeste;
01/09/2018;Laguna;
01/09/2018;Curitibanos;
01/09/2018;Rio Negrinho;
01/09/2018;Campos Novos;
01/09/2018;Itapoá;
01/09/2018;Joaçaba;
02/09/2018;Florianópolis;
02/09/2018;Itajaí;
02/09/2018;Chapecó;
02/09/2018;Lages;
02/09/2018;Caçador;
02/09/2018;Araranguá;
02/09/2018;Indaial;
02/09/2018;Xanxerê;
02/09/2018;São Miguel do Oeste;
02/09/2018;Laguna;
02/09/2018;Curitibanos;
02/09/2018;Rio Negrinho;
02/09/2018;Campos Novos;
02/09/2018;Itapoá;
02/09/2018;Joaçaba;
03/09/2018;Florianópolis;
03/09/2018;Itajaí;
03/09/2018;Chapecó;
03/09/2018;Lages;
03/09/2018;Caçador;
03/09/2018;Araranguá;
03/09/2018;Indaial;
03/09/2018;Xanxerê;
03/09/2018;São Miguel do Oeste;
03/09/2018;Laguna;
03/09/2018;Curitibanos;
03/09/2018;Rio Negrinho;
03/09/2018;Campos Novos;
03/09/2018;Itapoá;
03/09/2018;Joaçaba;
04/09/2018;Florianópolis;
04/09/2018;Itajaí;
04/09/2018;Chapecó;
04/09/2018;Lages;
04/09/2018;Caçador;
04/09/2018;Araranguá;
04/09/2018;Indaial;
04/09/2018;Xanxerê;
04/09/2018;São Miguel do Oeste;
04/09/2018;Laguna;
04/09/2018;Curitibanos;
04/09/2018;Rio Negrinho;
04/09/2018;Campos Novos;
04/09/2018;Itapoá;
04/09/2018;Joaçaba;
05/09/2018;Florianópolis;
05/09/2018;Itajaí;
05/09/2018;Chapecó;
05/09/2018;Lages;
05/09/2018;Caçador;
05/09/2018;Araranguá;
05/09/2018;Indaial;
05/09/2018;Xanxerê;
05/09/2018;São Miguel do Oeste;
05/09/2018;Laguna;
05/09/2018;Curitibanos;
05/09/2018;Rio Negrinho;
05/09/2018;Campos Novos;
05/09/2018;Itapoá;
05/09/2018;Joaçaba;
06/09/2018;Florianópolis;
06/09/2018;Itajaí;
06/09/2018;Chapecó;
06/09/2018;Lages;
06/09/2018;Caçador;
06/09/2018;Araranguá;
06/09/2018;Indaial;
06/09/2018;Xanxerê;
06/09/2018;São Miguel do Oeste;
06/09/2018;Laguna;
06/09/2018;Curitibanos;
06/09/2018;Rio Negrinho;
06/09/2018;Campos Novos;
06/09/2018;Itapoá;
06/09/2018;Joaçaba;
07/09/2018;Florianópolis;
07/09/2018;Itajaí;
07/09/2018;Chapecó;
07/09/2018;Lages;
07/09/2018;Caçador;
07/09/2018;Araranguá;
07/09/2018;Indaial;
07/09/2018;Xanxerê;
07/09/2018;São Miguel do Oeste;
07/09/2018;Laguna;
07/09/2018;Curitibanos;
07/09/2018;Rio Negrinho;
07/09/2018;Campos Novos;
07/09/2018;Itapoá;
07/09/2018;Joaçaba;
08/09/2018;Florianópolis;
08/09/2018;Itajaí;
08/09/2018;Chapecó;
08/09/2018;Lages;
08/09/2018;Caçador;
08/09/2018;Araranguá;
08/09/2018;Indaial;
08/09/2018;Xanxerê;
08/09/2018;São Miguel do Oeste;
08/09/2018;Laguna;
08/09/2018;Curitibanos;
08/09/2018;Rio Negrinho;
08/09/2018;Campos Novos;
08/09/2018;Itapoá;
08/09/2018;Joaçaba;
09/09/2018;Florianópolis;
09/09/2018;Itajaí;
09/09/2018;Chapecó;
09/09/2018;Lages;
09/09/2018;Caçador;
09/09/2018;Araranguá;
09/09/2018;Indaial;
09/09/2018;Xanxerê;
09/09/2018;São Miguel do Oeste;
09/09/2018;Laguna;
09/09/2018;Curitibanos;
09/09/2018;Rio Negrinho;
09/09/2018;Campos Novos;
09/09/2018;Itapoá;
09/09/2018;Joaçaba;
10/09/2018;Florianópolis;
10/09/2018;Itajaí;
10/09/2018;Chapecó;
10/09/2018;Lages;
10/09/2018;Caçador;
10/09/2018;Araranguá;
10/09/2018;Indaial;
10/09/2018;Xanxerê;
10/09/2018;São Miguel do Oeste;
10/09/2018;Laguna;
10/09/2018;Curitibanos;
10/09/2018;Rio Negrinho;
10/09/2018;Campos Novos;
10/09/2018;Itapoá;
10/09/2018;Joaçaba;
11/09/2018;Florianópolis;
11/09/2018;Itajaí;
11/09/2018;Chapecó;
11/09/2018;Lages;
11/09/2018;Caçador;
11/09/2018;Araranguá;
11/09/2018;Indaial;
11/09/2018;Xanxerê;
11/09/2018;São Miguel do Oeste;
11/09/2018;Laguna;
11/09/2018;Curitibanos;
11/09/2018;Rio Negrinho;
11/09/2018;Campos Novos;
11/09/2018;Itapoá;
11/09/2018;Joaçaba;
12/09/2018;Florianópolis;
12/09/2018;Itajaí;
12/09/2018;Chapecó;
12/09/2018;Lages;
12/09/2018;Caçador;
12/09/2018;Araranguá;
12/09/2018;Indaial;
12/09/2018;Xanxerê;
12/09/2018;São Miguel do Oeste;
12/09/2018;Laguna;
12/09/2018;Curitibanos;
12/09/2018;Rio Negrinho;
12/09/2018;Campos Novos;
12/09/2018;Itapoá;
12/09/2018;Joaçaba;
13/09/2018;Florianópolis;
13/09/2018;Itajaí;
13/09/2018;Chapecó;
13/09/2018;Lages;
13/09/2018;Caçador;
13/09/2018;Araranguá;
13/09/2018;Indaial;
13/09/2018;Xanxerê;
13/09/2018;São Miguel do Oeste;
13/09/2018;Laguna;
13/09/2018;Curitibanos;
13/09/2018;Rio Negrinho;
13/09/2018;Campos Novos;
13/09/2018;Itapoá;
13/09/2018;Joaçaba;
14/09/2018;Florianópolis;
14/09/2018;Itajaí;
14/09/2018;Chapecó;
14/09/2018;Lages;
14/09/2018;Caçador;
14/09/2018;Araranguá;
14/09/2018;Indaial;
14/09/2018;Xanxerê;
14/09/2018;São Miguel do Oeste;
14/09/2018;Laguna;
14/09/2018;Curitibanos;
14/09/2018;Rio Negrinho;
14/09/2018;Campos Novos;
14/09/2018;Itapoá;
14/09/2018;Joaçaba;
15/09/2018;Florianópolis;
15/09/2018;Itajaí;
15/09/2018;Chapecó;
15/09/2018;Lages;
15/09/2018;Caçador;
15/09/2018;Araranguá;
15/09/2018;Indaial;
15/09/2018;Xanxerê;
15/09/2018;São Miguel do Oeste;
15/09/2018;Laguna;
15/09/2018;Curitibanos;
15/09/2018;Rio Negrinho;
15/09/2018;Campos Novos;
15/09/2018;Itapoá;
15/09/2018;Joaçaba;
16/09/2018;Florianópolis;
16/09/2018;Itajaí;
16/09/2018;Chapecó;
16/09/2018;Lages;
16/09/2018;Caçador;
16/09/2018;Araranguá;
16/09/2018;Indaial;
16/09/2018;Xanxerê;
16/09/2018;São Miguel do Oeste;
16/09/2018;Laguna;
16/09/2018;Curitibanos;
16/09/2018;Rio Negrinho;
16/09/2018;Campos Novos;
16/09/2018;Itapoá;
16/09/2018;Joaçaba;
17/09/2018;Florianópolis;
17/09/2018;Itajaí;
17/09/2018;Chapecó;
17/09/2018;Lages;
17/09/2018;Caçador;
17/09/2018;Araranguá;
17/09/2018;Indaial;
17/09/2018;Xanxerê;
17/09/2018;São Miguel do Oeste;
17/09/2018;Laguna;
17/09/2018;Curitibanos;
17/09/2018;Rio Negrinho;
17/09/2018;Campos Novos;
17/09/2018;Itapoá;
17/09/2018;Joaçaba;
18/09/2018;Florianópolis;
18/09/2018;Itajaí;
18/09/2018;Chapecó;
18/09/2018;Lages;
18/09/2018;Caçador;
18/09/2018;Araranguá;
18/09/2018;Indaial;
18/09/2018;Xanxerê;
18/09/2018;São Miguel do Oeste;
18/09/2018;Laguna;
18/09/2018;Curitibanos;
18/09/2018;Rio Negrinho;
18/09/2018;Campos Novos;
18/09/2018;Itapoá;
18/09/2018;Joaçaba;
19/09/2018;Florianópolis;
19/09/2018;Itajaí;
19/09/2018;Chapecó;
19/09/2018;Lages;
19/09/2018;Caçador;
19/09/2018;Araranguá;
19/09/2018;Indaial;
19/09/2018;Xanxerê;
19/09/2018;São Miguel do Oeste;
19/09/2018;Laguna;
19/09/2018;Curitibanos;
19/09/2018;Rio Negrinho;
19/09/2018;Campos Novos;
19/09/2018;Itapoá;
19/09/2018;Joaçaba;
20/09/2018;Florianópolis;
20/09/2018;Itajaí;
20/09/2018;Chapecó;
20/09/2018;Lages;
20/09/2018;Caçador;
20/09/2018;Araranguá;
20/09/2018;Indaial;
20/09/2018;Xanxerê;
20/09/2018;São Miguel do Oeste;
20/09/2018;Laguna;
20/09/2018;Curitibanos;
20/09/2018;Rio Negrinho;
20/09/2018;Campos Novos;
20/09/2018;Itapoá;
20/09/2018;Joaçaba;
21/09/2018;Florianópolis;
21/09/2018;Itajaí;
21/09/2018;Chapecó;
21/09/2018;Lages;
21/09/2018;Caçador;
21/09/2018;Araranguá;
21/09/2018;Indaial;
21/09/2018;Xanxerê;
21/09/2018;São Miguel do Oeste;
21/09/2018;Laguna;
21/09/2018;Curitibanos;
21/09/2018;Rio Negrinho;
21/09/2018;Campos Novos;
21/09/2018;Itapoá;
21/09/2018;Joaçaba;
22/09/2018;Florianópolis;
22/09/2018;Itajaí;
22/09/2018;Chapecó;
22/09/2018;Lages;
22/09/2018;Caçador;
22/09/2018;Araranguá;
22/09/2018;Indaial;
22/09/2018;Xanxerê;
22/09/2018;São Miguel do Oeste;
22/09/2018;Laguna;
22/09/2018;Curitibanos;
22/09/2018;Rio Negrinho;
22/09/2018;Campos Novos;
22/09/2018;Itapoá;
22/09/2018;Joaçaba;
23/09/2018;Florianópolis;
23/09/2018;Itajaí;
23/09/2018;Chapecó;
23/09/2018;Lages;
23/09/2018;Caçador;
23/09/2018;Araranguá;
23/09/2018;Indaial;
23/09/2018;Xanxerê;
23/09/2018;São Miguel do Oeste;
23/09/2018;Laguna;
23/09/2018;Curitibanos;
23/09/2018;Rio Negrinho;
23/09/2018;Campos Novos;
23/09/2018;Itapoá;
23/09/2018;Joaçaba;
24/09/2018;Florianópolis;
24/09/2018;Itajaí;
24/09/2018;Chapecó;
24/09/2018;Lages;
24/09/2018;Caçador;
24/09/2018;Araranguá;
24/09/2018;Indaial;
24/09/2018;Xanxerê;
24/09/2018;São Miguel do Oeste;
24/09/2018;Laguna;
24/09/2018;Curitibanos;
24/09/2018;Rio Negrinho;
24/09/2018;Campos Novos;
24/09/2018;Itapoá;
24/09/2018;Joaçaba;
25/09/2018;Florianópolis;
25/09/2018;Itajaí;
25/09/2018;Chapecó;
25/09/2018;Lages;
25/09/2018;Caçador;
25/09/2018;Araranguá;
25/09/2018;Indaial;
25/09/2018;Xanxerê;
25/09/2018;São Miguel do Oeste;
25/09/2018;Laguna;
25/09/2018;Curitibanos;
25/09/2018;Rio Negrinho;
25/09/2018;Campos Novos;
25/09/2018;Itapoá;
25/09/2018;Joaçaba;
26/09/2018;Florianópolis;
26/09/2018;Itajaí;
26/09/2018;Chapecó;
26/09/2018;Lages;
26/09/2018;Caçador;
26/09/2018;Araranguá;
26/09/2018;Indaial;
26/09/2018;Xanxerê;
26/09/2018;São Miguel do Oeste;
26/09/2018;Laguna;
26/09/2018;Curitibanos;
26/09/2018;Rio Negrinho;
26/09/2018;Campos Novos;
26/09/2018;Itapoá;
26/09/2018;Joaçaba;
27/09/2018;Florianópolis;
27/09/2018;Itajaí;
27/09/2018;Chapecó;
27/09/2018;Lages;
27/09/2018;Caçador;
27/09/2018;Araranguá;
27/09/2018;Indaial;
27/09/2018;Xanxerê;
27/09/2018;São Miguel do Oeste;
27/09/2018;Laguna;
27/09/2018;Curitibanos;
27/09/2018;Rio Negrinho;
27/09/2018;Campos Novos;
27/09/2018;Itapoá;
27/09/2018;Joaçaba;
28/09/2018;Florianópolis;
28/09/2018;Itajaí;
28/09/2018;Chapecó;
28/09/2018;Lages;
28/09/2018;Caçador;
28/09/2018;Araranguá;
28/09/2018;Indaial;
28/09/2018;Xanxerê;
28/09/2018;São Miguel do Oeste;
28/09/2018;Laguna;
28/09/2018;Curitibanos;
28/09/2018;Rio Negrinho;
28/09/2018;Campos Novos;
28/09/2018;Itapoá;
28/09/2018;Joaçaba;
29/09/2018;Florianópolis;
29/09/2018;Itajaí;
29/09/2018;Chapecó;
29/09/2018;Lages;
29/09/2018;Caçador;
29/09/2018;Araranguá;
29/09/2018;Indaial;
29/09/2018;Xanxerê;
29/09/2018;São Miguel do Oeste;
29/09/2018;Laguna;
29/09/2018;Curitibanos;
29/09/2018;Rio Negrinho;
29/09/2018;Campos Novos;
29/09/2018;Itapoá;
29/09/2018;Joaçaba;
30/09/2018;Florianópolis;
30/09/2018;Itajaí;
30/09/2018;Chapecó;
30/09/2018;Lages;
30/09/2018;Caçador;
30/09/2018;Araranguá;
30/09/2018;Indaial;
30/09/2018;Xanxerê;
30/09/2018;São Miguel do Oeste;
30/09/2018;Laguna;
30/09/2018;Curitibanos;
30/09/2018;Rio Negrinho;
30/09/2018;Campos Novos;
30/09/2018;Itapoá;
30/09/2018;Joaçaba;
01/10/2018;Florianópolis;
01/10/2018;Itajaí;
01/10/2018;Chapecó;
01/10/2018;Lages;
01/10/2018;Caçador;
01/10/2018;Araranguá;
01/10/2018;Indaial;
01/10/2018;Xanxerê;
01/10/2018;São Miguel do Oeste;
01/10/2018;Laguna;
01/10/2018;Curitibanos;
01/10/2018;Rio Negrinho;
01/10/2018;Campos Novos;
01/10/2018;Itapoá;
01/10/2018;Joaçaba;
02/10/2018;Florianópolis;
02/10/2018;Itajaí;
02/10/2018;Chapecó;
02/10/2018;Lages;
02/10/2018;Caçador;
02/10/2018;Araranguá;
02/10/2018;Indaial;
02/10/2018;Xanxerê;
02/10/2018;São Miguel do Oeste;
02/10/2018;Laguna;
02/10/2018;Curitibanos;
02/10/2018;Rio Negrinho;
02/10/2018;Campos Novos;
02/10/2018;Itapoá;
02/10/2018;Joaçaba;
03/10/2018;Florianópolis;
03/10/2018;Itajaí;
03/10/2018;Chapecó;
03/10/2018;Lages;
03/10/2018;Caçador;
03/10/2018;Araranguá;
03/10/2018;Indaial;
03/10/2018;Xanxerê;
03/10/2018;São Miguel do Oeste;
03/10/2018;Laguna;
03/10/2018;Curitibanos;
03/10/2018;Rio Negrinho;
03/10/2018;Campos Novos;
03/10/2018;Itapoá;
03/10/2018;Joaçaba;
04/10/2018;Florianópolis;
04/10/2018;Itajaí;
04/10/2018;Chapecó;
04/10/2018;Lages;
04/10/2018;Caçador;
04/10/2018;Araranguá;
04/10/2018;Indaial;
04/10/2018;Xanxerê;
04/10/2018;São Miguel do Oeste;
04/10/2018;Laguna;
04/10/2018;Curitibanos;
04/10/2018;Rio Negrinho;
04/10/2018;Campos Novos;
04/10/2018;Itapoá;
04/10/2018;Joaçaba;
05/10/2018;Florianópolis;
05/10/2018;Itajaí;
05/10/2018;Chapecó;
05/10/2018;Lages;
05/10/2018;Caçador;
05/10/2018;Araranguá;
05/10/2018;Indaial;
05/10/2018;Xanxerê;
05/10/2018;São Miguel do Oeste;
05/10/2018;Laguna;
05/10/2018;Curitibanos;
05/10/2018;Rio Negrinho;
05/10/2018;Campos Novos;
05/10/2018;Itapoá;
05/10/2018;Joaçaba;
06/10/2018;Florianópolis;
06/10/2018;Itajaí;
06/10/2018;Chapecó;
06/10/2018;Lages;
06/10/2018;Caçador;
06/10/2018;Araranguá;
06/10/2018;Indaial;
06/10/2018;Xanxerê;
06/10/2018;São Miguel do Oeste;
06/10/2018;Laguna;
06/10/2018;Curitibanos;
06/10/2018;Rio Negrinho;
06/10/2018;Campos Novos;
06/10/2018;Itapoá;
06/10/2018;Joaçaba;
07/10/2018;Florianópolis;
07/10/2018;Itajaí;
07/10/2018;Chapecó;
07/10/2018;Lages;
07/10/2018;Caçador;
07/10/2018;Araranguá;
07/10/2018;Indaial;
07/10/2018;Xanxerê;
07/10/2018;São Miguel do Oeste;
07/10/2018;Laguna;
07/10/2018;Curitibanos;
07/10/2018;Rio Negrinho;
07/10/2018;Campos Novos;
07/10/2018;Itapoá;
07/10/2018;Joaçaba;
08/10/2018;Florianópolis;
08/10/2018;Itajaí;
08/10/2018;Chapecó;
08/10/2018;Lages;
08/10/2018;Caçador;
08/10/2018;Araranguá;
08/10/2018;Indaial;
08/10/2018;Xanxerê;
08/10/2018;São Miguel do Oeste;
08/10/2018;Laguna;
08/10/2018;Curitibanos;
08/10/2018;Rio Negrinho;
08/10/2018;Campos Novos;
08/10/2018;Itapoá;
08/10/2018;Joaçaba;
09/10/2018;Florianópolis;
09/10/2018;Itajaí;
09/10/2018;Chapecó;
09/10/2018;Lages;
09/10/2018;Caçador;
09/10/2018;Araranguá;
09/10/2018;Indaial;
09/10/2018;Xanxerê;
09/10/2018;São Miguel do Oeste;
09/10/2018;Laguna;
09/10/2018;Curitibanos;
09/10/2018;Rio Negrinho;
09/10/2018;Campos Novos;
09/10/2018;Itapoá;
09/10/2018;Joaçaba;
10/10/2018;Florianópolis;
10/10/2018;Itajaí;
10/10/2018;Chapecó;
10/10/2018;Lages;
10/10/2018;Caçador;
10/10/2018;Araranguá;
10/10/2018;Indaial;
10/10/2018;Xanxerê;
10/10/2018;São Miguel do Oeste;
10/10/2018;Laguna;
10/10/2018;Curitibanos;
10/10/2018;Rio Negrinho;
10/10/2018;Campos Novos;
10/10/2018;Itapoá;
10/10/2018;Joaçaba;
11/10/2018;Florianópolis;
11/10/2018;Itajaí;
11/10/2018;Chapecó;
11/10/2018;Lages;
11/10/2018;Caçador;
11/10/2018;Araranguá;
11/10/2018;Indaial;
11/10/2018;Xanxerê;
11/10/2018;São Miguel do Oeste;
11/10/2018;Laguna;
11/10/2018;Curitibanos;
11/10/2018;Rio Negrinho;
11/10/2018;Campos Novos;
11/10/2018;Itapoá;
11/10/2018;Joaçaba;
12/10/2018;Florianópolis;
12/10/2018;Itajaí;
12/10/2018;Chapecó;
12/10/2018;Lages;
12/10/2018;Caçador;
12/10/2018;Araranguá;
12/10/2018;Indaial;
12/10/2018;Xanxerê;
12/10/2018;São Miguel do Oeste;
12/10/2018;Laguna;
12/10/2018;Curitibanos;
12/10/2018;Rio Negrinho;
12/10/2018;Campos Novos;
12/10/2018;Itapoá;
12/10/2018;Joaçaba;
13/10/2018;Florianópolis;
13/10/2018;Itajaí;
13/10/2018;Chapecó;
13/10/2018;Lages;
13/10/2018;Caçador;
13/10/2018;Araranguá;
13/10/2018;Indaial;
13/10/2018;Xanxerê;
13/10/2018;São Miguel do Oeste;
13/10/2018;Laguna;
13/10/2018;Curitibanos;
13/10/2018;Rio Negrinho;
13/10/2018;Campos Novos;
13/10/2018;Itapoá;
13/10/2018;Joaçaba;
14/10/2018;Florianópolis;
14/10/2018;Itajaí;
14/10/2018;Chapecó;
14/10/2018;Lages;
14/10/2018;Caçador;
14/10/2018;Araranguá;
14/10/2018;Indaial;
14/10/2018;Xanxerê;
14/10/2018;São Miguel do Oeste;
14/10/2018;Laguna;
14/10/2018;Curitibanos;
14/10/2018;Rio Negrinho;
14/10/2018;Campos Novos;
14/10/2018;Itapoá;
14/10/2018;Joaçaba;
15/10/2018;Florianópolis;
15/10/2018;Itajaí;
15/10/2018;Chapecó;
15/10/2018;Lages;
15/10/2018;Caçador;
15/10/2018;Araranguá;
15/10/2018;Indaial;
15/10/2018;Xanxerê;
15/10/2018;São Miguel do Oeste;
15/10/2018;Laguna;
15/10/2018;Curitibanos;
15/10/2018;Rio Negrinho;
15/10/2018;Campos Novos;
15/10/2018;Itapoá;
15/10/2018;Joaçaba;
16/10/2018;Florianópolis;
16/10/2018;Itajaí;
16/10/2018;Chapecó;
16/10/2018;Lages;
16/10/2018;Caçador;
16/10/2018;Araranguá;
16/10/2018;Indaial;
16/10/2018;Xanxerê;
16/10/2018;São Miguel do Oeste;
16/10/2018;Laguna;
16/10/2018;Curitibanos;
16/10/2018;Rio Negrinho;
16/10/2018;Campos Novos;
16/10/2018;Itapoá;
16/10/2018;Joaçaba;
17/10/2018;Florianópolis;
17/10/2018;Itajaí;
17/10/2018;Chapecó;
17/10/2018;Lages;
17/10/2018;Caçador;
17/10/2018;Araranguá;
17/10/2018;Indaial;
17/10/2018;Xanxerê;
17/10/2018;São Miguel do Oeste;
17/10/2018;Laguna;
17/10/2018;Curitibanos;
17/10/2018;Rio Negrinho;
17/10/2018;Campos Novos;
17/10/2018;Itapoá;
17/10/2018;Joaçaba;
18/10/2018;Florianópolis;
18/10/2018;Itajaí;
18/10/2018;Chapecó;
18/10/2018;Lages;
18/10/2018;Caçador;
18/10/2018;Araranguá;
18/10/2018;Indaial;
18/10/2018;Xanxerê;
18/10/2018;São Miguel do Oeste;
18/10/2018;Laguna;
18/10/2018;Curitibanos;
18/10/2018;Rio Negrinho;
18/10/2018;Campos Novos;
18/10/2018;Itapoá;
18/10/2018;Joaçaba;
19/10/2018;Florianópolis;
19/10/2018;Itajaí;
19/10/2018;Chapecó;
19/10/2018;Lages;
19/10/2018;Caçador;
19/10/2018;Araranguá;
19/10/2018;Indaial;
19/10/2018;Xanxerê;
19/10/2018;São Miguel do Oeste;
19/10/2018;Laguna;
19/10/2018;Curitibanos;
19/10/2018;Rio Negrinho;
19/10/2018;Campos Novos;
19/10/2018;Itapoá;
19/10/2018;Joaçaba;
20/10/2018;Florianópolis;
20/10/2018;Itajaí;
20/10/2018;Chapecó;
20/10/2018;Lages;
20/10/2018;Caçador;
20/10/2018;Araranguá;
20/10/2018;Indaial;
20/10/2018;Xanxerê;
20/10/2018;São Miguel do Oeste;
20/10/2018;Laguna;
20/10/2018;Curitibanos;
20/10/2018;Rio Negrinho;
20/10/2018;Campos Novos;
20/10/2018;Itapoá;
20/10/2018;Joaçaba;
21/10/2018;Florianópolis;
21/10/2018;Itajaí;
21/10/2018;Chapecó;
21/10/2018;Lages;
21/10/2018;Caçador;
21/10/2018;Araranguá;
21/10/2018;Indaial;
21/10/2018;Xanxerê;
21/10/2018;São Miguel do Oeste;
21/10/2018;Laguna;
21/10/2018;Curitibanos;
21/10/2018;Rio Negrinho;
21/10/2018;Campos Novos;
21/10/2018;Itapoá;
21/10/2018;Joaçaba;
22/10/2018;Florianópolis;
22/10/2018;Itajaí;
22/10/2018;Chapecó;
22/10/2018;Lages;
22/10/2018;Caçador;
22/10/2018;Araranguá;
22/10/2018;Indaial;
22/10/2018;Xanxerê;
22/10/2018;São Miguel do Oeste;
22/10/2018;Laguna;
22/10/2018;Curitibanos;
22/10/2018;Rio Negrinho;
22/10/2018;Campos Novos;
22/10/2018;Itapoá;
22/10/2018;Joaçaba;
23/10/2018;Florianópolis;
23/10/2018;Itajaí;
23/10/2018;Chapecó;
23/10/2018;Lages;
23/10/2018;Caçador;
23/10/2018;Araranguá;
23/10/2018;Indaial;
23/10/2018;Xanxerê;
23/10/2018;São Miguel do Oeste;
23/10/2018;Laguna;
23/10/2018;Curitibanos;
23/10/2018;Rio Negrinho;
23/10/2018;Campos Novos;
23/10/2018;Itapoá;
23/10/2018;Joaçaba;
24/10/2018;Florianópolis;
24/10/2018;Itajaí;
24/10/2018;Chapecó;
24/10/2018;Lages;
24/10/2018;Caçador;
24/10/2018;Araranguá;
24/10/2018;Indaial;
24/10/2018;Xanxerê;
24/10/2018;São Miguel do Oeste;
24/10/2018;Laguna;
24/10/2018;Curitibanos;
24/10/2018;Rio Negrinho;
24/10/2018;Campos Novos;
24/10/2018;Itapoá;
24/10/2018;Joaçaba;
25/10/2018;Florianópolis;
25/10/2018;Itajaí;
25/10/2018;Chapecó;
25/10/2018;Lages;
25/10/2018;Caçador;
25/10/2018;Araranguá;
25/10/2018;Indaial;
25/10/2018;Xanxerê;
25/10/2018;São Miguel do Oeste;
25/10/2018;Laguna;
25/10/2018;Curitibanos;
25/10/2018;Rio Negrinho;
25/10/2018;Campos Novos;
25/10/2018;Itapoá;
25/10/2018;Joaçaba;
26/10/2018;Florianópolis;
26/10/2018;Itajaí;
26/10/2018;Chapecó;
26/10/2018;Lages;
26/10/2018;Caçador;
26/10/2018;Araranguá;
26/10/2018;Indaial;
26/10/2018;Xanxerê;
26/10/2018;São Miguel do Oeste;
26/10/2018;Laguna;
26/10/2018;Curitibanos;
26/10/2018;Rio Negrinho;
26/10/2018;Campos Novos;
26/10/2018;Itapoá;
26/10/2018;Joaçaba;
27/10/2018;Florianópolis;
27/10/2018;Itajaí;
27/10/2018;Chapecó;
27/10/2018;Lages;
27/10/2018;Caçador;
27/10/2018;Araranguá;
27/10/2018;Indaial;
27/10/2018;Xanxerê;
27/10/2018;São Miguel do Oeste;
27/10/2018;Laguna;
27/10/2018;Curitibanos;
27/10/2018;Rio Negrinho;
27/10/2018;Campos Novos;
27/10/2018;Itapoá;
27/10/2018;Joaçaba;
28/10/2018;Florianópolis;
28/10/2018;Itajaí;
28/10/2018;Chapecó;
28/10/2018;Lages;
28/10/2018;Caçador;
28/10/2018;Araranguá;
28/10/2018;Indaial;
28/10/2018;Xanxerê;
28/10/2018;São Miguel do Oeste;
28/10/2018;Laguna;
28/10/2018;Curitibanos;
28/10/2018;Rio Negrinho;
28/10/2018;Campos Novos;
28/10/2018;Itapoá;
28/10/2018;Joaçaba;
29/10/2018;Florianópolis;
29/10/2018;Itajaí;
29/10/2018;Chapecó;
29/10/2018;Lages;
29/10/2018;Caçador;
29/10/2018;Araranguá;
29/10/2018;Indaial;
29/10/2018;Xanxerê;
29/10/2018;São Miguel do Oeste;
29/10/2018;Laguna;
29/10/2018;Curitibanos;
29/10/2018;Rio Negrinho;
29/10/2018;Campos Novos;
29/10/2018;Itapoá;
29/10/2018;Joaçaba;
30/10/2018;Florianópolis;
30/10/2018;Itajaí;
30/10/2018;Chapecó;
30/10/2018;Lages;
30/10/2018;Caçador;
30/10/2018;Araranguá;
30/10/2018;Indaial;
30/10/2018;Xanxerê;
30/10/2018;São Miguel do Oeste;
30/10/2018;Laguna;
30/10/2018;Curitibanos;
30/10/2018;Rio Negrinho;
30/10/2018;Campos Novos;
30/10/2018;Itapoá;
30/10/2018;Joaçaba;
31/10/2018;Florianópolis;
31/10/2018;Itajaí;
31/10/2018;Chapecó;
31/10/2018;Lages;
31/10/2018;Caçador;
31/10/2018;Araranguá;
31/10/2018;Indaial;
31/10/2018;Xanxerê;
31/10/2018;São Miguel do Oeste;
31/10/2018;Laguna;
31/10/2018;Curitibanos;
31/10/2018;Rio Negrinho;
31/10/2018;Campos Novos;
31/10/2018;Itapoá;
31/10/2018;Joaçaba;
01/11/2018;Florianópolis;
01/11/2018;Itajaí;
01/11/2018;Chapecó;
01/11/2018;Lages;
01/11/2018;Caçador;
01/11/2018;Araranguá;
01/11/2018;Indaial;
01/11/2018;Xanxerê;
01/11/2018;São Miguel do Oeste;
01/11/2018;Laguna;
01/11/2018;Curitibanos;
01/11/2018;Rio Negrinho;
01/11/2018;Campos Novos;
01/11/2018;Itapoá;
01/11/2018;Joaçaba;
02/11/2018;Florianópolis;
02/11/2018;Itajaí;
02/11/2018;Chapecó;
02/11/2018;Lages;
02/11/2018;Caçador;
02/11/2018;Araranguá;
02/11/2018;Indaial;
02/11/2018;Xanxerê;
02/11/2018;São Miguel do Oeste;
02/11/2018;Laguna;
02/11/2018;Curitibanos;
02/11/2018;Rio Negrinho;
02/11/2018;Campos Novos;
02/11/2018;Itapoá;
02/11/2018;Joaçaba;
03/11/2018;Florianópolis;
03/11/2018;Itajaí;
03/11/2018;Chapecó;
03/11/2018;Lages;
03/11/2018;Caçador;
03/11/2018;Araranguá;
03/11/2018;Indaial;
03/11/2018;Xanxerê;
03/11/2018;São Miguel do Oeste;
03/11/2018;Laguna;
03/11/2018;Curitibanos;
03/11/2018;Rio Negrinho;
03/11/2018;Campos Novos;
03/11/2018;Itapoá;
03/11/2018;Joaçaba;
04/11/2018;Florianópolis;
04/11/2018;Itajaí;
04/11/2018;Chapecó;
04/11/2018;Lages;
04/11/2018;Caçador;
04/11/2018;Araranguá;
04/11/2018;Indaial;
04/11/2018;Xanxerê;
04/11/2018;São Miguel do Oeste;
04/11/2018;Laguna;
04/11/2018;Curitibanos;
04/11/2018;Rio Negrinho;
04/11/2018;Campos Novos;
04/11/2018;Itapoá;
04/11/2018;Joaçaba;
05/11/2018;Florianópolis;
05/11/2018;Itajaí;
05/11/2018;Chapecó;
05/11/2018;Lages;
05/11/2018;Caçador;
05/11/2018;Araranguá;
05/11/2018;Indaial;
05/11/2018;Xanxerê;
05/11/2018;São Miguel do Oeste;
05/11/2018;Laguna;
05/11/2018;Curitibanos;
05/11/2018;Rio Negrinho;
05/11/2018;Campos Novos;
05/11/2018;Itapoá;
05/11/2018;Joaçaba;
06/11/2018;Florianópolis;
06/11/2018;Itajaí;
06/11/2018;Chapecó;
06/11/2018;Lages;
06/11/2018;Caçador;
06/11/2018;Araranguá;
06/11/2018;Indaial;
06/11/2018;Xanxerê;
06/11/2018;São Miguel do Oeste;
06/11/2018;Laguna;
06/11/2018;Curitibanos;
06/11/2018;Rio Negrinho;
06/11/2018;Campos Novos;
06/11/2018;Itapoá;
06/11/2018;Joaçaba;
07/11/2018;Florianópolis;
07/11/2018;Itajaí;
07/11/2018;Chapecó;
07/11/2018;Lages;
07/11/2018;Caçador;
07/11/2018;Araranguá;
07/11/2018;Indaial;
07/11/2018;Xanxerê;
07/11/2018;São Miguel do Oeste;
07/11/2018;Laguna;
07/11/2018;Curitibanos;
07/11/2018;Rio Negrinho;
07/11/2018;Campos Novos;
07/11/2018;Itapoá;
07/11/2018;Joaçaba;
08/11/2018;Florianópolis;
08/11/2018;Itajaí;
08/11/2018;Chapecó;
08/11/2018;Lages;
08/11/2018;Caçador;
08/11/2018;Araranguá;
08/11/2018;Indaial;
08/11/2018;Xanxerê;
08/11/2018;São Miguel do Oeste;
08/11/2018;Laguna;
08/11/2018;Curitibanos;
08/11/2018;Rio Negrinho;
08/11/2018;Campos Novos;
08/11/2018;Itapoá;
08/11/2018;Joaçaba;
09/11/2018;Florianópolis;
09/11/2018;Itajaí;
09/11/2018;Chapecó;
09/11/2018;Lages;
09/11/2018;Caçador;
09/11/2018;Araranguá;
09/11/2018;Indaial;
09/11/2018;Xanxerê;
09/11/2018;São Miguel do Oeste;
09/11/2018;Laguna;
09/11/2018;Curitibanos;
09/11/2018;Rio Negrinho;
09/11/2018;Campos Novos;
09/11/2018;Itapoá;
09/11/2018;Joaçaba;
10/11/2018;Florianópolis;
10/11/2018;Itajaí;
10/11/2018;Chapecó;
10/11/2018;Lages;
10/11/2018;Caçador;
10/11/2018;Araranguá;
10/11/2018;Indaial;
10/11/2018;Xanxerê;
10/11/2018;São Miguel do Oeste;
10/11/2018;Laguna;
10/11/2018;Curitibanos;
10/11/2018;Rio Negrinho;
10/11/2018;Campos Novos;
10/11/2018;Itapoá;
10/11/2018;Joaçaba;
11/11/2018;Florianópolis;
11/11/2018;Itajaí;
11/11/2018;Chapecó;
11/11/2018;Lages;
11/11/2018;Caçador;
11/11/2018;Araranguá;
11/11/2018;Indaial;
11/11/2018;Xanxerê;
11/11/2018;São Miguel do Oeste;
11/11/2018;Laguna;
11/11/2018;Curitibanos;
11/11/2018;Rio Negrinho;
11/11/2018;Campos Novos;
11/11/2018;Itapoá;
11/11/2018;Joaçaba;
12/11/2018;Florianópolis;
12/11/2018;Itajaí;
12/11/2018;Chapecó;
12/11/2018;Lages;
12/11/2018;Caçador;
12/11/2018;Araranguá;
12/11/2018;Indaial;
12/11/2018;Xanxerê;
12/11/2018;São Miguel do Oeste;
12/11/2018;Laguna;
12/11/2018;Curitibanos;
12/11/2018;Rio Negrinho;
12/11/2018;Campos Novos;
12/11/2018;Itapoá;
12/11/2018;Joaçaba;
13/11/2018;Florianópolis;
13/11/2018;Itajaí;
13/11/2018;Chapecó;
13/11/2018;Lages;
13/11/2018;Caçador;
13/11/2018;Araranguá;
13/11/2018;Indaial;
13/11/2018;Xanxerê;
13/11/2018;São Miguel do Oeste;
13/11/2018;Laguna;
13/11/2018;Curitibanos;
13/11/2018;Rio Negrinho;
13/11/2018;Campos Novos;
13/11/2018;Itapoá;
13/11/2018;Joaçaba;
14/11/2018;Florianópolis;
14/11/2018;Itajaí;
14/11/2018;Chapecó;
14/11/2018;Lages;
14/11/2018;Caçador;
14/11/2018;Araranguá;
14/11/2018;Indaial;
14/11/2018;Xanxerê;
14/11/2018;São Miguel do Oeste;
14/11/2018;Laguna;
14/11/2018;Curitibanos;
14/11/2018;Rio Negrinho;
14/11/2018;Campos Novos;
14/11/2018;Itapoá;
14/11/2018;Joaçaba;
15/11/2018;Florianópolis;
15/11/2018;Itajaí;
15/11/2018;Chapecó;
15/11/2018;Lages;
15/11/2018;Caçador;
15/11/2018;Araranguá;
15/11/2018;Indaial;
15/11/2018;Xanxerê;
15/11/2018;São Miguel do Oeste;
15/11/2018;Laguna;
15/11/2018;Curitibanos;
15/11/2018;Rio Negrinho;
15/11/2018;Campos Novos;
15/11/2018;Itapoá;
15/11/2018;Joaçaba;
16/11/2018;Florianópolis;
16/11/2018;Itajaí;
16/11/2018;Chapecó;
16/11/2018;Lages;
16/11/2018;Caçador;
16/11/2018;Araranguá;
16/11/2018;Indaial;
16/11/2018;Xanxerê;
16/11/2018;São Miguel do Oeste;
16/11/2018;Laguna;
16/11/2018;Curitibanos;
16/11/2018;Rio Negrinho;
16/11/2018;Campos Novos;
16/11/2018;Itapoá;
16/11/2018;Joaçaba;
17/11/2018;Florianópolis;
17/11/2018;Itajaí;
17/11/2018;Chapecó;
17/11/2018;Lages;
17/11/2018;Caçador;
17/11/2018;Araranguá;
17/11/2018;Indaial;
17/11/2018;Xanxerê;
17/11/2018;São Miguel do Oeste;
17/11/2018;Laguna;
17/11/2018;Curitibanos;
17/11/2018;Rio Negrinho;
17/11/2018;Campos Novos;
17/11/2018;Itapoá;
17/11/2018;Joaçaba;
18/11/2018;Florianópolis;
18/11/2018;Itajaí;
18/11/2018;Chapecó;
18/11/2018;Lages;
18/11/2018;Caçador;
18/11/2018;Araranguá;
18/11/2018;Indaial;
18/11/2018;Xanxerê;
18/11/2018;São Miguel do Oeste;
18/11/2018;Laguna;
18/11/2018;Curitibanos;
18/11/2018;Rio Negrinho;
18/11/2018;Campos Novos;
18/11/2018;Itapoá;
18/11/2018;Joaçaba;
19/11/2018;Florianópolis;
19/11/2018;Itajaí;
19/11/2018;Chapecó;
19/11/2018;Lages;
19/11/2018;Caçador;
19/11/2018;Araranguá;
19/11/2018;Indaial;
19/11/2018;Xanxerê;
19/11/2018;São Miguel do Oeste;
19/11/2018;Laguna;
19/11/2018;Curitibanos;
19/11/2018;Rio Negrinho;
19/11/2018;Campos Novos;
19/11/2018;Itapoá;
19/11/2018;Joaçaba;
20/11/2018;Florianópolis;
20/11/2018;Itajaí;
20/11/2018;Chapecó;
20/11/2018;Lages;
20/11/2018;Caçador;
20/11/2018;Araranguá;
20/11/2018;Indaial;
20/11/2018;Xanxerê;
20/11/2018;São Miguel do Oeste;
20/11/2018;Laguna;
20/11/2018;Curitibanos;
20/11/2018;Rio Negrinho;
20/11/2018;Campos Novos;
20/11/2018;Itapoá;
20/11/2018;Joaçaba;
21/11/2018;Florianópolis;
21/11/2018;Itajaí;
21/11/2018;Chapecó;
21/11/2018;Lages;
21/11/2018;Caçador;
21/11/2018;Araranguá;
21/11/2018;Indaial;
21/11/2018;Xanxerê;
21/11/2018;São Miguel do Oeste;
21/11/2018;Laguna;
21/11/2018;Curitibanos;
21/11/2018;Rio Negrinho;
21/11/2018;Campos Novos;
21/11/2018;Itapoá;
21/11/2018;Joaçaba;
22/11/2018;Florianópolis;
22/11/2018;Itajaí;
22/11/2018;Chapecó;
22/11/2018;Lages;
22/11/2018;Caçador;
22/11/2018;Araranguá;
22/11/2018;Indaial;
22/11/2018;Xanxerê;
22/11/2018;São Miguel do Oeste;
22/11/2018;Laguna;
22/11/2018;Curitibanos;
22/11/2018;Rio Negrinho;
22/11/2018;Campos Novos;
22/11/2018;Itapoá;
22/11/2018;Joaçaba;
23/11/2018;Florianópolis;
23/11/2018;Itajaí;
23/11/2018;Chapecó;
23/11/2018;Lages;
23/11/2018;Caçador;
23/11/2018;Araranguá;
23/11/2018;Indaial;
23/11/2018;Xanxerê;
23/11/2018;São Miguel do Oeste;
23/11/2018;Laguna;
23/11/2018;Curitibanos;
23/11/2018;Rio Negrinho;
23/11/2018;Campos Novos;
23/11/2018;Itapoá;
23/11/2018;Joaçaba;
24/11/2018;Florianópolis;
24/11/2018;Itajaí;
24/11/2018;Chapecó;
24/11/2018;Lages;
24/11/2018;Caçador;
24/11/2018;Araranguá;
24/11/2018;Indaial;
24/11/2018;Xanxerê;
24/11/2018;São Miguel do Oeste;
24/11/2018;Laguna;
24/11/2018;Curitibanos;
24/11/2018;Rio Negrinho;
24/11/2018;Campos Novos;
24/11/2018;Itapoá;
24/11/2018;Joaçaba;
25/11/2018;Florianópolis;
25/11/2018;Itajaí;
25/11/2018;Chapecó;
25/11/2018;Lages;
25/11/2018;Caçador;
25/11/2018;Araranguá;
25/11/2018;Indaial;
25/11/2018;Xanxerê;
25/11/2018;São Miguel do Oeste;
25/11/2018;Laguna;
25/11/2018;Curitibanos;
25/11/2018;Rio Negrinho;
25/11/2018;Campos Novos;
25/11/2018;Itapoá;
25/11/2018;Joaçaba;
26/11/2018;Florianópolis;
26/11/2018;Itajaí;
26/11/2018;Chapecó;
26/11/2018;Lages;
26/11/2018;Caçador;
26/11/2018;Araranguá;
26/11/2018;Indaial;
26/11/2018;Xanxerê;
26/11/2018;São Miguel do Oeste;
26/11/2018;Laguna;
26/11/2018;Curitibanos;
26/11/2018;Rio Negrinho;
26/11/2018;Campos Novos;
26/11/2018;Itapoá;
26/11/2018;Joaçaba;
27/11/2018;Florianópolis;
27/11/2018;Itajaí;
27/11/2018;Chapecó;
27/11/2018;Lages;
27/11/2018;Caçador;
27/11/2018;Araranguá;
27/11/2018;Indaial;
27/11/2018;Xanxerê;
27/11/2018;São Miguel do Oeste;
27/11/2018;Laguna;
27/11/2018;Curitibanos;
27/11/2018;Rio Negrinho;
27/11/2018;Campos Novos;
27/11/2018;Itapoá;
27/11/2018;Joaçaba;
28/11/2018;Florianópolis;
28/11/2018;Itajaí;
28/11/2018;Chapecó;
28/11/2018;Lages;
28/11/2018;Caçador;
28/11/2018;Araranguá;
28/11/2018;Indaial;
28/11/2018;Xanxerê;
28/11/2018;São Miguel do Oeste;
28/11/2018;Laguna;
28/11/2018;Curitibanos;
28/11/2018;Rio Negrinho;
28/11/2018;Campos Novos;
28/11/2018;Itapoá;
28/11/2018;Joaçaba;
29/11/2018;Florianópolis;
29/11/2018;Itajaí;
29/11/2018;Chapecó;
29/11/2018;Lages;
29/11/2018;Caçador;
29/11/2018;Araranguá;
29/11/2018;Indaial;
29/11/2018;Xanxerê;
29/11/2018;São Miguel do Oeste;
29/11/2018;Laguna;
29/11/2018;Curitibanos;
29/11/2018;Rio Negrinho;
29/11/2018;Campos Novos;
29/11/2018;Itapoá;
29/11/2018;Joaçaba;
30/11/2018;Florianópolis;
30/11/2018;Itajaí;
30/11/2018;Chapecó;
30/11/2018;Lages;
30/11/2018;Caçador;
30/11/2018;Araranguá;
30/11/2018;Indaial;
30/11/2018;Xanxerê;
30/11/2018;São Miguel do Oeste;
30/11/2018;Laguna;
30/11/2018;Curitibanos;
30/11/2018;Rio Negrinho;
30/11/2018;Campos Novos;
30/11/2018;Itapoá;
30/11/2018;Joaçaba;
01/12/2018;Florianópolis;
01/12/2018;Itajaí;
01/12/2018;Chapecó;
01/12/2018;Lages;
01/12/2018;Caçador;
01/12/2018;Araranguá;
01/12/2018;Indaial;
01/12/2018;Xanxerê;
01/12/2018;São Miguel do Oeste;
01/12/2018;Laguna;
01/12/2018;Curitibanos;
01/12/2018;Rio Negrinho;
01/12/2018;Campos Novos;
01/12/2018;Itapoá;
01/12/2018;Joaçaba;
02/12/2018;Florianópolis;
02/12/2018;Itajaí;
02/12/2018;Chapecó;
02/12/2018;Lages;
02/12/2018;Caçador;
02/12/2018;Araranguá;
02/12/2018;Indaial;
02/12/2018;Xanxerê;
02/12/2018;São Miguel do Oeste;
02/12/2018;Laguna;
02/12/2018;Curitibanos;
02/12/2018;Rio Negrinho;
02/12/2018;Campos Novos;
02/12/2018;Itapoá;
02/12/2018;Joaçaba;
03/12/2018;Florianópolis;
03/12/2018;Itajaí;
03/12/2018;Chapecó;
03/12/2018;Lages;
03/12/2018;Caçador;
03/12/2018;Araranguá;
03/12/2018;Indaial;
03/12/2018;Xanxerê;
03/12/2018;São Miguel do Oeste;
03/12/2018;Laguna;
03/12/2018;Curitibanos;
03/12/2018;Rio Negrinho;
03/12/2018;Campos Novos;
03/12/2018;Itapoá;
03/12/2018;Joaçaba;
04/12/2018;Florianópolis;
04/12/2018;Itajaí;
04/12/2018;Chapecó;
04/12/2018;Lages;
04/12/2018;Caçador;
04/12/2018;Araranguá;
04/12/2018;Indaial;
04/12/2018;Xanxerê;
04/12/2018;São Miguel do Oeste;
04/12/2018;Laguna;
04/12/2018;Curitibanos;
04/12/2018;Rio Negrinho;
04/12/2018;Campos Novos;
04/12/2018;Itapoá;
04/12/2018;Joaçaba;
05/12/2018;Florianópolis;
05/12/2018;Itajaí;
05/12/2018;Chapecó;
05/12/2018;Lages;
05/12/2018;Caçador;
05/12/2018;Araranguá;
05/12/2018;Indaial;
05/12/2018;Xanxerê;
05/12/2018;São Miguel do Oeste;
05/12/2018;Laguna;
05/12/2018;Curitibanos;
05/12/2018;Rio Negrinho;
05/12/2018;Campos Novos;
05/12/2018;Itapoá;
05/12/2018;Joaçaba;
06/12/2018;Florianópolis;
06/12/2018;Itajaí;
06/12/2018;Chapecó;
06/12/2018;Lages;
06/12/2018;Caçador;
06/12/2018;Araranguá;
06/12/2018;Indaial;
06/12/2018;Xanxerê;
06/12/2018;São Miguel do Oeste;
06/12/2018;Laguna;
06/12/2018;Curitibanos;
06/12/2018;Rio Negrinho;
06/12/2018;Campos Novos;
06/12/2018;Itapoá;
06/12/2018;Joaçaba;
07/12/2018;Florianópolis;
07/12/2018;Itajaí;
07/12/2018;Chapecó;
07/12/2018;Lages;
07/12/2018;Caçador;
07/12/2018;Araranguá;
07/12/2018;Indaial;
07/12/2018;Xanxerê;
07/12/2018;São Miguel do Oeste;
07/12/2018;Laguna;
07/12/2018;Curitibanos;
07/12/2018;Rio Negrinho;
07/12/2018;Campos Novos;
07/12/2018;Itapoá;
07/12/2018;Joaçaba;
08/12/2018;Florianópolis;
08/12/2018;Itajaí;
08/12/2018;Chapecó;
08/12/2018;Lages;
08/12/2018;Caçador;
08/12/2018;Araranguá;
08/12/2018;Indaial;
08/12/2018;Xanxerê;
08/12/2018;São Miguel do Oeste;
08/12/2018;Laguna;
08/12/2018;Curitibanos;
08/12/2018;Rio Negrinho;
08/12/2018;Campos Novos;
08/12/2018;Itapoá;
08/12/2018;Joaçaba;
09/12/2018;Florianópolis;
09/12/2018;Itajaí;
09/12/2018;Chapecó;
09/12/2018;Lages;
09/12/2018;Caçador;
09/12/2018;Araranguá;
09/12/2018;Indaial;
09/12/2018;Xanxerê;
09/12/2018;São Miguel do Oeste;
09/12/2018;Laguna;
09/12/2018;Curitibanos;
09/12/2018;Rio Negrinho;
09/12/2018;Campos Novos;
09/12/2018;Itapoá;
09/12/2018;Joaçaba;
10/12/2018;Florianópolis;
10/12/2018;Itajaí;
10/12/2018;Chapecó;
10/12/2018;Lages;
10/12/2018;Caçador;
10/12/2018;Araranguá;
10/12/2018;Indaial;
10/12/2018;Xanxerê;
10/12/2018;São Miguel do Oeste;
10/12/2018;Laguna;
10/12/2018;Curitibanos;
10/12/2018;Rio Negrinho;
10/12/2018;Campos Novos;
10/12/2018;Itapoá;
10/12/2018;Joaçaba;
11/12/2018;Florianópolis;
11/12/2018;Itajaí;
11/12/2018;Chapecó;
11/12/2018;Lages;
11/12/2018;Caçador;
11/12/2018;Araranguá;
11/12/2018;Indaial;
11/12/2018;Xanxerê;
11/12/2018;São Miguel do Oeste;
11/12/2018;Laguna;
11/12/2018;Curitibanos;
11/12/2018;Rio Negrinho;
11/12/2018;Campos Novos;
11/12/2018;Itapoá;
11/12/2018;Joaçaba;
12/12/2018;Florianópolis;
12/12/2018;Itajaí;
12/12/2018;Chapecó;
12/12/2018;Lages;
12/12/2018;Caçador;
12/12/2018;Araranguá;
12/12/2018;Indaial;
12/12/2018;Xanxerê;
12/12/2018;São Miguel do Oeste;
12/12/2018;Laguna;
12/12/2018;Curitibanos;
12/12/2018;Rio Negrinho;
12/12/2018;Campos Novos;
12/12/2018;Itapoá;
12/12/2018;Joaçaba;
13/12/2018;Florianópolis;
13/12/2018;Itajaí;
13/12/2018;Chapecó;
13/12/2018;Lages;
13/12/2018;Caçador;
13/12/2018;Araranguá;
13/12/2018;Indaial;
13/12/2018;Xanxerê;
13/12/2018;São Miguel do Oeste;
13/12/2018;Laguna;
13/12/2018;Curitibanos;
13/12/2018;Rio Negrinho;
13/12/2018;Campos Novos;
13/12/2018;Itapoá;
13/12/2018;Joaçaba;
14/12/2018;Florianópolis;
14/12/2018;Itajaí;
14/12/2018;Chapecó;
14/12/2018;Lages;
14/12/2018;Caçador;
14/12/2018;Araranguá;
14/12/2018;Indaial;
14/12/2018;Xanxerê;
14/12/2018;São Miguel do Oeste;
14/12/2018;Laguna;
14/12/2018;Curitibanos;
14/12/2018;Rio Negrinho;
14/12/2018;Campos Novos;
14/12/2018;Itapoá;
14/12/2018;Joaçaba;
15/12/2018;Florianópolis;
15/12/2018;Itajaí;
15/12/2018;Chapecó;
15/12/2018;Lages;
15/12/2018;Caçador;
15/12/2018;Araranguá;
15/12/2018;Indaial;
15/12/2018;Xanxerê;
15/12/2018;São Miguel do Oeste;
15/12/2018;Laguna;
15/12/2018;Curitibanos;
15/12/2018;Rio Negrinho;
15/12/2018;Campos Novos;
15/12/2018;Itapoá;
15/12/2018;Joaçaba;
16/12/2018;Florianópolis;
16/12/2018;Itajaí;
16/12/2018;Chapecó;
16/12/2018;Lages;
16/12/2018;Caçador;
16/12/2018;Araranguá;
16/12/2018;Indaial;
16/12/2018;Xanxerê;
16/12/2018;São Miguel do Oeste;
16/12/2018;Laguna;
16/12/2018;Curitibanos;
16/12/2018;Rio Negrinho;
16/12/2018;Campos Novos;
16/12/2018;Itapoá;
16/12/2018;Joaçaba;
17/12/2018;Florianópolis;
17/12/2018;Itajaí;
17/12/2018;Chapecó;
17/12/2018;Lages;
17/12/2018;Caçador;
17/12/2018;Araranguá;
17/12/2018;Indaial;
17/12/2018;Xanxerê;
17/12/2018;São Miguel do Oeste;
17/12/2018;Laguna;
17/12/2018;Curitibanos;
17/12/2018;Rio Negrinho;
17/12/2018;Campos Novos;
17/12/2018;Itapoá;
17/12/2018;Joaçaba;
18/12/2018;Florianópolis;
18/12/2018;Itajaí;
18/12/2018;Chapecó;
18/12/2018;Lages;
18/12/2018;Caçador;
18/12/2018;Araranguá;
18/12/2018;Indaial;
18/12/2018;Xanxerê;
18/12/2018;São Miguel do Oeste;
18/12/2018;Laguna;
18/12/2018;Curitibanos;
18/12/2018;Rio Negrinho;
18/12/2018;Campos Novos;
18/12/2018;Itapoá;
18/12/2018;Joaçaba;
19/12/2018;Florianópolis;
19/12/2018;Itajaí;
19/12/2018;Chapecó;
19/12/2018;Lages;
19/12/2018;Caçador;
19/12/2018;Araranguá;
19/12/2018;Indaial;
19/12/2018;Xanxerê;
19/12/2018;São Miguel do Oeste;
19/12/2018;Laguna;
19/12/2018;Curitibanos;
19/12/2018;Rio Negrinho;
19/12/2018;Campos Novos;
19/12/2018;Itapoá;
19/12/2018;Joaçaba;
20/12/2018;Florianópolis;
20/12/2018;Itajaí;
20/12/2018;Chapecó;
20/12/2018;Lages;
20/12/2018;Caçador;
20/12/2018;Araranguá;
20/12/2018;Indaial;
20/12/2018;Xanxerê;
20/12/2018;São Miguel do Oeste;
20/12/2018;Laguna;
20/12/2018;Curitibanos;
20/12/2018;Rio Negrinho;
20/12/2018;Campos Novos;
20/12/2018;Itapoá;
20/12/2018;Joaçaba;
21/12/2018;Florianópolis;
21/12/2018;Itajaí;
21/12/2018;Chapecó;
21/12/2018;Lages;
21/12/2018;Caçador;
21/12/2018;Araranguá;
21/12/2018;Indaial;
21/12/2018;Xanxerê;
21/12/2018;São Miguel do Oeste;
21/12/2018;Laguna;
21/12/2018;Curitibanos;
21/12/2018;Rio Negrinho;
21/12/2018;Campos Novos;
21/12/2018;Itapoá;
21/12/2018;Joaçaba;
22/12/2018;Florianópolis;
22/12/2018;Itajaí;
22/12/2018;Chapecó;
22/12/2018;Lages;
22/12/2018;Caçador;
22/12/2018;Araranguá;
22/12/2018;Indaial;
22/12/2018;Xanxerê;
22/12/2018;São Miguel do Oeste;
22/12/2018;Laguna;
22/12/2018;Curitibanos;
22/12/2018;Rio Negrinho;
22/12/2018;Campos Novos;
22/12/2018;Itapoá;
22/12/2018;Joaçaba;
23/12/2018;Florianópolis;
23/12/2018;Itajaí;
23/12/2018;Chapecó;
23/12/2018;Lages;
23/12/2018;Caçador;
23/12/2018;Araranguá;
23/12/2018;Indaial;
23/12/2018;Xanxerê;
23/12/2018;São Miguel do Oeste;
23/12/2018;Laguna;
23/12/2018;Curitibanos;
23/12/2018;Rio Negrinho;
23/12/2018;Campos Novos;
23/12/2018;Itapoá;
23/12/2018;Joaçaba;
24/12/2018;Florianópolis;
24/12/2018;Itajaí;
24/12/2018;Chapecó;
24/12/2018;Lages;
24/12/2018;Caçador;
24/12/2018;Araranguá;
24/12/2018;Indaial;
24/12/2018;Xanxerê;
24/12/2018;São Miguel do Oeste;
24/12/2018;Laguna;
24/12/2018;Curitibanos;
24/12/2018;Rio Negrinho;
24/12/2018;Campos Novos;
24/12/2018;Itapoá;
24/12/2018;Joaçaba;
25/12/2018;Florianópolis;
25/12/2018;Itajaí;
25/12/2018;Chapecó;
25/12/2018;Lages;
25/12/2018;Caçador;
25/12/2018;Araranguá;
25/12/2018;Indaial;
25/12/2018;Xanxerê;
25/12/2018;São Miguel do Oeste;
25/12/2018;Laguna;
25/12/2018;Curitibanos;
25/12/2018;Rio Negrinho;
25/12/2018;Campos Novos;
25/12/2018;Itapoá;
25/12/2018;Joaçaba;
26/12/2018;Florianópolis;
26/12/2018;Itajaí;
26/12/2018;Chapecó;
26/12/2018;Lages;
26/12/2018;Caçador;
26/12/2018;Araranguá;
26/12/2018;Indaial;
26/12/2018;Xanxerê;
26/12/2018;São Miguel do Oeste;
26/12/2018;Laguna;
26/12/2018;Curitibanos;
26/12/2018;Rio Negrinho;
26/12/2018;Campos Novos;
26/12/2018;Itapoá;
26/12/2018;Joaçaba;
27/12/2018;Florianópolis;
27/12/2018;Itajaí;
27/12/2018;Chapecó;
27/12/2018;Lages;
27/12/2018;Caçador;
27/12/2018;Araranguá;
27/12/2018;Indaial;
27/12/2018;Xanxerê;
27/12/2018;São Miguel do Oeste;
27/12/2018;Laguna;
27/12/2018;Curitibanos;
27/12/2018;Rio Negrinho;
27/12/2018;Campos Novos;
27/12/2018;Itapoá;
27/12/2018;Joaçaba;
28/12/2018;Florianópolis;
28/12/2018;Itajaí;
28/12/2018;Chapecó;
28/12/2018;Lages;
28/12/2018;Caçador;
28/12/2018;Araranguá;
28/12/2018;Indaial;
28/12/2018;Xanxerê;
28/12/2018;São Miguel do Oeste;
28/12/2018;Laguna;
28/12/2018;Curitibanos;
28/12/2018;Rio Negrinho;
28/12/2018;Campos Novos;
28/12/2018;Itapoá;
28/12/2018;Joaçaba;
29/12/2018;Florianópolis;
29/12/2018;Itajaí;
29/12/2018;Chapecó;
29/12/2018;Lages;
29/12/2018;Caçador;
29/12/2018;Araranguá;
29/12/2018;Indaial;
29/12/2018;Xanxerê;
29/12/2018;São Miguel do Oeste;
29/12/2018;Laguna;
29/12/2018;Curitibanos;
29/12/2018;Rio Negrinho;
29/12/2018;Campos Novos;
29/12/2018;Itapoá;
29/12/2018;Joaçaba;
30/12/2018;Florianópolis;
30/12/2018;Itajaí;
30/12/2018;Chapecó;
30/12/2018;Lages;
30/12/2018;Caçador;
30/12/2018;Araranguá;
30/12/2018;Indaial;
30/12/2018;Xanxerê;
30/12/2018;São Miguel do Oeste;
30/12/2018;Laguna;
30/12/2018;Curitibanos;
30/12/2018;Rio Negrinho;
30/12/2018;Campos Novos;
30/12/2018;Itapoá;
30/12/2018;Joaçaba;
31/12/2018;Florianópolis;
31/12/2018;Itajaí;
31/12/2018;Chapecó;
31/12/2018;Lages;
31/12/2018;Caçador;
31/12/2018;Araranguá;
31/12/2018;Indaial;
31/12/2018;Xanxerê;
31/12/2018;São Miguel do Oeste;
31/12/2018;Laguna;
31/12/2018;Curitibanos;
31/12/2018;Rio Negrinho;
31/12/2018;Campos Novos;
31/12/2018;Itapoá;
31/12/2018;Joaçaba;
01/01/2019;Florianópolis;
01/01/2019;Itajaí;
01/01/2019;Chapecó;
01/01/2019;Lages;
01/01/2019;Caçador;
01/01/2019;Araranguá;
01/01/2019;Indaial;
01/01/2019;Xanxerê;
01/01/2019;São Miguel do Oeste;
01/01/2019;Laguna;
01/01/2019;Curitibanos;
01/01/2019;Rio Negrinho;
01/01/2019;Campos Novos;
01/01/2019;Itapoá;
01/01/2019;Joaçaba;
02/01/2019;Florianópolis;
02/01/2019;Itajaí;
02/01/2019;Chapecó;
02/01/2019;Lages;
02/01/2019;Caçador;
02/01/2019;Araranguá;
02/01/2019;Indaial;
02/01/2019;Xanxerê;
02/01/2019;São Miguel do Oeste;
02/01/2019;Laguna;
02/01/2019;Curitibanos;
02/01/2019;Rio Negrinho;
02/01/2019;Campos Novos;
02/01/2019;Itapoá;
02/01/2019;Joaçaba;
03/01/2019;Florianópolis;
03/01/2019;Itajaí;
03/01/2019;Chapecó;
03/01/2019;Lages;
03/01/2019;Caçador;
03/01/2019;Araranguá;
03/01/2019;Indaial;
03/01/2019;Xanxerê;
03/01/2019;São Miguel do Oeste;
03/01/2019;Laguna;
03/01/2019;Curitibanos;
03/01/2019;Rio Negrinho;
03/01/2019;Campos Novos;
03/01/2019;Itapoá;
03/01/2019;Joaçaba;
04/01/2019;Florianópolis;
04/01/2019;Itajaí;
04/01/2019;Chapecó;
04/01/2019;Lages;
04/01/2019;Caçador;
04/01/2019;Araranguá;
04/01/2019;Indaial;
04/01/2019;Xanxerê;
04/01/2019;São Miguel do Oeste;
04/01/2019;Laguna;
04/01/2019;Curitibanos;
04/01/2019;Rio Negrinho;
04/01/2019;Campos Novos;
04/01/2019;Itapoá;
04/01/2019;Joaçaba;
05/01/2019;Florianópolis;
05/01/2019;Itajaí;
05/01/2019;Chapecó;
05/01/2019;Lages;
05/01/2019;Caçador;
05/01/2019;Araranguá;
05/01/2019;Indaial;
05/01/2019;Xanxerê;
05/01/2019;São Miguel do Oeste;
05/01/2019;Laguna;
05/01/2019;Curitibanos;
05/01/2019;Rio Negrinho;
05/01/2019;Campos Novos;
05/01/2019;Itapoá;
05/01/2019;Joaçaba;
06/01/2019;Florianópolis;
06/01/2019;Itajaí;
06/01/2019;Chapecó;
06/01/2019;Lages;
06/01/2019;Caçador;
06/01/2019;Araranguá;
06/01/2019;Indaial;
06/01/2019;Xanxerê;
06/01/2019;São Miguel do Oeste;
06/01/2019;Laguna;
06/01/2019;Curitibanos;
06/01/2019;Rio Negrinho;
06/01/2019;Campos Novos;
06/01/2019;Itapoá;
06/01/2019;Joaçaba;
07/01/2019;Florianópolis;
07/01/2019;Itajaí;
07/01/2019;Chapecó;
07/01/2019;Lages;
07/01/2019;Caçador;
07/01/2019;Araranguá;
07/01/2019;Indaial;
07/01/2019;Xanxerê;
07/01/2019;São Miguel do Oeste;
07/01/2019;Laguna;
07/01/2019;Curitibanos;
07/01/2019;Rio Negrinho;
07/01/2019;Campos Novos;
07/01/2019;Itapoá;
07/01/2019;Joaçaba;
08/01/2019;Florianópolis;
08/01/2019;Itajaí;
08/01/2019;Chapecó;
08/01/2019;Lages;
08/01/2019;Caçador;
08/01/2019;Araranguá;
08/01/2019;Indaial;
08/01/2019;Xanxerê;
08/01/2019;São Miguel do Oeste;
08/01/2019;Laguna;
08/01/2019;Curitibanos;
08/01/2019;Rio Negrinho;
08/01/2019;Campos Novos;
08/01/2019;Itapoá;
08/01/2019;Joaçaba;
09/01/2019;Florianópolis;
09/01/2019;Itajaí;
09/01/2019;Chapecó;
09/01/2019;Lages;
09/01/2019;Caçador;
09/01/2019;Araranguá;
09/01/2019;Indaial;
09/01/2019;Xanxerê;
09/01/2019;São Miguel do Oeste;
09/01/2019;Laguna;
09/01/2019;Curitibanos;
09/01/2019;Rio Negrinho;
09/01/2019;Campos Novos;
09/01/2019;Itapoá;
09/01/2019;Joaçaba;
10/01/2019;Florianópolis;
10/01/2019;Itajaí;
10/01/2019;Chapecó;
10/01/2019;Lages;
10/01/2019;Caçador;
10/01/2019;Araranguá;
10/01/2019;Indaial;
10/01/2019;Xanxerê;
10/01/2019;São Miguel do Oeste;
10/01/2019;Laguna;
10/01/2019;Curitibanos;
10/01/2019;Rio Negrinho;
10/01/2019;Campos Novos;
10/01/2019;Itapoá;
10/01/2019;Joaçaba;
11/01/2019;Florianópolis;
11/01/2019;Itajaí;
11/01/2019;Chapecó;
11/01/2019;Lages;
11/01/2019;Caçador;
11/01/2019;Araranguá;
11/01/2019;Indaial;
11/01/2019;Xanxerê;
11/01/2019;São Miguel do Oeste;
11/01/2019;Laguna;
11/01/2019;Curitibanos;
11/01/2019;Rio Negrinho;
11/01/2019;Campos Novos;
11/01/2019;Itapoá;
11/01/2019;Joaçaba;
12/01/2019;Florianópolis;
12/01/2019;Itajaí;
12/01/2019;Chapecó;
12/01/2019;Lages;
12/01/2019;Caçador;
12/01/2019;Araranguá;
12/01/2019;Indaial;
12/01/2019;Xanxerê;
12/01/2019;São Miguel do Oeste;
12/01/2019;Laguna;
12/01/2019;Curitibanos;
12/01/2019;Rio Negrinho;
12/01/2019;Campos Novos;
12/01/2019;Itapoá;
12/01/2019;Joaçaba;
13/01/2019;Florianópolis;
13/01/2019;Itajaí;
13/01/2019;Chapecó;
13/01/2019;Lages;
13/01/2019;Caçador;
13/01/2019;Araranguá;
13/01/2019;Indaial;
13/01/2019;Xanxerê;
13/01/2019;São Miguel do Oeste;
13/01/2019;Laguna;
13/01/2019;Curitibanos;
13/01/2019;Rio Negrinho;
13/01/2019;Campos Novos;
13/01/2019;Itapoá;
13/01/2019;Joaçaba;
14/01/2019;Florianópolis;
14/01/2019;Itajaí;
14/01/2019;Chapecó;
14/01/2019;Lages;
14/01/2019;Caçador;
14/01/2019;Araranguá;
14/01/2019;Indaial;
14/01/2019;Xanxerê;
14/01/2019;São Miguel do Oeste;
14/01/2019;Laguna;
14/01/2019;Curitibanos;
14/01/2019;Rio Negrinho;
14/01/2019;Campos Novos;
14/01/2019;Itapoá;
14/01/2019;Joaçaba;
15/01/2019;Florianópolis;
15/01/2019;Itajaí;
15/01/2019;Chapecó;
15/01/2019;Lages;
15/01/2019;Caçador;
15/01/2019;Araranguá;
15/01/2019;Indaial;
15/01/2019;Xanxerê;
15/01/2019;São Miguel do Oeste;
15/01/2019;Laguna;
15/01/2019;Curitibanos;
15/01/2019;Rio Negrinho;
15/01/2019;Campos Novos;
15/01/2019;Itapoá;
15/01/2019;Joaçaba;
16/01/2019;Florianópolis;
16/01/2019;Itajaí;
16/01/2019;Chapecó;
16/01/2019;Lages;
16/01/2019;Caçador;
16/01/2019;Araranguá;
16/01/2019;Indaial;
16/01/2019;Xanxerê;
16/01/2019;São Miguel do Oeste;
16/01/2019;Laguna;
16/01/2019;Curitibanos;
16/01/2019;Rio Negrinho;
16/01/2019;Campos Novos;
16/01/2019;Itapoá;
16/01/2019;Joaçaba;
17/01/2019;Florianópolis;
17/01/2019;Itajaí;
17/01/2019;Chapecó;
17/01/2019;Lages;
17/01/2019;Caçador;
17/01/2019;Araranguá;
17/01/2019;Indaial;
17/01/2019;Xanxerê;
17/01/2019;São Miguel do Oeste;
17/01/2019;Laguna;
17/01/2019;Curitibanos;
17/01/2019;Rio Negrinho;
17/01/2019;Campos Novos;
17/01/2019;Itapoá;
17/01/2019;Joaçaba;
18/01/2019;Florianópolis;
18/01/2019;Itajaí;
18/01/2019;Chapecó;
18/01/2019;Lages;
18/01/2019;Caçador;
18/01/2019;Araranguá;
18/01/2019;Indaial;
18/01/2019;Xanxerê;
18/01/2019;São Miguel do Oeste;
18/01/2019;Laguna;
18/01/2019;Curitibanos;
18/01/2019;Rio Negrinho;
18/01/2019;Campos Novos;
18/01/2019;Itapoá;
18/01/2019;Joaçaba;
19/01/2019;Florianópolis;
19/01/2019;Itajaí;
19/01/2019;Chapecó;
19/01/2019;Lages;
19/01/2019;Caçador;
19/01/2019;Araranguá;
19/01/2019;Indaial;
19/01/2019;Xanxerê;
19/01/2019;São Miguel do Oeste;
19/01/2019;Laguna;
19/01/2019;Curitibanos;
19/01/2019;Rio Negrinho;
19/01/2019;Campos Novos;
19/01/2019;Itapoá;
19/01/2019;Joaçaba;
20/01/2019;Florianópolis;
20/01/2019;Itajaí;
20/01/2019;Chapecó;
20/01/2019;Lages;
20/01/2019;Caçador;
20/01/2019;Araranguá;
20/01/2019;Indaial;
20/01/2019;Xanxerê;
20/01/2019;São Miguel do Oeste;
20/01/2019;Laguna;
20/01/2019;Curitibanos;
20/01/2019;Rio Negrinho;
20/01/2019;Campos Novos;
20/01/2019;Itapoá;
20/01/2019;Joaçaba;
21/01/2019;Florianópolis;
21/01/2019;Itajaí;
21/01/2019;Chapecó;
21/01/2019;Lages;
21/01/2019;Caçador;
21/01/2019;Araranguá;
21/01/2019;Indaial;
21/01/2019;Xanxerê;
21/01/2019;São Miguel do Oeste;
21/01/2019;Laguna;
21/01/2019;Curitibanos;
21/01/2019;Rio Negrinho;
21/01/2019;Campos Novos;
21/01/2019;Itapoá;
21/01/2019;Joaçaba;
22/01/2019;Florianópolis;
22/01/2019;Itajaí;
22/01/2019;Chapecó;
22/01/2019;Lages;
22/01/2019;Caçador;
22/01/2019;Araranguá;
22/01/2019;Indaial;
22/01/2019;Xanxerê;
22/01/2019;São Miguel do Oeste;
22/01/2019;Laguna;
22/01/2019;Curitibanos;
22/01/2019;Rio Negrinho;
22/01/2019;Campos Novos;
22/01/2019;Itapoá;
22/01/2019;Joaçaba;
23/01/2019;Florianópolis;
23/01/2019;Itajaí;
23/01/2019;Chapecó;
23/01/2019;Lages;
23/01/2019;Caçador;
23/01/2019;Araranguá;
23/01/2019;Indaial;
23/01/2019;Xanxerê;
23/01/2019;São Miguel do Oeste;
23/01/2019;Laguna;
23/01/2019;Curitibanos;
23/01/2019;Rio Negrinho;
23/01/2019;Campos Novos;
23/01/2019;Itapoá;
23/01/2019;Joaçaba;
24/01/2019;Florianópolis;
24/01/2019;Itajaí;
24/01/2019;Chapecó;
24/01/2019;Lages;
24/01/2019;Caçador;
24/01/2019;Araranguá;
24/01/2019;Indaial;
24/01/2019;Xanxerê;
24/01/2019;São Miguel do Oeste;
24/01/2019;Laguna;
24/01/2019;Curitibanos;
24/01/2019;Rio Negrinho;
24/01/2019;Campos Novos;
24/01/2019;Itapoá;
24/01/2019;Joaçaba;
25/01/2019;Florianópolis;
25/01/2019;Itajaí;
25/01/2019;Chapecó;
25/01/2019;Lages;
25/01/2019;Caçador;
25/01/2019;Araranguá;
25/01/2019;Indaial;
25/01/2019;Xanxerê;
25/01/2019;São Miguel do Oeste;
25/01/2019;Laguna;
25/01/2019;Curitibanos;
25/01/2019;Rio Negrinho;
25/01/2019;Campos Novos;
25/01/2019;Itapoá;
25/01/2019;Joaçaba;
26/01/2019;Florianópolis;
26/01/2019;Itajaí;
26/01/2019;Chapecó;
26/01/2019;Lages;
26/01/2019;Caçador;
26/01/2019;Araranguá;
26/01/2019;Indaial;
26/01/2019;Xanxerê;
26/01/2019;São Miguel do Oeste;
26/01/2019;Laguna;
26/01/2019;Curitibanos;
26/01/2019;Rio Negrinho;
26/01/2019;Campos Novos;
26/01/2019;Itapoá;
26/01/2019;Joaçaba;
27/01/2019;Florianópolis;
27/01/2019;Itajaí;
27/01/2019;Chapecó;
27/01/2019;Lages;
27/01/2019;Caçador;
27/01/2019;Araranguá;
27/01/2019;Indaial;
27/01/2019;Xanxerê;
27/01/2019;São Miguel do Oeste;
27/01/2019;Laguna;
27/01/2019;Curitibanos;
27/01/2019;Rio Negrinho;
27/01/2019;Campos Novos;
27/01/2019;Itapoá;
27/01/2019;Joaçaba;
28/01/2019;Florianópolis;
28/01/2019;Itajaí;
28/01/2019;Chapecó;
28/01/2019;Lages;
28/01/2019;Caçador;
28/01/2019;Araranguá;
28/01/2019;Indaial;
28/01/2019;Xanxerê;
28/01/2019;São Miguel do Oeste;
28/01/2019;Laguna;
28/01/2019;Curitibanos;
28/01/2019;Rio Negrinho;
28/01/2019;Campos Novos;
28/01/2019;Itapoá;
28/01/2019;Joaçaba;
29/01/2019;Florianópolis;
29/01/2019;Itajaí;
29/01/2019;Chapecó;
29/01/2019;Lages;
29/01/2019;Caçador;
29/01/2019;Araranguá;
29/01/2019;Indaial;
29/01/2019;Xanxerê;
29/01/2019;São Miguel do Oeste;
29/01/2019;Laguna;
29/01/2019;Curitibanos;
29/01/2019;Rio Negrinho;
29/01/2019;Campos Novos;
29/01/2019;Itapoá;
29/01/2019;Joaçaba;
30/01/2019;Florianópolis;
30/01/2019;Itajaí;
30/01/2019;Chapecó;
30/01/2019;Lages;
30/01/2019;Caçador;
30/01/2019;Araranguá;
30/01/2019;Indaial;
30/01/2019;Xanxerê;
30/01/2019;São Miguel do Oeste;
30/01/2019;Laguna;
30/01/2019;Curitibanos;
30/01/2019;Rio Negrinho;
30/01/2019;Campos Novos;
30/01/2019;Itapoá;
30/01/2019;Joaçaba;
31/01/2019;Florianópolis;
31/01/2019;Itajaí;
31/01/2019;Chapecó;
31/01/2019;Lages;
31/01/2019;Caçador;
31/01/2019;Araranguá;
31/01/2019;Indaial;
31/01/2019;Xanxerê;
31/01/2019;São Miguel do Oeste;
31/01/2019;Laguna;
31/01/2019;Curitibanos;
31/01/2019;Rio Negrinho;
31/01/2019;Campos Novos;
31/01/2019;Itapoá;
31/01/2019;Joaçaba;
01/02/2019;Florianópolis;
01/02/2019;Itajaí;
01/02/2019;Chapecó;
01/02/2019;Lages;
01/02/2019;Caçador;
01/02/2019;Araranguá;
01/02/2019;Indaial;
01/02/2019;Xanxerê;
01/02/2019;São Miguel do Oeste;
01/02/2019;Laguna;
01/02/2019;Curitibanos;
01/02/2019;Rio Negrinho;
01/02/2019;Campos Novos;
01/02/2019;Itapoá;
01/02/2019;Joaçaba;
02/02/2019;Florianópolis;
02/02/2019;Itajaí;
02/02/2019;Chapecó;
02/02/2019;Lages;
02/02/2019;Caçador;
02/02/2019;Araranguá;
02/02/2019;Indaial;
02/02/2019;Xanxerê;
02/02/2019;São Miguel do Oeste;
02/02/2019;Laguna;
02/02/2019;Curitibanos;
02/02/2019;Rio Negrinho;
02/02/2019;Campos Novos;
02/02/2019;Itapoá;
02/02/2019;Joaçaba;
03/02/2019;Florianópolis;
03/02/2019;Itajaí;
03/02/2019;Chapecó;
03/02/2019;Lages;
03/02/2019;Caçador;
03/02/2019;Araranguá;
03/02/2019;Indaial;
03/02/2019;Xanxerê;
03/02/2019;São Miguel do Oeste;
03/02/2019;Laguna;
03/02/2019;Curitibanos;
03/02/2019;Rio Negrinho;
03/02/2019;Campos Novos;
03/02/2019;Itapoá;
03/02/2019;Joaçaba;
04/02/2019;Florianópolis;
04/02/2019;Itajaí;
04/02/2019;Chapecó;
04/02/2019;Lages;
04/02/2019;Caçador;
04/02/2019;Araranguá;
04/02/2019;Indaial;
04/02/2019;Xanxerê;
04/02/2019;São Miguel do Oeste;
04/02/2019;Laguna;
04/02/2019;Curitibanos;
04/02/2019;Rio Negrinho;
04/02/2019;Campos Novos;
04/02/2019;Itapoá;
04/02/2019;Joaçaba;
05/02/2019;Florianópolis;
05/02/2019;Itajaí;
05/02/2019;Chapecó;
05/02/2019;Lages;
05/02/2019;Caçador;
05/02/2019;Araranguá;
05/02/2019;Indaial;
05/02/2019;Xanxerê;
05/02/2019;São Miguel do Oeste;
05/02/2019;Laguna;
05/02/2019;Curitibanos;
05/02/2019;Rio Negrinho;
05/02/2019;Campos Novos;
05/02/2019;Itapoá;
05/02/2019;Joaçaba;
06/02/2019;Florianópolis;
06/02/2019;Itajaí;
06/02/2019;Chapecó;
06/02/2019;Lages;
06/02/2019;Caçador;
06/02/2019;Araranguá;
06/02/2019;Indaial;
06/02/2019;Xanxerê;
06/02/2019;São Miguel do Oeste;
06/02/2019;Laguna;
06/02/2019;Curitibanos;
06/02/2019;Rio Negrinho;
06/02/2019;Campos Novos;
06/02/2019;Itapoá;
06/02/2019;Joaçaba;
07/02/2019;Florianópolis;
07/02/2019;Itajaí;
07/02/2019;Chapecó;
07/02/2019;Lages;
07/02/2019;Caçador;
07/02/2019;Araranguá;
07/02/2019;Indaial;
07/02/2019;Xanxerê;
07/02/2019;São Miguel do Oeste;
07/02/2019;Laguna;
07/02/2019;Curitibanos;
07/02/2019;Rio Negrinho;
07/02/2019;Campos Novos;
07/02/2019;Itapoá;
07/02/2019;Joaçaba;
08/02/2019;Florianópolis;
08/02/2019;Itajaí;
08/02/2019;Chapecó;
08/02/2019;Lages;
08/02/2019;Caçador;
08/02/2019;Araranguá;
08/02/2019;Indaial;
08/02/2019;Xanxerê;
08/02/2019;São Miguel do Oeste;
08/02/2019;Laguna;
08/02/2019;Curitibanos;
08/02/2019;Rio Negrinho;
08/02/2019;Campos Novos;
08/02/2019;Itapoá;
08/02/2019;Joaçaba;
09/02/2019;Florianópolis;
09/02/2019;Itajaí;
09/02/2019;Chapecó;
09/02/2019;Lages;
09/02/2019;Caçador;
09/02/2019;Araranguá;
09/02/2019;Indaial;
09/02/2019;Xanxerê;
09/02/2019;São Miguel do Oeste;
09/02/2019;Laguna;
09/02/2019;Curitibanos;
09/02/2019;Rio Negrinho;
09/02/2019;Campos Novos;
09/02/2019;Itapoá;
09/02/2019;Joaçaba;
10/02/2019;Florianópolis;
10/02/2019;Itajaí;
10/02/2019;Chapecó;
10/02/2019;Lages;
10/02/2019;Caçador;
10/02/2019;Araranguá;
10/02/2019;Indaial;
10/02/2019;Xanxerê;
10/02/2019;São Miguel do Oeste;
10/02/2019;Laguna;
10/02/2019;Curitibanos;
10/02/2019;Rio Negrinho;
10/02/2019;Campos Novos;
10/02/2019;Itapoá;
10/02/2019;Joaçaba;
11/02/2019;Florianópolis;
11/02/2019;Itajaí;
11/02/2019;Chapecó;
11/02/2019;Lages;
11/02/2019;Caçador;
11/02/2019;Araranguá;
11/02/2019;Indaial;
11/02/2019;Xanxerê;
11/02/2019;São Miguel do Oeste;
11/02/2019;Laguna;
11/02/2019;Curitibanos;
11/02/2019;Rio Negrinho;
11/02/2019;Campos Novos;
11/02/2019;Itapoá;
11/02/2019;Joaçaba;
12/02/2019;Florianópolis;
12/02/2019;Itajaí;
12/02/2019;Chapecó;
12/02/2019;Lages;
12/02/2019;Caçador;
12/02/2019;Araranguá;
12/02/2019;Indaial;
12/02/2019;Xanxerê;
12/02/2019;São Miguel do Oeste;
12/02/2019;Laguna;
12/02/2019;Curitibanos;
12/02/2019;Rio Negrinho;
12/02/2019;Campos Novos;
12/02/2019;Itapoá;
12/02/2019;Joaçaba;
13/02/2019;Florianópolis;
13/02/2019;Itajaí;
13/02/2019;Chapecó;
13/02/2019;Lages;
13/02/2019;Caçador;
13/02/2019;Araranguá;
13/02/2019;Indaial;
13/02/2019;Xanxerê;
13/02/2019;São Miguel do Oeste;
13/02/2019;Laguna;
13/02/2019;Curitibanos;
13/02/2019;Rio Negrinho;
13/02/2019;Campos Novos;
13/02/2019;Itapoá;
13/02/2019;Joaçaba;
14/02/2019;Florianópolis;
14/02/2019;Itajaí;
14/02/2019;Chapecó;
14/02/2019;Lages;
14/02/2019;Caçador;
14/02/2019;Araranguá;
14/02/2019;Indaial;
14/02/2019;Xanxerê;
14/02/2019;São Miguel do Oeste;
14/02/2019;Laguna;
14/02/2019;Curitibanos;
14/02/2019;Rio Negrinho;
14/02/2019;Campos Novos;
14/02/2019;Itapoá;
14/02/2019;Joaçaba;
15/02/2019;Florianópolis;
15/02/2019;Itajaí;
15/02/2019;Chapecó;
15/02/2019;Lages;
15/02/2019;Caçador;
15/02/2019;Araranguá;
15/02/2019;Indaial;
15/02/2019;Xanxerê;
15/02/2019;São Miguel do Oeste;
15/02/2019;Laguna;
15/02/2019;Curitibanos;
15/02/2019;Rio Negrinho;
15/02/2019;Campos Novos;
15/02/2019;Itapoá;
15/02/2019;Joaçaba;
16/02/2019;Florianópolis;
16/02/2019;Itajaí;
16/02/2019;Chapecó;
16/02/2019;Lages;
16/02/2019;Caçador;
16/02/2019;Araranguá;
16/02/2019;Indaial;
16/02/2019;Xanxerê;
16/02/2019;São Miguel do Oeste;
16/02/2019;Laguna;
16/02/2019;Curitibanos;
16/02/2019;Rio Negrinho;
16/02/2019;Campos Novos;
16/02/2019;Itapoá;
16/02/2019;Joaçaba;
17/02/2019;Florianópolis;
17/02/2019;Itajaí;
17/02/2019;Chapecó;
17/02/2019;Lages;
17/02/2019;Caçador;
17/02/2019;Araranguá;
17/02/2019;Indaial;
17/02/2019;Xanxerê;
17/02/2019;São Miguel do Oeste;
17/02/2019;Laguna;
17/02/2019;Curitibanos;
17/02/2019;Rio Negrinho;
17/02/2019;Campos Novos;
17/02/2019;Itapoá;
17/02/2019;Joaçaba;
18/02/2019;Florianópolis;
18/02/2019;Itajaí;
18/02/2019;Chapecó;
18/02/2019;Lages;
18/02/2019;Caçador;
18/02/2019;Araranguá;
18/02/2019;Indaial;
18/02/2019;Xanxerê;
18/02/2019;São Miguel do Oeste;
18/02/2019;Laguna;
18/02/2019;Curitibanos;
18/02/2019;Rio Negrinho;
18/02/2019;Campos Novos;
18/02/2019;Itapoá;
18/02/2019;Joaçaba;
19/02/2019;Florianópolis;
19/02/2019;Itajaí;
19/02/2019;Chapecó;
19/02/2019;Lages;
19/02/2019;Caçador;
19/02/2019;Araranguá;
19/02/2019;Indaial;
19/02/2019;Xanxerê;
19/02/2019;São Miguel do Oeste;
19/02/2019;Laguna;
19/02/2019;Curitibanos;
19/02/2019;Rio Negrinho;
19/02/2019;Campos Novos;
19/02/2019;Itapoá;
19/02/2019;Joaçaba;
20/02/2019;Florianópolis;
20/02/2019;Itajaí;
20/02/2019;Chapecó;
20/02/2019;Lages;
20/02/2019;Caçador;
20/02/2019;Araranguá;
20/02/2019;Indaial;
20/02/2019;Xanxerê;
20/02/2019;São Miguel do Oeste;
20/02/2019;Laguna;
20/02/2019;Curitibanos;
20/02/2019;Rio Negrinho;
20/02/2019;Campos Novos;
20/02/2019;Itapoá;
20/02/2019;Joaçaba;
21/02/2019;Florianópolis;
21/02/2019;Itajaí;
21/02/2019;Chapecó;
21/02/2019;Lages;
21/02/2019;Caçador;
21/02/2019;Araranguá;
21/02/2019;Indaial;
21/02/2019;Xanxerê;
21/02/2019;São Miguel do Oeste;
21/02/2019;Laguna;
21/02/2019;Curitibanos;
21/02/2019;Rio Negrinho;
21/02/2019;Campos Novos;
21/02/2019;Itapoá;
21/02/2019;Joaçaba;
22/02/2019;Florianópolis;
22/02/2019;Itajaí;
22/02/2019;Chapecó;
22/02/2019;Lages;
22/02/2019;Caçador;
22/02/2019;Araranguá;
22/02/2019;Indaial;
22/02/2019;Xanxerê;
22/02/2019;São Miguel do Oeste;
22/02/2019;Laguna;
22/02/2019;Curitibanos;
22/02/2019;Rio Negrinho;
22/02/2019;Campos Novos;
22/02/2019;Itapoá;
22/02/2019;Joaçaba;
23/02/2019;Florianópolis;
23/02/2019;Itajaí;
23/02/2019;Chapecó;
23/02/2019;Lages;
23/02/2019;Caçador;
23/02/2019;Araranguá;
23/02/2019;Indaial;
23/02/2019;Xanxerê;
23/02/2019;São Miguel do Oeste;
23/02/2019;Laguna;
23/02/2019;Curitibanos;
23/02/2019;Rio Negrinho;
23/02/2019;Campos Novos;
23/02/2019;Itapoá;
23/02/2019;Joaçaba;
24/02/2019;Florianópolis;
24/02/2019;Itajaí;
24/02/2019;Chapecó;
24/02/2019;Lages;
24/02/2019;Caçador;
24/02/2019;Araranguá;
24/02/2019;Indaial;
24/02/2019;Xanxerê;
24/02/2019;São Miguel do Oeste;
24/02/2019;Laguna;
24/02/2019;Curitibanos;
24/02/2019;Rio Negrinho;
24/02/2019;Campos Novos;
24/02/2019;Itapoá;
24/02/2019;Joaçaba;
25/02/2019;Florianópolis;
25/02/2019;Itajaí;
25/02/2019;Chapecó;
25/02/2019;Lages;
25/02/2019;Caçador;
25/02/2019;Araranguá;
25/02/2019;Indaial;
25/02/2019;Xanxerê;
25/02/2019;São Miguel do Oeste;
25/02/2019;Laguna;
25/02/2019;Curitibanos;
25/02/2019;Rio Negrinho;
25/02/2019;Campos Novos;
25/02/2019;Itapoá;
25/02/2019;Joaçaba;
26/02/2019;Florianópolis;
26/02/2019;Itajaí;
26/02/2019;Chapecó;
26/02/2019;Lages;
26/02/2019;Caçador;
26/02/2019;Araranguá;
26/02/2019;Indaial;
26/02/2019;Xanxerê;
26/02/2019;São Miguel do Oeste;
26/02/2019;Laguna;
26/02/2019;Curitibanos;
26/02/2019;Rio Negrinho;
26/02/2019;Campos Novos;
26/02/2019;Itapoá;
26/02/2019;Joaçaba;
27/02/2019;Florianópolis;
27/02/2019;Itajaí;
27/02/2019;Chapecó;
27/02/2019;Lages;
27/02/2019;Caçador;
27/02/2019;Araranguá;
27/02/2019;Indaial;
27/02/2019;Xanxerê;
27/02/2019;São Miguel do Oeste;
27/02/2019;Laguna;
27/02/2019;Curitibanos;
27/02/2019;Rio Negrinho;
27/02/2019;Campos Novos;
27/02/2019;Itapoá;
27/02/2019;Joaçaba;
28/02/2019;Florianópolis;
28/02/2019;Itajaí;
28/02/2019;Chapecó;
28/02/2019;Lages;
28/02/2019;Caçador;
28/02/2019;Araranguá;
28/02/2019;Indaial;
28/02/2019;Xanxerê;
28/02/2019;São Miguel do Oeste;
28/02/2019;Laguna;
28/02/2019;Curitibanos;
28/02/2019;Rio Negrinho;
28/02/2019;Campos Novos;
28/02/2019;Itapoá;
28/02/2019;Joaçaba;
01/03/2019;Florianópolis;
01/03/2019;Itajaí;
01/03/2019;Chapecó;
01/03/2019;Lages;
01/03/2019;Caçador;
01/03/2019;Araranguá;
01/03/2019;Indaial;
01/03/2019;Xanxerê;
01/03/2019;São Miguel do Oeste;
01/03/2019;Laguna;
01/03/2019;Curitibanos;
01/03/2019;Rio Negrinho;
01/03/2019;Campos Novos;
01/03/2019;Itapoá;
01/03/2019;Joaçaba;
02/03/2019;Florianópolis;
02/03/2019;Itajaí;
02/03/2019;Chapecó;
02/03/2019;Lages;
02/03/2019;Caçador;
02/03/2019;Araranguá;
02/03/2019;Indaial;
02/03/2019;Xanxerê;
02/03/2019;São Miguel do Oeste;
02/03/2019;Laguna;
02/03/2019;Curitibanos;
02/03/2019;Rio Negrinho;
02/03/2019;Campos Novos;
02/03/2019;Itapoá;
02/03/2019;Joaçaba;
03/03/2019;Florianópolis;
03/03/2019;Itajaí;
03/03/2019;Chapecó;
03/03/2019;Lages;
03/03/2019;Caçador;
03/03/2019;Araranguá;
03/03/2019;Indaial;
03/03/2019;Xanxerê;
03/03/2019;São Miguel do Oeste;
03/03/2019;Laguna;
03/03/2019;Curitibanos;
03/03/2019;Rio Negrinho;
03/03/2019;Campos Novos;
03/03/2019;Itapoá;
03/03/2019;Joaçaba;
04/03/2019;Florianópolis;
04/03/2019;Itajaí;
04/03/2019;Chapecó;
04/03/2019;Lages;
04/03/2019;Caçador;
04/03/2019;Araranguá;
04/03/2019;Indaial;
04/03/2019;Xanxerê;
04/03/2019;São Miguel do Oeste;
04/03/2019;Laguna;
04/03/2019;Curitibanos;
04/03/2019;Rio Negrinho;
04/03/2019;Campos Novos;
04/03/2019;Itapoá;
04/03/2019;Joaçaba;
05/03/2019;Florianópolis;
05/03/2019;Itajaí;
05/03/2019;Chapecó;
05/03/2019;Lages;
05/03/2019;Caçador;
05/03/2019;Araranguá;
05/03/2019;Indaial;
05/03/2019;Xanxerê;
05/03/2019;São Miguel do Oeste;
05/03/2019;Laguna;
05/03/2019;Curitibanos;
05/03/2019;Rio Negrinho;
05/03/2019;Campos Novos;
05/03/2019;Itapoá;
05/03/2019;Joaçaba;
06/03/2019;Florianópolis;
06/03/2019;Itajaí;
06/03/2019;Chapecó;
06/03/2019;Lages;
06/03/2019;Caçador;
06/03/2019;Araranguá;
06/03/2019;Indaial;
06/03/2019;Xanxerê;
06/03/2019;São Miguel do Oeste;
06/03/2019;Laguna;
06/03/2019;Curitibanos;
06/03/2019;Rio Negrinho;
06/03/2019;Campos Novos;
06/03/2019;Itapoá;
06/03/2019;Joaçaba;
07/03/2019;Florianópolis;
07/03/2019;Itajaí;
07/03/2019;Chapecó;
07/03/2019;Lages;
07/03/2019;Caçador;
07/03/2019;Araranguá;
07/03/2019;Indaial;
07/03/2019;Xanxerê;
07/03/2019;São Miguel do Oeste;
07/03/2019;Laguna;
07/03/2019;Curitibanos;
07/03/2019;Rio Negrinho;
07/03/2019;Campos Novos;
07/03/2019;Itapoá;
07/03/2019;Joaçaba;
08/03/2019;Florianópolis;
08/03/2019;Itajaí;
08/03/2019;Chapecó;
08/03/2019;Lages;
08/03/2019;Caçador;
08/03/2019;Araranguá;
08/03/2019;Indaial;
08/03/2019;Xanxerê;
08/03/2019;São Miguel do Oeste;
08/03/2019;Laguna;
08/03/2019;Curitibanos;
08/03/2019;Rio Negrinho;
08/03/2019;Campos Novos;
08/03/2019;Itapoá;
08/03/2019;Joaçaba;
09/03/2019;Florianópolis;
09/03/2019;Itajaí;
09/03/2019;Chapecó;
09/03/2019;Lages;
09/03/2019;Caçador;
09/03/2019;Araranguá;
09/03/2019;Indaial;
09/03/2019;Xanxerê;
09/03/2019;São Miguel do Oeste;
09/03/2019;Laguna;
09/03/2019;Curitibanos;
09/03/2019;Rio Negrinho;
09/03/2019;Campos Novos;
09/03/2019;Itapoá;
09/03/2019;Joaçaba;
10/03/2019;Florianópolis;
10/03/2019;Itajaí;
10/03/2019;Chapecó;
10/03/2019;Lages;
10/03/2019;Caçador;
10/03/2019;Araranguá;
10/03/2019;Indaial;
10/03/2019;Xanxerê;
10/03/2019;São Miguel do Oeste;
10/03/2019;Laguna;
10/03/2019;Curitibanos;
10/03/2019;Rio Negrinho;
10/03/2019;Campos Novos;
10/03/2019;Itapoá;
10/03/2019;Joaçaba;
11/03/2019;Florianópolis;
11/03/2019;Itajaí;
11/03/2019;Chapecó;
11/03/2019;Lages;
11/03/2019;Caçador;
11/03/2019;Araranguá;
11/03/2019;Indaial;
11/03/2019;Xanxerê;
11/03/2019;São Miguel do Oeste;
11/03/2019;Laguna;
11/03/2019;Curitibanos;
11/03/2019;Rio Negrinho;
11/03/2019;Campos Novos;
11/03/2019;Itapoá;
11/03/2019;Joaçaba;
12/03/2019;Florianópolis;
12/03/2019;Itajaí;
12/03/2019;Chapecó;
12/03/2019;Lages;
12/03/2019;Caçador;
12/03/2019;Araranguá;
12/03/2019;Indaial;
12/03/2019;Xanxerê;
12/03/2019;São Miguel do Oeste;
12/03/2019;Laguna;
12/03/2019;Curitibanos;
12/03/2019;Rio Negrinho;
12/03/2019;Campos Novos;
12/03/2019;Itapoá;
12/03/2019;Joaçaba;
13/03/2019;Florianópolis;
13/03/2019;Itajaí;
13/03/2019;Chapecó;
13/03/2019;Lages;
13/03/2019;Caçador;
13/03/2019;Araranguá;
13/03/2019;Indaial;
13/03/2019;Xanxerê;
13/03/2019;São Miguel do Oeste;
13/03/2019;Laguna;
13/03/2019;Curitibanos;
13/03/2019;Rio Negrinho;
13/03/2019;Campos Novos;
13/03/2019;Itapoá;
13/03/2019;Joaçaba;
14/03/2019;Florianópolis;
14/03/2019;Itajaí;
14/03/2019;Chapecó;
14/03/2019;Lages;
14/03/2019;Caçador;
14/03/2019;Araranguá;
14/03/2019;Indaial;
14/03/2019;Xanxerê;
14/03/2019;São Miguel do Oeste;
14/03/2019;Laguna;
14/03/2019;Curitibanos;
14/03/2019;Rio Negrinho;
14/03/2019;Campos Novos;
14/03/2019;Itapoá;
14/03/2019;Joaçaba;
15/03/2019;Florianópolis;
15/03/2019;Itajaí;
15/03/2019;Chapecó;
15/03/2019;Lages;
15/03/2019;Caçador;
15/03/2019;Araranguá;
15/03/2019;Indaial;
15/03/2019;Xanxerê;
15/03/2019;São Miguel do Oeste;
15/03/2019;Laguna;
15/03/2019;Curitibanos;
15/03/2019;Rio Negrinho;
15/03/2019;Campos Novos;
15/03/2019;Itapoá;
15/03/2019;Joaçaba;
16/03/2019;Florianópolis;
16/03/2019;Itajaí;
16/03/2019;Chapecó;
16/03/2019;Lages;
16/03/2019;Caçador;
16/03/2019;Araranguá;
16/03/2019;Indaial;
16/03/2019;Xanxerê;
16/03/2019;São Miguel do Oeste;
16/03/2019;Laguna;
16/03/2019;Curitibanos;
16/03/2019;Rio Negrinho;
16/03/2019;Campos Novos;
16/03/2019;Itapoá;
16/03/2019;Joaçaba;
17/03/2019;Florianópolis;
17/03/2019;Itajaí;
17/03/2019;Chapecó;
17/03/2019;Lages;
17/03/2019;Caçador;
17/03/2019;Araranguá;
17/03/2019;Indaial;
17/03/2019;Xanxerê;
17/03/2019;São Miguel do Oeste;
17/03/2019;Laguna;
17/03/2019;Curitibanos;
17/03/2019;Rio Negrinho;
17/03/2019;Campos Novos;
17/03/2019;Itapoá;
17/03/2019;Joaçaba;
18/03/2019;Florianópolis;
18/03/2019;Itajaí;
18/03/2019;Chapecó;
18/03/2019;Lages;
18/03/2019;Caçador;
18/03/2019;Araranguá;
18/03/2019;Indaial;
18/03/2019;Xanxerê;
18/03/2019;São Miguel do Oeste;
18/03/2019;Laguna;
18/03/2019;Curitibanos;
18/03/2019;Rio Negrinho;
18/03/2019;Campos Novos;
18/03/2019;Itapoá;
18/03/2019;Joaçaba;
19/03/2019;Florianópolis;
19/03/2019;Itajaí;
19/03/2019;Chapecó;
19/03/2019;Lages;
19/03/2019;Caçador;
19/03/2019;Araranguá;
19/03/2019;Indaial;
19/03/2019;Xanxerê;
19/03/2019;São Miguel do Oeste;
19/03/2019;Laguna;
19/03/2019;Curitibanos;
19/03/2019;Rio Negrinho;
19/03/2019;Campos Novos;
19/03/2019;Itapoá;
19/03/2019;Joaçaba;
20/03/2019;Florianópolis;
20/03/2019;Itajaí;
20/03/2019;Chapecó;
20/03/2019;Lages;
20/03/2019;Caçador;
20/03/2019;Araranguá;
20/03/2019;Indaial;
20/03/2019;Xanxerê;
20/03/2019;São Miguel do Oeste;
20/03/2019;Laguna;
20/03/2019;Curitibanos;
20/03/2019;Rio Negrinho;
20/03/2019;Campos Novos;
20/03/2019;Itapoá;
20/03/2019;Joaçaba;
21/03/2019;Florianópolis;
21/03/2019;Itajaí;
21/03/2019;Chapecó;
21/03/2019;Lages;
21/03/2019;Caçador;
21/03/2019;Araranguá;
21/03/2019;Indaial;
21/03/2019;Xanxerê;
21/03/2019;São Miguel do Oeste;
21/03/2019;Laguna;
21/03/2019;Curitibanos;
21/03/2019;Rio Negrinho;
21/03/2019;Campos Novos;
21/03/2019;Itapoá;
21/03/2019;Joaçaba;
22/03/2019;Florianópolis;
22/03/2019;Itajaí;
22/03/2019;Chapecó;
22/03/2019;Lages;
22/03/2019;Caçador;
22/03/2019;Araranguá;
22/03/2019;Indaial;
22/03/2019;Xanxerê;
22/03/2019;São Miguel do Oeste;
22/03/2019;Laguna;
22/03/2019;Curitibanos;
22/03/2019;Rio Negrinho;
22/03/2019;Campos Novos;
22/03/2019;Itapoá;
22/03/2019;Joaçaba;
23/03/2019;Florianópolis;
23/03/2019;Itajaí;
23/03/2019;Chapecó;
23/03/2019;Lages;
23/03/2019;Caçador;
23/03/2019;Araranguá;
23/03/2019;Indaial;
23/03/2019;Xanxerê;
23/03/2019;São Miguel do Oeste;
23/03/2019;Laguna;
23/03/2019;Curitibanos;
23/03/2019;Rio Negrinho;
23/03/2019;Campos Novos;
23/03/2019;Itapoá;
23/03/2019;Joaçaba;
24/03/2019;Florianópolis;
24/03/2019;Itajaí;
24/03/2019;Chapecó;
24/03/2019;Lages;
24/03/2019;Caçador;
24/03/2019;Araranguá;
24/03/2019;Indaial;
24/03/2019;Xanxerê;
24/03/2019;São Miguel do Oeste;
24/03/2019;Laguna;
24/03/2019;Curitibanos;
24/03/2019;Rio Negrinho;
24/03/2019;Campos Novos;
24/03/2019;Itapoá;
24/03/2019;Joaçaba;
25/03/2019;Florianópolis;
25/03/2019;Itajaí;
25/03/2019;Chapecó;
25/03/2019;Lages;
25/03/2019;Caçador;
25/03/2019;Araranguá;
25/03/2019;Indaial;
25/03/2019;Xanxerê;
25/03/2019;São Miguel do Oeste;
25/03/2019;Laguna;
25/03/2019;Curitibanos;
25/03/2019;Rio Negrinho;
25/03/2019;Campos Novos;
25/03/2019;Itapoá;
25/03/2019;Joaçaba;
26/03/2019;Florianópolis;
26/03/2019;Itajaí;
26/03/2019;Chapecó;
26/03/2019;Lages;
26/03/2019;Caçador;
26/03/2019;Araranguá;
26/03/2019;Indaial;
26/03/2019;Xanxerê;
26/03/2019;São Miguel do Oeste;
26/03/2019;Laguna;
26/03/2019;Curitibanos;
26/03/2019;Rio Negrinho;
26/03/2019;Campos Novos;
26/03/2019;Itapoá;
26/03/2019;Joaçaba;
27/03/2019;Florianópolis;
27/03/2019;Itajaí;
27/03/2019;Chapecó;
27/03/2019;Lages;
27/03/2019;Caçador;
27/03/2019;Araranguá;
27/03/2019;Indaial;
27/03/2019;Xanxerê;
27/03/2019;São Miguel do Oeste;
27/03/2019;Laguna;
27/03/2019;Curitibanos;
27/03/2019;Rio Negrinho;
27/03/2019;Campos Novos;
27/03/2019;Itapoá;
27/03/2019;Joaçaba;
28/03/2019;Florianópolis;
28/03/2019;Itajaí;
28/03/2019;Chapecó;
28/03/2019;Lages;
28/03/2019;Caçador;
28/03/2019;Araranguá;
28/03/2019;Indaial;
28/03/2019;Xanxerê;
28/03/2019;São Miguel do Oeste;
28/03/2019;Laguna;
28/03/2019;Curitibanos;
28/03/2019;Rio Negrinho;
28/03/2019;Campos Novos;
28/03/2019;Itapoá;
28/03/2019;Joaçaba;
29/03/2019;Florianópolis;
29/03/2019;Itajaí;
29/03/2019;Chapecó;
29/03/2019;Lages;
29/03/2019;Caçador;
29/03/2019;Araranguá;
29/03/2019;Indaial;
29/03/2019;Xanxerê;
29/03/2019;São Miguel do Oeste;
29/03/2019;Laguna;
29/03/2019;Curitibanos;
29/03/2019;Rio Negrinho;
29/03/2019;Campos Novos;
29/03/2019;Itapoá;
29/03/2019;Joaçaba;
30/03/2019;Florianópolis;
30/03/2019;Itajaí;
30/03/2019;Chapecó;
30/03/2019;Lages;
30/03/2019;Caçador;
30/03/2019;Araranguá;
30/03/2019;Indaial;
30/03/2019;Xanxerê;
30/03/2019;São Miguel do Oeste;
30/03/2019;Laguna;
30/03/2019;Curitibanos;
30/03/2019;Rio Negrinho;
30/03/2019;Campos Novos;
30/03/2019;Itapoá;
30/03/2019;Joaçaba;
31/03/2019;Florianópolis;
31/03/2019;Itajaí;
31/03/2019;Chapecó;
31/03/2019;Lages;
31/03/2019;Caçador;
31/03/2019;Araranguá;
31/03/2019;Indaial;
31/03/2019;Xanxerê;
31/03/2019;São Miguel do Oeste;
31/03/2019;Laguna;
31/03/2019;Curitibanos;
31/03/2019;Rio Negrinho;
31/03/2019;Campos Novos;
31/03/2019;Itapoá;
31/03/2019;Joaçaba;
01/04/2019;Florianópolis;
01/04/2019;Itajaí;
01/04/2019;Chapecó;
01/04/2019;Lages;
01/04/2019;Caçador;
01/04/2019;Araranguá;
01/04/2019;Indaial;
01/04/2019;Xanxerê;
01/04/2019;São Miguel do Oeste;
01/04/2019;Laguna;
01/04/2019;Curitibanos;
01/04/2019;Rio Negrinho;
01/04/2019;Campos Novos;
01/04/2019;Itapoá;
01/04/2019;Joaçaba;
02/04/2019;Florianópolis;
02/04/2019;Itajaí;
02/04/2019;Chapecó;
02/04/2019;Lages;
02/04/2019;Caçador;
02/04/2019;Araranguá;
02/04/2019;Indaial;
02/04/2019;Xanxerê;
02/04/2019;São Miguel do Oeste;
02/04/2019;Laguna;
02/04/2019;Curitibanos;
02/04/2019;Rio Negrinho;
02/04/2019;Campos Novos;
02/04/2019;Itapoá;
02/04/2019;Joaçaba;
03/04/2019;Florianópolis;
03/04/2019;Itajaí;
03/04/2019;Chapecó;
03/04/2019;Lages;
03/04/2019;Caçador;
03/04/2019;Araranguá;
03/04/2019;Indaial;
03/04/2019;Xanxerê;
03/04/2019;São Miguel do Oeste;
03/04/2019;Laguna;
03/04/2019;Curitibanos;
03/04/2019;Rio Negrinho;
03/04/2019;Campos Novos;
03/04/2019;Itapoá;
03/04/2019;Joaçaba;
04/04/2019;Florianópolis;
04/04/2019;Itajaí;
04/04/2019;Chapecó;
04/04/2019;Lages;
04/04/2019;Caçador;
04/04/2019;Araranguá;
04/04/2019;Indaial;
04/04/2019;Xanxerê;
04/04/2019;São Miguel do Oeste;
04/04/2019;Laguna;
04/04/2019;Curitibanos;
04/04/2019;Rio Negrinho;
04/04/2019;Campos Novos;
04/04/2019;Itapoá;
04/04/2019;Joaçaba;
05/04/2019;Florianópolis;
05/04/2019;Itajaí;
05/04/2019;Chapecó;
05/04/2019;Lages;
05/04/2019;Caçador;
05/04/2019;Araranguá;
05/04/2019;Indaial;
05/04/2019;Xanxerê;
05/04/2019;São Miguel do Oeste;
05/04/2019;Laguna;
05/04/2019;Curitibanos;
05/04/2019;Rio Negrinho;
05/04/2019;Campos Novos;
05/04/2019;Itapoá;
05/04/2019;Joaçaba;
06/04/2019;Florianópolis;
06/04/2019;Itajaí;
06/04/2019;Chapecó;
06/04/2019;Lages;
06/04/2019;Caçador;
06/04/2019;Araranguá;
06/04/2019;Indaial;
06/04/2019;Xanxerê;
06/04/2019;São Miguel do Oeste;
06/04/2019;Laguna;
06/04/2019;Curitibanos;
06/04/2019;Rio Negrinho;
06/04/2019;Campos Novos;
06/04/2019;Itapoá;
06/04/2019;Joaçaba;
07/04/2019;Florianópolis;
07/04/2019;Itajaí;
07/04/2019;Chapecó;
07/04/2019;Lages;
07/04/2019;Caçador;
07/04/2019;Araranguá;
07/04/2019;Indaial;
07/04/2019;Xanxerê;
07/04/2019;São Miguel do Oeste;
07/04/2019;Laguna;
07/04/2019;Curitibanos;
07/04/2019;Rio Negrinho;
07/04/2019;Campos Novos;
07/04/2019;Itapoá;
07/04/2019;Joaçaba;
08/04/2019;Florianópolis;
08/04/2019;Itajaí;
08/04/2019;Chapecó;
08/04/2019;Lages;
08/04/2019;Caçador;
08/04/2019;Araranguá;
08/04/2019;Indaial;
08/04/2019;Xanxerê;
08/04/2019;São Miguel do Oeste;
08/04/2019;Laguna;
08/04/2019;Curitibanos;
08/04/2019;Rio Negrinho;
08/04/2019;Campos Novos;
08/04/2019;Itapoá;
08/04/2019;Joaçaba;
09/04/2019;Florianópolis;
09/04/2019;Itajaí;
09/04/2019;Chapecó;
09/04/2019;Lages;
09/04/2019;Caçador;
09/04/2019;Araranguá;
09/04/2019;Indaial;
09/04/2019;Xanxerê;
09/04/2019;São Miguel do Oeste;
09/04/2019;Laguna;
09/04/2019;Curitibanos;
09/04/2019;Rio Negrinho;
09/04/2019;Campos Novos;
09/04/2019;Itapoá;
09/04/2019;Joaçaba;
10/04/2019;Florianópolis;
10/04/2019;Itajaí;
10/04/2019;Chapecó;
10/04/2019;Lages;
10/04/2019;Caçador;
10/04/2019;Araranguá;
10/04/2019;Indaial;
10/04/2019;Xanxerê;
10/04/2019;São Miguel do Oeste;
10/04/2019;Laguna;
10/04/2019;Curitibanos;
10/04/2019;Rio Negrinho;
10/04/2019;Campos Novos;
10/04/2019;Itapoá;
10/04/2019;Joaçaba;
11/04/2019;Florianópolis;
11/04/2019;Itajaí;
11/04/2019;Chapecó;
11/04/2019;Lages;
11/04/2019;Caçador;
11/04/2019;Araranguá;
11/04/2019;Indaial;
11/04/2019;Xanxerê;
11/04/2019;São Miguel do Oeste;
11/04/2019;Laguna;
11/04/2019;Curitibanos;
11/04/2019;Rio Negrinho;
11/04/2019;Campos Novos;
11/04/2019;Itapoá;
11/04/2019;Joaçaba;
12/04/2019;Florianópolis;
12/04/2019;Itajaí;
12/04/2019;Chapecó;
12/04/2019;Lages;
12/04/2019;Caçador;
12/04/2019;Araranguá;
12/04/2019;Indaial;
12/04/2019;Xanxerê;
12/04/2019;São Miguel do Oeste;
12/04/2019;Laguna;
12/04/2019;Curitibanos;
12/04/2019;Rio Negrinho;
12/04/2019;Campos Novos;
12/04/2019;Itapoá;
12/04/2019;Joaçaba;
13/04/2019;Florianópolis;
13/04/2019;Itajaí;
13/04/2019;Chapecó;
13/04/2019;Lages;
13/04/2019;Caçador;
13/04/2019;Araranguá;
13/04/2019;Indaial;
13/04/2019;Xanxerê;
13/04/2019;São Miguel do Oeste;
13/04/2019;Laguna;
13/04/2019;Curitibanos;
13/04/2019;Rio Negrinho;
13/04/2019;Campos Novos;
13/04/2019;Itapoá;
13/04/2019;Joaçaba;
14/04/2019;Florianópolis;
14/04/2019;Itajaí;
14/04/2019;Chapecó;
14/04/2019;Lages;
14/04/2019;Caçador;
14/04/2019;Araranguá;
14/04/2019;Indaial;
14/04/2019;Xanxerê;
14/04/2019;São Miguel do Oeste;
14/04/2019;Laguna;
14/04/2019;Curitibanos;
14/04/2019;Rio Negrinho;
14/04/2019;Campos Novos;
14/04/2019;Itapoá;
14/04/2019;Joaçaba;
15/04/2019;Florianópolis;
15/04/2019;Itajaí;
15/04/2019;Chapecó;
15/04/2019;Lages;
15/04/2019;Caçador;
15/04/2019;Araranguá;
15/04/2019;Indaial;
15/04/2019;Xanxerê;
15/04/2019;São Miguel do Oeste;
15/04/2019;Laguna;
15/04/2019;Curitibanos;
15/04/2019;Rio Negrinho;
15/04/2019;Campos Novos;
15/04/2019;Itapoá;
15/04/2019;Joaçaba;
16/04/2019;Florianópolis;
16/04/2019;Itajaí;
16/04/2019;Chapecó;
16/04/2019;Lages;
16/04/2019;Caçador;
16/04/2019;Araranguá;
16/04/2019;Indaial;
16/04/2019;Xanxerê;
16/04/2019;São Miguel do Oeste;
16/04/2019;Laguna;
16/04/2019;Curitibanos;
16/04/2019;Rio Negrinho;
16/04/2019;Campos Novos;
16/04/2019;Itapoá;
16/04/2019;Joaçaba;
17/04/2019;Florianópolis;
17/04/2019;Itajaí;
17/04/2019;Chapecó;
17/04/2019;Lages;
17/04/2019;Caçador;
17/04/2019;Araranguá;
17/04/2019;Indaial;
17/04/2019;Xanxerê;
17/04/2019;São Miguel do Oeste;
17/04/2019;Laguna;
17/04/2019;Curitibanos;
17/04/2019;Rio Negrinho;
17/04/2019;Campos Novos;
17/04/2019;Itapoá;
17/04/2019;Joaçaba;
18/04/2019;Florianópolis;
18/04/2019;Itajaí;
18/04/2019;Chapecó;
18/04/2019;Lages;
18/04/2019;Caçador;
18/04/2019;Araranguá;
18/04/2019;Indaial;
18/04/2019;Xanxerê;
18/04/2019;São Miguel do Oeste;
18/04/2019;Laguna;
18/04/2019;Curitibanos;
18/04/2019;Rio Negrinho;
18/04/2019;Campos Novos;
18/04/2019;Itapoá;
18/04/2019;Joaçaba;
19/04/2019;Florianópolis;
19/04/2019;Itajaí;
19/04/2019;Chapecó;
19/04/2019;Lages;
19/04/2019;Caçador;
19/04/2019;Araranguá;
19/04/2019;Indaial;
19/04/2019;Xanxerê;
19/04/2019;São Miguel do Oeste;
19/04/2019;Laguna;
19/04/2019;Curitibanos;
19/04/2019;Rio Negrinho;
19/04/2019;Campos Novos;
19/04/2019;Itapoá;
19/04/2019;Joaçaba;
20/04/2019;Florianópolis;
20/04/2019;Itajaí;
20/04/2019;Chapecó;
20/04/2019;Lages;
20/04/2019;Caçador;
20/04/2019;Araranguá;
20/04/2019;Indaial;
20/04/2019;Xanxerê;
20/04/2019;São Miguel do Oeste;
20/04/2019;Laguna;
20/04/2019;Curitibanos;
20/04/2019;Rio Negrinho;
20/04/2019;Campos Novos;
20/04/2019;Itapoá;
20/04/2019;Joaçaba;
21/04/2019;Florianópolis;
21/04/2019;Itajaí;
21/04/2019;Chapecó;
21/04/2019;Lages;
21/04/2019;Caçador;
21/04/2019;Araranguá;
21/04/2019;Indaial;
21/04/2019;Xanxerê;
21/04/2019;São Miguel do Oeste;
21/04/2019;Laguna;
21/04/2019;Curitibanos;
21/04/2019;Rio Negrinho;
21/04/2019;Campos Novos;
21/04/2019;Itapoá;
21/04/2019;Joaçaba;
22/04/2019;Florianópolis;
22/04/2019;Itajaí;
22/04/2019;Chapecó;
22/04/2019;Lages;
22/04/2019;Caçador;
22/04/2019;Araranguá;
22/04/2019;Indaial;
22/04/2019;Xanxerê;
22/04/2019;São Miguel do Oeste;
22/04/2019;Laguna;
22/04/2019;Curitibanos;
22/04/2019;Rio Negrinho;
22/04/2019;Campos Novos;
22/04/2019;Itapoá;
22/04/2019;Joaçaba;
23/04/2019;Florianópolis;
23/04/2019;Itajaí;
23/04/2019;Chapecó;
23/04/2019;Lages;
23/04/2019;Caçador;
23/04/2019;Araranguá;
23/04/2019;Indaial;
23/04/2019;Xanxerê;
23/04/2019;São Miguel do Oeste;
23/04/2019;Laguna;
23/04/2019;Curitibanos;
23/04/2019;Rio Negrinho;
23/04/2019;Campos Novos;
23/04/2019;Itapoá;
23/04/2019;Joaçaba;
24/04/2019;Florianópolis;
24/04/2019;Itajaí;
24/04/2019;Chapecó;
24/04/2019;Lages;
24/04/2019;Caçador;
24/04/2019;Araranguá;
24/04/2019;Indaial;
24/04/2019;Xanxerê;
24/04/2019;São Miguel do Oeste;
24/04/2019;Laguna;
24/04/2019;Curitibanos;
24/04/2019;Rio Negrinho;
24/04/2019;Campos Novos;
24/04/2019;Itapoá;
24/04/2019;Joaçaba;
25/04/2019;Florianópolis;
25/04/2019;Itajaí;
25/04/2019;Chapecó;
25/04/2019;Lages;
25/04/2019;Caçador;
25/04/2019;Araranguá;
25/04/2019;Indaial;
25/04/2019;Xanxerê;
25/04/2019;São Miguel do Oeste;
25/04/2019;Laguna;
25/04/2019;Curitibanos;
25/04/2019;Rio Negrinho;
25/04/2019;Campos Novos;
25/04/2019;Itapoá;
25/04/2019;Joaçaba;
26/04/2019;Florianópolis;
26/04/2019;Itajaí;
26/04/2019;Chapecó;
26/04/2019;Lages;
26/04/2019;Caçador;
26/04/2019;Araranguá;
26/04/2019;Indaial;
26/04/2019;Xanxerê;
26/04/2019;São Miguel do Oeste;
26/04/2019;Laguna;
26/04/2019;Curitibanos;
26/04/2019;Rio Negrinho;
26/04/2019;Campos Novos;
26/04/2019;Itapoá;
26/04/2019;Joaçaba;
27/04/2019;Florianópolis;
27/04/2019;Itajaí;
27/04/2019;Chapecó;
27/04/2019;Lages;
27/04/2019;Caçador;
27/04/2019;Araranguá;
27/04/2019;Indaial;
27/04/2019;Xanxerê;
27/04/2019;São Miguel do Oeste;
27/04/2019;Laguna;
27/04/2019;Curitibanos;
27/04/2019;Rio Negrinho;
27/04/2019;Campos Novos;
27/04/2019;Itapoá;
27/04/2019;Joaçaba;
28/04/2019;Florianópolis;
28/04/2019;Itajaí;
28/04/2019;Chapecó;
28/04/2019;Lages;
28/04/2019;Caçador;
28/04/2019;Araranguá;
28/04/2019;Indaial;
28/04/2019;Xanxerê;
28/04/2019;São Miguel do Oeste;
28/04/2019;Laguna;
28/04/2019;Curitibanos;
28/04/2019;Rio Negrinho;
28/04/2019;Campos Novos;
28/04/2019;Itapoá;
28/04/2019;Joaçaba;
29/04/2019;Florianópolis;
29/04/2019;Itajaí;
29/04/2019;Chapecó;
29/04/2019;Lages;
29/04/2019;Caçador;
29/04/2019;Araranguá;
29/04/2019;Indaial;
29/04/2019;Xanxerê;
29/04/2019;São Miguel do Oeste;
29/04/2019;Laguna;
29/04/2019;Curitibanos;
29/04/2019;Rio Negrinho;
29/04/2019;Campos Novos;
29/04/2019;Itapoá;
29/04/2019;Joaçaba;
30/04/2019;Florianópolis;
30/04/2019;Itajaí;
30/04/2019;Chapecó;
30/04/2019;Lages;
30/04/2019;Caçador;
30/04/2019;Araranguá;
30/04/2019;Indaial;
30/04/2019;Xanxerê;
30/04/2019;São Miguel do Oeste;
30/04/2019;Laguna;
30/04/2019;Curitibanos;
30/04/2019;Rio Negrinho;
30/04/2019;Campos Novos;
30/04/2019;Itapoá;
30/04/2019;Joaçaba;
01/05/2019;Florianópolis;
01/05/2019;Itajaí;
01/05/2019;Chapecó;
01/05/2019;Lages;
01/05/2019;Caçador;
01/05/2019;Araranguá;
01/05/2019;Indaial;
01/05/2019;Xanxerê;
01/05/2019;São Miguel do Oeste;
01/05/2019;Laguna;
01/05/2019;Curitibanos;
01/05/2019;Rio Negrinho;
01/05/2019;Campos Novos;
01/05/2019;Itapoá;
01/05/2019;Joaçaba;
02/05/2019;Florianópolis;
02/05/2019;Itajaí;
02/05/2019;Chapecó;
02/05/2019;Lages;
02/05/2019;Caçador;
02/05/2019;Araranguá;
02/05/2019;Indaial;
02/05/2019;Xanxerê;
02/05/2019;São Miguel do Oeste;
02/05/2019;Laguna;
02/05/2019;Curitibanos;
02/05/2019;Rio Negrinho;
02/05/2019;Campos Novos;
02/05/2019;Itapoá;
02/05/2019;Joaçaba;
03/05/2019;Florianópolis;
03/05/2019;Itajaí;
03/05/2019;Chapecó;
03/05/2019;Lages;
03/05/2019;Caçador;
03/05/2019;Araranguá;
03/05/2019;Indaial;
03/05/2019;Xanxerê;
03/05/2019;São Miguel do Oeste;
03/05/2019;Laguna;
03/05/2019;Curitibanos;
03/05/2019;Rio Negrinho;
03/05/2019;Campos Novos;
03/05/2019;Itapoá;
03/05/2019;Joaçaba;
04/05/2019;Florianópolis;
04/05/2019;Itajaí;
04/05/2019;Chapecó;
04/05/2019;Lages;
04/05/2019;Caçador;
04/05/2019;Araranguá;
04/05/2019;Indaial;
04/05/2019;Xanxerê;
04/05/2019;São Miguel do Oeste;
04/05/2019;Laguna;
04/05/2019;Curitibanos;
04/05/2019;Rio Negrinho;
04/05/2019;Campos Novos;
04/05/2019;Itapoá;
04/05/2019;Joaçaba;
05/05/2019;Florianópolis;
05/05/2019;Itajaí;
05/05/2019;Chapecó;
05/05/2019;Lages;
05/05/2019;Caçador;
05/05/2019;Araranguá;
05/05/2019;Indaial;
05/05/2019;Xanxerê;
05/05/2019;São Miguel do Oeste;
05/05/2019;Laguna;
05/05/2019;Curitibanos;
05/05/2019;Rio Negrinho;
05/05/2019;Campos Novos;
05/05/2019;Itapoá;
05/05/2019;Joaçaba;
06/05/2019;Florianópolis;
06/05/2019;Itajaí;
06/05/2019;Chapecó;
06/05/2019;Lages;
06/05/2019;Caçador;
06/05/2019;Araranguá;
06/05/2019;Indaial;
06/05/2019;Xanxerê;
06/05/2019;São Miguel do Oeste;
06/05/2019;Laguna;
06/05/2019;Curitibanos;
06/05/2019;Rio Negrinho;
06/05/2019;Campos Novos;
06/05/2019;Itapoá;
06/05/2019;Joaçaba;
07/05/2019;Florianópolis;
07/05/2019;Itajaí;
07/05/2019;Chapecó;
07/05/2019;Lages;
07/05/2019;Caçador;
07/05/2019;Araranguá;
07/05/2019;Indaial;
07/05/2019;Xanxerê;
07/05/2019;São Miguel do Oeste;
07/05/2019;Laguna;
07/05/2019;Curitibanos;
07/05/2019;Rio Negrinho;
07/05/2019;Campos Novos;
07/05/2019;Itapoá;
07/05/2019;Joaçaba;
08/05/2019;Florianópolis;
08/05/2019;Itajaí;
08/05/2019;Chapecó;
08/05/2019;Lages;
08/05/2019;Caçador;
08/05/2019;Araranguá;
08/05/2019;Indaial;
08/05/2019;Xanxerê;
08/05/2019;São Miguel do Oeste;
08/05/2019;Laguna;
08/05/2019;Curitibanos;
08/05/2019;Rio Negrinho;
08/05/2019;Campos Novos;
08/05/2019;Itapoá;
08/05/2019;Joaçaba;
09/05/2019;Florianópolis;
09/05/2019;Itajaí;
09/05/2019;Chapecó;
09/05/2019;Lages;
09/05/2019;Caçador;
09/05/2019;Araranguá;
09/05/2019;Indaial;
09/05/2019;Xanxerê;
09/05/2019;São Miguel do Oeste;
09/05/2019;Laguna;
09/05/2019;Curitibanos;
09/05/2019;Rio Negrinho;
09/05/2019;Campos Novos;
09/05/2019;Itapoá;
09/05/2019;Joaçaba;
10/05/2019;Florianópolis;
10/05/2019;Itajaí;
10/05/2019;Chapecó;
10/05/2019;Lages;
10/05/2019;Caçador;
10/05/2019;Araranguá;
10/05/2019;Indaial;
10/05/2019;Xanxerê;
10/05/2019;São Miguel do Oeste;
10/05/2019;Laguna;
10/05/2019;Curitibanos;
10/05/2019;Rio Negrinho;
10/05/2019;Campos Novos;
10/05/2019;Itapoá;
10/05/2019;Joaçaba;
11/05/2019;Florianópolis;
11/05/2019;Itajaí;
11/05/2019;Chapecó;
11/05/2019;Lages;
11/05/2019;Caçador;
11/05/2019;Araranguá;
11/05/2019;Indaial;
11/05/2019;Xanxerê;
11/05/2019;São Miguel do Oeste;
11/05/2019;Laguna;
11/05/2019;Curitibanos;
11/05/2019;Rio Negrinho;
11/05/2019;Campos Novos;
11/05/2019;Itapoá;
11/05/2019;Joaçaba;
12/05/2019;Florianópolis;
12/05/2019;Itajaí;
12/05/2019;Chapecó;
12/05/2019;Lages;
12/05/2019;Caçador;
12/05/2019;Araranguá;
12/05/2019;Indaial;
12/05/2019;Xanxerê;
12/05/2019;São Miguel do Oeste;
12/05/2019;Laguna;
12/05/2019;Curitibanos;
12/05/2019;Rio Negrinho;
12/05/2019;Campos Novos;
12/05/2019;Itapoá;
12/05/2019;Joaçaba;
13/05/2019;Florianópolis;
13/05/2019;Itajaí;
13/05/2019;Chapecó;
13/05/2019;Lages;
13/05/2019;Caçador;
13/05/2019;Araranguá;
13/05/2019;Indaial;
13/05/2019;Xanxerê;
13/05/2019;São Miguel do Oeste;
13/05/2019;Laguna;
13/05/2019;Curitibanos;
13/05/2019;Rio Negrinho;
13/05/2019;Campos Novos;
13/05/2019;Itapoá;
13/05/2019;Joaçaba;
14/05/2019;Florianópolis;
14/05/2019;Itajaí;
14/05/2019;Chapecó;
14/05/2019;Lages;
14/05/2019;Caçador;
14/05/2019;Araranguá;
14/05/2019;Indaial;
14/05/2019;Xanxerê;
14/05/2019;São Miguel do Oeste;
14/05/2019;Laguna;
14/05/2019;Curitibanos;
14/05/2019;Rio Negrinho;
14/05/2019;Campos Novos;
14/05/2019;Itapoá;
14/05/2019;Joaçaba;
15/05/2019;Florianópolis;
15/05/2019;Itajaí;
15/05/2019;Chapecó;
15/05/2019;Lages;
15/05/2019;Caçador;
15/05/2019;Araranguá;
15/05/2019;Indaial;
15/05/2019;Xanxerê;
15/05/2019;São Miguel do Oeste;
15/05/2019;Laguna;
15/05/2019;Curitibanos;
15/05/2019;Rio Negrinho;
15/05/2019;Campos Novos;
15/05/2019;Itapoá;
15/05/2019;Joaçaba;
16/05/2019;Florianópolis;
16/05/2019;Itajaí;
16/05/2019;Chapecó;
16/05/2019;Lages;
16/05/2019;Caçador;
16/05/2019;Araranguá;
16/05/2019;Indaial;
16/05/2019;Xanxerê;
16/05/2019;São Miguel do Oeste;
16/05/2019;Laguna;
16/05/2019;Curitibanos;
16/05/2019;Rio Negrinho;
16/05/2019;Campos Novos;
16/05/2019;Itapoá;
16/05/2019;Joaçaba;
17/05/2019;Florianópolis;
17/05/2019;Itajaí;
17/05/2019;Chapecó;
17/05/2019;Lages;
17/05/2019;Caçador;
17/05/2019;Araranguá;
17/05/2019;Indaial;
17/05/2019;Xanxerê;
17/05/2019;São Miguel do Oeste;
17/05/2019;Laguna;
17/05/2019;Curitibanos;
17/05/2019;Rio Negrinho;
17/05/2019;Campos Novos;
17/05/2019;Itapoá;
17/05/2019;Joaçaba;
18/05/2019;Florianópolis;
18/05/2019;Itajaí;
18/05/2019;Chapecó;
18/05/2019;Lages;
18/05/2019;Caçador;
18/05/2019;Araranguá;
18/05/2019;Indaial;
18/05/2019;Xanxerê;
18/05/2019;São Miguel do Oeste;
18/05/2019;Laguna;
18/05/2019;Curitibanos;
18/05/2019;Rio Negrinho;
18/05/2019;Campos Novos;
18/05/2019;Itapoá;
18/05/2019;Joaçaba;
19/05/2019;Florianópolis;
19/05/2019;Itajaí;
19/05/2019;Chapecó;
19/05/2019;Lages;
19/05/2019;Caçador;
19/05/2019;Araranguá;
19/05/2019;Indaial;
19/05/2019;Xanxerê;
19/05/2019;São Miguel do Oeste;
19/05/2019;Laguna;
19/05/2019;Curitibanos;
19/05/2019;Rio Negrinho;
19/05/2019;Campos Novos;
19/05/2019;Itapoá;
19/05/2019;Joaçaba;
20/05/2019;Florianópolis;
20/05/2019;Itajaí;
20/05/2019;Chapecó;
20/05/2019;Lages;
20/05/2019;Caçador;
20/05/2019;Araranguá;
20/05/2019;Indaial;
20/05/2019;Xanxerê;
20/05/2019;São Miguel do Oeste;
20/05/2019;Laguna;
20/05/2019;Curitibanos;
20/05/2019;Rio Negrinho;
20/05/2019;Campos Novos;
20/05/2019;Itapoá;
20/05/2019;Joaçaba;
21/05/2019;Florianópolis;
21/05/2019;Itajaí;
21/05/2019;Chapecó;
21/05/2019;Lages;
21/05/2019;Caçador;
21/05/2019;Araranguá;
21/05/2019;Indaial;
21/05/2019;Xanxerê;
21/05/2019;São Miguel do Oeste;
21/05/2019;Laguna;
21/05/2019;Curitibanos;
21/05/2019;Rio Negrinho;
21/05/2019;Campos Novos;
21/05/2019;Itapoá;
21/05/2019;Joaçaba;
22/05/2019;Florianópolis;
22/05/2019;Itajaí;
22/05/2019;Chapecó;
22/05/2019;Lages;
22/05/2019;Caçador;
22/05/2019;Araranguá;
22/05/2019;Indaial;
22/05/2019;Xanxerê;
22/05/2019;São Miguel do Oeste;
22/05/2019;Laguna;
22/05/2019;Curitibanos;
22/05/2019;Rio Negrinho;
22/05/2019;Campos Novos;
22/05/2019;Itapoá;
22/05/2019;Joaçaba;
23/05/2019;Florianópolis;
23/05/2019;Itajaí;
23/05/2019;Chapecó;
23/05/2019;Lages;
23/05/2019;Caçador;
23/05/2019;Araranguá;
23/05/2019;Indaial;
23/05/2019;Xanxerê;
23/05/2019;São Miguel do Oeste;
23/05/2019;Laguna;
23/05/2019;Curitibanos;
23/05/2019;Rio Negrinho;
23/05/2019;Campos Novos;
23/05/2019;Itapoá;
23/05/2019;Joaçaba;
24/05/2019;Florianópolis;
24/05/2019;Itajaí;
24/05/2019;Chapecó;
24/05/2019;Lages;
24/05/2019;Caçador;
24/05/2019;Araranguá;
24/05/2019;Indaial;
24/05/2019;Xanxerê;
24/05/2019;São Miguel do Oeste;
24/05/2019;Laguna;
24/05/2019;Curitibanos;
24/05/2019;Rio Negrinho;
24/05/2019;Campos Novos;
24/05/2019;Itapoá;
24/05/2019;Joaçaba;
25/05/2019;Florianópolis;
25/05/2019;Itajaí;
25/05/2019;Chapecó;
25/05/2019;Lages;
25/05/2019;Caçador;
25/05/2019;Araranguá;
25/05/2019;Indaial;
25/05/2019;Xanxerê;
25/05/2019;São Miguel do Oeste;
25/05/2019;Laguna;
25/05/2019;Curitibanos;
25/05/2019;Rio Negrinho;
25/05/2019;Campos Novos;
25/05/2019;Itapoá;
25/05/2019;Joaçaba;
26/05/2019;Florianópolis;
26/05/2019;Itajaí;
26/05/2019;Chapecó;
26/05/2019;Lages;
26/05/2019;Caçador;
26/05/2019;Araranguá;
26/05/2019;Indaial;
26/05/2019;Xanxerê;
26/05/2019;São Miguel do Oeste;
26/05/2019;Laguna;
26/05/2019;Curitibanos;
26/05/2019;Rio Negrinho;
26/05/2019;Campos Novos;
26/05/2019;Itapoá;
26/05/2019;Joaçaba;
27/05/2019;Florianópolis;
27/05/2019;Itajaí;
27/05/2019;Chapecó;
27/05/2019;Lages;
27/05/2019;Caçador;
27/05/2019;Araranguá;
27/05/2019;Indaial;
27/05/2019;Xanxerê;
27/05/2019;São Miguel do Oeste;
27/05/2019;Laguna;
27/05/2019;Curitibanos;
27/05/2019;Rio Negrinho;
27/05/2019;Campos Novos;
27/05/2019;Itapoá;
27/05/2019;Joaçaba;
28/05/2019;Florianópolis;
28/05/2019;Itajaí;
28/05/2019;Chapecó;
28/05/2019;Lages;
28/05/2019;Caçador;
28/05/2019;Araranguá;
28/05/2019;Indaial;
28/05/2019;Xanxerê;
28/05/2019;São Miguel do Oeste;
28/05/2019;Laguna;
28/05/2019;Curitibanos;
28/05/2019;Rio Negrinho;
28/05/2019;Campos Novos;
28/05/2019;Itapoá;
28/05/2019;Joaçaba;
29/05/2019;Florianópolis;
29/05/2019;Itajaí;
29/05/2019;Chapecó;
29/05/2019;Lages;
29/05/2019;Caçador;
29/05/2019;Araranguá;
29/05/2019;Indaial;
29/05/2019;Xanxerê;
29/05/2019;São Miguel do Oeste;
29/05/2019;Laguna;
29/05/2019;Curitibanos;
29/05/2019;Rio Negrinho;
29/05/2019;Campos Novos;
29/05/2019;Itapoá;
29/05/2019;Joaçaba;
30/05/2019;Florianópolis;
30/05/2019;Itajaí;
30/05/2019;Chapecó;
30/05/2019;Lages;
30/05/2019;Caçador;
30/05/2019;Araranguá;
30/05/2019;Indaial;
30/05/2019;Xanxerê;
30/05/2019;São Miguel do Oeste;
30/05/2019;Laguna;
30/05/2019;Curitibanos;
30/05/2019;Rio Negrinho;
30/05/2019;Campos Novos;
30/05/2019;Itapoá;
30/05/2019;Joaçaba;
31/05/2019;Florianópolis;
31/05/2019;Itajaí;
31/05/2019;Chapecó;
31/05/2019;Lages;
31/05/2019;Caçador;
31/05/2019;Araranguá;
31/05/2019;Indaial;
31/05/2019;Xanxerê;
31/05/2019;São Miguel do Oeste;
31/05/2019;Laguna;
31/05/2019;Curitibanos;
31/05/2019;Rio Negrinho;
31/05/2019;Campos Novos;
31/05/2019;Itapoá;
31/05/2019;Joaçaba;
01/06/2019;Florianópolis;
01/06/2019;Itajaí;
01/06/2019;Chapecó;
01/06/2019;Lages;
01/06/2019;Caçador;
01/06/2019;Araranguá;
01/06/2019;Indaial;
01/06/2019;Xanxerê;
01/06/2019;São Miguel do Oeste;
01/06/2019;Laguna;
01/06/2019;Curitibanos;
01/06/2019;Rio Negrinho;
01/06/2019;Campos Novos;
01/06/2019;Itapoá;
01/06/2019;Joaçaba;
02/06/2019;Florianópolis;
02/06/2019;Itajaí;
02/06/2019;Chapecó;
02/06/2019;Lages;
02/06/2019;Caçador;
02/06/2019;Araranguá;
02/06/2019;Indaial;
02/06/2019;Xanxerê;
02/06/2019;São Miguel do Oeste;
02/06/2019;Laguna;
02/06/2019;Curitibanos;
02/06/2019;Rio Negrinho;
02/06/2019;Campos Novos;
02/06/2019;Itapoá;
02/06/2019;Joaçaba;
03/06/2019;Florianópolis;
03/06/2019;Itajaí;
03/06/2019;Chapecó;
03/06/2019;Lages;
03/06/2019;Caçador;
03/06/2019;Araranguá;
03/06/2019;Indaial;
03/06/2019;Xanxerê;
03/06/2019;São Miguel do Oeste;
03/06/2019;Laguna;
03/06/2019;Curitibanos;
03/06/2019;Rio Negrinho;
03/06/2019;Campos Novos;
03/06/2019;Itapoá;
03/06/2019;Joaçaba;
04/06/2019;Florianópolis;
04/06/2019;Itajaí;
04/06/2019;Chapecó;
04/06/2019;Lages;
04/06/2019;Caçador;
04/06/2019;Araranguá;
04/06/2019;Indaial;
04/06/2019;Xanxerê;
04/06/2019;São Miguel do Oeste;
04/06/2019;Laguna;
04/06/2019;Curitibanos;
04/06/2019;Rio Negrinho;
04/06/2019;Campos Novos;
04/06/2019;Itapoá;
04/06/2019;Joaçaba;
05/06/2019;Florianópolis;
05/06/2019;Itajaí;
05/06/2019;Chapecó;
05/06/2019;Lages;
05/06/2019;Caçador;
05/06/2019;Araranguá;
05/06/2019;Indaial;
05/06/2019;Xanxerê;
05/06/2019;São Miguel do Oeste;
05/06/2019;Laguna;
05/06/2019;Curitibanos;
05/06/2019;Rio Negrinho;
05/06/2019;Campos Novos;
05/06/2019;Itapoá;
05/06/2019;Joaçaba;
06/06/2019;Florianópolis;
06/06/2019;Itajaí;
06/06/2019;Chapecó;
06/06/2019;Lages;
06/06/2019;Caçador;
06/06/2019;Araranguá;
06/06/2019;Indaial;
06/06/2019;Xanxerê;
06/06/2019;São Miguel do Oeste;
06/06/2019;Laguna;
06/06/2019;Curitibanos;
06/06/2019;Rio Negrinho;
06/06/2019;Campos Novos;
06/06/2019;Itapoá;
06/06/2019;Joaçaba;
07/06/2019;Florianópolis;
07/06/2019;Itajaí;
07/06/2019;Chapecó;
07/06/2019;Lages;
07/06/2019;Caçador;
07/06/2019;Araranguá;
07/06/2019;Indaial;
07/06/2019;Xanxerê;
07/06/2019;São Miguel do Oeste;
07/06/2019;Laguna;
07/06/2019;Curitibanos;
07/06/2019;Rio Negrinho;
07/06/2019;Campos Novos;
07/06/2019;Itapoá;
07/06/2019;Joaçaba;
08/06/2019;Florianópolis;
08/06/2019;Itajaí;
08/06/2019;Chapecó;
08/06/2019;Lages;
08/06/2019;Caçador;
08/06/2019;Araranguá;
08/06/2019;Indaial;
08/06/2019;Xanxerê;
08/06/2019;São Miguel do Oeste;
08/06/2019;Laguna;
08/06/2019;Curitibanos;
08/06/2019;Rio Negrinho;
08/06/2019;Campos Novos;
08/06/2019;Itapoá;
08/06/2019;Joaçaba;
09/06/2019;Florianópolis;
09/06/2019;Itajaí;
09/06/2019;Chapecó;
09/06/2019;Lages;
09/06/2019;Caçador;
09/06/2019;Araranguá;
09/06/2019;Indaial;
09/06/2019;Xanxerê;
09/06/2019;São Miguel do Oeste;
09/06/2019;Laguna;
09/06/2019;Curitibanos;
09/06/2019;Rio Negrinho;
09/06/2019;Campos Novos;
09/06/2019;Itapoá;
09/06/2019;Joaçaba;
10/06/2019;Florianópolis;
10/06/2019;Itajaí;
10/06/2019;Chapecó;
10/06/2019;Lages;
10/06/2019;Caçador;
10/06/2019;Araranguá;
10/06/2019;Indaial;
10/06/2019;Xanxerê;
10/06/2019;São Miguel do Oeste;
10/06/2019;Laguna;
10/06/2019;Curitibanos;
10/06/2019;Rio Negrinho;
10/06/2019;Campos Novos;
10/06/2019;Itapoá;
10/06/2019;Joaçaba;
11/06/2019;Florianópolis;
11/06/2019;Itajaí;
11/06/2019;Chapecó;
11/06/2019;Lages;
11/06/2019;Caçador;
11/06/2019;Araranguá;
11/06/2019;Indaial;
11/06/2019;Xanxerê;
11/06/2019;São Miguel do Oeste;
11/06/2019;Laguna;
11/06/2019;Curitibanos;
11/06/2019;Rio Negrinho;
11/06/2019;Campos Novos;
11/06/2019;Itapoá;
11/06/2019;Joaçaba;
12/06/2019;Florianópolis;
12/06/2019;Itajaí;
12/06/2019;Chapecó;
12/06/2019;Lages;
12/06/2019;Caçador;
12/06/2019;Araranguá;
12/06/2019;Indaial;
12/06/2019;Xanxerê;
12/06/2019;São Miguel do Oeste;
12/06/2019;Laguna;
12/06/2019;Curitibanos;
12/06/2019;Rio Negrinho;
12/06/2019;Campos Novos;
12/06/2019;Itapoá;
12/06/2019;Joaçaba;
13/06/2019;Florianópolis;
13/06/2019;Itajaí;
13/06/2019;Chapecó;
13/06/2019;Lages;
13/06/2019;Caçador;
13/06/2019;Araranguá;
13/06/2019;Indaial;
13/06/2019;Xanxerê;
13/06/2019;São Miguel do Oeste;
13/06/2019;Laguna;
13/06/2019;Curitibanos;
13/06/2019;Rio Negrinho;
13/06/2019;Campos Novos;
13/06/2019;Itapoá;
13/06/2019;Joaçaba;
14/06/2019;Florianópolis;
14/06/2019;Itajaí;
14/06/2019;Chapecó;
14/06/2019;Lages;
14/06/2019;Caçador;
14/06/2019;Araranguá;
14/06/2019;Indaial;
14/06/2019;Xanxerê;
14/06/2019;São Miguel do Oeste;
14/06/2019;Laguna;
14/06/2019;Curitibanos;
14/06/2019;Rio Negrinho;
14/06/2019;Campos Novos;
14/06/2019;Itapoá;
14/06/2019;Joaçaba;
15/06/2019;Florianópolis;
15/06/2019;Itajaí;
15/06/2019;Chapecó;
15/06/2019;Lages;
15/06/2019;Caçador;
15/06/2019;Araranguá;
15/06/2019;Indaial;
15/06/2019;Xanxerê;
15/06/2019;São Miguel do Oeste;
15/06/2019;Laguna;
15/06/2019;Curitibanos;
15/06/2019;Rio Negrinho;
15/06/2019;Campos Novos;
15/06/2019;Itapoá;
15/06/2019;Joaçaba;
16/06/2019;Florianópolis;
16/06/2019;Itajaí;
16/06/2019;Chapecó;
16/06/2019;Lages;
16/06/2019;Caçador;
16/06/2019;Araranguá;
16/06/2019;Indaial;
16/06/2019;Xanxerê;
16/06/2019;São Miguel do Oeste;
16/06/2019;Laguna;
16/06/2019;Curitibanos;
16/06/2019;Rio Negrinho;
16/06/2019;Campos Novos;
16/06/2019;Itapoá;
16/06/2019;Joaçaba;
17/06/2019;Florianópolis;
17/06/2019;Itajaí;
17/06/2019;Chapecó;
17/06/2019;Lages;
17/06/2019;Caçador;
17/06/2019;Araranguá;
17/06/2019;Indaial;
17/06/2019;Xanxerê;
17/06/2019;São Miguel do Oeste;
17/06/2019;Laguna;
17/06/2019;Curitibanos;
17/06/2019;Rio Negrinho;
17/06/2019;Campos Novos;
17/06/2019;Itapoá;
17/06/2019;Joaçaba;
18/06/2019;Florianópolis;
18/06/2019;Itajaí;
18/06/2019;Chapecó;
18/06/2019;Lages;
18/06/2019;Caçador;
18/06/2019;Araranguá;
18/06/2019;Indaial;
18/06/2019;Xanxerê;
18/06/2019;São Miguel do Oeste;
18/06/2019;Laguna;
18/06/2019;Curitibanos;
18/06/2019;Rio Negrinho;
18/06/2019;Campos Novos;
18/06/2019;Itapoá;
18/06/2019;Joaçaba;
19/06/2019;Florianópolis;
19/06/2019;Itajaí;
19/06/2019;Chapecó;
19/06/2019;Lages;
19/06/2019;Caçador;
19/06/2019;Araranguá;
19/06/2019;Indaial;
19/06/2019;Xanxerê;
19/06/2019;São Miguel do Oeste;
19/06/2019;Laguna;
19/06/2019;Curitibanos;
19/06/2019;Rio Negrinho;
19/06/2019;Campos Novos;
19/06/2019;Itapoá;
19/06/2019;Joaçaba;
20/06/2019;Florianópolis;
20/06/2019;Itajaí;
20/06/2019;Chapecó;
20/06/2019;Lages;
20/06/2019;Caçador;
20/06/2019;Araranguá;
20/06/2019;Indaial;
20/06/2019;Xanxerê;
20/06/2019;São Miguel do Oeste;
20/06/2019;Laguna;
20/06/2019;Curitibanos;
20/06/2019;Rio Negrinho;
20/06/2019;Campos Novos;
20/06/2019;Itapoá;
20/06/2019;Joaçaba;
21/06/2019;Florianópolis;
21/06/2019;Itajaí;
21/06/2019;Chapecó;
21/06/2019;Lages;
21/06/2019;Caçador;
21/06/2019;Araranguá;
21/06/2019;Indaial;
21/06/2019;Xanxerê;
21/06/2019;São Miguel do Oeste;
21/06/2019;Laguna;
21/06/2019;Curitibanos;
21/06/2019;Rio Negrinho;
21/06/2019;Campos Novos;
21/06/2019;Itapoá;
21/06/2019;Joaçaba;
22/06/2019;Florianópolis;
22/06/2019;Itajaí;
22/06/2019;Chapecó;
22/06/2019;Lages;
22/06/2019;Caçador;
22/06/2019;Araranguá;
22/06/2019;Indaial;
22/06/2019;Xanxerê;
22/06/2019;São Miguel do Oeste;
22/06/2019;Laguna;
22/06/2019;Curitibanos;
22/06/2019;Rio Negrinho;
22/06/2019;Campos Novos;
22/06/2019;Itapoá;
22/06/2019;Joaçaba;
23/06/2019;Florianópolis;
23/06/2019;Itajaí;
23/06/2019;Chapecó;
23/06/2019;Lages;
23/06/2019;Caçador;
23/06/2019;Araranguá;
23/06/2019;Indaial;
23/06/2019;Xanxerê;
23/06/2019;São Miguel do Oeste;
23/06/2019;Laguna;
23/06/2019;Curitibanos;
23/06/2019;Rio Negrinho;
23/06/2019;Campos Novos;
23/06/2019;Itapoá;
23/06/2019;Joaçaba;
24/06/2019;Florianópolis;
24/06/2019;Itajaí;
24/06/2019;Chapecó;
24/06/2019;Lages;
24/06/2019;Caçador;
24/06/2019;Araranguá;
24/06/2019;Indaial;
24/06/2019;Xanxerê;
24/06/2019;São Miguel do Oeste;
24/06/2019;Laguna;
24/06/2019;Curitibanos;
24/06/2019;Rio Negrinho;
24/06/2019;Campos Novos;
24/06/2019;Itapoá;
24/06/2019;Joaçaba;
25/06/2019;Florianópolis;
25/06/2019;Itajaí;
25/06/2019;Chapecó;
25/06/2019;Lages;
25/06/2019;Caçador;
25/06/2019;Araranguá;
25/06/2019;Indaial;
25/06/2019;Xanxerê;
25/06/2019;São Miguel do Oeste;
25/06/2019;Laguna;
25/06/2019;Curitibanos;
25/06/2019;Rio Negrinho;
25/06/2019;Campos Novos;
25/06/2019;Itapoá;
25/06/2019;Joaçaba;
26/06/2019;Florianópolis;
26/06/2019;Itajaí;
26/06/2019;Chapecó;
26/06/2019;Lages;
26/06/2019;Caçador;
26/06/2019;Araranguá;
26/06/2019;Indaial;
26/06/2019;Xanxerê;
26/06/2019;São Miguel do Oeste;
26/06/2019;Laguna;
26/06/2019;Curitibanos;
26/06/2019;Rio Negrinho;
26/06/2019;Campos Novos;
26/06/2019;Itapoá;
26/06/2019;Joaçaba;
27/06/2019;Florianópolis;
27/06/2019;Itajaí;
27/06/2019;Chapecó;
27/06/2019;Lages;
27/06/2019;Caçador;
27/06/2019;Araranguá;
27/06/2019;Indaial;
27/06/2019;Xanxerê;
27/06/2019;São Miguel do Oeste;
27/06/2019;Laguna;
27/06/2019;Curitibanos;
27/06/2019;Rio Negrinho;
27/06/2019;Campos Novos;
27/06/2019;Itapoá;
27/06/2019;Joaçaba;
28/06/2019;Florianópolis;
28/06/2019;Itajaí;
28/06/2019;Chapecó;
28/06/2019;Lages;
28/06/2019;Caçador;
28/06/2019;Araranguá;
28/06/2019;Indaial;
28/06/2019;Xanxerê;
28/06/2019;São Miguel do Oeste;
28/06/2019;Laguna;
28/06/2019;Curitibanos;
28/06/2019;Rio Negrinho;
28/06/2019;Campos Novos;
28/06/2019;Itapoá;
28/06/2019;Joaçaba;
29/06/2019;Florianópolis;
29/06/2019;Itajaí;
29/06/2019;Chapecó;
29/06/2019;Lages;
29/06/2019;Caçador;
29/06/2019;Araranguá;
29/06/2019;Indaial;
29/06/2019;Xanxerê;
29/06/2019;São Miguel do Oeste;
29/06/2019;Laguna;
29/06/2019;Curitibanos;
29/06/2019;Rio Negrinho;
29/06/2019;Campos Novos;
29/06/2019;Itapoá;
29/06/2019;Joaçaba;
30/06/2019;Florianópolis;
30/06/2019;Itajaí;
30/06/2019;Chapecó;
30/06/2019;Lages;
30/06/2019;Caçador;
30/06/2019;Araranguá;
30/06/2019;Indaial;
30/06/2019;Xanxerê;
30/06/2019;São Miguel do Oeste;
30/06/2019;Laguna;
30/06/2019;Curitibanos;
30/06/2019;Rio Negrinho;
30/06/2019;Campos Novos;
30/06/2019;Itapoá;
30/06/2019;Joaçaba;
01/07/2019;Florianópolis;
01/07/2019;Itajaí;
01/07/2019;Chapecó;
01/07/2019;Lages;
01/07/2019;Caçador;
01/07/2019;Araranguá;
01/07/2019;Indaial;
01/07/2019;Xanxerê;
01/07/2019;São Miguel do Oeste;
01/07/2019;Laguna;
01/07/2019;Curitibanos;
01/07/2019;Rio Negrinho;
01/07/2019;Campos Novos;
01/07/2019;Itapoá;
01/07/2019;Joaçaba;
02/07/2019;Florianópolis;
02/07/2019;Itajaí;
02/07/2019;Chapecó;
02/07/2019;Lages;
02/07/2019;Caçador;
02/07/2019;Araranguá;
02/07/2019;Indaial;
02/07/2019;Xanxerê;
02/07/2019;São Miguel do Oeste;
02/07/2019;Laguna;
02/07/2019;Curitibanos;
02/07/2019;Rio Negrinho;
02/07/2019;Campos Novos;
02/07/2019;Itapoá;
02/07/2019;Joaçaba;
03/07/2019;Florianópolis;
03/07/2019;Itajaí;
03/07/2019;Chapecó;
03/07/2019;Lages;
03/07/2019;Caçador;
03/07/2019;Araranguá;
03/07/2019;Indaial;
03/07/2019;Xanxerê;
03/07/2019;São Miguel do Oeste;
03/07/2019;Laguna;
03/07/2019;Curitibanos;
03/07/2019;Rio Negrinho;
03/07/2019;Campos Novos;
03/07/2019;Itapoá;
03/07/2019;Joaçaba;
04/07/2019;Florianópolis;
04/07/2019;Itajaí;
04/07/2019;Chapecó;
04/07/2019;Lages;
04/07/2019;Caçador;
04/07/2019;Araranguá;
04/07/2019;Indaial;
04/07/2019;Xanxerê;
04/07/2019;São Miguel do Oeste;
04/07/2019;Laguna;
04/07/2019;Curitibanos;
04/07/2019;Rio Negrinho;
04/07/2019;Campos Novos;
04/07/2019;Itapoá;
04/07/2019;Joaçaba;
05/07/2019;Florianópolis;
05/07/2019;Itajaí;
05/07/2019;Chapecó;
05/07/2019;Lages;
05/07/2019;Caçador;
05/07/2019;Araranguá;
05/07/2019;Indaial;
05/07/2019;Xanxerê;
05/07/2019;São Miguel do Oeste;
05/07/2019;Laguna;
05/07/2019;Curitibanos;
05/07/2019;Rio Negrinho;
05/07/2019;Campos Novos;
05/07/2019;Itapoá;
05/07/2019;Joaçaba;
06/07/2019;Florianópolis;
06/07/2019;Itajaí;
06/07/2019;Chapecó;
06/07/2019;Lages;
06/07/2019;Caçador;
06/07/2019;Araranguá;
06/07/2019;Indaial;
06/07/2019;Xanxerê;
06/07/2019;São Miguel do Oeste;
06/07/2019;Laguna;
06/07/2019;Curitibanos;
06/07/2019;Rio Negrinho;
06/07/2019;Campos Novos;
06/07/2019;Itapoá;
06/07/2019;Joaçaba;
07/07/2019;Florianópolis;
07/07/2019;Itajaí;
07/07/2019;Chapecó;
07/07/2019;Lages;
07/07/2019;Caçador;
07/07/2019;Araranguá;
07/07/2019;Indaial;
07/07/2019;Xanxerê;
07/07/2019;São Miguel do Oeste;
07/07/2019;Laguna;
07/07/2019;Curitibanos;
07/07/2019;Rio Negrinho;
07/07/2019;Campos Novos;
07/07/2019;Itapoá;
07/07/2019;Joaçaba;
08/07/2019;Florianópolis;
08/07/2019;Itajaí;
08/07/2019;Chapecó;
08/07/2019;Lages;
08/07/2019;Caçador;
08/07/2019;Araranguá;
08/07/2019;Indaial;
08/07/2019;Xanxerê;
08/07/2019;São Miguel do Oeste;
08/07/2019;Laguna;
08/07/2019;Curitibanos;
08/07/2019;Rio Negrinho;
08/07/2019;Campos Novos;
08/07/2019;Itapoá;
08/07/2019;Joaçaba;
09/07/2019;Florianópolis;
09/07/2019;Itajaí;
09/07/2019;Chapecó;
09/07/2019;Lages;
09/07/2019;Caçador;
09/07/2019;Araranguá;
09/07/2019;Indaial;
09/07/2019;Xanxerê;
09/07/2019;São Miguel do Oeste;
09/07/2019;Laguna;
09/07/2019;Curitibanos;
09/07/2019;Rio Negrinho;
09/07/2019;Campos Novos;
09/07/2019;Itapoá;
09/07/2019;Joaçaba;
10/07/2019;Florianópolis;
10/07/2019;Itajaí;
10/07/2019;Chapecó;
10/07/2019;Lages;
10/07/2019;Caçador;
10/07/2019;Araranguá;
10/07/2019;Indaial;
10/07/2019;Xanxerê;
10/07/2019;São Miguel do Oeste;
10/07/2019;Laguna;
10/07/2019;Curitibanos;
10/07/2019;Rio Negrinho;
10/07/2019;Campos Novos;
10/07/2019;Itapoá;
10/07/2019;Joaçaba;
11/07/2019;Florianópolis;
11/07/2019;Itajaí;
11/07/2019;Chapecó;
11/07/2019;Lages;
11/07/2019;Caçador;
11/07/2019;Araranguá;
11/07/2019;Indaial;
11/07/2019;Xanxerê;
11/07/2019;São Miguel do Oeste;
11/07/2019;Laguna;
11/07/2019;Curitibanos;
11/07/2019;Rio Negrinho;
11/07/2019;Campos Novos;
11/07/2019;Itapoá;
11/07/2019;Joaçaba;
12/07/2019;Florianópolis;
12/07/2019;Itajaí;
12/07/2019;Chapecó;
12/07/2019;Lages;
12/07/2019;Caçador;
12/07/2019;Araranguá;
12/07/2019;Indaial;
12/07/2019;Xanxerê;
12/07/2019;São Miguel do Oeste;
12/07/2019;Laguna;
12/07/2019;Curitibanos;
12/07/2019;Rio Negrinho;
12/07/2019;Campos Novos;
12/07/2019;Itapoá;
12/07/2019;Joaçaba;
13/07/2019;Florianópolis;
13/07/2019;Itajaí;
13/07/2019;Chapecó;
13/07/2019;Lages;
13/07/2019;Caçador;
13/07/2019;Araranguá;
13/07/2019;Indaial;
13/07/2019;Xanxerê;
13/07/2019;São Miguel do Oeste;
13/07/2019;Laguna;
13/07/2019;Curitibanos;
13/07/2019;Rio Negrinho;
13/07/2019;Campos Novos;
13/07/2019;Itapoá;
13/07/2019;Joaçaba;
14/07/2019;Florianópolis;
14/07/2019;Itajaí;
14/07/2019;Chapecó;
14/07/2019;Lages;
14/07/2019;Caçador;
14/07/2019;Araranguá;
14/07/2019;Indaial;
14/07/2019;Xanxerê;
14/07/2019;São Miguel do Oeste;
14/07/2019;Laguna;
14/07/2019;Curitibanos;
14/07/2019;Rio Negrinho;
14/07/2019;Campos Novos;
14/07/2019;Itapoá;
14/07/2019;Joaçaba;
15/07/2019;Florianópolis;
15/07/2019;Itajaí;
15/07/2019;Chapecó;
15/07/2019;Lages;
15/07/2019;Caçador;
15/07/2019;Araranguá;
15/07/2019;Indaial;
15/07/2019;Xanxerê;
15/07/2019;São Miguel do Oeste;
15/07/2019;Laguna;
15/07/2019;Curitibanos;
15/07/2019;Rio Negrinho;
15/07/2019;Campos Novos;
15/07/2019;Itapoá;
15/07/2019;Joaçaba;
16/07/2019;Florianópolis;
16/07/2019;Itajaí;
16/07/2019;Chapecó;
16/07/2019;Lages;
16/07/2019;Caçador;
16/07/2019;Araranguá;
16/07/2019;Indaial;
16/07/2019;Xanxerê;
16/07/2019;São Miguel do Oeste;
16/07/2019;Laguna;
16/07/2019;Curitibanos;
16/07/2019;Rio Negrinho;
16/07/2019;Campos Novos;
16/07/2019;Itapoá;
16/07/2019;Joaçaba;
17/07/2019;Florianópolis;
17/07/2019;Itajaí;
17/07/2019;Chapecó;
17/07/2019;Lages;
17/07/2019;Caçador;
17/07/2019;Araranguá;
17/07/2019;Indaial;
17/07/2019;Xanxerê;
17/07/2019;São Miguel do Oeste;
17/07/2019;Laguna;
17/07/2019;Curitibanos;
17/07/2019;Rio Negrinho;
17/07/2019;Campos Novos;
17/07/2019;Itapoá;
17/07/2019;Joaçaba;
18/07/2019;Florianópolis;
18/07/2019;Itajaí;
18/07/2019;Chapecó;
18/07/2019;Lages;
18/07/2019;Caçador;
18/07/2019;Araranguá;
18/07/2019;Indaial;
18/07/2019;Xanxerê;
18/07/2019;São Miguel do Oeste;
18/07/2019;Laguna;
18/07/2019;Curitibanos;
18/07/2019;Rio Negrinho;
18/07/2019;Campos Novos;
18/07/2019;Itapoá;
18/07/2019;Joaçaba;
19/07/2019;Florianópolis;
19/07/2019;Itajaí;
19/07/2019;Chapecó;
19/07/2019;Lages;
19/07/2019;Caçador;
19/07/2019;Araranguá;
19/07/2019;Indaial;
19/07/2019;Xanxerê;
19/07/2019;São Miguel do Oeste;
19/07/2019;Laguna;
19/07/2019;Curitibanos;
19/07/2019;Rio Negrinho;
19/07/2019;Campos Novos;
19/07/2019;Itapoá;
19/07/2019;Joaçaba;
20/07/2019;Florianópolis;
20/07/2019;Itajaí;
20/07/2019;Chapecó;
20/07/2019;Lages;
20/07/2019;Caçador;
20/07/2019;Araranguá;
20/07/2019;Indaial;
20/07/2019;Xanxerê;
20/07/2019;São Miguel do Oeste;
20/07/2019;Laguna;
20/07/2019;Curitibanos;
20/07/2019;Rio Negrinho;
20/07/2019;Campos Novos;
20/07/2019;Itapoá;
20/07/2019;Joaçaba;
21/07/2019;Florianópolis;
21/07/2019;Itajaí;
21/07/2019;Chapecó;
21/07/2019;Lages;
21/07/2019;Caçador;
21/07/2019;Araranguá;
21/07/2019;Indaial;
21/07/2019;Xanxerê;
21/07/2019;São Miguel do Oeste;
21/07/2019;Laguna;
21/07/2019;Curitibanos;
21/07/2019;Rio Negrinho;
21/07/2019;Campos Novos;
21/07/2019;Itapoá;
21/07/2019;Joaçaba;
22/07/2019;Florianópolis;
22/07/2019;Itajaí;
22/07/2019;Chapecó;
22/07/2019;Lages;
22/07/2019;Caçador;
22/07/2019;Araranguá;
22/07/2019;Indaial;
22/07/2019;Xanxerê;
22/07/2019;São Miguel do Oeste;
22/07/2019;Laguna;
22/07/2019;Curitibanos;
22/07/2019;Rio Negrinho;
22/07/2019;Campos Novos;
22/07/2019;Itapoá;
22/07/2019;Joaçaba;
23/07/2019;Florianópolis;
23/07/2019;Itajaí;
23/07/2019;Chapecó;
23/07/2019;Lages;
23/07/2019;Caçador;
23/07/2019;Araranguá;
23/07/2019;Indaial;
23/07/2019;Xanxerê;
23/07/2019;São Miguel do Oeste;
23/07/2019;Laguna;
23/07/2019;Curitibanos;
23/07/2019;Rio Negrinho;
23/07/2019;Campos Novos;
23/07/2019;Itapoá;
23/07/2019;Joaçaba;
24/07/2019;Florianópolis;
24/07/2019;Itajaí;
24/07/2019;Chapecó;
24/07/2019;Lages;
24/07/2019;Caçador;
24/07/2019;Araranguá;
24/07/2019;Indaial;
24/07/2019;Xanxerê;
24/07/2019;São Miguel do Oeste;
24/07/2019;Laguna;
24/07/2019;Curitibanos;
24/07/2019;Rio Negrinho;
24/07/2019;Campos Novos;
24/07/2019;Itapoá;
24/07/2019;Joaçaba;
25/07/2019;Florianópolis;
25/07/2019;Itajaí;
25/07/2019;Chapecó;
25/07/2019;Lages;
25/07/2019;Caçador;
25/07/2019;Araranguá;
25/07/2019;Indaial;
25/07/2019;Xanxerê;
25/07/2019;São Miguel do Oeste;
25/07/2019;Laguna;
25/07/2019;Curitibanos;
25/07/2019;Rio Negrinho;
25/07/2019;Campos Novos;
25/07/2019;Itapoá;
25/07/2019;Joaçaba;
26/07/2019;Florianópolis;
26/07/2019;Itajaí;
26/07/2019;Chapecó;
26/07/2019;Lages;
26/07/2019;Caçador;
26/07/2019;Araranguá;
26/07/2019;Indaial;
26/07/2019;Xanxerê;
26/07/2019;São Miguel do Oeste;
26/07/2019;Laguna;
26/07/2019;Curitibanos;
26/07/2019;Rio Negrinho;
26/07/2019;Campos Novos;
26/07/2019;Itapoá;
26/07/2019;Joaçaba;
27/07/2019;Florianópolis;
27/07/2019;Itajaí;
27/07/2019;Chapecó;
27/07/2019;Lages;
27/07/2019;Caçador;
27/07/2019;Araranguá;
27/07/2019;Indaial;
27/07/2019;Xanxerê;
27/07/2019;São Miguel do Oeste;
27/07/2019;Laguna;
27/07/2019;Curitibanos;
27/07/2019;Rio Negrinho;
27/07/2019;Campos Novos;
27/07/2019;Itapoá;
27/07/2019;Joaçaba;
28/07/2019;Florianópolis;
28/07/2019;Itajaí;
28/07/2019;Chapecó;
28/07/2019;Lages;
28/07/2019;Caçador;
28/07/2019;Araranguá;
28/07/2019;Indaial;
28/07/2019;Xanxerê;
28/07/2019;São Miguel do Oeste;
28/07/2019;Laguna;
28/07/2019;Curitibanos;
28/07/2019;Rio Negrinho;
28/07/2019;Campos Novos;
28/07/2019;Itapoá;
28/07/2019;Joaçaba;
29/07/2019;Florianópolis;
29/07/2019;Itajaí;
29/07/2019;Chapecó;
29/07/2019;Lages;
29/07/2019;Caçador;
29/07/2019;Araranguá;
29/07/2019;Indaial;
29/07/2019;Xanxerê;
29/07/2019;São Miguel do Oeste;
29/07/2019;Laguna;
29/07/2019;Curitibanos;
29/07/2019;Rio Negrinho;
29/07/2019;Campos Novos;
29/07/2019;Itapoá;
29/07/2019;Joaçaba;
30/07/2019;Florianópolis;
30/07/2019;Itajaí;
30/07/2019;Chapecó;
30/07/2019;Lages;
30/07/2019;Caçador;
30/07/2019;Araranguá;
30/07/2019;Indaial;
30/07/2019;Xanxerê;
30/07/2019;São Miguel do Oeste;
30/07/2019;Laguna;
30/07/2019;Curitibanos;
30/07/2019;Rio Negrinho;
30/07/2019;Campos Novos;
30/07/2019;Itapoá;
30/07/2019;Joaçaba;
31/07/2019;Florianópolis;
31/07/2019;Itajaí;
31/07/2019;Chapecó;
31/07/2019;Lages;
31/07/2019;Caçador;
31/07/2019;Araranguá;
31/07/2019;Indaial;
31/07/2019;Xanxerê;
31/07/2019;São Miguel do Oeste;
31/07/2019;Laguna;
31/07/2019;Curitibanos;
31/07/2019;Rio Negrinho;
31/07/2019;Campos Novos;
31/07/2019;Itapoá;
31/07/2019;Joaçaba;
01/08/2019;Florianópolis;
01/08/2019;Itajaí;
01/08/2019;Chapecó;
01/08/2019;Lages;
01/08/2019;Caçador;
01/08/2019;Araranguá;
01/08/2019;Indaial;
01/08/2019;Xanxerê;
01/08/2019;São Miguel do Oeste;
01/08/2019;Laguna;
01/08/2019;Curitibanos;
01/08/2019;Rio Negrinho;
01/08/2019;Campos Novos;
01/08/2019;Itapoá;
01/08/2019;Joaçaba;
02/08/2019;Florianópolis;
02/08/2019;Itajaí;
02/08/2019;Chapecó;
02/08/2019;Lages;
02/08/2019;Caçador;
02/08/2019;Araranguá;
02/08/2019;Indaial;
02/08/2019;Xanxerê;
02/08/2019;São Miguel do Oeste;
02/08/2019;Laguna;
02/08/2019;Curitibanos;
02/08/2019;Rio Negrinho;
02/08/2019;Campos Novos;
02/08/2019;Itapoá;
02/08/2019;Joaçaba;
03/08/2019;Florianópolis;
03/08/2019;Itajaí;
03/08/2019;Chapecó;
03/08/2019;Lages;
03/08/2019;Caçador;
03/08/2019;Araranguá;
03/08/2019;Indaial;
03/08/2019;Xanxerê;
03/08/2019;São Miguel do Oeste;
03/08/2019;Laguna;
03/08/2019;Curitibanos;
03/08/2019;Rio Negrinho;
03/08/2019;Campos Novos;
03/08/2019;Itapoá;
03/08/2019;Joaçaba;
04/08/2019;Florianópolis;
04/08/2019;Itajaí;
04/08/2019;Chapecó;
04/08/2019;Lages;
04/08/2019;Caçador;
04/08/2019;Araranguá;
04/08/2019;Indaial;
04/08/2019;Xanxerê;
04/08/2019;São Miguel do Oeste;
04/08/2019;Laguna;
04/08/2019;Curitibanos;
04/08/2019;Rio Negrinho;
04/08/2019;Campos Novos;
04/08/2019;Itapoá;
04/08/2019;Joaçaba;
05/08/2019;Florianópolis;
05/08/2019;Itajaí;
05/08/2019;Chapecó;
05/08/2019;Lages;
05/08/2019;Caçador;
05/08/2019;Araranguá;
05/08/2019;Indaial;
05/08/2019;Xanxerê;
05/08/2019;São Miguel do Oeste;
05/08/2019;Laguna;
05/08/2019;Curitibanos;
05/08/2019;Rio Negrinho;
05/08/2019;Campos Novos;
05/08/2019;Itapoá;
05/08/2019;Joaçaba;
06/08/2019;Florianópolis;
06/08/2019;Itajaí;
06/08/2019;Chapecó;
06/08/2019;Lages;
06/08/2019;Caçador;
06/08/2019;Araranguá;
06/08/2019;Indaial;
06/08/2019;Xanxerê;
06/08/2019;São Miguel do Oeste;
06/08/2019;Laguna;
06/08/2019;Curitibanos;
06/08/2019;Rio Negrinho;
06/08/2019;Campos Novos;
06/08/2019;Itapoá;
06/08/2019;Joaçaba;
07/08/2019;Florianópolis;
07/08/2019;Itajaí;
07/08/2019;Chapecó;
07/08/2019;Lages;
07/08/2019;Caçador;
07/08/2019;Araranguá;
07/08/2019;Indaial;
07/08/2019;Xanxerê;
07/08/2019;São Miguel do Oeste;
07/08/2019;Laguna;
07/08/2019;Curitibanos;
07/08/2019;Rio Negrinho;
07/08/2019;Campos Novos;
07/08/2019;Itapoá;
07/08/2019;Joaçaba;
08/08/2019;Florianópolis;
08/08/2019;Itajaí;
08/08/2019;Chapecó;
08/08/2019;Lages;
08/08/2019;Caçador;
08/08/2019;Araranguá;
08/08/2019;Indaial;
08/08/2019;Xanxerê;
08/08/2019;São Miguel do Oeste;
08/08/2019;Laguna;
08/08/2019;Curitibanos;
08/08/2019;Rio Negrinho;
08/08/2019;Campos Novos;
08/08/2019;Itapoá;
08/08/2019;Joaçaba;
09/08/2019;Florianópolis;
09/08/2019;Itajaí;
09/08/2019;Chapecó;
09/08/2019;Lages;
09/08/2019;Caçador;
09/08/2019;Araranguá;
09/08/2019;Indaial;
09/08/2019;Xanxerê;
09/08/2019;São Miguel do Oeste;
09/08/2019;Laguna;
09/08/2019;Curitibanos;
09/08/2019;Rio Negrinho;
09/08/2019;Campos Novos;
09/08/2019;Itapoá;
09/08/2019;Joaçaba;
10/08/2019;Florianópolis;
10/08/2019;Itajaí;
10/08/2019;Chapecó;
10/08/2019;Lages;
10/08/2019;Caçador;
10/08/2019;Araranguá;
10/08/2019;Indaial;
10/08/2019;Xanxerê;
10/08/2019;São Miguel do Oeste;
10/08/2019;Laguna;
10/08/2019;Curitibanos;
10/08/2019;Rio Negrinho;
10/08/2019;Campos Novos;
10/08/2019;Itapoá;
10/08/2019;Joaçaba;
11/08/2019;Florianópolis;
11/08/2019;Itajaí;
11/08/2019;Chapecó;
11/08/2019;Lages;
11/08/2019;Caçador;
11/08/2019;Araranguá;
11/08/2019;Indaial;
11/08/2019;Xanxerê;
11/08/2019;São Miguel do Oeste;
11/08/2019;Laguna;
11/08/2019;Curitibanos;
11/08/2019;Rio Negrinho;
11/08/2019;Campos Novos;
11/08/2019;Itapoá;
11/08/2019;Joaçaba;
12/08/2019;Florianópolis;
12/08/2019;Itajaí;
12/08/2019;Chapecó;
12/08/2019;Lages;
12/08/2019;Caçador;
12/08/2019;Araranguá;
12/08/2019;Indaial;
12/08/2019;Xanxerê;
12/08/2019;São Miguel do Oeste;
12/08/2019;Laguna;
12/08/2019;Curitibanos;
12/08/2019;Rio Negrinho;
12/08/2019;Campos Novos;
12/08/2019;Itapoá;
12/08/2019;Joaçaba;
13/08/2019;Florianópolis;
13/08/2019;Itajaí;
13/08/2019;Chapecó;
13/08/2019;Lages;
13/08/2019;Caçador;
13/08/2019;Araranguá;
13/08/2019;Indaial;
13/08/2019;Xanxerê;
13/08/2019;São Miguel do Oeste;
13/08/2019;Laguna;
13/08/2019;Curitibanos;
13/08/2019;Rio Negrinho;
13/08/2019;Campos Novos;
13/08/2019;Itapoá;
13/08/2019;Joaçaba;
14/08/2019;Florianópolis;
14/08/2019;Itajaí;
14/08/2019;Chapecó;
14/08/2019;Lages;
14/08/2019;Caçador;
14/08/2019;Araranguá;
14/08/2019;Indaial;
14/08/2019;Xanxerê;
14/08/2019;São Miguel do Oeste;
14/08/2019;Laguna;
14/08/2019;Curitibanos;
14/08/2019;Rio Negrinho;
14/08/2019;Campos Novos;
14/08/2019;Itapoá;
14/08/2019;Joaçaba;
15/08/2019;Florianópolis;
15/08/2019;Itajaí;
15/08/2019;Chapecó;
15/08/2019;Lages;
15/08/2019;Caçador;
15/08/2019;Araranguá;
15/08/2019;Indaial;
15/08/2019;Xanxerê;
15/08/2019;São Miguel do Oeste;
15/08/2019;Laguna;
15/08/2019;Curitibanos;
15/08/2019;Rio Negrinho;
15/08/2019;Campos Novos;
15/08/2019;Itapoá;
15/08/2019;Joaçaba;
16/08/2019;Florianópolis;
16/08/2019;Itajaí;
16/08/2019;Chapecó;
16/08/2019;Lages;
16/08/2019;Caçador;
16/08/2019;Araranguá;
16/08/2019;Indaial;
16/08/2019;Xanxerê;
16/08/2019;São Miguel do Oeste;
16/08/2019;Laguna;
16/08/2019;Curitibanos;
16/08/2019;Rio Negrinho;
16/08/2019;Campos Novos;
16/08/2019;Itapoá;
16/08/2019;Joaçaba;
17/08/2019;Florianópolis;
17/08/2019;Itajaí;
17/08/2019;Chapecó;
17/08/2019;Lages;
17/08/2019;Caçador;
17/08/2019;Araranguá;
17/08/2019;Indaial;
17/08/2019;Xanxerê;
17/08/2019;São Miguel do Oeste;
17/08/2019;Laguna;
17/08/2019;Curitibanos;
17/08/2019;Rio Negrinho;
17/08/2019;Campos Novos;
17/08/2019;Itapoá;
17/08/2019;Joaçaba;
18/08/2019;Florianópolis;
18/08/2019;Itajaí;
18/08/2019;Chapecó;
18/08/2019;Lages;
18/08/2019;Caçador;
18/08/2019;Araranguá;
18/08/2019;Indaial;
18/08/2019;Xanxerê;
18/08/2019;São Miguel do Oeste;
18/08/2019;Laguna;
18/08/2019;Curitibanos;
18/08/2019;Rio Negrinho;
18/08/2019;Campos Novos;
18/08/2019;Itapoá;
18/08/2019;Joaçaba;
19/08/2019;Florianópolis;
19/08/2019;Itajaí;
19/08/2019;Chapecó;
19/08/2019;Lages;
19/08/2019;Caçador;
19/08/2019;Araranguá;
19/08/2019;Indaial;
19/08/2019;Xanxerê;
19/08/2019;São Miguel do Oeste;
19/08/2019;Laguna;
19/08/2019;Curitibanos;
19/08/2019;Rio Negrinho;
19/08/2019;Campos Novos;
19/08/2019;Itapoá;
19/08/2019;Joaçaba;
20/08/2019;Florianópolis;
20/08/2019;Itajaí;
20/08/2019;Chapecó;
20/08/2019;Lages;
20/08/2019;Caçador;
20/08/2019;Araranguá;
20/08/2019;Indaial;
20/08/2019;Xanxerê;
20/08/2019;São Miguel do Oeste;
20/08/2019;Laguna;
20/08/2019;Curitibanos;
20/08/2019;Rio Negrinho;
20/08/2019;Campos Novos;
20/08/2019;Itapoá;
20/08/2019;Joaçaba;
21/08/2019;Florianópolis;
21/08/2019;Itajaí;
21/08/2019;Chapecó;
21/08/2019;Lages;
21/08/2019;Caçador;
21/08/2019;Araranguá;
21/08/2019;Indaial;
21/08/2019;Xanxerê;
21/08/2019;São Miguel do Oeste;
21/08/2019;Laguna;
21/08/2019;Curitibanos;
21/08/2019;Rio Negrinho;
21/08/2019;Campos Novos;
21/08/2019;Itapoá;
21/08/2019;Joaçaba;
22/08/2019;Florianópolis;
22/08/2019;Itajaí;
22/08/2019;Chapecó;
22/08/2019;Lages;
22/08/2019;Caçador;
22/08/2019;Araranguá;
22/08/2019;Indaial;
22/08/2019;Xanxerê;
22/08/2019;São Miguel do Oeste;
22/08/2019;Laguna;
22/08/2019;Curitibanos;
22/08/2019;Rio Negrinho;
22/08/2019;Campos Novos;
22/08/2019;Itapoá;
22/08/2019;Joaçaba;
23/08/2019;Florianópolis;
23/08/2019;Itajaí;
23/08/2019;Chapecó;
23/08/2019;Lages;
23/08/2019;Caçador;
23/08/2019;Araranguá;
23/08/2019;Indaial;
23/08/2019;Xanxerê;
23/08/2019;São Miguel do Oeste;
23/08/2019;Laguna;
23/08/2019;Curitibanos;
23/08/2019;Rio Negrinho;
23/08/2019;Campos Novos;
23/08/2019;Itapoá;
23/08/2019;Joaçaba;
24/08/2019;Florianópolis;
24/08/2019;Itajaí;
24/08/2019;Chapecó;
24/08/2019;Lages;
24/08/2019;Caçador;
24/08/2019;Araranguá;
24/08/2019;Indaial;
24/08/2019;Xanxerê;
24/08/2019;São Miguel do Oeste;
24/08/2019;Laguna;
24/08/2019;Curitibanos;
24/08/2019;Rio Negrinho;
24/08/2019;Campos Novos;
24/08/2019;Itapoá;
24/08/2019;Joaçaba;
25/08/2019;Florianópolis;
25/08/2019;Itajaí;
25/08/2019;Chapecó;
25/08/2019;Lages;
25/08/2019;Caçador;
25/08/2019;Araranguá;
25/08/2019;Indaial;
25/08/2019;Xanxerê;
25/08/2019;São Miguel do Oeste;
25/08/2019;Laguna;
25/08/2019;Curitibanos;
25/08/2019;Rio Negrinho;
25/08/2019;Campos Novos;
25/08/2019;Itapoá;
25/08/2019;Joaçaba;
26/08/2019;Florianópolis;
26/08/2019;Itajaí;
26/08/2019;Chapecó;
26/08/2019;Lages;
26/08/2019;Caçador;
26/08/2019;Araranguá;
26/08/2019;Indaial;
26/08/2019;Xanxerê;
26/08/2019;São Miguel do Oeste;
26/08/2019;Laguna;
26/08/2019;Curitibanos;
26/08/2019;Rio Negrinho;
26/08/2019;Campos Novos;
26/08/2019;Itapoá;
26/08/2019;Joaçaba;
27/08/2019;Florianópolis;
27/08/2019;Itajaí;
27/08/2019;Chapecó;
27/08/2019;Lages;
27/08/2019;Caçador;
27/08/2019;Araranguá;
27/08/2019;Indaial;
27/08/2019;Xanxerê;
27/08/2019;São Miguel do Oeste;
27/08/2019;Laguna;
27/08/2019;Curitibanos;
27/08/2019;Rio Negrinho;
27/08/2019;Campos Novos;
27/08/2019;Itapoá;
27/08/2019;Joaçaba;
28/08/2019;Florianópolis;
28/08/2019;Itajaí;
28/08/2019;Chapecó;
28/08/2019;Lages;
28/08/2019;Caçador;
28/08/2019;Araranguá;
28/08/2019;Indaial;
28/08/2019;Xanxerê;
28/08/2019;São Miguel do Oeste;
28/08/2019;Laguna;
28/08/2019;Curitibanos;
28/08/2019;Rio Negrinho;
28/08/2019;Campos Novos;
28/08/2019;Itapoá;
28/08/2019;Joaçaba;
29/08/2019;Florianópolis;
29/08/2019;Itajaí;
29/08/2019;Chapecó;
29/08/2019;Lages;
29/08/2019;Caçador;
29/08/2019;Araranguá;
29/08/2019;Indaial;
29/08/2019;Xanxerê;
29/08/2019;São Miguel do Oeste;
29/08/2019;Laguna;
29/08/2019;Curitibanos;
29/08/2019;Rio Negrinho;
29/08/2019;Campos Novos;
29/08/2019;Itapoá;
29/08/2019;Joaçaba;
30/08/2019;Florianópolis;
30/08/2019;Itajaí;
30/08/2019;Chapecó;
30/08/2019;Lages;
30/08/2019;Caçador;
30/08/2019;Araranguá;
30/08/2019;Indaial;
30/08/2019;Xanxerê;
30/08/2019;São Miguel do Oeste;
30/08/2019;Laguna;
30/08/2019;Curitibanos;
30/08/2019;Rio Negrinho;
30/08/2019;Campos Novos;
30/08/2019;Itapoá;
30/08/2019;Joaçaba;
31/08/2019;Florianópolis;
31/08/2019;Itajaí;
31/08/2019;Chapecó;
31/08/2019;Lages;
31/08/2019;Caçador;
31/08/2019;Araranguá;
31/08/2019;Indaial;
31/08/2019;Xanxerê;
31/08/2019;São Miguel do Oeste;
31/08/2019;Laguna;
31/08/2019;Curitibanos;
31/08/2019;Rio Negrinho;
31/08/2019;Campos Novos;
31/08/2019;Itapoá;
31/08/2019;Joaçaba;
01/09/2019;Florianópolis;
01/09/2019;Itajaí;
01/09/2019;Chapecó;
01/09/2019;Lages;
01/09/2019;Caçador;
01/09/2019;Araranguá;
01/09/2019;Indaial;
01/09/2019;Xanxerê;
01/09/2019;São Miguel do Oeste;
01/09/2019;Laguna;
01/09/2019;Curitibanos;
01/09/2019;Rio Negrinho;
01/09/2019;Campos Novos;
01/09/2019;Itapoá;
01/09/2019;Joaçaba;
02/09/2019;Florianópolis;
02/09/2019;Itajaí;
02/09/2019;Chapecó;
02/09/2019;Lages;
02/09/2019;Caçador;
02/09/2019;Araranguá;
02/09/2019;Indaial;
02/09/2019;Xanxerê;
02/09/2019;São Miguel do Oeste;
02/09/2019;Laguna;
02/09/2019;Curitibanos;
02/09/2019;Rio Negrinho;
02/09/2019;Campos Novos;
02/09/2019;Itapoá;
02/09/2019;Joaçaba;
03/09/2019;Florianópolis;
03/09/2019;Itajaí;
03/09/2019;Chapecó;
03/09/2019;Lages;
03/09/2019;Caçador;
03/09/2019;Araranguá;
03/09/2019;Indaial;
03/09/2019;Xanxerê;
03/09/2019;São Miguel do Oeste;
03/09/2019;Laguna;
03/09/2019;Curitibanos;
03/09/2019;Rio Negrinho;
03/09/2019;Campos Novos;
03/09/2019;Itapoá;
03/09/2019;Joaçaba;
04/09/2019;Florianópolis;
04/09/2019;Itajaí;
04/09/2019;Chapecó;
04/09/2019;Lages;
04/09/2019;Caçador;
04/09/2019;Araranguá;
04/09/2019;Indaial;
04/09/2019;Xanxerê;
04/09/2019;São Miguel do Oeste;
04/09/2019;Laguna;
04/09/2019;Curitibanos;
04/09/2019;Rio Negrinho;
04/09/2019;Campos Novos;
04/09/2019;Itapoá;
04/09/2019;Joaçaba;
05/09/2019;Florianópolis;
05/09/2019;Itajaí;
05/09/2019;Chapecó;
05/09/2019;Lages;
05/09/2019;Caçador;
05/09/2019;Araranguá;
05/09/2019;Indaial;
05/09/2019;Xanxerê;
05/09/2019;São Miguel do Oeste;
05/09/2019;Laguna;
05/09/2019;Curitibanos;
05/09/2019;Rio Negrinho;
05/09/2019;Campos Novos;
05/09/2019;Itapoá;
05/09/2019;Joaçaba;
06/09/2019;Florianópolis;
06/09/2019;Itajaí;
06/09/2019;Chapecó;
06/09/2019;Lages;
06/09/2019;Caçador;
06/09/2019;Araranguá;
06/09/2019;Indaial;
06/09/2019;Xanxerê;
06/09/2019;São Miguel do Oeste;
06/09/2019;Laguna;
06/09/2019;Curitibanos;
06/09/2019;Rio Negrinho;
06/09/2019;Campos Novos;
06/09/2019;Itapoá;
06/09/2019;Joaçaba;
07/09/2019;Florianópolis;
07/09/2019;Itajaí;
07/09/2019;Chapecó;
07/09/2019;Lages;
07/09/2019;Caçador;
07/09/2019;Araranguá;
07/09/2019;Indaial;
07/09/2019;Xanxerê;
07/09/2019;São Miguel do Oeste;
07/09/2019;Laguna;
07/09/2019;Curitibanos;
07/09/2019;Rio Negrinho;
07/09/2019;Campos Novos;
07/09/2019;Itapoá;
07/09/2019;Joaçaba;
08/09/2019;Florianópolis;
08/09/2019;Itajaí;
08/09/2019;Chapecó;
08/09/2019;Lages;
08/09/2019;Caçador;
08/09/2019;Araranguá;
08/09/2019;Indaial;
08/09/2019;Xanxerê;
08/09/2019;São Miguel do Oeste;
08/09/2019;Laguna;
08/09/2019;Curitibanos;
08/09/2019;Rio Negrinho;
08/09/2019;Campos Novos;
08/09/2019;Itapoá;
08/09/2019;Joaçaba;
09/09/2019;Florianópolis;
09/09/2019;Itajaí;
09/09/2019;Chapecó;
09/09/2019;Lages;
09/09/2019;Caçador;
09/09/2019;Araranguá;
09/09/2019;Indaial;
09/09/2019;Xanxerê;
09/09/2019;São Miguel do Oeste;
09/09/2019;Laguna;
09/09/2019;Curitibanos;
09/09/2019;Rio Negrinho;
09/09/2019;Campos Novos;
09/09/2019;Itapoá;
09/09/2019;Joaçaba;
10/09/2019;Florianópolis;
10/09/2019;Itajaí;
10/09/2019;Chapecó;
10/09/2019;Lages;
10/09/2019;Caçador;
10/09/2019;Araranguá;
10/09/2019;Indaial;
10/09/2019;Xanxerê;
10/09/2019;São Miguel do Oeste;
10/09/2019;Laguna;
10/09/2019;Curitibanos;
10/09/2019;Rio Negrinho;
10/09/2019;Campos Novos;
10/09/2019;Itapoá;
10/09/2019;Joaçaba;
11/09/2019;Florianópolis;
11/09/2019;Itajaí;
11/09/2019;Chapecó;
11/09/2019;Lages;
11/09/2019;Caçador;
11/09/2019;Araranguá;
11/09/2019;Indaial;
11/09/2019;Xanxerê;
11/09/2019;São Miguel do Oeste;
11/09/2019;Laguna;
11/09/2019;Curitibanos;
11/09/2019;Rio Negrinho;
11/09/2019;Campos Novos;
11/09/2019;Itapoá;
11/09/2019;Joaçaba;
12/09/2019;Florianópolis;
12/09/2019;Itajaí;
12/09/2019;Chapecó;
12/09/2019;Lages;
12/09/2019;Caçador;
12/09/2019;Araranguá;
12/09/2019;Indaial;
12/09/2019;Xanxerê;
12/09/2019;São Miguel do Oeste;
12/09/2019;Laguna;
12/09/2019;Curitibanos;
12/09/2019;Rio Negrinho;
12/09/2019;Campos Novos;
12/09/2019;Itapoá;
12/09/2019;Joaçaba;
13/09/2019;Florianópolis;
13/09/2019;Itajaí;
13/09/2019;Chapecó;
13/09/2019;Lages;
13/09/2019;Caçador;
13/09/2019;Araranguá;
13/09/2019;Indaial;
13/09/2019;Xanxerê;
13/09/2019;São Miguel do Oeste;
13/09/2019;Laguna;
13/09/2019;Curitibanos;
13/09/2019;Rio Negrinho;
13/09/2019;Campos Novos;
13/09/2019;Itapoá;
13/09/2019;Joaçaba;
14/09/2019;Florianópolis;
14/09/2019;Itajaí;
14/09/2019;Chapecó;
14/09/2019;Lages;
14/09/2019;Caçador;
14/09/2019;Araranguá;
14/09/2019;Indaial;
14/09/2019;Xanxerê;
14/09/2019;São Miguel do Oeste;
14/09/2019;Laguna;
14/09/2019;Curitibanos;
14/09/2019;Rio Negrinho;
14/09/2019;Campos Novos;
14/09/2019;Itapoá;
14/09/2019;Joaçaba;
15/09/2019;Florianópolis;
15/09/2019;Itajaí;
15/09/2019;Chapecó;
15/09/2019;Lages;
15/09/2019;Caçador;
15/09/2019;Araranguá;
15/09/2019;Indaial;
15/09/2019;Xanxerê;
15/09/2019;São Miguel do Oeste;
15/09/2019;Laguna;
15/09/2019;Curitibanos;
15/09/2019;Rio Negrinho;
15/09/2019;Campos Novos;
15/09/2019;Itapoá;
15/09/2019;Joaçaba;
16/09/2019;Florianópolis;
16/09/2019;Itajaí;
16/09/2019;Chapecó;
16/09/2019;Lages;
16/09/2019;Caçador;
16/09/2019;Araranguá;
16/09/2019;Indaial;
16/09/2019;Xanxerê;
16/09/2019;São Miguel do Oeste;
16/09/2019;Laguna;
16/09/2019;Curitibanos;
16/09/2019;Rio Negrinho;
16/09/2019;Campos Novos;
16/09/2019;Itapoá;
16/09/2019;Joaçaba;
17/09/2019;Florianópolis;
17/09/2019;Itajaí;
17/09/2019;Chapecó;
17/09/2019;Lages;
17/09/2019;Caçador;
17/09/2019;Araranguá;
17/09/2019;Indaial;
17/09/2019;Xanxerê;
17/09/2019;São Miguel do Oeste;
17/09/2019;Laguna;
17/09/2019;Curitibanos;
17/09/2019;Rio Negrinho;
17/09/2019;Campos Novos;
17/09/2019;Itapoá;
17/09/2019;Joaçaba;
18/09/2019;Florianópolis;
18/09/2019;Itajaí;
18/09/2019;Chapecó;
18/09/2019;Lages;
18/09/2019;Caçador;
18/09/2019;Araranguá;
18/09/2019;Indaial;
18/09/2019;Xanxerê;
18/09/2019;São Miguel do Oeste;
18/09/2019;Laguna;
18/09/2019;Curitibanos;
18/09/2019;Rio Negrinho;
18/09/2019;Campos Novos;
18/09/2019;Itapoá;
18/09/2019;Joaçaba;
19/09/2019;Florianópolis;
19/09/2019;Itajaí;
19/09/2019;Chapecó;
19/09/2019;Lages;
19/09/2019;Caçador;
19/09/2019;Araranguá;
19/09/2019;Indaial;
19/09/2019;Xanxerê;
19/09/2019;São Miguel do Oeste;
19/09/2019;Laguna;
19/09/2019;Curitibanos;
19/09/2019;Rio Negrinho;
19/09/2019;Campos Novos;
19/09/2019;Itapoá;
19/09/2019;Joaçaba;
20/09/2019;Florianópolis;
20/09/2019;Itajaí;
20/09/2019;Chapecó;
20/09/2019;Lages;
20/09/2019;Caçador;
20/09/2019;Araranguá;
20/09/2019;Indaial;
20/09/2019;Xanxerê;
20/09/2019;São Miguel do Oeste;
20/09/2019;Laguna;
20/09/2019;Curitibanos;
20/09/2019;Rio Negrinho;
20/09/2019;Campos Novos;
20/09/2019;Itapoá;
20/09/2019;Joaçaba;
21/09/2019;Florianópolis;
21/09/2019;Itajaí;
21/09/2019;Chapecó;
21/09/2019;Lages;
21/09/2019;Caçador;
21/09/2019;Araranguá;
21/09/2019;Indaial;
21/09/2019;Xanxerê;
21/09/2019;São Miguel do Oeste;
21/09/2019;Laguna;
21/09/2019;Curitibanos;
21/09/2019;Rio Negrinho;
21/09/2019;Campos Novos;
21/09/2019;Itapoá;
21/09/2019;Joaçaba;
22/09/2019;Florianópolis;
22/09/2019;Itajaí;
22/09/2019;Chapecó;
22/09/2019;Lages;
22/09/2019;Caçador;
22/09/2019;Araranguá;
22/09/2019;Indaial;
22/09/2019;Xanxerê;
22/09/2019;São Miguel do Oeste;
22/09/2019;Laguna;
22/09/2019;Curitibanos;
22/09/2019;Rio Negrinho;
22/09/2019;Campos Novos;
22/09/2019;Itapoá;
22/09/2019;Joaçaba;
23/09/2019;Florianópolis;
23/09/2019;Itajaí;
23/09/2019;Chapecó;
23/09/2019;Lages;
23/09/2019;Caçador;
23/09/2019;Araranguá;
23/09/2019;Indaial;
23/09/2019;Xanxerê;
23/09/2019;São Miguel do Oeste;
23/09/2019;Laguna;
23/09/2019;Curitibanos;
23/09/2019;Rio Negrinho;
23/09/2019;Campos Novos;
23/09/2019;Itapoá;
23/09/2019;Joaçaba;
24/09/2019;Florianópolis;
24/09/2019;Itajaí;
24/09/2019;Chapecó;
24/09/2019;Lages;
24/09/2019;Caçador;
24/09/2019;Araranguá;
24/09/2019;Indaial;
24/09/2019;Xanxerê;
24/09/2019;São Miguel do Oeste;
24/09/2019;Laguna;
24/09/2019;Curitibanos;
24/09/2019;Rio Negrinho;
24/09/2019;Campos Novos;
24/09/2019;Itapoá;
24/09/2019;Joaçaba;
25/09/2019;Florianópolis;
25/09/2019;Itajaí;
25/09/2019;Chapecó;
25/09/2019;Lages;
25/09/2019;Caçador;
25/09/2019;Araranguá;
25/09/2019;Indaial;
25/09/2019;Xanxerê;
25/09/2019;São Miguel do Oeste;
25/09/2019;Laguna;
25/09/2019;Curitibanos;
25/09/2019;Rio Negrinho;
25/09/2019;Campos Novos;
25/09/2019;Itapoá;
25/09/2019;Joaçaba;
26/09/2019;Florianópolis;
26/09/2019;Itajaí;
26/09/2019;Chapecó;
26/09/2019;Lages;
26/09/2019;Caçador;
26/09/2019;Araranguá;
26/09/2019;Indaial;
26/09/2019;Xanxerê;
26/09/2019;São Miguel do Oeste;
26/09/2019;Laguna;
26/09/2019;Curitibanos;
26/09/2019;Rio Negrinho;
26/09/2019;Campos Novos;
26/09/2019;Itapoá;
26/09/2019;Joaçaba;
27/09/2019;Florianópolis;
27/09/2019;Itajaí;
27/09/2019;Chapecó;
27/09/2019;Lages;
27/09/2019;Caçador;
27/09/2019;Araranguá;
27/09/2019;Indaial;
27/09/2019;Xanxerê;
27/09/2019;São Miguel do Oeste;
27/09/2019;Laguna;
27/09/2019;Curitibanos;
27/09/2019;Rio Negrinho;
27/09/2019;Campos Novos;
27/09/2019;Itapoá;
27/09/2019;Joaçaba;
28/09/2019;Florianópolis;
28/09/2019;Itajaí;
28/09/2019;Chapecó;
28/09/2019;Lages;
28/09/2019;Caçador;
28/09/2019;Araranguá;
28/09/2019;Indaial;
28/09/2019;Xanxerê;
28/09/2019;São Miguel do Oeste;
28/09/2019;Laguna;
28/09/2019;Curitibanos;
28/09/2019;Rio Negrinho;
28/09/2019;Campos Novos;
28/09/2019;Itapoá;
28/09/2019;Joaçaba;
29/09/2019;Florianópolis;
29/09/2019;Itajaí;
29/09/2019;Chapecó;
29/09/2019;Lages;
29/09/2019;Caçador;
29/09/2019;Araranguá;
29/09/2019;Indaial;
29/09/2019;Xanxerê;
29/09/2019;São Miguel do Oeste;
29/09/2019;Laguna;
29/09/2019;Curitibanos;
29/09/2019;Rio Negrinho;
29/09/2019;Campos Novos;
29/09/2019;Itapoá;
29/09/2019;Joaçaba;
30/09/2019;Florianópolis;
30/09/2019;Itajaí;
30/09/2019;Chapecó;
30/09/2019;Lages;
30/09/2019;Caçador;
30/09/2019;Araranguá;
30/09/2019;Indaial;
30/09/2019;Xanxerê;
30/09/2019;São Miguel do Oeste;
30/09/2019;Laguna;
30/09/2019;Curitibanos;
30/09/2019;Rio Negrinho;
30/09/2019;Campos Novos;
30/09/2019;Itapoá;
30/09/2019;Joaçaba;
01/10/2019;Florianópolis;
01/10/2019;Itajaí;
01/10/2019;Chapecó;
01/10/2019;Lages;
01/10/2019;Caçador;
01/10/2019;Araranguá;
01/10/2019;Indaial;
01/10/2019;Xanxerê;
01/10/2019;São Miguel do Oeste;
01/10/2019;Laguna;
01/10/2019;Curitibanos;
01/10/2019;Rio Negrinho;
01/10/2019;Campos Novos;
01/10/2019;Itapoá;
01/10/2019;Joaçaba;
02/10/2019;Florianópolis;
02/10/2019;Itajaí;
02/10/2019;Chapecó;
02/10/2019;Lages;
02/10/2019;Caçador;
02/10/2019;Araranguá;
02/10/2019;Indaial;
02/10/2019;Xanxerê;
02/10/2019;São Miguel do Oeste;
02/10/2019;Laguna;
02/10/2019;Curitibanos;
02/10/2019;Rio Negrinho;
02/10/2019;Campos Novos;
02/10/2019;Itapoá;
02/10/2019;Joaçaba;
03/10/2019;Florianópolis;
03/10/2019;Itajaí;
03/10/2019;Chapecó;
03/10/2019;Lages;
03/10/2019;Caçador;
03/10/2019;Araranguá;
03/10/2019;Indaial;
03/10/2019;Xanxerê;
03/10/2019;São Miguel do Oeste;
03/10/2019;Laguna;
03/10/2019;Curitibanos;
03/10/2019;Rio Negrinho;
03/10/2019;Campos Novos;
03/10/2019;Itapoá;
03/10/2019;Joaçaba;
04/10/2019;Florianópolis;
04/10/2019;Itajaí;
04/10/2019;Chapecó;
04/10/2019;Lages;
04/10/2019;Caçador;
04/10/2019;Araranguá;
04/10/2019;Indaial;
04/10/2019;Xanxerê;
04/10/2019;São Miguel do Oeste;
04/10/2019;Laguna;
04/10/2019;Curitibanos;
04/10/2019;Rio Negrinho;
04/10/2019;Campos Novos;
04/10/2019;Itapoá;
04/10/2019;Joaçaba;
05/10/2019;Florianópolis;
05/10/2019;Itajaí;
05/10/2019;Chapecó;
05/10/2019;Lages;
05/10/2019;Caçador;
05/10/2019;Araranguá;
05/10/2019;Indaial;
05/10/2019;Xanxerê;
05/10/2019;São Miguel do Oeste;
05/10/2019;Laguna;
05/10/2019;Curitibanos;
05/10/2019;Rio Negrinho;
05/10/2019;Campos Novos;
05/10/2019;Itapoá;
05/10/2019;Joaçaba;
06/10/2019;Florianópolis;
06/10/2019;Itajaí;
06/10/2019;Chapecó;
06/10/2019;Lages;
06/10/2019;Caçador;
06/10/2019;Araranguá;
06/10/2019;Indaial;
06/10/2019;Xanxerê;
06/10/2019;São Miguel do Oeste;
06/10/2019;Laguna;
06/10/2019;Curitibanos;
06/10/2019;Rio Negrinho;
06/10/2019;Campos Novos;
06/10/2019;Itapoá;
06/10/2019;Joaçaba;
07/10/2019;Florianópolis;
07/10/2019;Itajaí;
07/10/2019;Chapecó;
07/10/2019;Lages;
07/10/2019;Caçador;
07/10/2019;Araranguá;
07/10/2019;Indaial;
07/10/2019;Xanxerê;
07/10/2019;São Miguel do Oeste;
07/10/2019;Laguna;
07/10/2019;Curitibanos;
07/10/2019;Rio Negrinho;
07/10/2019;Campos Novos;
07/10/2019;Itapoá;
07/10/2019;Joaçaba;
08/10/2019;Florianópolis;
08/10/2019;Itajaí;
08/10/2019;Chapecó;
08/10/2019;Lages;
08/10/2019;Caçador;
08/10/2019;Araranguá;
08/10/2019;Indaial;
08/10/2019;Xanxerê;
08/10/2019;São Miguel do Oeste;
08/10/2019;Laguna;
08/10/2019;Curitibanos;
08/10/2019;Rio Negrinho;
08/10/2019;Campos Novos;
08/10/2019;Itapoá;
08/10/2019;Joaçaba;
09/10/2019;Florianópolis;
09/10/2019;Itajaí;
09/10/2019;Chapecó;
09/10/2019;Lages;
09/10/2019;Caçador;
09/10/2019;Araranguá;
09/10/2019;Indaial;
09/10/2019;Xanxerê;
09/10/2019;São Miguel do Oeste;
09/10/2019;Laguna;
09/10/2019;Curitibanos;
09/10/2019;Rio Negrinho;
09/10/2019;Campos Novos;
09/10/2019;Itapoá;
09/10/2019;Joaçaba;
10/10/2019;Florianópolis;
10/10/2019;Itajaí;
10/10/2019;Chapecó;
10/10/2019;Lages;
10/10/2019;Caçador;
10/10/2019;Araranguá;
10/10/2019;Indaial;
10/10/2019;Xanxerê;
10/10/2019;São Miguel do Oeste;
10/10/2019;Laguna;
10/10/2019;Curitibanos;
10/10/2019;Rio Negrinho;
10/10/2019;Campos Novos;
10/10/2019;Itapoá;
10/10/2019;Joaçaba;
11/10/2019;Florianópolis;
11/10/2019;Itajaí;
11/10/2019;Chapecó;
11/10/2019;Lages;
11/10/2019;Caçador;
11/10/2019;Araranguá;
11/10/2019;Indaial;
11/10/2019;Xanxerê;
11/10/2019;São Miguel do Oeste;
11/10/2019;Laguna;
11/10/2019;Curitibanos;
11/10/2019;Rio Negrinho;
11/10/2019;Campos Novos;
11/10/2019;Itapoá;
11/10/2019;Joaçaba;
12/10/2019;Florianópolis;
12/10/2019;Itajaí;
12/10/2019;Chapecó;
12/10/2019;Lages;
12/10/2019;Caçador;
12/10/2019;Araranguá;
12/10/2019;Indaial;
12/10/2019;Xanxerê;
12/10/2019;São Miguel do Oeste;
12/10/2019;Laguna;
12/10/2019;Curitibanos;
12/10/2019;Rio Negrinho;
12/10/2019;Campos Novos;
12/10/2019;Itapoá;
12/10/2019;Joaçaba;
13/10/2019;Florianópolis;
13/10/2019;Itajaí;
13/10/2019;Chapecó;
13/10/2019;Lages;
13/10/2019;Caçador;
13/10/2019;Araranguá;
13/10/2019;Indaial;
13/10/2019;Xanxerê;
13/10/2019;São Miguel do Oeste;
13/10/2019;Laguna;
13/10/2019;Curitibanos;
13/10/2019;Rio Negrinho;
13/10/2019;Campos Novos;
13/10/2019;Itapoá;
13/10/2019;Joaçaba;
14/10/2019;Florianópolis;
14/10/2019;Itajaí;
14/10/2019;Chapecó;
14/10/2019;Lages;
14/10/2019;Caçador;
14/10/2019;Araranguá;
14/10/2019;Indaial;
14/10/2019;Xanxerê;
14/10/2019;São Miguel do Oeste;
14/10/2019;Laguna;
14/10/2019;Curitibanos;
14/10/2019;Rio Negrinho;
14/10/2019;Campos Novos;
14/10/2019;Itapoá;
14/10/2019;Joaçaba;
15/10/2019;Florianópolis;
15/10/2019;Itajaí;
15/10/2019;Chapecó;
15/10/2019;Lages;
15/10/2019;Caçador;
15/10/2019;Araranguá;
15/10/2019;Indaial;
15/10/2019;Xanxerê;
15/10/2019;São Miguel do Oeste;
15/10/2019;Laguna;
15/10/2019;Curitibanos;
15/10/2019;Rio Negrinho;
15/10/2019;Campos Novos;
15/10/2019;Itapoá;
15/10/2019;Joaçaba;
16/10/2019;Florianópolis;
16/10/2019;Itajaí;
16/10/2019;Chapecó;
16/10/2019;Lages;
16/10/2019;Caçador;
16/10/2019;Araranguá;
16/10/2019;Indaial;
16/10/2019;Xanxerê;
16/10/2019;São Miguel do Oeste;
16/10/2019;Laguna;
16/10/2019;Curitibanos;
16/10/2019;Rio Negrinho;
16/10/2019;Campos Novos;
16/10/2019;Itapoá;
16/10/2019;Joaçaba;
17/10/2019;Florianópolis;
17/10/2019;Itajaí;
17/10/2019;Chapecó;
17/10/2019;Lages;
17/10/2019;Caçador;
17/10/2019;Araranguá;
17/10/2019;Indaial;
17/10/2019;Xanxerê;
17/10/2019;São Miguel do Oeste;
17/10/2019;Laguna;
17/10/2019;Curitibanos;
17/10/2019;Rio Negrinho;
17/10/2019;Campos Novos;
17/10/2019;Itapoá;
17/10/2019;Joaçaba;
18/10/2019;Florianópolis;
18/10/2019;Itajaí;
18/10/2019;Chapecó;
18/10/2019;Lages;
18/10/2019;Caçador;
18/10/2019;Araranguá;
18/10/2019;Indaial;
18/10/2019;Xanxerê;
18/10/2019;São Miguel do Oeste;
18/10/2019;Laguna;
18/10/2019;Curitibanos;
18/10/2019;Rio Negrinho;
18/10/2019;Campos Novos;
18/10/2019;Itapoá;
18/10/2019;Joaçaba;
19/10/2019;Florianópolis;
19/10/2019;Itajaí;
19/10/2019;Chapecó;
19/10/2019;Lages;
19/10/2019;Caçador;
19/10/2019;Araranguá;
19/10/2019;Indaial;
19/10/2019;Xanxerê;
19/10/2019;São Miguel do Oeste;
19/10/2019;Laguna;
19/10/2019;Curitibanos;
19/10/2019;Rio Negrinho;
19/10/2019;Campos Novos;
19/10/2019;Itapoá;
19/10/2019;Joaçaba;
20/10/2019;Florianópolis;
20/10/2019;Itajaí;
20/10/2019;Chapecó;
20/10/2019;Lages;
20/10/2019;Caçador;
20/10/2019;Araranguá;
20/10/2019;Indaial;
20/10/2019;Xanxerê;
20/10/2019;São Miguel do Oeste;
20/10/2019;Laguna;
20/10/2019;Curitibanos;
20/10/2019;Rio Negrinho;
20/10/2019;Campos Novos;
20/10/2019;Itapoá;
20/10/2019;Joaçaba;
21/10/2019;Florianópolis;
21/10/2019;Itajaí;
21/10/2019;Chapecó;
21/10/2019;Lages;
21/10/2019;Caçador;
21/10/2019;Araranguá;
21/10/2019;Indaial;
21/10/2019;Xanxerê;
21/10/2019;São Miguel do Oeste;
21/10/2019;Laguna;
21/10/2019;Curitibanos;
21/10/2019;Rio Negrinho;
21/10/2019;Campos Novos;
21/10/2019;Itapoá;
21/10/2019;Joaçaba;
22/10/2019;Florianópolis;
22/10/2019;Itajaí;
22/10/2019;Chapecó;
22/10/2019;Lages;
22/10/2019;Caçador;
22/10/2019;Araranguá;
22/10/2019;Indaial;
22/10/2019;Xanxerê;
22/10/2019;São Miguel do Oeste;
22/10/2019;Laguna;
22/10/2019;Curitibanos;
22/10/2019;Rio Negrinho;
22/10/2019;Campos Novos;
22/10/2019;Itapoá;
22/10/2019;Joaçaba;
23/10/2019;Florianópolis;
23/10/2019;Itajaí;
23/10/2019;Chapecó;
23/10/2019;Lages;
23/10/2019;Caçador;
23/10/2019;Araranguá;
23/10/2019;Indaial;
23/10/2019;Xanxerê;
23/10/2019;São Miguel do Oeste;
23/10/2019;Laguna;
23/10/2019;Curitibanos;
23/10/2019;Rio Negrinho;
23/10/2019;Campos Novos;
23/10/2019;Itapoá;
23/10/2019;Joaçaba;
24/10/2019;Florianópolis;
24/10/2019;Itajaí;
24/10/2019;Chapecó;
24/10/2019;Lages;
24/10/2019;Caçador;
24/10/2019;Araranguá;
24/10/2019;Indaial;
24/10/2019;Xanxerê;
24/10/2019;São Miguel do Oeste;
24/10/2019;Laguna;
24/10/2019;Curitibanos;
24/10/2019;Rio Negrinho;
24/10/2019;Campos Novos;
24/10/2019;Itapoá;
24/10/2019;Joaçaba;
25/10/2019;Florianópolis;
25/10/2019;Itajaí;
25/10/2019;Chapecó;
25/10/2019;Lages;
25/10/2019;Caçador;
25/10/2019;Araranguá;
25/10/2019;Indaial;
25/10/2019;Xanxerê;
25/10/2019;São Miguel do Oeste;
25/10/2019;Laguna;
25/10/2019;Curitibanos;
25/10/2019;Rio Negrinho;
25/10/2019;Campos Novos;
25/10/2019;Itapoá;
25/10/2019;Joaçaba;
26/10/2019;Florianópolis;
26/10/2019;Itajaí;
26/10/2019;Chapecó;
26/10/2019;Lages;
26/10/2019;Caçador;
26/10/2019;Araranguá;
26/10/2019;Indaial;
26/10/2019;Xanxerê;
26/10/2019;São Miguel do Oeste;
26/10/2019;Laguna;
26/10/2019;Curitibanos;
26/10/2019;Rio Negrinho;
26/10/2019;Campos Novos;
26/10/2019;Itapoá;
26/10/2019;Joaçaba;
27/10/2019;Florianópolis;
27/10/2019;Itajaí;
27/10/2019;Chapecó;
27/10/2019;Lages;
27/10/2019;Caçador;
27/10/2019;Araranguá;
27/10/2019;Indaial;
27/10/2019;Xanxerê;
27/10/2019;São Miguel do Oeste;
27/10/2019;Laguna;
27/10/2019;Curitibanos;
27/10/2019;Rio Negrinho;
27/10/2019;Campos Novos;
27/10/2019;Itapoá;
27/10/2019;Joaçaba;
28/10/2019;Florianópolis;
28/10/2019;Itajaí;
28/10/2019;Chapecó;
28/10/2019;Lages;
28/10/2019;Caçador;
28/10/2019;Araranguá;
28/10/2019;Indaial;
28/10/2019;Xanxerê;
28/10/2019;São Miguel do Oeste;
28/10/2019;Laguna;
28/10/2019;Curitibanos;
28/10/2019;Rio Negrinho;
28/10/2019;Campos Novos;
28/10/2019;Itapoá;
28/10/2019;Joaçaba;
29/10/2019;Florianópolis;
29/10/2019;Itajaí;
29/10/2019;Chapecó;
29/10/2019;Lages;
29/10/2019;Caçador;
29/10/2019;Araranguá;
29/10/2019;Indaial;
29/10/2019;Xanxerê;
29/10/2019;São Miguel do Oeste;
29/10/2019;Laguna;
29/10/2019;Curitibanos;
29/10/2019;Rio Negrinho;
29/10/2019;Campos Novos;
29/10/2019;Itapoá;
29/10/2019;Joaçaba;
30/10/2019;Florianópolis;
30/10/2019;Itajaí;
30/10/2019;Chapecó;
30/10/2019;Lages;
30/10/2019;Caçador;
30/10/2019;Araranguá;
30/10/2019;Indaial;
30/10/2019;Xanxerê;
30/10/2019;São Miguel do Oeste;
30/10/2019;Laguna;
30/10/2019;Curitibanos;
30/10/2019;Rio Negrinho;
30/10/2019;Campos Novos;
30/10/2019;Itapoá;
30/10/2019;Joaçaba;
31/10/2019;Florianópolis;
31/10/2019;Itajaí;
31/10/2019;Chapecó;
31/10/2019;Lages;
31/10/2019;Caçador;
31/10/2019;Araranguá;
31/10/2019;Indaial;
31/10/2019;Xanxerê;
31/10/2019;São Miguel do Oeste;
31/10/2019;Laguna;
31/10/2019;Curitibanos;
31/10/2019;Rio Negrinho;
31/10/2019;Campos Novos;
31/10/2019;Itapoá;
31/10/2019;Joaçaba;
01/11/2019;Florianópolis;
01/11/2019;Itajaí;
01/11/2019;Chapecó;
01/11/2019;Lages;
01/11/2019;Caçador;
01/11/2019;Araranguá;
01/11/2019;Indaial;
01/11/2019;Xanxerê;
01/11/2019;São Miguel do Oeste;
01/11/2019;Laguna;
01/11/2019;Curitibanos;
01/11/2019;Rio Negrinho;
01/11/2019;Campos Novos;
01/11/2019;Itapoá;
01/11/2019;Joaçaba;
02/11/2019;Florianópolis;
02/11/2019;Itajaí;
02/11/2019;Chapecó;
02/11/2019;Lages;
02/11/2019;Caçador;
02/11/2019;Araranguá;
02/11/2019;Indaial;
02/11/2019;Xanxerê;
02/11/2019;São Miguel do Oeste;
02/11/2019;Laguna;
02/11/2019;Curitibanos;
02/11/2019;Rio Negrinho;
02/11/2019;Campos Novos;
02/11/2019;Itapoá;
02/11/2019;Joaçaba;
03/11/2019;Florianópolis;
03/11/2019;Itajaí;
03/11/2019;Chapecó;
03/11/2019;Lages;
03/11/2019;Caçador;
03/11/2019;Araranguá;
03/11/2019;Indaial;
03/11/2019;Xanxerê;
03/11/2019;São Miguel do Oeste;
03/11/2019;Laguna;
03/11/2019;Curitibanos;
03/11/2019;Rio Negrinho;
03/11/2019;Campos Novos;
03/11/2019;Itapoá;
03/11/2019;Joaçaba;
04/11/2019;Florianópolis;
04/11/2019;Itajaí;
04/11/2019;Chapecó;
04/11/2019;Lages;
04/11/2019;Caçador;
04/11/2019;Araranguá;
04/11/2019;Indaial;
04/11/2019;Xanxerê;
04/11/2019;São Miguel do Oeste;
04/11/2019;Laguna;
04/11/2019;Curitibanos;
04/11/2019;Rio Negrinho;
04/11/2019;Campos Novos;
04/11/2019;Itapoá;
04/11/2019;Joaçaba;
05/11/2019;Florianópolis;
05/11/2019;Itajaí;
05/11/2019;Chapecó;
05/11/2019;Lages;
05/11/2019;Caçador;
05/11/2019;Araranguá;
05/11/2019;Indaial;
05/11/2019;Xanxerê;
05/11/2019;São Miguel do Oeste;
05/11/2019;Laguna;
05/11/2019;Curitibanos;
05/11/2019;Rio Negrinho;
05/11/2019;Campos Novos;
05/11/2019;Itapoá;
05/11/2019;Joaçaba;
06/11/2019;Florianópolis;
06/11/2019;Itajaí;
06/11/2019;Chapecó;
06/11/2019;Lages;
06/11/2019;Caçador;
06/11/2019;Araranguá;
06/11/2019;Indaial;
06/11/2019;Xanxerê;
06/11/2019;São Miguel do Oeste;
06/11/2019;Laguna;
06/11/2019;Curitibanos;
06/11/2019;Rio Negrinho;
06/11/2019;Campos Novos;
06/11/2019;Itapoá;
06/11/2019;Joaçaba;
07/11/2019;Florianópolis;
07/11/2019;Itajaí;
07/11/2019;Chapecó;
07/11/2019;Lages;
07/11/2019;Caçador;
07/11/2019;Araranguá;
07/11/2019;Indaial;
07/11/2019;Xanxerê;
07/11/2019;São Miguel do Oeste;
07/11/2019;Laguna;
07/11/2019;Curitibanos;
07/11/2019;Rio Negrinho;
07/11/2019;Campos Novos;
07/11/2019;Itapoá;
07/11/2019;Joaçaba;
08/11/2019;Florianópolis;
08/11/2019;Itajaí;
08/11/2019;Chapecó;
08/11/2019;Lages;
08/11/2019;Caçador;
08/11/2019;Araranguá;
08/11/2019;Indaial;
08/11/2019;Xanxerê;
08/11/2019;São Miguel do Oeste;
08/11/2019;Laguna;
08/11/2019;Curitibanos;
08/11/2019;Rio Negrinho;
08/11/2019;Campos Novos;
08/11/2019;Itapoá;
08/11/2019;Joaçaba;
09/11/2019;Florianópolis;
09/11/2019;Itajaí;
09/11/2019;Chapecó;
09/11/2019;Lages;
09/11/2019;Caçador;
09/11/2019;Araranguá;
09/11/2019;Indaial;
09/11/2019;Xanxerê;
09/11/2019;São Miguel do Oeste;
09/11/2019;Laguna;
09/11/2019;Curitibanos;
09/11/2019;Rio Negrinho;
09/11/2019;Campos Novos;
09/11/2019;Itapoá;
09/11/2019;Joaçaba;
10/11/2019;Florianópolis;
10/11/2019;Itajaí;
10/11/2019;Chapecó;
10/11/2019;Lages;
10/11/2019;Caçador;
10/11/2019;Araranguá;
10/11/2019;Indaial;
10/11/2019;Xanxerê;
10/11/2019;São Miguel do Oeste;
10/11/2019;Laguna;
10/11/2019;Curitibanos;
10/11/2019;Rio Negrinho;
10/11/2019;Campos Novos;
10/11/2019;Itapoá;
10/11/2019;Joaçaba;
11/11/2019;Florianópolis;
11/11/2019;Itajaí;
11/11/2019;Chapecó;
11/11/2019;Lages;
11/11/2019;Caçador;
11/11/2019;Araranguá;
11/11/2019;Indaial;
11/11/2019;Xanxerê;
11/11/2019;São Miguel do Oeste;
11/11/2019;Laguna;
11/11/2019;Curitibanos;
11/11/2019;Rio Negrinho;
11/11/2019;Campos Novos;
11/11/2019;Itapoá;
11/11/2019;Joaçaba;
12/11/2019;Florianópolis;
12/11/2019;Itajaí;
12/11/2019;Chapecó;
12/11/2019;Lages;
12/11/2019;Caçador;
12/11/2019;Araranguá;
12/11/2019;Indaial;
12/11/2019;Xanxerê;
12/11/2019;São Miguel do Oeste;
12/11/2019;Laguna;
12/11/2019;Curitibanos;
12/11/2019;Rio Negrinho;
12/11/2019;Campos Novos;
12/11/2019;Itapoá;
12/11/2019;Joaçaba;
13/11/2019;Florianópolis;
13/11/2019;Itajaí;
13/11/2019;Chapecó;
13/11/2019;Lages;
13/11/2019;Caçador;
13/11/2019;Araranguá;
13/11/2019;Indaial;
13/11/2019;Xanxerê;
13/11/2019;São Miguel do Oeste;
13/11/2019;Laguna;
13/11/2019;Curitibanos;
13/11/2019;Rio Negrinho;
13/11/2019;Campos Novos;
13/11/2019;Itapoá;
13/11/2019;Joaçaba;
14/11/2019;Florianópolis;
14/11/2019;Itajaí;
14/11/2019;Chapecó;
14/11/2019;Lages;
14/11/2019;Caçador;
14/11/2019;Araranguá;
14/11/2019;Indaial;
14/11/2019;Xanxerê;
14/11/2019;São Miguel do Oeste;
14/11/2019;Laguna;
14/11/2019;Curitibanos;
14/11/2019;Rio Negrinho;
14/11/2019;Campos Novos;
14/11/2019;Itapoá;
14/11/2019;Joaçaba;
15/11/2019;Florianópolis;
15/11/2019;Itajaí;
15/11/2019;Chapecó;
15/11/2019;Lages;
15/11/2019;Caçador;
15/11/2019;Araranguá;
15/11/2019;Indaial;
15/11/2019;Xanxerê;
15/11/2019;São Miguel do Oeste;
15/11/2019;Laguna;
15/11/2019;Curitibanos;
15/11/2019;Rio Negrinho;
15/11/2019;Campos Novos;
15/11/2019;Itapoá;
15/11/2019;Joaçaba;
16/11/2019;Florianópolis;
16/11/2019;Itajaí;
16/11/2019;Chapecó;
16/11/2019;Lages;
16/11/2019;Caçador;
16/11/2019;Araranguá;
16/11/2019;Indaial;
16/11/2019;Xanxerê;
16/11/2019;São Miguel do Oeste;
16/11/2019;Laguna;
16/11/2019;Curitibanos;
16/11/2019;Rio Negrinho;
16/11/2019;Campos Novos;
16/11/2019;Itapoá;
16/11/2019;Joaçaba;
17/11/2019;Florianópolis;
17/11/2019;Itajaí;
17/11/2019;Chapecó;
17/11/2019;Lages;
17/11/2019;Caçador;
17/11/2019;Araranguá;
17/11/2019;Indaial;
17/11/2019;Xanxerê;
17/11/2019;São Miguel do Oeste;
17/11/2019;Laguna;
17/11/2019;Curitibanos;
17/11/2019;Rio Negrinho;
17/11/2019;Campos Novos;
17/11/2019;Itapoá;
17/11/2019;Joaçaba;
18/11/2019;Florianópolis;
18/11/2019;Itajaí;
18/11/2019;Chapecó;
18/11/2019;Lages;
18/11/2019;Caçador;
18/11/2019;Araranguá;
18/11/2019;Indaial;
18/11/2019;Xanxerê;
18/11/2019;São Miguel do Oeste;
18/11/2019;Laguna;
18/11/2019;Curitibanos;
18/11/2019;Rio Negrinho;
18/11/2019;Campos Novos;
18/11/2019;Itapoá;
18/11/2019;Joaçaba;
19/11/2019;Florianópolis;
19/11/2019;Itajaí;
19/11/2019;Chapecó;
19/11/2019;Lages;
19/11/2019;Caçador;
19/11/2019;Araranguá;
19/11/2019;Indaial;
19/11/2019;Xanxerê;
19/11/2019;São Miguel do Oeste;
19/11/2019;Laguna;
19/11/2019;Curitibanos;
19/11/2019;Rio Negrinho;
19/11/2019;Campos Novos;
19/11/2019;Itapoá;
19/11/2019;Joaçaba;
20/11/2019;Florianópolis;
20/11/2019;Itajaí;
20/11/2019;Chapecó;
20/11/2019;Lages;
20/11/2019;Caçador;
20/11/2019;Araranguá;
20/11/2019;Indaial;
20/11/2019;Xanxerê;
20/11/2019;São Miguel do Oeste;
20/11/2019;Laguna;
20/11/2019;Curitibanos;
20/11/2019;Rio Negrinho;
20/11/2019;Campos Novos;
20/11/2019;Itapoá;
20/11/2019;Joaçaba;
21/11/2019;Florianópolis;
21/11/2019;Itajaí;
21/11/2019;Chapecó;
21/11/2019;Lages;
21/11/2019;Caçador;
21/11/2019;Araranguá;
21/11/2019;Indaial;
21/11/2019;Xanxerê;
21/11/2019;São Miguel do Oeste;
21/11/2019;Laguna;
21/11/2019;Curitibanos;
21/11/2019;Rio Negrinho;
21/11/2019;Campos Novos;
21/11/2019;Itapoá;
21/11/2019;Joaçaba;
22/11/2019;Florianópolis;
22/11/2019;Itajaí;
22/11/2019;Chapecó;
22/11/2019;Lages;
22/11/2019;Caçador;
22/11/2019;Araranguá;
22/11/2019;Indaial;
22/11/2019;Xanxerê;
22/11/2019;São Miguel do Oeste;
22/11/2019;Laguna;
22/11/2019;Curitibanos;
22/11/2019;Rio Negrinho;
22/11/2019;Campos Novos;
22/11/2019;Itapoá;
22/11/2019;Joaçaba;
23/11/2019;Florianópolis;
23/11/2019;Itajaí;
23/11/2019;Chapecó;
23/11/2019;Lages;
23/11/2019;Caçador;
23/11/2019;Araranguá;
23/11/2019;Indaial;
23/11/2019;Xanxerê;
23/11/2019;São Miguel do Oeste;
23/11/2019;Laguna;
23/11/2019;Curitibanos;
23/11/2019;Rio Negrinho;
23/11/2019;Campos Novos;
23/11/2019;Itapoá;
23/11/2019;Joaçaba;
24/11/2019;Florianópolis;
24/11/2019;Itajaí;
24/11/2019;Chapecó;
24/11/2019;Lages;
24/11/2019;Caçador;
24/11/2019;Araranguá;
24/11/2019;Indaial;
24/11/2019;Xanxerê;
24/11/2019;São Miguel do Oeste;
24/11/2019;Laguna;
24/11/2019;Curitibanos;
24/11/2019;Rio Negrinho;
24/11/2019;Campos Novos;
24/11/2019;Itapoá;
24/11/2019;Joaçaba;
25/11/2019;Florianópolis;
25/11/2019;Itajaí;
25/11/2019;Chapecó;
25/11/2019;Lages;
25/11/2019;Caçador;
25/11/2019;Araranguá;
25/11/2019;Indaial;
25/11/2019;Xanxerê;
25/11/2019;São Miguel do Oeste;
25/11/2019;Laguna;
25/11/2019;Curitibanos;
25/11/2019;Rio Negrinho;
25/11/2019;Campos Novos;
25/11/2019;Itapoá;
25/11/2019;Joaçaba;
26/11/2019;Florianópolis;
26/11/2019;Itajaí;
26/11/2019;Chapecó;
26/11/2019;Lages;
26/11/2019;Caçador;
26/11/2019;Araranguá;
26/11/2019;Indaial;
26/11/2019;Xanxerê;
26/11/2019;São Miguel do Oeste;
26/11/2019;Laguna;
26/11/2019;Curitibanos;
26/11/2019;Rio Negrinho;
26/11/2019;Campos Novos;
26/11/2019;Itapoá;
26/11/2019;Joaçaba;
27/11/2019;Florianópolis;
27/11/2019;Itajaí;
27/11/2019;Chapecó;
27/11/2019;Lages;
27/11/2019;Caçador;
27/11/2019;Araranguá;
27/11/2019;Indaial;
27/11/2019;Xanxerê;
27/11/2019;São Miguel do Oeste;
27/11/2019;Laguna;
27/11/2019;Curitibanos;
27/11/2019;Rio Negrinho;
27/11/2019;Campos Novos;
27/11/2019;Itapoá;
27/11/2019;Joaçaba;
28/11/2019;Florianópolis;
28/11/2019;Itajaí;
28/11/2019;Chapecó;
28/11/2019;Lages;
28/11/2019;Caçador;
28/11/2019;Araranguá;
28/11/2019;Indaial;
28/11/2019;Xanxerê;
28/11/2019;São Miguel do Oeste;
28/11/2019;Laguna;
28/11/2019;Curitibanos;
28/11/2019;Rio Negrinho;
28/11/2019;Campos Novos;
28/11/2019;Itapoá;
28/11/2019;Joaçaba;
29/11/2019;Florianópolis;
29/11/2019;Itajaí;
29/11/2019;Chapecó;
29/11/2019;Lages;
29/11/2019;Caçador;
29/11/2019;Araranguá;
29/11/2019;Indaial;
29/11/2019;Xanxerê;
29/11/2019;São Miguel do Oeste;
29/11/2019;Laguna;
29/11/2019;Curitibanos;
29/11/2019;Rio Negrinho;
29/11/2019;Campos Novos;
29/11/2019;Itapoá;
29/11/2019;Joaçaba;
30/11/2019;Florianópolis;
30/11/2019;Itajaí;
30/11/2019;Chapecó;
30/11/2019;Lages;
30/11/2019;Caçador;
30/11/2019;Araranguá;
30/11/2019;Indaial;
30/11/2019;Xanxerê;
30/11/2019;São Miguel do Oeste;
30/11/2019;Laguna;
30/11/2019;Curitibanos;
30/11/2019;Rio Negrinho;
30/11/2019;Campos Novos;
30/11/2019;Itapoá;
30/11/2019;Joaçaba;
01/12/2019;Florianópolis;
01/12/2019;Itajaí;
01/12/2019;Chapecó;
01/12/2019;Lages;
01/12/2019;Caçador;
01/12/2019;Araranguá;
01/12/2019;Indaial;
01/12/2019;Xanxerê;
01/12/2019;São Miguel do Oeste;
01/12/2019;Laguna;
01/12/2019;Curitibanos;
01/12/2019;Rio Negrinho;
01/12/2019;Campos Novos;
01/12/2019;Itapoá;
01/12/2019;Joaçaba;
02/12/2019;Florianópolis;
02/12/2019;Itajaí;
02/12/2019;Chapecó;
02/12/2019;Lages;
02/12/2019;Caçador;
02/12/2019;Araranguá;
02/12/2019;Indaial;
02/12/2019;Xanxerê;
02/12/2019;São Miguel do Oeste;
02/12/2019;Laguna;
02/12/2019;Curitibanos;
02/12/2019;Rio Negrinho;
02/12/2019;Campos Novos;
02/12/2019;Itapoá;
02/12/2019;Joaçaba;
03/12/2019;Florianópolis;
03/12/2019;Itajaí;
03/12/2019;Chapecó;
03/12/2019;Lages;
03/12/2019;Caçador;
03/12/2019;Araranguá;
03/12/2019;Indaial;
03/12/2019;Xanxerê;
03/12/2019;São Miguel do Oeste;
03/12/2019;Laguna;
03/12/2019;Curitibanos;
03/12/2019;Rio Negrinho;
03/12/2019;Campos Novos;
03/12/2019;Itapoá;
03/12/2019;Joaçaba;
04/12/2019;Florianópolis;
04/12/2019;Itajaí;
04/12/2019;Chapecó;
04/12/2019;Lages;
04/12/2019;Caçador;
04/12/2019;Araranguá;
04/12/2019;Indaial;
04/12/2019;Xanxerê;
04/12/2019;São Miguel do Oeste;
04/12/2019;Laguna;
04/12/2019;Curitibanos;
04/12/2019;Rio Negrinho;
04/12/2019;Campos Novos;
04/12/2019;Itapoá;
04/12/2019;Joaçaba;
05/12/2019;Florianópolis;
05/12/2019;Itajaí;
05/12/2019;Chapecó;
05/12/2019;Lages;
05/12/2019;Caçador;
05/12/2019;Araranguá;
05/12/2019;Indaial;
05/12/2019;Xanxerê;
05/12/2019;São Miguel do Oeste;
05/12/2019;Laguna;
05/12/2019;Curitibanos;
05/12/2019;Rio Negrinho;
05/12/2019;Campos Novos;
05/12/2019;Itapoá;
05/12/2019;Joaçaba;
06/12/2019;Florianópolis;
06/12/2019;Itajaí;
06/12/2019;Chapecó;
06/12/2019;Lages;
06/12/2019;Caçador;
06/12/2019;Araranguá;
06/12/2019;Indaial;
06/12/2019;Xanxerê;
06/12/2019;São Miguel do Oeste;
06/12/2019;Laguna;
06/12/2019;Curitibanos;
06/12/2019;Rio Negrinho;
06/12/2019;Campos Novos;
06/12/2019;Itapoá;
06/12/2019;Joaçaba;
07/12/2019;Florianópolis;
07/12/2019;Itajaí;
07/12/2019;Chapecó;
07/12/2019;Lages;
07/12/2019;Caçador;
07/12/2019;Araranguá;
07/12/2019;Indaial;
07/12/2019;Xanxerê;
07/12/2019;São Miguel do Oeste;
07/12/2019;Laguna;
07/12/2019;Curitibanos;
07/12/2019;Rio Negrinho;
07/12/2019;Campos Novos;
07/12/2019;Itapoá;
07/12/2019;Joaçaba;
08/12/2019;Florianópolis;
08/12/2019;Itajaí;
08/12/2019;Chapecó;
08/12/2019;Lages;
08/12/2019;Caçador;
08/12/2019;Araranguá;
08/12/2019;Indaial;
08/12/2019;Xanxerê;
08/12/2019;São Miguel do Oeste;
08/12/2019;Laguna;
08/12/2019;Curitibanos;
08/12/2019;Rio Negrinho;
08/12/2019;Campos Novos;
08/12/2019;Itapoá;
08/12/2019;Joaçaba;
09/12/2019;Florianópolis;
09/12/2019;Itajaí;
09/12/2019;Chapecó;
09/12/2019;Lages;
09/12/2019;Caçador;
09/12/2019;Araranguá;
09/12/2019;Indaial;
09/12/2019;Xanxerê;
09/12/2019;São Miguel do Oeste;
09/12/2019;Laguna;
09/12/2019;Curitibanos;
09/12/2019;Rio Negrinho;
09/12/2019;Campos Novos;
09/12/2019;Itapoá;
09/12/2019;Joaçaba;
10/12/2019;Florianópolis;
10/12/2019;Itajaí;
10/12/2019;Chapecó;
10/12/2019;Lages;
10/12/2019;Caçador;
10/12/2019;Araranguá;
10/12/2019;Indaial;
10/12/2019;Xanxerê;
10/12/2019;São Miguel do Oeste;
10/12/2019;Laguna;
10/12/2019;Curitibanos;
10/12/2019;Rio Negrinho;
10/12/2019;Campos Novos;
10/12/2019;Itapoá;
10/12/2019;Joaçaba;
11/12/2019;Florianópolis;
11/12/2019;Itajaí;
11/12/2019;Chapecó;
11/12/2019;Lages;
11/12/2019;Caçador;
11/12/2019;Araranguá;
11/12/2019;Indaial;
11/12/2019;Xanxerê;
11/12/2019;São Miguel do Oeste;
11/12/2019;Laguna;
11/12/2019;Curitibanos;
11/12/2019;Rio Negrinho;
11/12/2019;Campos Novos;
11/12/2019;Itapoá;
11/12/2019;Joaçaba;
12/12/2019;Florianópolis;
12/12/2019;Itajaí;
12/12/2019;Chapecó;
12/12/2019;Lages;
12/12/2019;Caçador;
12/12/2019;Araranguá;
12/12/2019;Indaial;
12/12/2019;Xanxerê;
12/12/2019;São Miguel do Oeste;
12/12/2019;Laguna;
12/12/2019;Curitibanos;
12/12/2019;Rio Negrinho;
12/12/2019;Campos Novos;
12/12/2019;Itapoá;
12/12/2019;Joaçaba;
13/12/2019;Florianópolis;
13/12/2019;Itajaí;
13/12/2019;Chapecó;
13/12/2019;Lages;
13/12/2019;Caçador;
13/12/2019;Araranguá;
13/12/2019;Indaial;
13/12/2019;Xanxerê;
13/12/2019;São Miguel do Oeste;
13/12/2019;Laguna;
13/12/2019;Curitibanos;
13/12/2019;Rio Negrinho;
13/12/2019;Campos Novos;
13/12/2019;Itapoá;
13/12/2019;Joaçaba;
14/12/2019;Florianópolis;
14/12/2019;Itajaí;
14/12/2019;Chapecó;
14/12/2019;Lages;
14/12/2019;Caçador;
14/12/2019;Araranguá;
14/12/2019;Indaial;
14/12/2019;Xanxerê;
14/12/2019;São Miguel do Oeste;
14/12/2019;Laguna;
14/12/2019;Curitibanos;
14/12/2019;Rio Negrinho;
14/12/2019;Campos Novos;
14/12/2019;Itapoá;
14/12/2019;Joaçaba;
15/12/2019;Florianópolis;
15/12/2019;Itajaí;
15/12/2019;Chapecó;
15/12/2019;Lages;
15/12/2019;Caçador;
15/12/2019;Araranguá;
15/12/2019;Indaial;
15/12/2019;Xanxerê;
15/12/2019;São Miguel do Oeste;
15/12/2019;Laguna;
15/12/2019;Curitibanos;
15/12/2019;Rio Negrinho;
15/12/2019;Campos Novos;
15/12/2019;Itapoá;
15/12/2019;Joaçaba;
16/12/2019;Florianópolis;
16/12/2019;Itajaí;
16/12/2019;Chapecó;
16/12/2019;Lages;
16/12/2019;Caçador;
16/12/2019;Araranguá;
16/12/2019;Indaial;
16/12/2019;Xanxerê;
16/12/2019;São Miguel do Oeste;
16/12/2019;Laguna;
16/12/2019;Curitibanos;
16/12/2019;Rio Negrinho;
16/12/2019;Campos Novos;
16/12/2019;Itapoá;
16/12/2019;Joaçaba;
17/12/2019;Florianópolis;
17/12/2019;Itajaí;
17/12/2019;Chapecó;
17/12/2019;Lages;
17/12/2019;Caçador;
17/12/2019;Araranguá;
17/12/2019;Indaial;
17/12/2019;Xanxerê;
17/12/2019;São Miguel do Oeste;
17/12/2019;Laguna;
17/12/2019;Curitibanos;
17/12/2019;Rio Negrinho;
17/12/2019;Campos Novos;
17/12/2019;Itapoá;
17/12/2019;Joaçaba;
18/12/2019;Florianópolis;
18/12/2019;Itajaí;
18/12/2019;Chapecó;
18/12/2019;Lages;
18/12/2019;Caçador;
18/12/2019;Araranguá;
18/12/2019;Indaial;
18/12/2019;Xanxerê;
18/12/2019;São Miguel do Oeste;
18/12/2019;Laguna;
18/12/2019;Curitibanos;
18/12/2019;Rio Negrinho;
18/12/2019;Campos Novos;
18/12/2019;Itapoá;
18/12/2019;Joaçaba;
19/12/2019;Florianópolis;
19/12/2019;Itajaí;
19/12/2019;Chapecó;
19/12/2019;Lages;
19/12/2019;Caçador;
19/12/2019;Araranguá;
19/12/2019;Indaial;
19/12/2019;Xanxerê;
19/12/2019;São Miguel do Oeste;
19/12/2019;Laguna;
19/12/2019;Curitibanos;
19/12/2019;Rio Negrinho;
19/12/2019;Campos Novos;
19/12/2019;Itapoá;
19/12/2019;Joaçaba;
20/12/2019;Florianópolis;
20/12/2019;Itajaí;
20/12/2019;Chapecó;
20/12/2019;Lages;
20/12/2019;Caçador;
20/12/2019;Araranguá;
20/12/2019;Indaial;
20/12/2019;Xanxerê;
20/12/2019;São Miguel do Oeste;
20/12/2019;Laguna;
20/12/2019;Curitibanos;
20/12/2019;Rio Negrinho;
20/12/2019;Campos Novos;
20/12/2019;Itapoá;
20/12/2019;Joaçaba;
21/12/2019;Florianópolis;
21/12/2019;Itajaí;
21/12/2019;Chapecó;
21/12/2019;Lages;
21/12/2019;Caçador;
21/12/2019;Araranguá;
21/12/2019;Indaial;
21/12/2019;Xanxerê;
21/12/2019;São Miguel do Oeste;
21/12/2019;Laguna;
21/12/2019;Curitibanos;
21/12/2019;Rio Negrinho;
21/12/2019;Campos Novos;
21/12/2019;Itapoá;
21/12/2019;Joaçaba;
22/12/2019;Florianópolis;
22/12/2019;Itajaí;
22/12/2019;Chapecó;
22/12/2019;Lages;
22/12/2019;Caçador;
22/12/2019;Araranguá;
22/12/2019;Indaial;
22/12/2019;Xanxerê;
22/12/2019;São Miguel do Oeste;
22/12/2019;Laguna;
22/12/2019;Curitibanos;
22/12/2019;Rio Negrinho;
22/12/2019;Campos Novos;
22/12/2019;Itapoá;
22/12/2019;Joaçaba;
23/12/2019;Florianópolis;
23/12/2019;Itajaí;
23/12/2019;Chapecó;
23/12/2019;Lages;
23/12/2019;Caçador;
23/12/2019;Araranguá;
23/12/2019;Indaial;
23/12/2019;Xanxerê;
23/12/2019;São Miguel do Oeste;
23/12/2019;Laguna;
23/12/2019;Curitibanos;
23/12/2019;Rio Negrinho;
23/12/2019;Campos Novos;
23/12/2019;Itapoá;
23/12/2019;Joaçaba;
24/12/2019;Florianópolis;
24/12/2019;Itajaí;
24/12/2019;Chapecó;
24/12/2019;Lages;
24/12/2019;Caçador;
24/12/2019;Araranguá;
24/12/2019;Indaial;
24/12/2019;Xanxerê;
24/12/2019;São Miguel do Oeste;
24/12/2019;Laguna;
24/12/2019;Curitibanos;
24/12/2019;Rio Negrinho;
24/12/2019;Campos Novos;
24/12/2019;Itapoá;
24/12/2019;Joaçaba;
25/12/2019;Florianópolis;
25/12/2019;Itajaí;
25/12/2019;Chapecó;
25/12/2019;Lages;
25/12/2019;Caçador;
25/12/2019;Araranguá;
25/12/2019;Indaial;
25/12/2019;Xanxerê;
25/12/2019;São Miguel do Oeste;
25/12/2019;Laguna;
25/12/2019;Curitibanos;
25/12/2019;Rio Negrinho;
25/12/2019;Campos Novos;
25/12/2019;Itapoá;
25/12/2019;Joaçaba;
26/12/2019;Florianópolis;
26/12/2019;Itajaí;
26/12/2019;Chapecó;
26/12/2019;Lages;
26/12/2019;Caçador;
26/12/2019;Araranguá;
26/12/2019;Indaial;
26/12/2019;Xanxerê;
26/12/2019;São Miguel do Oeste;
26/12/2019;Laguna;
26/12/2019;Curitibanos;
26/12/2019;Rio Negrinho;
26/12/2019;Campos Novos;
26/12/2019;Itapoá;
26/12/2019;Joaçaba;
27/12/2019;Florianópolis;
27/12/2019;Itajaí;
27/12/2019;Chapecó;
27/12/2019;Lages;
27/12/2019;Caçador;
27/12/2019;Araranguá;
27/12/2019;Indaial;
27/12/2019;Xanxerê;
27/12/2019;São Miguel do Oeste;
27/12/2019;Laguna;
27/12/2019;Curitibanos;
27/12/2019;Rio Negrinho;
27/12/2019;Campos Novos;
27/12/2019;Itapoá;
27/12/2019;Joaçaba;
28/12/2019;Florianópolis;
28/12/2019;Itajaí;
28/12/2019;Chapecó;
28/12/2019;Lages;
28/12/2019;Caçador;
28/12/2019;Araranguá;
28/12/2019;Indaial;
28/12/2019;Xanxerê;
28/12/2019;São Miguel do Oeste;
28/12/2019;Laguna;
28/12/2019;Curitibanos;
28/12/2019;Rio Negrinho;
28/12/2019;Campos Novos;
28/12/2019;Itapoá;
28/12/2019;Joaçaba;
29/12/2019;Florianópolis;
29/12/2019;Itajaí;
29/12/2019;Chapecó;
29/12/2019;Lages;
29/12/2019;Caçador;
29/12/2019;Araranguá;
29/12/2019;Indaial;
29/12/2019;Xanxerê;
29/12/2019;São Miguel do Oeste;
29/12/2019;Laguna;
29/12/2019;Curitibanos;
29/12/2019;Rio Negrinho;
29/12/2019;Campos Novos;
29/12/2019;Itapoá;
29/12/2019;Joaçaba;
30/12/2019;Florianópolis;
30/12/2019;Itajaí;
30/12/2019;Chapecó;
30/12/2019;Lages;
30/12/2019;Caçador;
30/12/2019;Araranguá;
30/12/2019;Indaial;
30/12/2019;Xanxerê;
30/12/2019;São Miguel do Oeste;
30/12/2019;Laguna;
30/12/2019;Curitibanos;
30/12/2019;Rio Negrinho;
30/12/2019;Campos Novos;
30/12/2019;Itapoá;
30/12/2019;Joaçaba;
31/12/2019;Florianópolis;
31/12/2019;Itajaí;
31/12/2019;Chapecó;
31/12/2019;Lages;
31/12/2019;Caçador;
31/12/2019;Araranguá;
31/12/2019;Indaial;
31/12/2019;Xanxerê;
31/12/2019;São Miguel do Oeste;
31/12/2019;Laguna;
31/12/2019;Curitibanos;
31/12/2019;Rio Negrinho;
31/12/2019;Campos Novos;
31/12/2019;Itapoá;
31/12/2019;Joaçaba;
01/01/2020;Florianópolis;
01/01/2020;Itajaí;
01/01/2020;Chapecó;
01/01/2020;Lages;
01/01/2020;Caçador;
01/01/2020;Araranguá;
01/01/2020;Indaial;
01/01/2020;Xanxerê;
01/01/2020;São Miguel do Oeste;
01/01/2020;Laguna;
01/01/2020;Curitibanos;
01/01/2020;Rio Negrinho;
01/01/2020;Campos Novos;
01/01/2020;Itapoá;
01/01/2020;Joaçaba;
02/01/2020;Florianópolis;
02/01/2020;Itajaí;
02/01/2020;Chapecó;
02/01/2020;Lages;
02/01/2020;Caçador;
02/01/2020;Araranguá;
02/01/2020;Indaial;
02/01/2020;Xanxerê;
02/01/2020;São Miguel do Oeste;
02/01/2020;Laguna;
02/01/2020;Curitibanos;
02/01/2020;Rio Negrinho;
02/01/2020;Campos Novos;
02/01/2020;Itapoá;
02/01/2020;Joaçaba;
03/01/2020;Florianópolis;
03/01/2020;Itajaí;
03/01/2020;Chapecó;
03/01/2020;Lages;
03/01/2020;Caçador;
03/01/2020;Araranguá;
03/01/2020;Indaial;
03/01/2020;Xanxerê;
03/01/2020;São Miguel do Oeste;
03/01/2020;Laguna;
03/01/2020;Curitibanos;
03/01/2020;Rio Negrinho;
03/01/2020;Campos Novos;
03/01/2020;Itapoá;
03/01/2020;Joaçaba;
04/01/2020;Florianópolis;
04/01/2020;Itajaí;
04/01/2020;Chapecó;
04/01/2020;Lages;
04/01/2020;Caçador;
04/01/2020;Araranguá;
04/01/2020;Indaial;
04/01/2020;Xanxerê;
04/01/2020;São Miguel do Oeste;
04/01/2020;Laguna;
04/01/2020;Curitibanos;
04/01/2020;Rio Negrinho;
04/01/2020;Campos Novos;
04/01/2020;Itapoá;
04/01/2020;Joaçaba;
05/01/2020;Florianópolis;
05/01/2020;Itajaí;
05/01/2020;Chapecó;
05/01/2020;Lages;
05/01/2020;Caçador;
05/01/2020;Araranguá;
05/01/2020;Indaial;
05/01/2020;Xanxerê;
05/01/2020;São Miguel do Oeste;
05/01/2020;Laguna;
05/01/2020;Curitibanos;
05/01/2020;Rio Negrinho;
05/01/2020;Campos Novos;
05/01/2020;Itapoá;
05/01/2020;Joaçaba;
06/01/2020;Florianópolis;
06/01/2020;Itajaí;
06/01/2020;Chapecó;
06/01/2020;Lages;
06/01/2020;Caçador;
06/01/2020;Araranguá;
06/01/2020;Indaial;
06/01/2020;Xanxerê;
06/01/2020;São Miguel do Oeste;
06/01/2020;Laguna;
06/01/2020;Curitibanos;
06/01/2020;Rio Negrinho;
06/01/2020;Campos Novos;
06/01/2020;Itapoá;
06/01/2020;Joaçaba;
07/01/2020;Florianópolis;
07/01/2020;Itajaí;
07/01/2020;Chapecó;
07/01/2020;Lages;
07/01/2020;Caçador;
07/01/2020;Araranguá;
07/01/2020;Indaial;
07/01/2020;Xanxerê;
07/01/2020;São Miguel do Oeste;
07/01/2020;Laguna;
07/01/2020;Curitibanos;
07/01/2020;Rio Negrinho;
07/01/2020;Campos Novos;
07/01/2020;Itapoá;
07/01/2020;Joaçaba;
08/01/2020;Florianópolis;
08/01/2020;Itajaí;
08/01/2020;Chapecó;
08/01/2020;Lages;
08/01/2020;Caçador;
08/01/2020;Araranguá;
08/01/2020;Indaial;
08/01/2020;Xanxerê;
08/01/2020;São Miguel do Oeste;
08/01/2020;Laguna;
08/01/2020;Curitibanos;
08/01/2020;Rio Negrinho;
08/01/2020;Campos Novos;
08/01/2020;Itapoá;
08/01/2020;Joaçaba;
09/01/2020;Florianópolis;
09/01/2020;Itajaí;
09/01/2020;Chapecó;
09/01/2020;Lages;
09/01/2020;Caçador;
09/01/2020;Araranguá;
09/01/2020;Indaial;
09/01/2020;Xanxerê;
09/01/2020;São Miguel do Oeste;
09/01/2020;Laguna;
09/01/2020;Curitibanos;
09/01/2020;Rio Negrinho;
09/01/2020;Campos Novos;
09/01/2020;Itapoá;
09/01/2020;Joaçaba;
10/01/2020;Florianópolis;
10/01/2020;Itajaí;
10/01/2020;Chapecó;
10/01/2020;Lages;
10/01/2020;Caçador;
10/01/2020;Araranguá;
10/01/2020;Indaial;
10/01/2020;Xanxerê;
10/01/2020;São Miguel do Oeste;
10/01/2020;Laguna;
10/01/2020;Curitibanos;
10/01/2020;Rio Negrinho;
10/01/2020;Campos Novos;
10/01/2020;Itapoá;
10/01/2020;Joaçaba;
11/01/2020;Florianópolis;
11/01/2020;Itajaí;
11/01/2020;Chapecó;
11/01/2020;Lages;
11/01/2020;Caçador;
11/01/2020;Araranguá;
11/01/2020;Indaial;
11/01/2020;Xanxerê;
11/01/2020;São Miguel do Oeste;
11/01/2020;Laguna;
11/01/2020;Curitibanos;
11/01/2020;Rio Negrinho;
11/01/2020;Campos Novos;
11/01/2020;Itapoá;
11/01/2020;Joaçaba;
12/01/2020;Florianópolis;
12/01/2020;Itajaí;
12/01/2020;Chapecó;
12/01/2020;Lages;
12/01/2020;Caçador;
12/01/2020;Araranguá;
12/01/2020;Indaial;
12/01/2020;Xanxerê;
12/01/2020;São Miguel do Oeste;
12/01/2020;Laguna;
12/01/2020;Curitibanos;
12/01/2020;Rio Negrinho;
12/01/2020;Campos Novos;
12/01/2020;Itapoá;
12/01/2020;Joaçaba;
13/01/2020;Florianópolis;
13/01/2020;Itajaí;
13/01/2020;Chapecó;
13/01/2020;Lages;
13/01/2020;Caçador;
13/01/2020;Araranguá;
13/01/2020;Indaial;
13/01/2020;Xanxerê;
13/01/2020;São Miguel do Oeste;
13/01/2020;Laguna;
13/01/2020;Curitibanos;
13/01/2020;Rio Negrinho;
13/01/2020;Campos Novos;
13/01/2020;Itapoá;
13/01/2020;Joaçaba;
14/01/2020;Florianópolis;
14/01/2020;Itajaí;
14/01/2020;Chapecó;
14/01/2020;Lages;
14/01/2020;Caçador;
14/01/2020;Araranguá;
14/01/2020;Indaial;
14/01/2020;Xanxerê;
14/01/2020;São Miguel do Oeste;
14/01/2020;Laguna;
14/01/2020;Curitibanos;
14/01/2020;Rio Negrinho;
14/01/2020;Campos Novos;
14/01/2020;Itapoá;
14/01/2020;Joaçaba;
15/01/2020;Florianópolis;
15/01/2020;Itajaí;
15/01/2020;Chapecó;
15/01/2020;Lages;
15/01/2020;Caçador;
15/01/2020;Araranguá;
15/01/2020;Indaial;
15/01/2020;Xanxerê;
15/01/2020;São Miguel do Oeste;
15/01/2020;Laguna;
15/01/2020;Curitibanos;
15/01/2020;Rio Negrinho;
15/01/2020;Campos Novos;
15/01/2020;Itapoá;
15/01/2020;Joaçaba;
16/01/2020;Florianópolis;
16/01/2020;Itajaí;
16/01/2020;Chapecó;
16/01/2020;Lages;
16/01/2020;Caçador;
16/01/2020;Araranguá;
16/01/2020;Indaial;
16/01/2020;Xanxerê;
16/01/2020;São Miguel do Oeste;
16/01/2020;Laguna;
16/01/2020;Curitibanos;
16/01/2020;Rio Negrinho;
16/01/2020;Campos Novos;
16/01/2020;Itapoá;
16/01/2020;Joaçaba;
17/01/2020;Florianópolis;
17/01/2020;Itajaí;
17/01/2020;Chapecó;
17/01/2020;Lages;
17/01/2020;Caçador;
17/01/2020;Araranguá;
17/01/2020;Indaial;
17/01/2020;Xanxerê;
17/01/2020;São Miguel do Oeste;
17/01/2020;Laguna;
17/01/2020;Curitibanos;
17/01/2020;Rio Negrinho;
17/01/2020;Campos Novos;
17/01/2020;Itapoá;
17/01/2020;Joaçaba;
18/01/2020;Florianópolis;
18/01/2020;Itajaí;
18/01/2020;Chapecó;
18/01/2020;Lages;
18/01/2020;Caçador;
18/01/2020;Araranguá;
18/01/2020;Indaial;
18/01/2020;Xanxerê;
18/01/2020;São Miguel do Oeste;
18/01/2020;Laguna;
18/01/2020;Curitibanos;
18/01/2020;Rio Negrinho;
18/01/2020;Campos Novos;
18/01/2020;Itapoá;
18/01/2020;Joaçaba;
19/01/2020;Florianópolis;
19/01/2020;Itajaí;
19/01/2020;Chapecó;
19/01/2020;Lages;
19/01/2020;Caçador;
19/01/2020;Araranguá;
19/01/2020;Indaial;
19/01/2020;Xanxerê;
19/01/2020;São Miguel do Oeste;
19/01/2020;Laguna;
19/01/2020;Curitibanos;
19/01/2020;Rio Negrinho;
19/01/2020;Campos Novos;
19/01/2020;Itapoá;
19/01/2020;Joaçaba;
20/01/2020;Florianópolis;
20/01/2020;Itajaí;
20/01/2020;Chapecó;
20/01/2020;Lages;
20/01/2020;Caçador;
20/01/2020;Araranguá;
20/01/2020;Indaial;
20/01/2020;Xanxerê;
20/01/2020;São Miguel do Oeste;
20/01/2020;Laguna;
20/01/2020;Curitibanos;
20/01/2020;Rio Negrinho;
20/01/2020;Campos Novos;
20/01/2020;Itapoá;
20/01/2020;Joaçaba;
21/01/2020;Florianópolis;
21/01/2020;Itajaí;
21/01/2020;Chapecó;
21/01/2020;Lages;
21/01/2020;Caçador;
21/01/2020;Araranguá;
21/01/2020;Indaial;
21/01/2020;Xanxerê;
21/01/2020;São Miguel do Oeste;
21/01/2020;Laguna;
21/01/2020;Curitibanos;
21/01/2020;Rio Negrinho;
21/01/2020;Campos Novos;
21/01/2020;Itapoá;
21/01/2020;Joaçaba;
22/01/2020;Florianópolis;
22/01/2020;Itajaí;
22/01/2020;Chapecó;
22/01/2020;Lages;
22/01/2020;Caçador;
22/01/2020;Araranguá;
22/01/2020;Indaial;
22/01/2020;Xanxerê;
22/01/2020;São Miguel do Oeste;
22/01/2020;Laguna;
22/01/2020;Curitibanos;
22/01/2020;Rio Negrinho;
22/01/2020;Campos Novos;
22/01/2020;Itapoá;
22/01/2020;Joaçaba;
23/01/2020;Florianópolis;
23/01/2020;Itajaí;
23/01/2020;Chapecó;
23/01/2020;Lages;
23/01/2020;Caçador;
23/01/2020;Araranguá;
23/01/2020;Indaial;
23/01/2020;Xanxerê;
23/01/2020;São Miguel do Oeste;
23/01/2020;Laguna;
23/01/2020;Curitibanos;
23/01/2020;Rio Negrinho;
23/01/2020;Campos Novos;
23/01/2020;Itapoá;
23/01/2020;Joaçaba;
24/01/2020;Florianópolis;
24/01/2020;Itajaí;
24/01/2020;Chapecó;
24/01/2020;Lages;
24/01/2020;Caçador;
24/01/2020;Araranguá;
24/01/2020;Indaial;
24/01/2020;Xanxerê;
24/01/2020;São Miguel do Oeste;
24/01/2020;Laguna;
24/01/2020;Curitibanos;
24/01/2020;Rio Negrinho;
24/01/2020;Campos Novos;
24/01/2020;Itapoá;
24/01/2020;Joaçaba;
25/01/2020;Florianópolis;
25/01/2020;Itajaí;
25/01/2020;Chapecó;
25/01/2020;Lages;
25/01/2020;Caçador;
25/01/2020;Araranguá;
25/01/2020;Indaial;
25/01/2020;Xanxerê;
25/01/2020;São Miguel do Oeste;
25/01/2020;Laguna;
25/01/2020;Curitibanos;
25/01/2020;Rio Negrinho;
25/01/2020;Campos Novos;
25/01/2020;Itapoá;
25/01/2020;Joaçaba;
26/01/2020;Florianópolis;
26/01/2020;Itajaí;
26/01/2020;Chapecó;
26/01/2020;Lages;
26/01/2020;Caçador;
26/01/2020;Araranguá;
26/01/2020;Indaial;
26/01/2020;Xanxerê;
26/01/2020;São Miguel do Oeste;
26/01/2020;Laguna;
26/01/2020;Curitibanos;
26/01/2020;Rio Negrinho;
26/01/2020;Campos Novos;
26/01/2020;Itapoá;
26/01/2020;Joaçaba;
27/01/2020;Florianópolis;
27/01/2020;Itajaí;
27/01/2020;Chapecó;
27/01/2020;Lages;
27/01/2020;Caçador;
27/01/2020;Araranguá;
27/01/2020;Indaial;
27/01/2020;Xanxerê;
27/01/2020;São Miguel do Oeste;
27/01/2020;Laguna;
27/01/2020;Curitibanos;
27/01/2020;Rio Negrinho;
27/01/2020;Campos Novos;
27/01/2020;Itapoá;
27/01/2020;Joaçaba;
28/01/2020;Florianópolis;
28/01/2020;Itajaí;
28/01/2020;Chapecó;
28/01/2020;Lages;
28/01/2020;Caçador;
28/01/2020;Araranguá;
28/01/2020;Indaial;
28/01/2020;Xanxerê;
28/01/2020;São Miguel do Oeste;
28/01/2020;Laguna;
28/01/2020;Curitibanos;
28/01/2020;Rio Negrinho;
28/01/2020;Campos Novos;
28/01/2020;Itapoá;
28/01/2020;Joaçaba;
29/01/2020;Florianópolis;
29/01/2020;Itajaí;
29/01/2020;Chapecó;
29/01/2020;Lages;
29/01/2020;Caçador;
29/01/2020;Araranguá;
29/01/2020;Indaial;
29/01/2020;Xanxerê;
29/01/2020;São Miguel do Oeste;
29/01/2020;Laguna;
29/01/2020;Curitibanos;
29/01/2020;Rio Negrinho;
29/01/2020;Campos Novos;
29/01/2020;Itapoá;
29/01/2020;Joaçaba;
30/01/2020;Florianópolis;
30/01/2020;Itajaí;
30/01/2020;Chapecó;
30/01/2020;Lages;
30/01/2020;Caçador;
30/01/2020;Araranguá;
30/01/2020;Indaial;
30/01/2020;Xanxerê;
30/01/2020;São Miguel do Oeste;
30/01/2020;Laguna;
30/01/2020;Curitibanos;
30/01/2020;Rio Negrinho;
30/01/2020;Campos Novos;
30/01/2020;Itapoá;
30/01/2020;Joaçaba;
31/01/2020;Florianópolis;
31/01/2020;Itajaí;
31/01/2020;Chapecó;
31/01/2020;Lages;
31/01/2020;Caçador;
31/01/2020;Araranguá;
31/01/2020;Indaial;
31/01/2020;Xanxerê;
31/01/2020;São Miguel do Oeste;
31/01/2020;Laguna;
31/01/2020;Curitibanos;
31/01/2020;Rio Negrinho;
31/01/2020;Campos Novos;
31/01/2020;Itapoá;
31/01/2020;Joaçaba;
01/02/2020;Florianópolis;
01/02/2020;Itajaí;
01/02/2020;Chapecó;
01/02/2020;Lages;
01/02/2020;Caçador;
01/02/2020;Araranguá;
01/02/2020;Indaial;
01/02/2020;Xanxerê;
01/02/2020;São Miguel do Oeste;
01/02/2020;Laguna;
01/02/2020;Curitibanos;
01/02/2020;Rio Negrinho;
01/02/2020;Campos Novos;
01/02/2020;Itapoá;
01/02/2020;Joaçaba;
02/02/2020;Florianópolis;
02/02/2020;Itajaí;
02/02/2020;Chapecó;
02/02/2020;Lages;
02/02/2020;Caçador;
02/02/2020;Araranguá;
02/02/2020;Indaial;
02/02/2020;Xanxerê;
02/02/2020;São Miguel do Oeste;
02/02/2020;Laguna;
02/02/2020;Curitibanos;
02/02/2020;Rio Negrinho;
02/02/2020;Campos Novos;
02/02/2020;Itapoá;
02/02/2020;Joaçaba;
03/02/2020;Florianópolis;
03/02/2020;Itajaí;
03/02/2020;Chapecó;
03/02/2020;Lages;
03/02/2020;Caçador;
03/02/2020;Araranguá;
03/02/2020;Indaial;
03/02/2020;Xanxerê;
03/02/2020;São Miguel do Oeste;
03/02/2020;Laguna;
03/02/2020;Curitibanos;
03/02/2020;Rio Negrinho;
03/02/2020;Campos Novos;
03/02/2020;Itapoá;
03/02/2020;Joaçaba;
04/02/2020;Florianópolis;
04/02/2020;Itajaí;
04/02/2020;Chapecó;
04/02/2020;Lages;
04/02/2020;Caçador;
04/02/2020;Araranguá;
04/02/2020;Indaial;
04/02/2020;Xanxerê;
04/02/2020;São Miguel do Oeste;
04/02/2020;Laguna;
04/02/2020;Curitibanos;
04/02/2020;Rio Negrinho;
04/02/2020;Campos Novos;
04/02/2020;Itapoá;
04/02/2020;Joaçaba;
05/02/2020;Florianópolis;
05/02/2020;Itajaí;
05/02/2020;Chapecó;
05/02/2020;Lages;
05/02/2020;Caçador;
05/02/2020;Araranguá;
05/02/2020;Indaial;
05/02/2020;Xanxerê;
05/02/2020;São Miguel do Oeste;
05/02/2020;Laguna;
05/02/2020;Curitibanos;
05/02/2020;Rio Negrinho;
05/02/2020;Campos Novos;
05/02/2020;Itapoá;
05/02/2020;Joaçaba;
06/02/2020;Florianópolis;
06/02/2020;Itajaí;
06/02/2020;Chapecó;
06/02/2020;Lages;
06/02/2020;Caçador;
06/02/2020;Araranguá;
06/02/2020;Indaial;
06/02/2020;Xanxerê;
06/02/2020;São Miguel do Oeste;
06/02/2020;Laguna;
06/02/2020;Curitibanos;
06/02/2020;Rio Negrinho;
06/02/2020;Campos Novos;
06/02/2020;Itapoá;
06/02/2020;Joaçaba;
07/02/2020;Florianópolis;
07/02/2020;Itajaí;
07/02/2020;Chapecó;
07/02/2020;Lages;
07/02/2020;Caçador;
07/02/2020;Araranguá;
07/02/2020;Indaial;
07/02/2020;Xanxerê;
07/02/2020;São Miguel do Oeste;
07/02/2020;Laguna;
07/02/2020;Curitibanos;
07/02/2020;Rio Negrinho;
07/02/2020;Campos Novos;
07/02/2020;Itapoá;
07/02/2020;Joaçaba;
08/02/2020;Florianópolis;
08/02/2020;Itajaí;
08/02/2020;Chapecó;
08/02/2020;Lages;
08/02/2020;Caçador;
08/02/2020;Araranguá;
08/02/2020;Indaial;
08/02/2020;Xanxerê;
08/02/2020;São Miguel do Oeste;
08/02/2020;Laguna;
08/02/2020;Curitibanos;
08/02/2020;Rio Negrinho;
08/02/2020;Campos Novos;
08/02/2020;Itapoá;
08/02/2020;Joaçaba;
09/02/2020;Florianópolis;
09/02/2020;Itajaí;
09/02/2020;Chapecó;
09/02/2020;Lages;
09/02/2020;Caçador;
09/02/2020;Araranguá;
09/02/2020;Indaial;
09/02/2020;Xanxerê;
09/02/2020;São Miguel do Oeste;
09/02/2020;Laguna;
09/02/2020;Curitibanos;
09/02/2020;Rio Negrinho;
09/02/2020;Campos Novos;
09/02/2020;Itapoá;
09/02/2020;Joaçaba;
10/02/2020;Florianópolis;
10/02/2020;Itajaí;
10/02/2020;Chapecó;
10/02/2020;Lages;
10/02/2020;Caçador;
10/02/2020;Araranguá;
10/02/2020;Indaial;
10/02/2020;Xanxerê;
10/02/2020;São Miguel do Oeste;
10/02/2020;Laguna;
10/02/2020;Curitibanos;
10/02/2020;Rio Negrinho;
10/02/2020;Campos Novos;
10/02/2020;Itapoá;
10/02/2020;Joaçaba;
11/02/2020;Florianópolis;
11/02/2020;Itajaí;
11/02/2020;Chapecó;
11/02/2020;Lages;
11/02/2020;Caçador;
11/02/2020;Araranguá;
11/02/2020;Indaial;
11/02/2020;Xanxerê;
11/02/2020;São Miguel do Oeste;
11/02/2020;Laguna;
11/02/2020;Curitibanos;
11/02/2020;Rio Negrinho;
11/02/2020;Campos Novos;
11/02/2020;Itapoá;
11/02/2020;Joaçaba;
12/02/2020;Florianópolis;
12/02/2020;Itajaí;
12/02/2020;Chapecó;
12/02/2020;Lages;
12/02/2020;Caçador;
12/02/2020;Araranguá;
12/02/2020;Indaial;
12/02/2020;Xanxerê;
12/02/2020;São Miguel do Oeste;
12/02/2020;Laguna;
12/02/2020;Curitibanos;
12/02/2020;Rio Negrinho;
12/02/2020;Campos Novos;
12/02/2020;Itapoá;
12/02/2020;Joaçaba;
13/02/2020;Florianópolis;
13/02/2020;Itajaí;
13/02/2020;Chapecó;
13/02/2020;Lages;
13/02/2020;Caçador;
13/02/2020;Araranguá;
13/02/2020;Indaial;
13/02/2020;Xanxerê;
13/02/2020;São Miguel do Oeste;
13/02/2020;Laguna;
13/02/2020;Curitibanos;
13/02/2020;Rio Negrinho;
13/02/2020;Campos Novos;
13/02/2020;Itapoá;
13/02/2020;Joaçaba;
14/02/2020;Florianópolis;
14/02/2020;Itajaí;
14/02/2020;Chapecó;
14/02/2020;Lages;
14/02/2020;Caçador;
14/02/2020;Araranguá;
14/02/2020;Indaial;
14/02/2020;Xanxerê;
14/02/2020;São Miguel do Oeste;
14/02/2020;Laguna;
14/02/2020;Curitibanos;
14/02/2020;Rio Negrinho;
14/02/2020;Campos Novos;
14/02/2020;Itapoá;
14/02/2020;Joaçaba;
15/02/2020;Florianópolis;
15/02/2020;Itajaí;
15/02/2020;Chapecó;
15/02/2020;Lages;
15/02/2020;Caçador;
15/02/2020;Araranguá;
15/02/2020;Indaial;
15/02/2020;Xanxerê;
15/02/2020;São Miguel do Oeste;
15/02/2020;Laguna;
15/02/2020;Curitibanos;
15/02/2020;Rio Negrinho;
15/02/2020;Campos Novos;
15/02/2020;Itapoá;
15/02/2020;Joaçaba;
16/02/2020;Florianópolis;
16/02/2020;Itajaí;
16/02/2020;Chapecó;
16/02/2020;Lages;
16/02/2020;Caçador;
16/02/2020;Araranguá;
16/02/2020;Indaial;
16/02/2020;Xanxerê;
16/02/2020;São Miguel do Oeste;
16/02/2020;Laguna;
16/02/2020;Curitibanos;
16/02/2020;Rio Negrinho;
16/02/2020;Campos Novos;
16/02/2020;Itapoá;
16/02/2020;Joaçaba;
17/02/2020;Florianópolis;
17/02/2020;Itajaí;
17/02/2020;Chapecó;
17/02/2020;Lages;
17/02/2020;Caçador;
17/02/2020;Araranguá;
17/02/2020;Indaial;
17/02/2020;Xanxerê;
17/02/2020;São Miguel do Oeste;
17/02/2020;Laguna;
17/02/2020;Curitibanos;
17/02/2020;Rio Negrinho;
17/02/2020;Campos Novos;
17/02/2020;Itapoá;
17/02/2020;Joaçaba;
18/02/2020;Florianópolis;
18/02/2020;Itajaí;
18/02/2020;Chapecó;
18/02/2020;Lages;
18/02/2020;Caçador;
18/02/2020;Araranguá;
18/02/2020;Indaial;
18/02/2020;Xanxerê;
18/02/2020;São Miguel do Oeste;
18/02/2020;Laguna;
18/02/2020;Curitibanos;
18/02/2020;Rio Negrinho;
18/02/2020;Campos Novos;
18/02/2020;Itapoá;
18/02/2020;Joaçaba;
19/02/2020;Florianópolis;
19/02/2020;Itajaí;
19/02/2020;Chapecó;
19/02/2020;Lages;
19/02/2020;Caçador;
19/02/2020;Araranguá;
19/02/2020;Indaial;
19/02/2020;Xanxerê;
19/02/2020;São Miguel do Oeste;
19/02/2020;Laguna;
19/02/2020;Curitibanos;
19/02/2020;Rio Negrinho;
19/02/2020;Campos Novos;
19/02/2020;Itapoá;
19/02/2020;Joaçaba;
20/02/2020;Florianópolis;
20/02/2020;Itajaí;
20/02/2020;Chapecó;
20/02/2020;Lages;
20/02/2020;Caçador;
20/02/2020;Araranguá;
20/02/2020;Indaial;
20/02/2020;Xanxerê;
20/02/2020;São Miguel do Oeste;
20/02/2020;Laguna;
20/02/2020;Curitibanos;
20/02/2020;Rio Negrinho;
20/02/2020;Campos Novos;
20/02/2020;Itapoá;
20/02/2020;Joaçaba;
21/02/2020;Florianópolis;
21/02/2020;Itajaí;
21/02/2020;Chapecó;
21/02/2020;Lages;
21/02/2020;Caçador;
21/02/2020;Araranguá;
21/02/2020;Indaial;
21/02/2020;Xanxerê;
21/02/2020;São Miguel do Oeste;
21/02/2020;Laguna;
21/02/2020;Curitibanos;
21/02/2020;Rio Negrinho;
21/02/2020;Campos Novos;
21/02/2020;Itapoá;
21/02/2020;Joaçaba;
22/02/2020;Florianópolis;
22/02/2020;Itajaí;
22/02/2020;Chapecó;
22/02/2020;Lages;
22/02/2020;Caçador;
22/02/2020;Araranguá;
22/02/2020;Indaial;
22/02/2020;Xanxerê;
22/02/2020;São Miguel do Oeste;
22/02/2020;Laguna;
22/02/2020;Curitibanos;
22/02/2020;Rio Negrinho;
22/02/2020;Campos Novos;
22/02/2020;Itapoá;
22/02/2020;Joaçaba;
23/02/2020;Florianópolis;
23/02/2020;Itajaí;
23/02/2020;Chapecó;
23/02/2020;Lages;
23/02/2020;Caçador;
23/02/2020;Araranguá;
23/02/2020;Indaial;
23/02/2020;Xanxerê;
23/02/2020;São Miguel do Oeste;
23/02/2020;Laguna;
23/02/2020;Curitibanos;
23/02/2020;Rio Negrinho;
23/02/2020;Campos Novos;
23/02/2020;Itapoá;
23/02/2020;Joaçaba;
24/02/2020;Florianópolis;
24/02/2020;Itajaí;
24/02/2020;Chapecó;
24/02/2020;Lages;
24/02/2020;Caçador;
24/02/2020;Araranguá;
24/02/2020;Indaial;
24/02/2020;Xanxerê;
24/02/2020;São Miguel do Oeste;
24/02/2020;Laguna;
24/02/2020;Curitibanos;
24/02/2020;Rio Negrinho;
24/02/2020;Campos Novos;
24/02/2020;Itapoá;
24/02/2020;Joaçaba;
25/02/2020;Florianópolis;
25/02/2020;Itajaí;
25/02/2020;Chapecó;
25/02/2020;Lages;
25/02/2020;Caçador;
25/02/2020;Araranguá;
25/02/2020;Indaial;
25/02/2020;Xanxerê;
25/02/2020;São Miguel do Oeste;
25/02/2020;Laguna;
25/02/2020;Curitibanos;
25/02/2020;Rio Negrinho;
25/02/2020;Campos Novos;
25/02/2020;Itapoá;
25/02/2020;Joaçaba;
26/02/2020;Florianópolis;
26/02/2020;Itajaí;
26/02/2020;Chapecó;
26/02/2020;Lages;
26/02/2020;Caçador;
26/02/2020;Araranguá;
26/02/2020;Indaial;
26/02/2020;Xanxerê;
26/02/2020;São Miguel do Oeste;
26/02/2020;Laguna;
26/02/2020;Curitibanos;
26/02/2020;Rio Negrinho;
26/02/2020;Campos Novos;
26/02/2020;Itapoá;
26/02/2020;Joaçaba;
27/02/2020;Florianópolis;
27/02/2020;Itajaí;
27/02/2020;Chapecó;
27/02/2020;Lages;
27/02/2020;Caçador;
27/02/2020;Araranguá;
27/02/2020;Indaial;
27/02/2020;Xanxerê;
27/02/2020;São Miguel do Oeste;
27/02/2020;Laguna;
27/02/2020;Curitibanos;
27/02/2020;Rio Negrinho;
27/02/2020;Campos Novos;
27/02/2020;Itapoá;
27/02/2020;Joaçaba;
28/02/2020;Florianópolis;
28/02/2020;Itajaí;
28/02/2020;Chapecó;
28/02/2020;Lages;
28/02/2020;Caçador;
28/02/2020;Araranguá;
28/02/2020;Indaial;
28/02/2020;Xanxerê;
28/02/2020;São Miguel do Oeste;
28/02/2020;Laguna;
28/02/2020;Curitibanos;
28/02/2020;Rio Negrinho;
28/02/2020;Campos Novos;
28/02/2020;Itapoá;
28/02/2020;Joaçaba;
29/02/2020;Florianópolis;
29/02/2020;Itajaí;
29/02/2020;Chapecó;
29/02/2020;Lages;
29/02/2020;Caçador;
29/02/2020;Araranguá;
29/02/2020;Indaial;
29/02/2020;Xanxerê;
29/02/2020;São Miguel do Oeste;
29/02/2020;Laguna;
29/02/2020;Curitibanos;
29/02/2020;Rio Negrinho;
29/02/2020;Campos Novos;
29/02/2020;Itapoá;
29/02/2020;Joaçaba;
01/03/2020;Florianópolis;
01/03/2020;Itajaí;
01/03/2020;Chapecó;
01/03/2020;Lages;
01/03/2020;Caçador;
01/03/2020;Araranguá;
01/03/2020;Indaial;
01/03/2020;Xanxerê;
01/03/2020;São Miguel do Oeste;
01/03/2020;Laguna;
01/03/2020;Curitibanos;
01/03/2020;Rio Negrinho;
01/03/2020;Campos Novos;
01/03/2020;Itapoá;
01/03/2020;Joaçaba;
02/03/2020;Florianópolis;
02/03/2020;Itajaí;
02/03/2020;Chapecó;
02/03/2020;Lages;
02/03/2020;Caçador;
02/03/2020;Araranguá;
02/03/2020;Indaial;
02/03/2020;Xanxerê;
02/03/2020;São Miguel do Oeste;
02/03/2020;Laguna;
02/03/2020;Curitibanos;
02/03/2020;Rio Negrinho;
02/03/2020;Campos Novos;
02/03/2020;Itapoá;
02/03/2020;Joaçaba;
03/03/2020;Florianópolis;
03/03/2020;Itajaí;
03/03/2020;Chapecó;
03/03/2020;Lages;
03/03/2020;Caçador;
03/03/2020;Araranguá;
03/03/2020;Indaial;
03/03/2020;Xanxerê;
03/03/2020;São Miguel do Oeste;
03/03/2020;Laguna;
03/03/2020;Curitibanos;
03/03/2020;Rio Negrinho;
03/03/2020;Campos Novos;
03/03/2020;Itapoá;
03/03/2020;Joaçaba;
04/03/2020;Florianópolis;
04/03/2020;Itajaí;
04/03/2020;Chapecó;
04/03/2020;Lages;
04/03/2020;Caçador;
04/03/2020;Araranguá;
04/03/2020;Indaial;
04/03/2020;Xanxerê;
04/03/2020;São Miguel do Oeste;
04/03/2020;Laguna;
04/03/2020;Curitibanos;
04/03/2020;Rio Negrinho;
04/03/2020;Campos Novos;
04/03/2020;Itapoá;
04/03/2020;Joaçaba;
05/03/2020;Florianópolis;
05/03/2020;Itajaí;
05/03/2020;Chapecó;
05/03/2020;Lages;
05/03/2020;Caçador;
05/03/2020;Araranguá;
05/03/2020;Indaial;
05/03/2020;Xanxerê;
05/03/2020;São Miguel do Oeste;
05/03/2020;Laguna;
05/03/2020;Curitibanos;
05/03/2020;Rio Negrinho;
05/03/2020;Campos Novos;
05/03/2020;Itapoá;
05/03/2020;Joaçaba;
06/03/2020;Florianópolis;
06/03/2020;Itajaí;
06/03/2020;Chapecó;
06/03/2020;Lages;
06/03/2020;Caçador;
06/03/2020;Araranguá;
06/03/2020;Indaial;
06/03/2020;Xanxerê;
06/03/2020;São Miguel do Oeste;
06/03/2020;Laguna;
06/03/2020;Curitibanos;
06/03/2020;Rio Negrinho;
06/03/2020;Campos Novos;
06/03/2020;Itapoá;
06/03/2020;Joaçaba;
07/03/2020;Florianópolis;
07/03/2020;Itajaí;
07/03/2020;Chapecó;
07/03/2020;Lages;
07/03/2020;Caçador;
07/03/2020;Araranguá;
07/03/2020;Indaial;
07/03/2020;Xanxerê;
07/03/2020;São Miguel do Oeste;
07/03/2020;Laguna;
07/03/2020;Curitibanos;
07/03/2020;Rio Negrinho;
07/03/2020;Campos Novos;
07/03/2020;Itapoá;
07/03/2020;Joaçaba;
08/03/2020;Florianópolis;
08/03/2020;Itajaí;
08/03/2020;Chapecó;
08/03/2020;Lages;
08/03/2020;Caçador;
08/03/2020;Araranguá;
08/03/2020;Indaial;
08/03/2020;Xanxerê;
08/03/2020;São Miguel do Oeste;
08/03/2020;Laguna;
08/03/2020;Curitibanos;
08/03/2020;Rio Negrinho;
08/03/2020;Campos Novos;
08/03/2020;Itapoá;
08/03/2020;Joaçaba;
09/03/2020;Florianópolis;
09/03/2020;Itajaí;
09/03/2020;Chapecó;
09/03/2020;Lages;
09/03/2020;Caçador;
09/03/2020;Araranguá;
09/03/2020;Indaial;
09/03/2020;Xanxerê;
09/03/2020;São Miguel do Oeste;
09/03/2020;Laguna;
09/03/2020;Curitibanos;
09/03/2020;Rio Negrinho;
09/03/2020;Campos Novos;
09/03/2020;Itapoá;
09/03/2020;Joaçaba;
10/03/2020;Florianópolis;
10/03/2020;Itajaí;
10/03/2020;Chapecó;
10/03/2020;Lages;
10/03/2020;Caçador;
10/03/2020;Araranguá;
10/03/2020;Indaial;
10/03/2020;Xanxerê;
10/03/2020;São Miguel do Oeste;
10/03/2020;Laguna;
10/03/2020;Curitibanos;
10/03/2020;Rio Negrinho;
10/03/2020;Campos Novos;
10/03/2020;Itapoá;
10/03/2020;Joaçaba;
11/03/2020;Florianópolis;
11/03/2020;Itajaí;
11/03/2020;Chapecó;
11/03/2020;Lages;
11/03/2020;Caçador;
11/03/2020;Araranguá;
11/03/2020;Indaial;
11/03/2020;Xanxerê;
11/03/2020;São Miguel do Oeste;
11/03/2020;Laguna;
11/03/2020;Curitibanos;
11/03/2020;Rio Negrinho;
11/03/2020;Campos Novos;
11/03/2020;Itapoá;
11/03/2020;Joaçaba;
12/03/2020;Florianópolis;
12/03/2020;Itajaí;
12/03/2020;Chapecó;
12/03/2020;Lages;
12/03/2020;Caçador;
12/03/2020;Araranguá;
12/03/2020;Indaial;
12/03/2020;Xanxerê;
12/03/2020;São Miguel do Oeste;
12/03/2020;Laguna;
12/03/2020;Curitibanos;
12/03/2020;Rio Negrinho;
12/03/2020;Campos Novos;
12/03/2020;Itapoá;
12/03/2020;Joaçaba;
13/03/2020;Florianópolis;
13/03/2020;Itajaí;
13/03/2020;Chapecó;
13/03/2020;Lages;
13/03/2020;Caçador;
13/03/2020;Araranguá;
13/03/2020;Indaial;
13/03/2020;Xanxerê;
13/03/2020;São Miguel do Oeste;
13/03/2020;Laguna;
13/03/2020;Curitibanos;
13/03/2020;Rio Negrinho;
13/03/2020;Campos Novos;
13/03/2020;Itapoá;
13/03/2020;Joaçaba;
14/03/2020;Florianópolis;
14/03/2020;Itajaí;
14/03/2020;Chapecó;
14/03/2020;Lages;
14/03/2020;Caçador;
14/03/2020;Araranguá;
14/03/2020;Indaial;
14/03/2020;Xanxerê;
14/03/2020;São Miguel do Oeste;
14/03/2020;Laguna;
14/03/2020;Curitibanos;
14/03/2020;Rio Negrinho;
14/03/2020;Campos Novos;
14/03/2020;Itapoá;
14/03/2020;Joaçaba;
15/03/2020;Florianópolis;
15/03/2020;Itajaí;
15/03/2020;Chapecó;
15/03/2020;Lages;
15/03/2020;Caçador;
15/03/2020;Araranguá;
15/03/2020;Indaial;
15/03/2020;Xanxerê;
15/03/2020;São Miguel do Oeste;
15/03/2020;Laguna;
15/03/2020;Curitibanos;
15/03/2020;Rio Negrinho;
15/03/2020;Campos Novos;
15/03/2020;Itapoá;
15/03/2020;Joaçaba;
16/03/2020;Florianópolis;
16/03/2020;Itajaí;
16/03/2020;Chapecó;
16/03/2020;Lages;
16/03/2020;Caçador;
16/03/2020;Araranguá;
16/03/2020;Indaial;
16/03/2020;Xanxerê;
16/03/2020;São Miguel do Oeste;
16/03/2020;Laguna;
16/03/2020;Curitibanos;
16/03/2020;Rio Negrinho;
16/03/2020;Campos Novos;
16/03/2020;Itapoá;
16/03/2020;Joaçaba;
17/03/2020;Florianópolis;
17/03/2020;Itajaí;
17/03/2020;Chapecó;
17/03/2020;Lages;
17/03/2020;Caçador;
17/03/2020;Araranguá;
17/03/2020;Indaial;
17/03/2020;Xanxerê;
17/03/2020;São Miguel do Oeste;
17/03/2020;Laguna;
17/03/2020;Curitibanos;
17/03/2020;Rio Negrinho;
17/03/2020;Campos Novos;
17/03/2020;Itapoá;
17/03/2020;Joaçaba;
18/03/2020;Florianópolis;
18/03/2020;Itajaí;
18/03/2020;Chapecó;
18/03/2020;Lages;
18/03/2020;Caçador;
18/03/2020;Araranguá;
18/03/2020;Indaial;
18/03/2020;Xanxerê;
18/03/2020;São Miguel do Oeste;
18/03/2020;Laguna;
18/03/2020;Curitibanos;
18/03/2020;Rio Negrinho;
18/03/2020;Campos Novos;
18/03/2020;Itapoá;
18/03/2020;Joaçaba;
19/03/2020;Florianópolis;
19/03/2020;Itajaí;
19/03/2020;Chapecó;
19/03/2020;Lages;
19/03/2020;Caçador;
19/03/2020;Araranguá;
19/03/2020;Indaial;
19/03/2020;Xanxerê;
19/03/2020;São Miguel do Oeste;
19/03/2020;Laguna;
19/03/2020;Curitibanos;
19/03/2020;Rio Negrinho;
19/03/2020;Campos Novos;
19/03/2020;Itapoá;
19/03/2020;Joaçaba;
20/03/2020;Florianópolis;
20/03/2020;Itajaí;
20/03/2020;Chapecó;
20/03/2020;Lages;
20/03/2020;Caçador;
20/03/2020;Araranguá;
20/03/2020;Indaial;
20/03/2020;Xanxerê;
20/03/2020;São Miguel do Oeste;
20/03/2020;Laguna;
20/03/2020;Curitibanos;
20/03/2020;Rio Negrinho;
20/03/2020;Campos Novos;
20/03/2020;Itapoá;
20/03/2020;Joaçaba;
21/03/2020;Florianópolis;
21/03/2020;Itajaí;
21/03/2020;Chapecó;
21/03/2020;Lages;
21/03/2020;Caçador;
21/03/2020;Araranguá;
21/03/2020;Indaial;
21/03/2020;Xanxerê;
21/03/2020;São Miguel do Oeste;
21/03/2020;Laguna;
21/03/2020;Curitibanos;
21/03/2020;Rio Negrinho;
21/03/2020;Campos Novos;
21/03/2020;Itapoá;
21/03/2020;Joaçaba;
22/03/2020;Florianópolis;
22/03/2020;Itajaí;
22/03/2020;Chapecó;
22/03/2020;Lages;
22/03/2020;Caçador;
22/03/2020;Araranguá;
22/03/2020;Indaial;
22/03/2020;Xanxerê;
22/03/2020;São Miguel do Oeste;
22/03/2020;Laguna;
22/03/2020;Curitibanos;
22/03/2020;Rio Negrinho;
22/03/2020;Campos Novos;
22/03/2020;Itapoá;
22/03/2020;Joaçaba;
23/03/2020;Florianópolis;
23/03/2020;Itajaí;
23/03/2020;Chapecó;
23/03/2020;Lages;
23/03/2020;Caçador;
23/03/2020;Araranguá;
23/03/2020;Indaial;
23/03/2020;Xanxerê;
23/03/2020;São Miguel do Oeste;
23/03/2020;Laguna;
23/03/2020;Curitibanos;
23/03/2020;Rio Negrinho;
23/03/2020;Campos Novos;
23/03/2020;Itapoá;
23/03/2020;Joaçaba;
24/03/2020;Florianópolis;
24/03/2020;Itajaí;
24/03/2020;Chapecó;
24/03/2020;Lages;
24/03/2020;Caçador;
24/03/2020;Araranguá;
24/03/2020;Indaial;
24/03/2020;Xanxerê;
24/03/2020;São Miguel do Oeste;
24/03/2020;Laguna;
24/03/2020;Curitibanos;
24/03/2020;Rio Negrinho;
24/03/2020;Campos Novos;
24/03/2020;Itapoá;
24/03/2020;Joaçaba;
25/03/2020;Florianópolis;
25/03/2020;Itajaí;
25/03/2020;Chapecó;
25/03/2020;Lages;
25/03/2020;Caçador;
25/03/2020;Araranguá;
25/03/2020;Indaial;
25/03/2020;Xanxerê;
25/03/2020;São Miguel do Oeste;
25/03/2020;Laguna;
25/03/2020;Curitibanos;
25/03/2020;Rio Negrinho;
25/03/2020;Campos Novos;
25/03/2020;Itapoá;
25/03/2020;Joaçaba;
26/03/2020;Florianópolis;
26/03/2020;Itajaí;
26/03/2020;Chapecó;
26/03/2020;Lages;
26/03/2020;Caçador;
26/03/2020;Araranguá;
26/03/2020;Indaial;
26/03/2020;Xanxerê;
26/03/2020;São Miguel do Oeste;
26/03/2020;Laguna;
26/03/2020;Curitibanos;
26/03/2020;Rio Negrinho;
26/03/2020;Campos Novos;
26/03/2020;Itapoá;
26/03/2020;Joaçaba;
27/03/2020;Florianópolis;
27/03/2020;Itajaí;
27/03/2020;Chapecó;
27/03/2020;Lages;
27/03/2020;Caçador;
27/03/2020;Araranguá;
27/03/2020;Indaial;
27/03/2020;Xanxerê;
27/03/2020;São Miguel do Oeste;
27/03/2020;Laguna;
27/03/2020;Curitibanos;
27/03/2020;Rio Negrinho;
27/03/2020;Campos Novos;
27/03/2020;Itapoá;
27/03/2020;Joaçaba;
28/03/2020;Florianópolis;
28/03/2020;Itajaí;
28/03/2020;Chapecó;
28/03/2020;Lages;
28/03/2020;Caçador;
28/03/2020;Araranguá;
28/03/2020;Indaial;
28/03/2020;Xanxerê;
28/03/2020;São Miguel do Oeste;
28/03/2020;Laguna;
28/03/2020;Curitibanos;
28/03/2020;Rio Negrinho;
28/03/2020;Campos Novos;
28/03/2020;Itapoá;
28/03/2020;Joaçaba;
29/03/2020;Florianópolis;
29/03/2020;Itajaí;
29/03/2020;Chapecó;
29/03/2020;Lages;
29/03/2020;Caçador;
29/03/2020;Araranguá;
29/03/2020;Indaial;
29/03/2020;Xanxerê;
29/03/2020;São Miguel do Oeste;
29/03/2020;Laguna;
29/03/2020;Curitibanos;
29/03/2020;Rio Negrinho;
29/03/2020;Campos Novos;
29/03/2020;Itapoá;
29/03/2020;Joaçaba;
30/03/2020;Florianópolis;
30/03/2020;Itajaí;
30/03/2020;Chapecó;
30/03/2020;Lages;
30/03/2020;Caçador;
30/03/2020;Araranguá;
30/03/2020;Indaial;
30/03/2020;Xanxerê;
30/03/2020;São Miguel do Oeste;
30/03/2020;Laguna;
30/03/2020;Curitibanos;
30/03/2020;Rio Negrinho;
30/03/2020;Campos Novos;
30/03/2020;Itapoá;
30/03/2020;Joaçaba;
31/03/2020;Florianópolis;
31/03/2020;Itajaí;
31/03/2020;Chapecó;
31/03/2020;Lages;
31/03/2020;Caçador;
31/03/2020;Araranguá;
31/03/2020;Indaial;
31/03/2020;Xanxerê;
31/03/2020;São Miguel do Oeste;
31/03/2020;Laguna;
31/03/2020;Curitibanos;
31/03/2020;Rio Negrinho;
31/03/2020;Campos Novos;
31/03/2020;Itapoá;
31/03/2020;Joaçaba;
01/04/2020;Florianópolis;
01/04/2020;Itajaí;
01/04/2020;Chapecó;
01/04/2020;Lages;
01/04/2020;Caçador;
01/04/2020;Araranguá;
01/04/2020;Indaial;
01/04/2020;Xanxerê;
01/04/2020;São Miguel do Oeste;
01/04/2020;Laguna;
01/04/2020;Curitibanos;
01/04/2020;Rio Negrinho;
01/04/2020;Campos Novos;
01/04/2020;Itapoá;
01/04/2020;Joaçaba;
02/04/2020;Florianópolis;
02/04/2020;Itajaí;
02/04/2020;Chapecó;
02/04/2020;Lages;
02/04/2020;Caçador;
02/04/2020;Araranguá;
02/04/2020;Indaial;
02/04/2020;Xanxerê;
02/04/2020;São Miguel do Oeste;
02/04/2020;Laguna;
02/04/2020;Curitibanos;
02/04/2020;Rio Negrinho;
02/04/2020;Campos Novos;
02/04/2020;Itapoá;
02/04/2020;Joaçaba;
03/04/2020;Florianópolis;
03/04/2020;Itajaí;
03/04/2020;Chapecó;
03/04/2020;Lages;
03/04/2020;Caçador;
03/04/2020;Araranguá;
03/04/2020;Indaial;
03/04/2020;Xanxerê;
03/04/2020;São Miguel do Oeste;
03/04/2020;Laguna;
03/04/2020;Curitibanos;
03/04/2020;Rio Negrinho;
03/04/2020;Campos Novos;
03/04/2020;Itapoá;
03/04/2020;Joaçaba;
04/04/2020;Florianópolis;
04/04/2020;Itajaí;
04/04/2020;Chapecó;
04/04/2020;Lages;
04/04/2020;Caçador;
04/04/2020;Araranguá;
04/04/2020;Indaial;
04/04/2020;Xanxerê;
04/04/2020;São Miguel do Oeste;
04/04/2020;Laguna;
04/04/2020;Curitibanos;
04/04/2020;Rio Negrinho;
04/04/2020;Campos Novos;
04/04/2020;Itapoá;
04/04/2020;Joaçaba;
05/04/2020;Florianópolis;
05/04/2020;Itajaí;
05/04/2020;Chapecó;
05/04/2020;Lages;
05/04/2020;Caçador;
05/04/2020;Araranguá;
05/04/2020;Indaial;
05/04/2020;Xanxerê;
05/04/2020;São Miguel do Oeste;
05/04/2020;Laguna;
05/04/2020;Curitibanos;
05/04/2020;Rio Negrinho;
05/04/2020;Campos Novos;
05/04/2020;Itapoá;
05/04/2020;Joaçaba;
06/04/2020;Florianópolis;
06/04/2020;Itajaí;
06/04/2020;Chapecó;
06/04/2020;Lages;
06/04/2020;Caçador;
06/04/2020;Araranguá;
06/04/2020;Indaial;
06/04/2020;Xanxerê;
06/04/2020;São Miguel do Oeste;
06/04/2020;Laguna;
06/04/2020;Curitibanos;
06/04/2020;Rio Negrinho;
06/04/2020;Campos Novos;
06/04/2020;Itapoá;
06/04/2020;Joaçaba;
07/04/2020;Florianópolis;
07/04/2020;Itajaí;
07/04/2020;Chapecó;
07/04/2020;Lages;
07/04/2020;Caçador;
07/04/2020;Araranguá;
07/04/2020;Indaial;
07/04/2020;Xanxerê;
07/04/2020;São Miguel do Oeste;
07/04/2020;Laguna;
07/04/2020;Curitibanos;
07/04/2020;Rio Negrinho;
07/04/2020;Campos Novos;
07/04/2020;Itapoá;
07/04/2020;Joaçaba;
08/04/2020;Florianópolis;
08/04/2020;Itajaí;
08/04/2020;Chapecó;
08/04/2020;Lages;
08/04/2020;Caçador;
08/04/2020;Araranguá;
08/04/2020;Indaial;
08/04/2020;Xanxerê;
08/04/2020;São Miguel do Oeste;
08/04/2020;Laguna;
08/04/2020;Curitibanos;
08/04/2020;Rio Negrinho;
08/04/2020;Campos Novos;
08/04/2020;Itapoá;
08/04/2020;Joaçaba;
09/04/2020;Florianópolis;
09/04/2020;Itajaí;
09/04/2020;Chapecó;
09/04/2020;Lages;
09/04/2020;Caçador;
09/04/2020;Araranguá;
09/04/2020;Indaial;
09/04/2020;Xanxerê;
09/04/2020;São Miguel do Oeste;
09/04/2020;Laguna;
09/04/2020;Curitibanos;
09/04/2020;Rio Negrinho;
09/04/2020;Campos Novos;
09/04/2020;Itapoá;
09/04/2020;Joaçaba;
10/04/2020;Florianópolis;
10/04/2020;Itajaí;
10/04/2020;Chapecó;
10/04/2020;Lages;
10/04/2020;Caçador;
10/04/2020;Araranguá;
10/04/2020;Indaial;
10/04/2020;Xanxerê;
10/04/2020;São Miguel do Oeste;
10/04/2020;Laguna;
10/04/2020;Curitibanos;
10/04/2020;Rio Negrinho;
10/04/2020;Campos Novos;
10/04/2020;Itapoá;
10/04/2020;Joaçaba;
11/04/2020;Florianópolis;
11/04/2020;Itajaí;
11/04/2020;Chapecó;
11/04/2020;Lages;
11/04/2020;Caçador;
11/04/2020;Araranguá;
11/04/2020;Indaial;
11/04/2020;Xanxerê;
11/04/2020;São Miguel do Oeste;
11/04/2020;Laguna;
11/04/2020;Curitibanos;
11/04/2020;Rio Negrinho;
11/04/2020;Campos Novos;
11/04/2020;Itapoá;
11/04/2020;Joaçaba;
12/04/2020;Florianópolis;
12/04/2020;Itajaí;
12/04/2020;Chapecó;
12/04/2020;Lages;
12/04/2020;Caçador;
12/04/2020;Araranguá;
12/04/2020;Indaial;
12/04/2020;Xanxerê;
12/04/2020;São Miguel do Oeste;
12/04/2020;Laguna;
12/04/2020;Curitibanos;
12/04/2020;Rio Negrinho;
12/04/2020;Campos Novos;
12/04/2020;Itapoá;
12/04/2020;Joaçaba;
13/04/2020;Florianópolis;
13/04/2020;Itajaí;
13/04/2020;Chapecó;
13/04/2020;Lages;
13/04/2020;Caçador;
13/04/2020;Araranguá;
13/04/2020;Indaial;
13/04/2020;Xanxerê;
13/04/2020;São Miguel do Oeste;
13/04/2020;Laguna;
13/04/2020;Curitibanos;
13/04/2020;Rio Negrinho;
13/04/2020;Campos Novos;
13/04/2020;Itapoá;
13/04/2020;Joaçaba;
14/04/2020;Florianópolis;
14/04/2020;Itajaí;
14/04/2020;Chapecó;
14/04/2020;Lages;
14/04/2020;Caçador;
14/04/2020;Araranguá;
14/04/2020;Indaial;
14/04/2020;Xanxerê;
14/04/2020;São Miguel do Oeste;
14/04/2020;Laguna;
14/04/2020;Curitibanos;
14/04/2020;Rio Negrinho;
14/04/2020;Campos Novos;
14/04/2020;Itapoá;
14/04/2020;Joaçaba;
15/04/2020;Florianópolis;
15/04/2020;Itajaí;
15/04/2020;Chapecó;
15/04/2020;Lages;
15/04/2020;Caçador;
15/04/2020;Araranguá;
15/04/2020;Indaial;
15/04/2020;Xanxerê;
15/04/2020;São Miguel do Oeste;
15/04/2020;Laguna;
15/04/2020;Curitibanos;
15/04/2020;Rio Negrinho;
15/04/2020;Campos Novos;
15/04/2020;Itapoá;
15/04/2020;Joaçaba;
16/04/2020;Florianópolis;
16/04/2020;Itajaí;
16/04/2020;Chapecó;
16/04/2020;Lages;
16/04/2020;Caçador;
16/04/2020;Araranguá;
16/04/2020;Indaial;
16/04/2020;Xanxerê;
16/04/2020;São Miguel do Oeste;
16/04/2020;Laguna;
16/04/2020;Curitibanos;
16/04/2020;Rio Negrinho;
16/04/2020;Campos Novos;
16/04/2020;Itapoá;
16/04/2020;Joaçaba;
17/04/2020;Florianópolis;
17/04/2020;Itajaí;
17/04/2020;Chapecó;
17/04/2020;Lages;
17/04/2020;Caçador;
17/04/2020;Araranguá;
17/04/2020;Indaial;
17/04/2020;Xanxerê;
17/04/2020;São Miguel do Oeste;
17/04/2020;Laguna;
17/04/2020;Curitibanos;
17/04/2020;Rio Negrinho;
17/04/2020;Campos Novos;
17/04/2020;Itapoá;
17/04/2020;Joaçaba;
18/04/2020;Florianópolis;
18/04/2020;Itajaí;
18/04/2020;Chapecó;
18/04/2020;Lages;
18/04/2020;Caçador;
18/04/2020;Araranguá;
18/04/2020;Indaial;
18/04/2020;Xanxerê;
18/04/2020;São Miguel do Oeste;
18/04/2020;Laguna;
18/04/2020;Curitibanos;
18/04/2020;Rio Negrinho;
18/04/2020;Campos Novos;
18/04/2020;Itapoá;
18/04/2020;Joaçaba;
19/04/2020;Florianópolis;
19/04/2020;Itajaí;
19/04/2020;Chapecó;
19/04/2020;Lages;
19/04/2020;Caçador;
19/04/2020;Araranguá;
19/04/2020;Indaial;
19/04/2020;Xanxerê;
19/04/2020;São Miguel do Oeste;
19/04/2020;Laguna;
19/04/2020;Curitibanos;
19/04/2020;Rio Negrinho;
19/04/2020;Campos Novos;
19/04/2020;Itapoá;
19/04/2020;Joaçaba;
20/04/2020;Florianópolis;
20/04/2020;Itajaí;
20/04/2020;Chapecó;
20/04/2020;Lages;
20/04/2020;Caçador;
20/04/2020;Araranguá;
20/04/2020;Indaial;
20/04/2020;Xanxerê;
20/04/2020;São Miguel do Oeste;
20/04/2020;Laguna;
20/04/2020;Curitibanos;
20/04/2020;Rio Negrinho;
20/04/2020;Campos Novos;
20/04/2020;Itapoá;
20/04/2020;Joaçaba;
21/04/2020;Florianópolis;
21/04/2020;Itajaí;
21/04/2020;Chapecó;
21/04/2020;Lages;
21/04/2020;Caçador;
21/04/2020;Araranguá;
21/04/2020;Indaial;
21/04/2020;Xanxerê;
21/04/2020;São Miguel do Oeste;
21/04/2020;Laguna;
21/04/2020;Curitibanos;
21/04/2020;Rio Negrinho;
21/04/2020;Campos Novos;
21/04/2020;Itapoá;
21/04/2020;Joaçaba;
22/04/2020;Florianópolis;
22/04/2020;Itajaí;
22/04/2020;Chapecó;
22/04/2020;Lages;
22/04/2020;Caçador;
22/04/2020;Araranguá;
22/04/2020;Indaial;
22/04/2020;Xanxerê;
22/04/2020;São Miguel do Oeste;
22/04/2020;Laguna;
22/04/2020;Curitibanos;
22/04/2020;Rio Negrinho;
22/04/2020;Campos Novos;
22/04/2020;Itapoá;
22/04/2020;Joaçaba;
23/04/2020;Florianópolis;
23/04/2020;Itajaí;
23/04/2020;Chapecó;
23/04/2020;Lages;
23/04/2020;Caçador;
23/04/2020;Araranguá;
23/04/2020;Indaial;
23/04/2020;Xanxerê;
23/04/2020;São Miguel do Oeste;
23/04/2020;Laguna;
23/04/2020;Curitibanos;
23/04/2020;Rio Negrinho;
23/04/2020;Campos Novos;
23/04/2020;Itapoá;
23/04/2020;Joaçaba;
24/04/2020;Florianópolis;
24/04/2020;Itajaí;
24/04/2020;Chapecó;
24/04/2020;Lages;
24/04/2020;Caçador;
24/04/2020;Araranguá;
24/04/2020;Indaial;
24/04/2020;Xanxerê;
24/04/2020;São Miguel do Oeste;
24/04/2020;Laguna;
24/04/2020;Curitibanos;
24/04/2020;Rio Negrinho;
24/04/2020;Campos Novos;
24/04/2020;Itapoá;
24/04/2020;Joaçaba;
25/04/2020;Florianópolis;
25/04/2020;Itajaí;
25/04/2020;Chapecó;
25/04/2020;Lages;
25/04/2020;Caçador;
25/04/2020;Araranguá;
25/04/2020;Indaial;
25/04/2020;Xanxerê;
25/04/2020;São Miguel do Oeste;
25/04/2020;Laguna;
25/04/2020;Curitibanos;
25/04/2020;Rio Negrinho;
25/04/2020;Campos Novos;
25/04/2020;Itapoá;
25/04/2020;Joaçaba;
26/04/2020;Florianópolis;
26/04/2020;Itajaí;
26/04/2020;Chapecó;
26/04/2020;Lages;
26/04/2020;Caçador;
26/04/2020;Araranguá;
26/04/2020;Indaial;
26/04/2020;Xanxerê;
26/04/2020;São Miguel do Oeste;
26/04/2020;Laguna;
26/04/2020;Curitibanos;
26/04/2020;Rio Negrinho;
26/04/2020;Campos Novos;
26/04/2020;Itapoá;
26/04/2020;Joaçaba;
27/04/2020;Florianópolis;
27/04/2020;Itajaí;
27/04/2020;Chapecó;
27/04/2020;Lages;
27/04/2020;Caçador;
27/04/2020;Araranguá;
27/04/2020;Indaial;
27/04/2020;Xanxerê;
27/04/2020;São Miguel do Oeste;
27/04/2020;Laguna;
27/04/2020;Curitibanos;
27/04/2020;Rio Negrinho;
27/04/2020;Campos Novos;
27/04/2020;Itapoá;
27/04/2020;Joaçaba;
28/04/2020;Florianópolis;
28/04/2020;Itajaí;
28/04/2020;Chapecó;
28/04/2020;Lages;
28/04/2020;Caçador;
28/04/2020;Araranguá;
28/04/2020;Indaial;
28/04/2020;Xanxerê;
28/04/2020;São Miguel do Oeste;
28/04/2020;Laguna;
28/04/2020;Curitibanos;
28/04/2020;Rio Negrinho;
28/04/2020;Campos Novos;
28/04/2020;Itapoá;
28/04/2020;Joaçaba;
29/04/2020;Florianópolis;
29/04/2020;Itajaí;
29/04/2020;Chapecó;
29/04/2020;Lages;
29/04/2020;Caçador;
29/04/2020;Araranguá;
29/04/2020;Indaial;
29/04/2020;Xanxerê;
29/04/2020;São Miguel do Oeste;
29/04/2020;Laguna;
29/04/2020;Curitibanos;
29/04/2020;Rio Negrinho;
29/04/2020;Campos Novos;
29/04/2020;Itapoá;
29/04/2020;Joaçaba;
30/04/2020;Florianópolis;
30/04/2020;Itajaí;
30/04/2020;Chapecó;
30/04/2020;Lages;
30/04/2020;Caçador;
30/04/2020;Araranguá;
30/04/2020;Indaial;
30/04/2020;Xanxerê;
30/04/2020;São Miguel do Oeste;
30/04/2020;Laguna;
30/04/2020;Curitibanos;
30/04/2020;Rio Negrinho;
30/04/2020;Campos Novos;
30/04/2020;Itapoá;
30/04/2020;Joaçaba;
01/05/2020;Florianópolis;
01/05/2020;Itajaí;
01/05/2020;Chapecó;
01/05/2020;Lages;
01/05/2020;Caçador;
01/05/2020;Araranguá;
01/05/2020;Indaial;
01/05/2020;Xanxerê;
01/05/2020;São Miguel do Oeste;
01/05/2020;Laguna;
01/05/2020;Curitibanos;
01/05/2020;Rio Negrinho;
01/05/2020;Campos Novos;
01/05/2020;Itapoá;
01/05/2020;Joaçaba;
02/05/2020;Florianópolis;
02/05/2020;Itajaí;
02/05/2020;Chapecó;
02/05/2020;Lages;
02/05/2020;Caçador;
02/05/2020;Araranguá;
02/05/2020;Indaial;
02/05/2020;Xanxerê;
02/05/2020;São Miguel do Oeste;
02/05/2020;Laguna;
02/05/2020;Curitibanos;
02/05/2020;Rio Negrinho;
02/05/2020;Campos Novos;
02/05/2020;Itapoá;
02/05/2020;Joaçaba;
03/05/2020;Florianópolis;
03/05/2020;Itajaí;
03/05/2020;Chapecó;
03/05/2020;Lages;
03/05/2020;Caçador;
03/05/2020;Araranguá;
03/05/2020;Indaial;
03/05/2020;Xanxerê;
03/05/2020;São Miguel do Oeste;
03/05/2020;Laguna;
03/05/2020;Curitibanos;
03/05/2020;Rio Negrinho;
03/05/2020;Campos Novos;
03/05/2020;Itapoá;
03/05/2020;Joaçaba;
04/05/2020;Florianópolis;
04/05/2020;Itajaí;
04/05/2020;Chapecó;
04/05/2020;Lages;
04/05/2020;Caçador;
04/05/2020;Araranguá;
04/05/2020;Indaial;
04/05/2020;Xanxerê;
04/05/2020;São Miguel do Oeste;
04/05/2020;Laguna;
04/05/2020;Curitibanos;
04/05/2020;Rio Negrinho;
04/05/2020;Campos Novos;
04/05/2020;Itapoá;
04/05/2020;Joaçaba;
05/05/2020;Florianópolis;
05/05/2020;Itajaí;
05/05/2020;Chapecó;
05/05/2020;Lages;
05/05/2020;Caçador;
05/05/2020;Araranguá;
05/05/2020;Indaial;
05/05/2020;Xanxerê;
05/05/2020;São Miguel do Oeste;
05/05/2020;Laguna;
05/05/2020;Curitibanos;
05/05/2020;Rio Negrinho;
05/05/2020;Campos Novos;
05/05/2020;Itapoá;
05/05/2020;Joaçaba;
06/05/2020;Florianópolis;
06/05/2020;Itajaí;
06/05/2020;Chapecó;
06/05/2020;Lages;
06/05/2020;Caçador;
06/05/2020;Araranguá;
06/05/2020;Indaial;
06/05/2020;Xanxerê;
06/05/2020;São Miguel do Oeste;
06/05/2020;Laguna;
06/05/2020;Curitibanos;
06/05/2020;Rio Negrinho;
06/05/2020;Campos Novos;
06/05/2020;Itapoá;
06/05/2020;Joaçaba;
07/05/2020;Florianópolis;
07/05/2020;Itajaí;
07/05/2020;Chapecó;
07/05/2020;Lages;
07/05/2020;Caçador;
07/05/2020;Araranguá;
07/05/2020;Indaial;
07/05/2020;Xanxerê;
07/05/2020;São Miguel do Oeste;
07/05/2020;Laguna;
07/05/2020;Curitibanos;
07/05/2020;Rio Negrinho;
07/05/2020;Campos Novos;
07/05/2020;Itapoá;
07/05/2020;Joaçaba;
08/05/2020;Florianópolis;
08/05/2020;Itajaí;
08/05/2020;Chapecó;
08/05/2020;Lages;
08/05/2020;Caçador;
08/05/2020;Araranguá;
08/05/2020;Indaial;
08/05/2020;Xanxerê;
08/05/2020;São Miguel do Oeste;
08/05/2020;Laguna;
08/05/2020;Curitibanos;
08/05/2020;Rio Negrinho;
08/05/2020;Campos Novos;
08/05/2020;Itapoá;
08/05/2020;Joaçaba;
09/05/2020;Florianópolis;
09/05/2020;Itajaí;
09/05/2020;Chapecó;
09/05/2020;Lages;
09/05/2020;Caçador;
09/05/2020;Araranguá;
09/05/2020;Indaial;
09/05/2020;Xanxerê;
09/05/2020;São Miguel do Oeste;
09/05/2020;Laguna;
09/05/2020;Curitibanos;
09/05/2020;Rio Negrinho;
09/05/2020;Campos Novos;
09/05/2020;Itapoá;
09/05/2020;Joaçaba;
10/05/2020;Florianópolis;
10/05/2020;Itajaí;
10/05/2020;Chapecó;
10/05/2020;Lages;
10/05/2020;Caçador;
10/05/2020;Araranguá;
10/05/2020;Indaial;
10/05/2020;Xanxerê;
10/05/2020;São Miguel do Oeste;
10/05/2020;Laguna;
10/05/2020;Curitibanos;
10/05/2020;Rio Negrinho;
10/05/2020;Campos Novos;
10/05/2020;Itapoá;
10/05/2020;Joaçaba;
11/05/2020;Florianópolis;
11/05/2020;Itajaí;
11/05/2020;Chapecó;
11/05/2020;Lages;
11/05/2020;Caçador;
11/05/2020;Araranguá;
11/05/2020;Indaial;
11/05/2020;Xanxerê;
11/05/2020;São Miguel do Oeste;
11/05/2020;Laguna;
11/05/2020;Curitibanos;
11/05/2020;Rio Negrinho;
11/05/2020;Campos Novos;
11/05/2020;Itapoá;
11/05/2020;Joaçaba;
12/05/2020;Florianópolis;
12/05/2020;Itajaí;
12/05/2020;Chapecó;
12/05/2020;Lages;
12/05/2020;Caçador;
12/05/2020;Araranguá;
12/05/2020;Indaial;
12/05/2020;Xanxerê;
12/05/2020;São Miguel do Oeste;
12/05/2020;Laguna;
12/05/2020;Curitibanos;
12/05/2020;Rio Negrinho;
12/05/2020;Campos Novos;
12/05/2020;Itapoá;
12/05/2020;Joaçaba;
13/05/2020;Florianópolis;
13/05/2020;Itajaí;
13/05/2020;Chapecó;
13/05/2020;Lages;
13/05/2020;Caçador;
13/05/2020;Araranguá;
13/05/2020;Indaial;
13/05/2020;Xanxerê;
13/05/2020;São Miguel do Oeste;
13/05/2020;Laguna;
13/05/2020;Curitibanos;
13/05/2020;Rio Negrinho;
13/05/2020;Campos Novos;
13/05/2020;Itapoá;
13/05/2020;Joaçaba;
14/05/2020;Florianópolis;
14/05/2020;Itajaí;
14/05/2020;Chapecó;
14/05/2020;Lages;
14/05/2020;Caçador;
14/05/2020;Araranguá;
14/05/2020;Indaial;
14/05/2020;Xanxerê;
14/05/2020;São Miguel do Oeste;
14/05/2020;Laguna;
14/05/2020;Curitibanos;
14/05/2020;Rio Negrinho;
14/05/2020;Campos Novos;
14/05/2020;Itapoá;
14/05/2020;Joaçaba;
15/05/2020;Florianópolis;
15/05/2020;Itajaí;
15/05/2020;Chapecó;
15/05/2020;Lages;
15/05/2020;Caçador;
15/05/2020;Araranguá;
15/05/2020;Indaial;
15/05/2020;Xanxerê;
15/05/2020;São Miguel do Oeste;
15/05/2020;Laguna;
15/05/2020;Curitibanos;
15/05/2020;Rio Negrinho;
15/05/2020;Campos Novos;
15/05/2020;Itapoá;
15/05/2020;Joaçaba;
16/05/2020;Florianópolis;
16/05/2020;Itajaí;
16/05/2020;Chapecó;
16/05/2020;Lages;
16/05/2020;Caçador;
16/05/2020;Araranguá;
16/05/2020;Indaial;
16/05/2020;Xanxerê;
16/05/2020;São Miguel do Oeste;
16/05/2020;Laguna;
16/05/2020;Curitibanos;
16/05/2020;Rio Negrinho;
16/05/2020;Campos Novos;
16/05/2020;Itapoá;
16/05/2020;Joaçaba;
17/05/2020;Florianópolis;
17/05/2020;Itajaí;
17/05/2020;Chapecó;
17/05/2020;Lages;
17/05/2020;Caçador;
17/05/2020;Araranguá;
17/05/2020;Indaial;
17/05/2020;Xanxerê;
17/05/2020;São Miguel do Oeste;
17/05/2020;Laguna;
17/05/2020;Curitibanos;
17/05/2020;Rio Negrinho;
17/05/2020;Campos Novos;
17/05/2020;Itapoá;
17/05/2020;Joaçaba;
18/05/2020;Florianópolis;
18/05/2020;Itajaí;
18/05/2020;Chapecó;
18/05/2020;Lages;
18/05/2020;Caçador;
18/05/2020;Araranguá;
18/05/2020;Indaial;
18/05/2020;Xanxerê;
18/05/2020;São Miguel do Oeste;
18/05/2020;Laguna;
18/05/2020;Curitibanos;
18/05/2020;Rio Negrinho;
18/05/2020;Campos Novos;
18/05/2020;Itapoá;
18/05/2020;Joaçaba;
19/05/2020;Florianópolis;
19/05/2020;Itajaí;
19/05/2020;Chapecó;
19/05/2020;Lages;
19/05/2020;Caçador;
19/05/2020;Araranguá;
19/05/2020;Indaial;
19/05/2020;Xanxerê;
19/05/2020;São Miguel do Oeste;
19/05/2020;Laguna;
19/05/2020;Curitibanos;
19/05/2020;Rio Negrinho;
19/05/2020;Campos Novos;
19/05/2020;Itapoá;
19/05/2020;Joaçaba;
20/05/2020;Florianópolis;
20/05/2020;Itajaí;
20/05/2020;Chapecó;
20/05/2020;Lages;
20/05/2020;Caçador;
20/05/2020;Araranguá;
20/05/2020;Indaial;
20/05/2020;Xanxerê;
20/05/2020;São Miguel do Oeste;
20/05/2020;Laguna;
20/05/2020;Curitibanos;
20/05/2020;Rio Negrinho;
20/05/2020;Campos Novos;
20/05/2020;Itapoá;
20/05/2020;Joaçaba;
21/05/2020;Florianópolis;
21/05/2020;Itajaí;
21/05/2020;Chapecó;
21/05/2020;Lages;
21/05/2020;Caçador;
21/05/2020;Araranguá;
21/05/2020;Indaial;
21/05/2020;Xanxerê;
21/05/2020;São Miguel do Oeste;
21/05/2020;Laguna;
21/05/2020;Curitibanos;
21/05/2020;Rio Negrinho;
21/05/2020;Campos Novos;
21/05/2020;Itapoá;
21/05/2020;Joaçaba;
22/05/2020;Florianópolis;
22/05/2020;Itajaí;
22/05/2020;Chapecó;
22/05/2020;Lages;
22/05/2020;Caçador;
22/05/2020;Araranguá;
22/05/2020;Indaial;
22/05/2020;Xanxerê;
22/05/2020;São Miguel do Oeste;
22/05/2020;Laguna;
22/05/2020;Curitibanos;
22/05/2020;Rio Negrinho;
22/05/2020;Campos Novos;
22/05/2020;Itapoá;
22/05/2020;Joaçaba;
23/05/2020;Florianópolis;
23/05/2020;Itajaí;
23/05/2020;Chapecó;
23/05/2020;Lages;
23/05/2020;Caçador;
23/05/2020;Araranguá;
23/05/2020;Indaial;
23/05/2020;Xanxerê;
23/05/2020;São Miguel do Oeste;
23/05/2020;Laguna;
23/05/2020;Curitibanos;
23/05/2020;Rio Negrinho;
23/05/2020;Campos Novos;
23/05/2020;Itapoá;
23/05/2020;Joaçaba;
24/05/2020;Florianópolis;
24/05/2020;Itajaí;
24/05/2020;Chapecó;
24/05/2020;Lages;
24/05/2020;Caçador;
24/05/2020;Araranguá;
24/05/2020;Indaial;
24/05/2020;Xanxerê;
24/05/2020;São Miguel do Oeste;
24/05/2020;Laguna;
24/05/2020;Curitibanos;
24/05/2020;Rio Negrinho;
24/05/2020;Campos Novos;
24/05/2020;Itapoá;
24/05/2020;Joaçaba;
25/05/2020;Florianópolis;
25/05/2020;Itajaí;
25/05/2020;Chapecó;
25/05/2020;Lages;
25/05/2020;Caçador;
25/05/2020;Araranguá;
25/05/2020;Indaial;
25/05/2020;Xanxerê;
25/05/2020;São Miguel do Oeste;
25/05/2020;Laguna;
25/05/2020;Curitibanos;
25/05/2020;Rio Negrinho;
25/05/2020;Campos Novos;
25/05/2020;Itapoá;
25/05/2020;Joaçaba;
26/05/2020;Florianópolis;
26/05/2020;Itajaí;
26/05/2020;Chapecó;
26/05/2020;Lages;
26/05/2020;Caçador;
26/05/2020;Araranguá;
26/05/2020;Indaial;
26/05/2020;Xanxerê;
26/05/2020;São Miguel do Oeste;
26/05/2020;Laguna;
26/05/2020;Curitibanos;
26/05/2020;Rio Negrinho;
26/05/2020;Campos Novos;
26/05/2020;Itapoá;
26/05/2020;Joaçaba;
27/05/2020;Florianópolis;
27/05/2020;Itajaí;
27/05/2020;Chapecó;
27/05/2020;Lages;
27/05/2020;Caçador;
27/05/2020;Araranguá;
27/05/2020;Indaial;
27/05/2020;Xanxerê;
27/05/2020;São Miguel do Oeste;
27/05/2020;Laguna;
27/05/2020;Curitibanos;
27/05/2020;Rio Negrinho;
27/05/2020;Campos Novos;
27/05/2020;Itapoá;
27/05/2020;Joaçaba;
28/05/2020;Florianópolis;
28/05/2020;Itajaí;
28/05/2020;Chapecó;
28/05/2020;Lages;
28/05/2020;Caçador;
28/05/2020;Araranguá;
28/05/2020;Indaial;
28/05/2020;Xanxerê;
28/05/2020;São Miguel do Oeste;
28/05/2020;Laguna;
28/05/2020;Curitibanos;
28/05/2020;Rio Negrinho;
28/05/2020;Campos Novos;
28/05/2020;Itapoá;
28/05/2020;Joaçaba;
29/05/2020;Florianópolis;
29/05/2020;Itajaí;
29/05/2020;Chapecó;
29/05/2020;Lages;
29/05/2020;Caçador;
29/05/2020;Araranguá;
29/05/2020;Indaial;
29/05/2020;Xanxerê;
29/05/2020;São Miguel do Oeste;
29/05/2020;Laguna;
29/05/2020;Curitibanos;
29/05/2020;Rio Negrinho;
29/05/2020;Campos Novos;
29/05/2020;Itapoá;
29/05/2020;Joaçaba;
30/05/2020;Florianópolis;
30/05/2020;Itajaí;
30/05/2020;Chapecó;
30/05/2020;Lages;
30/05/2020;Caçador;
30/05/2020;Araranguá;
30/05/2020;Indaial;
30/05/2020;Xanxerê;
30/05/2020;São Miguel do Oeste;
30/05/2020;Laguna;
30/05/2020;Curitibanos;
30/05/2020;Rio Negrinho;
30/05/2020;Campos Novos;
30/05/2020;Itapoá;
30/05/2020;Joaçaba;
31/05/2020;Florianópolis;
31/05/2020;Itajaí;
31/05/2020;Chapecó;
31/05/2020;Lages;
31/05/2020;Caçador;
31/05/2020;Araranguá;
31/05/2020;Indaial;
31/05/2020;Xanxerê;
31/05/2020;São Miguel do Oeste;
31/05/2020;Laguna;
31/05/2020;Curitibanos;
31/05/2020;Rio Negrinho;
31/05/2020;Campos Novos;
31/05/2020;Itapoá;
31/05/2020;Joaçaba;
01/06/2020;Florianópolis;
01/06/2020;Itajaí;
01/06/2020;Chapecó;
01/06/2020;Lages;
01/06/2020;Caçador;
01/06/2020;Araranguá;
01/06/2020;Indaial;
01/06/2020;Xanxerê;
01/06/2020;São Miguel do Oeste;
01/06/2020;Laguna;
01/06/2020;Curitibanos;
01/06/2020;Rio Negrinho;
01/06/2020;Campos Novos;
01/06/2020;Itapoá;
01/06/2020;Joaçaba;
02/06/2020;Florianópolis;3
02/06/2020;Itajaí;3
02/06/2020;Chapecó;2
02/06/2020;Lages;2
02/06/2020;Caçador;2
02/06/2020;Araranguá;3
02/06/2020;Indaial;2
02/06/2020;Xanxerê;3
02/06/2020;São Miguel do Oeste;2
02/06/2020;Laguna;2
02/06/2020;Curitibanos;2
02/06/2020;Rio Negrinho;3
02/06/2020;Campos Novos;2
02/06/2020;Itapoá;3
02/06/2020;Joaçaba;2
03/06/2020;Florianópolis;3
03/06/2020;Itajaí;3
03/06/2020;Chapecó;2
03/06/2020;Lages;2
03/06/2020;Caçador;2
03/06/2020;Araranguá;3
03/06/2020;Indaial;2
03/06/2020;Xanxerê;3
03/06/2020;São Miguel do Oeste;2
03/06/2020;Laguna;2
03/06/2020;Curitibanos;2
03/06/2020;Rio Negrinho;3
03/06/2020;Campos Novos;2
03/06/2020;Itapoá;3
03/06/2020;Joaçaba;2
04/06/2020;Florianópolis;3
04/06/2020;Itajaí;3
04/06/2020;Chapecó;2
04/06/2020;Lages;2
04/06/2020;Caçador;2
04/06/2020;Araranguá;3
04/06/2020;Indaial;2
04/06/2020;Xanxerê;3
04/06/2020;São Miguel do Oeste;2
04/06/2020;Laguna;2
04/06/2020;Curitibanos;2
04/06/2020;Rio Negrinho;3
04/06/2020;Campos Novos;2
04/06/2020;Itapoá;3
04/06/2020;Joaçaba;2
05/06/2020;Florianópolis;3
05/06/2020;Itajaí;3
05/06/2020;Chapecó;2
05/06/2020;Lages;2
05/06/2020;Caçador;2
05/06/2020;Araranguá;3
05/06/2020;Indaial;2
05/06/2020;Xanxerê;3
05/06/2020;São Miguel do Oeste;2
05/06/2020;Laguna;2
05/06/2020;Curitibanos;2
05/06/2020;Rio Negrinho;3
05/06/2020;Campos Novos;2
05/06/2020;Itapoá;3
05/06/2020;Joaçaba;2
06/06/2020;Florianópolis;3
06/06/2020;Itajaí;3
06/06/2020;Chapecó;2
06/06/2020;Lages;2
06/06/2020;Caçador;2
06/06/2020;Araranguá;3
06/06/2020;Indaial;2
06/06/2020;Xanxerê;3
06/06/2020;São Miguel do Oeste;2
06/06/2020;Laguna;2
06/06/2020;Curitibanos;2
06/06/2020;Rio Negrinho;3
06/06/2020;Campos Novos;2
06/06/2020;Itapoá;3
06/06/2020;Joaçaba;2
07/06/2020;Florianópolis;3
07/06/2020;Itajaí;3
07/06/2020;Chapecó;2
07/06/2020;Lages;2
07/06/2020;Caçador;2
07/06/2020;Araranguá;3
07/06/2020;Indaial;2
07/06/2020;Xanxerê;3
07/06/2020;São Miguel do Oeste;2
07/06/2020;Laguna;2
07/06/2020;Curitibanos;2
07/06/2020;Rio Negrinho;3
07/06/2020;Campos Novos;2
07/06/2020;Itapoá;3
07/06/2020;Joaçaba;2
08/06/2020;Florianópolis;3
08/06/2020;Itajaí;3
08/06/2020;Chapecó;2
08/06/2020;Lages;2
08/06/2020;Caçador;2
08/06/2020;Araranguá;3
08/06/2020;Indaial;2
08/06/2020;Xanxerê;3
08/06/2020;São Miguel do Oeste;2
08/06/2020;Laguna;2
08/06/2020;Curitibanos;2
08/06/2020;Rio Negrinho;3
08/06/2020;Campos Novos;2
08/06/2020;Itapoá;3
08/06/2020;Joaçaba;2
09/06/2020;Florianópolis;3
09/06/2020;Itajaí;3
09/06/2020;Chapecó;2
09/06/2020;Lages;2
09/06/2020;Caçador;2
09/06/2020;Araranguá;2
09/06/2020;Indaial;2
09/06/2020;Xanxerê;3
09/06/2020;São Miguel do Oeste;2
09/06/2020;Laguna;2
09/06/2020;Curitibanos;2
09/06/2020;Rio Negrinho;2
09/06/2020;Campos Novos;2
09/06/2020;Itapoá;3
09/06/2020;Joaçaba;2
10/06/2020;Florianópolis;3
10/06/2020;Itajaí;3
10/06/2020;Chapecó;2
10/06/2020;Lages;2
10/06/2020;Caçador;2
10/06/2020;Araranguá;2
10/06/2020;Indaial;2
10/06/2020;Xanxerê;3
10/06/2020;São Miguel do Oeste;2
10/06/2020;Laguna;2
10/06/2020;Curitibanos;2
10/06/2020;Rio Negrinho;2
10/06/2020;Campos Novos;2
10/06/2020;Itapoá;3
10/06/2020;Joaçaba;2
11/06/2020;Florianópolis;3
11/06/2020;Itajaí;3
11/06/2020;Chapecó;2
11/06/2020;Lages;2
11/06/2020;Caçador;2
11/06/2020;Araranguá;2
11/06/2020;Indaial;2
11/06/2020;Xanxerê;3
11/06/2020;São Miguel do Oeste;2
11/06/2020;Laguna;2
11/06/2020;Curitibanos;2
11/06/2020;Rio Negrinho;2
11/06/2020;Campos Novos;2
11/06/2020;Itapoá;3
11/06/2020;Joaçaba;2
12/06/2020;Florianópolis;3
12/06/2020;Itajaí;3
12/06/2020;Chapecó;2
12/06/2020;Lages;2
12/06/2020;Caçador;2
12/06/2020;Araranguá;2
12/06/2020;Indaial;2
12/06/2020;Xanxerê;3
12/06/2020;São Miguel do Oeste;2
12/06/2020;Laguna;2
12/06/2020;Curitibanos;2
12/06/2020;Rio Negrinho;2
12/06/2020;Campos Novos;2
12/06/2020;Itapoá;3
12/06/2020;Joaçaba;2
13/06/2020;Florianópolis;3
13/06/2020;Itajaí;3
13/06/2020;Chapecó;2
13/06/2020;Lages;2
13/06/2020;Caçador;2
13/06/2020;Araranguá;2
13/06/2020;Indaial;2
13/06/2020;Xanxerê;3
13/06/2020;São Miguel do Oeste;2
13/06/2020;Laguna;2
13/06/2020;Curitibanos;2
13/06/2020;Rio Negrinho;2
13/06/2020;Campos Novos;2
13/06/2020;Itapoá;3
13/06/2020;Joaçaba;2
14/06/2020;Florianópolis;3
14/06/2020;Itajaí;3
14/06/2020;Chapecó;2
14/06/2020;Lages;2
14/06/2020;Caçador;2
14/06/2020;Araranguá;2
14/06/2020;Indaial;2
14/06/2020;Xanxerê;3
14/06/2020;São Miguel do Oeste;2
14/06/2020;Laguna;2
14/06/2020;Curitibanos;2
14/06/2020;Rio Negrinho;2
14/06/2020;Campos Novos;2
14/06/2020;Itapoá;3
14/06/2020;Joaçaba;2
15/06/2020;Florianópolis;3
15/06/2020;Itajaí;3
15/06/2020;Chapecó;2
15/06/2020;Lages;2
15/06/2020;Caçador;2
15/06/2020;Araranguá;2
15/06/2020;Indaial;2
15/06/2020;Xanxerê;3
15/06/2020;São Miguel do Oeste;2
15/06/2020;Laguna;2
15/06/2020;Curitibanos;2
15/06/2020;Rio Negrinho;2
15/06/2020;Campos Novos;2
15/06/2020;Itapoá;3
15/06/2020;Joaçaba;2
16/06/2020;Florianópolis;2
16/06/2020;Itajaí;3
16/06/2020;Chapecó;2
16/06/2020;Lages;2
16/06/2020;Caçador;2
16/06/2020;Araranguá;2
16/06/2020;Indaial;2
16/06/2020;Xanxerê;3
16/06/2020;São Miguel do Oeste;2
16/06/2020;Laguna;2
16/06/2020;Curitibanos;2
16/06/2020;Rio Negrinho;2
16/06/2020;Campos Novos;2
16/06/2020;Itapoá;3
16/06/2020;Joaçaba;2
17/06/2020;Florianópolis;2
17/06/2020;Itajaí;3
17/06/2020;Chapecó;2
17/06/2020;Lages;2
17/06/2020;Caçador;2
17/06/2020;Araranguá;2
17/06/2020;Indaial;2
17/06/2020;Xanxerê;3
17/06/2020;São Miguel do Oeste;2
17/06/2020;Laguna;2
17/06/2020;Curitibanos;2
17/06/2020;Rio Negrinho;2
17/06/2020;Campos Novos;2
17/06/2020;Itapoá;3
17/06/2020;Joaçaba;2
18/06/2020;Florianópolis;2
18/06/2020;Itajaí;3
18/06/2020;Chapecó;2
18/06/2020;Lages;2
18/06/2020;Caçador;2
18/06/2020;Araranguá;2
18/06/2020;Indaial;2
18/06/2020;Xanxerê;3
18/06/2020;São Miguel do Oeste;2
18/06/2020;Laguna;2
18/06/2020;Curitibanos;2
18/06/2020;Rio Negrinho;2
18/06/2020;Campos Novos;2
18/06/2020;Itapoá;3
18/06/2020;Joaçaba;2
19/06/2020;Florianópolis;2
19/06/2020;Itajaí;3
19/06/2020;Chapecó;2
19/06/2020;Lages;2
19/06/2020;Caçador;2
19/06/2020;Araranguá;2
19/06/2020;Indaial;2
19/06/2020;Xanxerê;3
19/06/2020;São Miguel do Oeste;2
19/06/2020;Laguna;2
19/06/2020;Curitibanos;2
19/06/2020;Rio Negrinho;2
19/06/2020;Campos Novos;2
19/06/2020;Itapoá;3
19/06/2020;Joaçaba;2
20/06/2020;Florianópolis;2
20/06/2020;Itajaí;3
20/06/2020;Chapecó;2
20/06/2020;Lages;2
20/06/2020;Caçador;2
20/06/2020;Araranguá;2
20/06/2020;Indaial;2
20/06/2020;Xanxerê;3
20/06/2020;São Miguel do Oeste;2
20/06/2020;Laguna;2
20/06/2020;Curitibanos;2
20/06/2020;Rio Negrinho;2
20/06/2020;Campos Novos;2
20/06/2020;Itapoá;3
20/06/2020;Joaçaba;2
21/06/2020;Florianópolis;2
21/06/2020;Itajaí;3
21/06/2020;Chapecó;2
21/06/2020;Lages;2
21/06/2020;Caçador;2
21/06/2020;Araranguá;2
21/06/2020;Indaial;2
21/06/2020;Xanxerê;3
21/06/2020;São Miguel do Oeste;2
21/06/2020;Laguna;2
21/06/2020;Curitibanos;2
21/06/2020;Rio Negrinho;2
21/06/2020;Campos Novos;2
21/06/2020;Itapoá;3
21/06/2020;Joaçaba;2
22/06/2020;Florianópolis;2
22/06/2020;Itajaí;3
22/06/2020;Chapecó;2
22/06/2020;Lages;2
22/06/2020;Caçador;2
22/06/2020;Araranguá;2
22/06/2020;Indaial;2
22/06/2020;Xanxerê;3
22/06/2020;São Miguel do Oeste;2
22/06/2020;Laguna;2
22/06/2020;Curitibanos;2
22/06/2020;Rio Negrinho;2
22/06/2020;Campos Novos;2
22/06/2020;Itapoá;3
22/06/2020;Joaçaba;2
23/06/2020;Florianópolis;3
23/06/2020;Itajaí;4
23/06/2020;Chapecó;3
23/06/2020;Lages;2
23/06/2020;Caçador;3
23/06/2020;Araranguá;3
23/06/2020;Indaial;3
23/06/2020;Xanxerê;3
23/06/2020;São Miguel do Oeste;2
23/06/2020;Laguna;3
23/06/2020;Curitibanos;3
23/06/2020;Rio Negrinho;2
23/06/2020;Campos Novos;3
23/06/2020;Itapoá;3
23/06/2020;Joaçaba;3
24/06/2020;Florianópolis;3
24/06/2020;Itajaí;4
24/06/2020;Chapecó;3
24/06/2020;Lages;2
24/06/2020;Caçador;3
24/06/2020;Araranguá;3
24/06/2020;Indaial;3
24/06/2020;Xanxerê;3
24/06/2020;São Miguel do Oeste;2
24/06/2020;Laguna;3
24/06/2020;Curitibanos;3
24/06/2020;Rio Negrinho;2
24/06/2020;Campos Novos;3
24/06/2020;Itapoá;3
24/06/2020;Joaçaba;3
25/06/2020;Florianópolis;3
25/06/2020;Itajaí;4
25/06/2020;Chapecó;3
25/06/2020;Lages;2
25/06/2020;Caçador;3
25/06/2020;Araranguá;3
25/06/2020;Indaial;3
25/06/2020;Xanxerê;3
25/06/2020;São Miguel do Oeste;2
25/06/2020;Laguna;3
25/06/2020;Curitibanos;3
25/06/2020;Rio Negrinho;2
25/06/2020;Campos Novos;3
25/06/2020;Itapoá;3
25/06/2020;Joaçaba;3
26/06/2020;Florianópolis;3
26/06/2020;Itajaí;4
26/06/2020;Chapecó;3
26/06/2020;Lages;2
26/06/2020;Caçador;3
26/06/2020;Araranguá;3
26/06/2020;Indaial;3
26/06/2020;Xanxerê;3
26/06/2020;São Miguel do Oeste;2
26/06/2020;Laguna;3
26/06/2020;Curitibanos;3
26/06/2020;Rio Negrinho;2
26/06/2020;Campos Novos;3
26/06/2020;Itapoá;3
26/06/2020;Joaçaba;3
27/06/2020;Florianópolis;3
27/06/2020;Itajaí;4
27/06/2020;Chapecó;3
27/06/2020;Lages;2
27/06/2020;Caçador;3
27/06/2020;Araranguá;3
27/06/2020;Indaial;3
27/06/2020;Xanxerê;3
27/06/2020;São Miguel do Oeste;2
27/06/2020;Laguna;3
27/06/2020;Curitibanos;3
27/06/2020;Rio Negrinho;2
27/06/2020;Campos Novos;3
27/06/2020;Itapoá;3
27/06/2020;Joaçaba;3
28/06/2020;Florianópolis;3
28/06/2020;Itajaí;4
28/06/2020;Chapecó;3
28/06/2020;Lages;2
28/06/2020;Caçador;3
28/06/2020;Araranguá;3
28/06/2020;Indaial;3
28/06/2020;Xanxerê;3
28/06/2020;São Miguel do Oeste;2
28/06/2020;Laguna;3
28/06/2020;Curitibanos;3
28/06/2020;Rio Negrinho;2
28/06/2020;Campos Novos;3
28/06/2020;Itapoá;3
28/06/2020;Joaçaba;3
29/06/2020;Florianópolis;3
29/06/2020;Itajaí;4
29/06/2020;Chapecó;3
29/06/2020;Lages;2
29/06/2020;Caçador;3
29/06/2020;Araranguá;3
29/06/2020;Indaial;3
29/06/2020;Xanxerê;3
29/06/2020;São Miguel do Oeste;2
29/06/2020;Laguna;3
29/06/2020;Curitibanos;3
29/06/2020;Rio Negrinho;2
29/06/2020;Campos Novos;3
29/06/2020;Itapoá;3
29/06/2020;Joaçaba;3
30/06/2020;Florianópolis;3
30/06/2020;Itajaí;4
30/06/2020;Chapecó;3
30/06/2020;Lages;2
30/06/2020;Caçador;2
30/06/2020;Araranguá;3
30/06/2020;Indaial;3
30/06/2020;Xanxerê;3
30/06/2020;São Miguel do Oeste;3
30/06/2020;Laguna;3
30/06/2020;Curitibanos;2
30/06/2020;Rio Negrinho;3
30/06/2020;Campos Novos;3
30/06/2020;Itapoá;3
30/06/2020;Joaçaba;3
01/07/2020;Florianópolis;3
01/07/2020;Itajaí;4
01/07/2020;Chapecó;3
01/07/2020;Lages;2
01/07/2020;Caçador;2
01/07/2020;Araranguá;3
01/07/2020;Indaial;3
01/07/2020;Xanxerê;3
01/07/2020;São Miguel do Oeste;3
01/07/2020;Laguna;3
01/07/2020;Curitibanos;2
01/07/2020;Rio Negrinho;3
01/07/2020;Campos Novos;3
01/07/2020;Itapoá;3
01/07/2020;Joaçaba;3
02/07/2020;Florianópolis;3
02/07/2020;Itajaí;4
02/07/2020;Chapecó;3
02/07/2020;Lages;2
02/07/2020;Caçador;2
02/07/2020;Araranguá;3
02/07/2020;Indaial;3
02/07/2020;Xanxerê;3
02/07/2020;São Miguel do Oeste;3
02/07/2020;Laguna;3
02/07/2020;Curitibanos;2
02/07/2020;Rio Negrinho;3
02/07/2020;Campos Novos;3
02/07/2020;Itapoá;3
02/07/2020;Joaçaba;3
03/07/2020;Florianópolis;3
03/07/2020;Itajaí;4
03/07/2020;Chapecó;3
03/07/2020;Lages;2
03/07/2020;Caçador;2
03/07/2020;Araranguá;3
03/07/2020;Indaial;3
03/07/2020;Xanxerê;3
03/07/2020;São Miguel do Oeste;3
03/07/2020;Laguna;3
03/07/2020;Curitibanos;2
03/07/2020;Rio Negrinho;3
03/07/2020;Campos Novos;3
03/07/2020;Itapoá;3
03/07/2020;Joaçaba;3
04/07/2020;Florianópolis;3
04/07/2020;Itajaí;4
04/07/2020;Chapecó;3
04/07/2020;Lages;2
04/07/2020;Caçador;2
04/07/2020;Araranguá;3
04/07/2020;Indaial;3
04/07/2020;Xanxerê;3
04/07/2020;São Miguel do Oeste;3
04/07/2020;Laguna;3
04/07/2020;Curitibanos;2
04/07/2020;Rio Negrinho;3
04/07/2020;Campos Novos;3
04/07/2020;Itapoá;3
04/07/2020;Joaçaba;3
05/07/2020;Florianópolis;3
05/07/2020;Itajaí;4
05/07/2020;Chapecó;3
05/07/2020;Lages;2
05/07/2020;Caçador;2
05/07/2020;Araranguá;3
05/07/2020;Indaial;3
05/07/2020;Xanxerê;3
05/07/2020;São Miguel do Oeste;3
05/07/2020;Laguna;3
05/07/2020;Curitibanos;2
05/07/2020;Rio Negrinho;3
05/07/2020;Campos Novos;3
05/07/2020;Itapoá;3
05/07/2020;Joaçaba;3
06/07/2020;Florianópolis;3
06/07/2020;Itajaí;4
06/07/2020;Chapecó;3
06/07/2020;Lages;2
06/07/2020;Caçador;2
06/07/2020;Araranguá;3
06/07/2020;Indaial;3
06/07/2020;Xanxerê;3
06/07/2020;São Miguel do Oeste;3
06/07/2020;Laguna;3
06/07/2020;Curitibanos;2
06/07/2020;Rio Negrinho;3
06/07/2020;Campos Novos;3
06/07/2020;Itapoá;3
06/07/2020;Joaçaba;3
07/07/2020;Florianópolis;3
07/07/2020;Itajaí;4
07/07/2020;Chapecó;3
07/07/2020;Lages;2
07/07/2020;Caçador;2
07/07/2020;Araranguá;3
07/07/2020;Indaial;3
07/07/2020;Xanxerê;3
07/07/2020;São Miguel do Oeste;3
07/07/2020;Laguna;3
07/07/2020;Curitibanos;2
07/07/2020;Rio Negrinho;3
07/07/2020;Campos Novos;3
07/07/2020;Itapoá;3
07/07/2020;Joaçaba;3
08/07/2020;Florianópolis;3
08/07/2020;Itajaí;4
08/07/2020;Chapecó;2
08/07/2020;Lages;2
08/07/2020;Caçador;3
08/07/2020;Araranguá;3
08/07/2020;Indaial;3
08/07/2020;Xanxerê;4
08/07/2020;São Miguel do Oeste;3
08/07/2020;Laguna;4
08/07/2020;Curitibanos;3
08/07/2020;Rio Negrinho;3
08/07/2020;Campos Novos;3
08/07/2020;Itapoá;3
08/07/2020;Joaçaba;3
09/07/2020;Florianópolis;3
09/07/2020;Itajaí;4
09/07/2020;Chapecó;2
09/07/2020;Lages;2
09/07/2020;Caçador;3
09/07/2020;Araranguá;3
09/07/2020;Indaial;3
09/07/2020;Xanxerê;4
09/07/2020;São Miguel do Oeste;3
09/07/2020;Laguna;4
09/07/2020;Curitibanos;3
09/07/2020;Rio Negrinho;3
09/07/2020;Campos Novos;3
09/07/2020;Itapoá;3
09/07/2020;Joaçaba;3
10/07/2020;Florianópolis;3
10/07/2020;Itajaí;4
10/07/2020;Chapecó;2
10/07/2020;Lages;2
10/07/2020;Caçador;3
10/07/2020;Araranguá;3
10/07/2020;Indaial;3
10/07/2020;Xanxerê;4
10/07/2020;São Miguel do Oeste;3
10/07/2020;Laguna;4
10/07/2020;Curitibanos;3
10/07/2020;Rio Negrinho;3
10/07/2020;Campos Novos;3
10/07/2020;Itapoá;3
10/07/2020;Joaçaba;3
11/07/2020;Florianópolis;3
11/07/2020;Itajaí;4
11/07/2020;Chapecó;2
11/07/2020;Lages;2
11/07/2020;Caçador;3
11/07/2020;Araranguá;3
11/07/2020;Indaial;3
11/07/2020;Xanxerê;4
11/07/2020;São Miguel do Oeste;3
11/07/2020;Laguna;4
11/07/2020;Curitibanos;3
11/07/2020;Rio Negrinho;3
11/07/2020;Campos Novos;3
11/07/2020;Itapoá;3
11/07/2020;Joaçaba;3
12/07/2020;Florianópolis;3
12/07/2020;Itajaí;4
12/07/2020;Chapecó;2
12/07/2020;Lages;2
12/07/2020;Caçador;3
12/07/2020;Araranguá;3
12/07/2020;Indaial;3
12/07/2020;Xanxerê;4
12/07/2020;São Miguel do Oeste;3
12/07/2020;Laguna;4
12/07/2020;Curitibanos;3
12/07/2020;Rio Negrinho;3
12/07/2020;Campos Novos;3
12/07/2020;Itapoá;3
12/07/2020;Joaçaba;3
13/07/2020;Florianópolis;3
13/07/2020;Itajaí;4
13/07/2020;Chapecó;2
13/07/2020;Lages;2
13/07/2020;Caçador;3
13/07/2020;Araranguá;3
13/07/2020;Indaial;3
13/07/2020;Xanxerê;4
13/07/2020;São Miguel do Oeste;3
13/07/2020;Laguna;4
13/07/2020;Curitibanos;3
13/07/2020;Rio Negrinho;3
13/07/2020;Campos Novos;3
13/07/2020;Itapoá;3
13/07/2020;Joaçaba;3
14/07/2020;Florianópolis;4
14/07/2020;Itajaí;4
14/07/2020;Chapecó;3
14/07/2020;Lages;3
14/07/2020;Caçador;2
14/07/2020;Araranguá;3
14/07/2020;Indaial;4
14/07/2020;Xanxerê;4
14/07/2020;São Miguel do Oeste;2
14/07/2020;Laguna;4
14/07/2020;Curitibanos;2
14/07/2020;Rio Negrinho;3
14/07/2020;Campos Novos;3
14/07/2020;Itapoá;4
14/07/2020;Joaçaba;3
15/07/2020;Florianópolis;4
15/07/2020;Itajaí;4
15/07/2020;Chapecó;3
15/07/2020;Lages;3
15/07/2020;Caçador;2
15/07/2020;Araranguá;3
15/07/2020;Indaial;4
15/07/2020;Xanxerê;4
15/07/2020;São Miguel do Oeste;2
15/07/2020;Laguna;4
15/07/2020;Curitibanos;2
15/07/2020;Rio Negrinho;3
15/07/2020;Campos Novos;3
15/07/2020;Itapoá;4
15/07/2020;Joaçaba;3
16/07/2020;Florianópolis;4
16/07/2020;Itajaí;4
16/07/2020;Chapecó;3
16/07/2020;Lages;3
16/07/2020;Caçador;2
16/07/2020;Araranguá;3
16/07/2020;Indaial;4
16/07/2020;Xanxerê;4
16/07/2020;São Miguel do Oeste;2
16/07/2020;Laguna;4
16/07/2020;Curitibanos;2
16/07/2020;Rio Negrinho;3
16/07/2020;Campos Novos;3
16/07/2020;Itapoá;4
16/07/2020;Joaçaba;3
17/07/2020;Florianópolis;4
17/07/2020;Itajaí;4
17/07/2020;Chapecó;3
17/07/2020;Lages;3
17/07/2020;Caçador;2
17/07/2020;Araranguá;3
17/07/2020;Indaial;4
17/07/2020;Xanxerê;4
17/07/2020;São Miguel do Oeste;2
17/07/2020;Laguna;4
17/07/2020;Curitibanos;2
17/07/2020;Rio Negrinho;3
17/07/2020;Campos Novos;3
17/07/2020;Itapoá;4
17/07/2020;Joaçaba;3
18/07/2020;Florianópolis;4
18/07/2020;Itajaí;4
18/07/2020;Chapecó;3
18/07/2020;Lages;3
18/07/2020;Caçador;2
18/07/2020;Araranguá;3
18/07/2020;Indaial;4
18/07/2020;Xanxerê;4
18/07/2020;São Miguel do Oeste;2
18/07/2020;Laguna;4
18/07/2020;Curitibanos;2
18/07/2020;Rio Negrinho;3
18/07/2020;Campos Novos;3
18/07/2020;Itapoá;4
18/07/2020;Joaçaba;3
19/07/2020;Florianópolis;4
19/07/2020;Itajaí;4
19/07/2020;Chapecó;3
19/07/2020;Lages;3
19/07/2020;Caçador;2
19/07/2020;Araranguá;3
19/07/2020;Indaial;4
19/07/2020;Xanxerê;4
19/07/2020;São Miguel do Oeste;2
19/07/2020;Laguna;4
19/07/2020;Curitibanos;2
19/07/2020;Rio Negrinho;3
19/07/2020;Campos Novos;3
19/07/2020;Itapoá;4
19/07/2020;Joaçaba;3
20/07/2020;Florianópolis;4
20/07/2020;Itajaí;4
20/07/2020;Chapecó;3
20/07/2020;Lages;3
20/07/2020;Caçador;2
20/07/2020;Araranguá;3
20/07/2020;Indaial;4
20/07/2020;Xanxerê;4
20/07/2020;São Miguel do Oeste;2
20/07/2020;Laguna;4
20/07/2020;Curitibanos;2
20/07/2020;Rio Negrinho;3
20/07/2020;Campos Novos;3
20/07/2020;Itapoá;4
20/07/2020;Joaçaba;3
21/07/2020;Florianópolis;4
21/07/2020;Itajaí;4
21/07/2020;Chapecó;3
21/07/2020;Lages;3
21/07/2020;Caçador;2
21/07/2020;Araranguá;3
21/07/2020;Indaial;4
21/07/2020;Xanxerê;4
21/07/2020;São Miguel do Oeste;2
21/07/2020;Laguna;4
21/07/2020;Curitibanos;2
21/07/2020;Rio Negrinho;3
21/07/2020;Campos Novos;3
21/07/2020;Itapoá;4
21/07/2020;Joaçaba;3
22/07/2020;Florianópolis;4
22/07/2020;Itajaí;4
22/07/2020;Chapecó;4
22/07/2020;Lages;3
22/07/2020;Caçador;3
22/07/2020;Araranguá;4
22/07/2020;Indaial;4
22/07/2020;Xanxerê;4
22/07/2020;São Miguel do Oeste;2
22/07/2020;Laguna;3
22/07/2020;Curitibanos;3
22/07/2020;Rio Negrinho;3
22/07/2020;Campos Novos;4
22/07/2020;Itapoá;4
22/07/2020;Joaçaba;4
23/07/2020;Florianópolis;4
23/07/2020;Itajaí;4
23/07/2020;Chapecó;4
23/07/2020;Lages;3
23/07/2020;Caçador;3
23/07/2020;Araranguá;4
23/07/2020;Indaial;4
23/07/2020;Xanxerê;4
23/07/2020;São Miguel do Oeste;2
23/07/2020;Laguna;3
23/07/2020;Curitibanos;3
23/07/2020;Rio Negrinho;3
23/07/2020;Campos Novos;4
23/07/2020;Itapoá;4
23/07/2020;Joaçaba;4
24/07/2020;Florianópolis;4
24/07/2020;Itajaí;4
24/07/2020;Chapecó;4
24/07/2020;Lages;3
24/07/2020;Caçador;3
24/07/2020;Araranguá;4
24/07/2020;Indaial;4
24/07/2020;Xanxerê;4
24/07/2020;São Miguel do Oeste;2
24/07/2020;Laguna;3
24/07/2020;Curitibanos;3
24/07/2020;Rio Negrinho;3
24/07/2020;Campos Novos;4
24/07/2020;Itapoá;4
24/07/2020;Joaçaba;4
25/07/2020;Florianópolis;4
25/07/2020;Itajaí;4
25/07/2020;Chapecó;4
25/07/2020;Lages;3
25/07/2020;Caçador;3
25/07/2020;Araranguá;4
25/07/2020;Indaial;4
25/07/2020;Xanxerê;4
25/07/2020;São Miguel do Oeste;2
25/07/2020;Laguna;3
25/07/2020;Curitibanos;3
25/07/2020;Rio Negrinho;3
25/07/2020;Campos Novos;4
25/07/2020;Itapoá;4
25/07/2020;Joaçaba;4
26/07/2020;Florianópolis;4
26/07/2020;Itajaí;4
26/07/2020;Chapecó;4
26/07/2020;Lages;3
26/07/2020;Caçador;3
26/07/2020;Araranguá;4
26/07/2020;Indaial;4
26/07/2020;Xanxerê;4
26/07/2020;São Miguel do Oeste;2
26/07/2020;Laguna;3
26/07/2020;Curitibanos;3
26/07/2020;Rio Negrinho;3
26/07/2020;Campos Novos;4
26/07/2020;Itapoá;4
26/07/2020;Joaçaba;4
27/07/2020;Florianópolis;4
27/07/2020;Itajaí;4
27/07/2020;Chapecó;4
27/07/2020;Lages;3
27/07/2020;Caçador;3
27/07/2020;Araranguá;4
27/07/2020;Indaial;4
27/07/2020;Xanxerê;4
27/07/2020;São Miguel do Oeste;2
27/07/2020;Laguna;3
27/07/2020;Curitibanos;3
27/07/2020;Rio Negrinho;3
27/07/2020;Campos Novos;4
27/07/2020;Itapoá;4
27/07/2020;Joaçaba;4
28/07/2020;Florianópolis;4
28/07/2020;Itajaí;4
28/07/2020;Chapecó;4
28/07/2020;Lages;3
28/07/2020;Caçador;3
28/07/2020;Araranguá;4
28/07/2020;Indaial;4
28/07/2020;Xanxerê;4
28/07/2020;São Miguel do Oeste;2
28/07/2020;Laguna;3
28/07/2020;Curitibanos;3
28/07/2020;Rio Negrinho;4
28/07/2020;Campos Novos;4
28/07/2020;Itapoá;4
28/07/2020;Joaçaba;4
29/07/2020;Florianópolis;4
29/07/2020;Itajaí;4
29/07/2020;Chapecó;4
29/07/2020;Lages;3
29/07/2020;Caçador;3
29/07/2020;Araranguá;4
29/07/2020;Indaial;4
29/07/2020;Xanxerê;4
29/07/2020;São Miguel do Oeste;2
29/07/2020;Laguna;3
29/07/2020;Curitibanos;3
29/07/2020;Rio Negrinho;4
29/07/2020;Campos Novos;4
29/07/2020;Itapoá;4
29/07/2020;Joaçaba;4
30/07/2020;Florianópolis;4
30/07/2020;Itajaí;4
30/07/2020;Chapecó;4
30/07/2020;Lages;3
30/07/2020;Caçador;3
30/07/2020;Araranguá;4
30/07/2020;Indaial;4
30/07/2020;Xanxerê;4
30/07/2020;São Miguel do Oeste;2
30/07/2020;Laguna;3
30/07/2020;Curitibanos;3
30/07/2020;Rio Negrinho;4
30/07/2020;Campos Novos;4
30/07/2020;Itapoá;4
30/07/2020;Joaçaba;4
31/07/2020;Florianópolis;4
31/07/2020;Itajaí;4
31/07/2020;Chapecó;4
31/07/2020;Lages;3
31/07/2020;Caçador;3
31/07/2020;Araranguá;4
31/07/2020;Indaial;4
31/07/2020;Xanxerê;4
31/07/2020;São Miguel do Oeste;2
31/07/2020;Laguna;3
31/07/2020;Curitibanos;3
31/07/2020;Rio Negrinho;4
31/07/2020;Campos Novos;4
31/07/2020;Itapoá;4
31/07/2020;Joaçaba;4
01/08/2020;Florianópolis;4
01/08/2020;Itajaí;4
01/08/2020;Chapecó;4
01/08/2020;Lages;3
01/08/2020;Caçador;3
01/08/2020;Araranguá;4
01/08/2020;Indaial;4
01/08/2020;Xanxerê;4
01/08/2020;São Miguel do Oeste;2
01/08/2020;Laguna;3
01/08/2020;Curitibanos;3
01/08/2020;Rio Negrinho;4
01/08/2020;Campos Novos;4
01/08/2020;Itapoá;4
01/08/2020;Joaçaba;4
02/08/2020;Florianópolis;4
02/08/2020;Itajaí;4
02/08/2020;Chapecó;4
02/08/2020;Lages;3
02/08/2020;Caçador;3
02/08/2020;Araranguá;4
02/08/2020;Indaial;4
02/08/2020;Xanxerê;4
02/08/2020;São Miguel do Oeste;2
02/08/2020;Laguna;3
02/08/2020;Curitibanos;3
02/08/2020;Rio Negrinho;4
02/08/2020;Campos Novos;4
02/08/2020;Itapoá;4
02/08/2020;Joaçaba;4
03/08/2020;Florianópolis;4
03/08/2020;Itajaí;4
03/08/2020;Chapecó;4
03/08/2020;Lages;3
03/08/2020;Caçador;3
03/08/2020;Araranguá;4
03/08/2020;Indaial;4
03/08/2020;Xanxerê;4
03/08/2020;São Miguel do Oeste;2
03/08/2020;Laguna;3
03/08/2020;Curitibanos;3
03/08/2020;Rio Negrinho;4
03/08/2020;Campos Novos;4
03/08/2020;Itapoá;4
03/08/2020;Joaçaba;4
04/08/2020;Florianópolis;3
04/08/2020;Itajaí;4
04/08/2020;Chapecó;3
04/08/2020;Lages;3
04/08/2020;Caçador;4
04/08/2020;Araranguá;4
04/08/2020;Indaial;4
04/08/2020;Xanxerê;3
04/08/2020;São Miguel do Oeste;3
04/08/2020;Laguna;3
04/08/2020;Curitibanos;4
04/08/2020;Rio Negrinho;3
04/08/2020;Campos Novos;4
04/08/2020;Itapoá;4
04/08/2020;Joaçaba;4
05/08/2020;Florianópolis;3
05/08/2020;Itajaí;4
05/08/2020;Chapecó;3
05/08/2020;Lages;3
05/08/2020;Caçador;4
05/08/2020;Araranguá;4
05/08/2020;Indaial;4
05/08/2020;Xanxerê;3
05/08/2020;São Miguel do Oeste;3
05/08/2020;Laguna;3
05/08/2020;Curitibanos;4
05/08/2020;Rio Negrinho;3
05/08/2020;Campos Novos;4
05/08/2020;Itapoá;4
05/08/2020;Joaçaba;4
06/08/2020;Florianópolis;3
06/08/2020;Itajaí;4
06/08/2020;Chapecó;3
06/08/2020;Lages;3
06/08/2020;Caçador;4
06/08/2020;Araranguá;4
06/08/2020;Indaial;4
06/08/2020;Xanxerê;3
06/08/2020;São Miguel do Oeste;3
06/08/2020;Laguna;3
06/08/2020;Curitibanos;4
06/08/2020;Rio Negrinho;3
06/08/2020;Campos Novos;4
06/08/2020;Itapoá;4
06/08/2020;Joaçaba;4
07/08/2020;Florianópolis;3
07/08/2020;Itajaí;4
07/08/2020;Chapecó;3
07/08/2020;Lages;3
07/08/2020;Caçador;4
07/08/2020;Araranguá;4
07/08/2020;Indaial;4
07/08/2020;Xanxerê;3
07/08/2020;São Miguel do Oeste;3
07/08/2020;Laguna;3
07/08/2020;Curitibanos;4
07/08/2020;Rio Negrinho;3
07/08/2020;Campos Novos;4
07/08/2020;Itapoá;4
07/08/2020;Joaçaba;4
08/08/2020;Florianópolis;3
08/08/2020;Itajaí;4
08/08/2020;Chapecó;3
08/08/2020;Lages;3
08/08/2020;Caçador;4
08/08/2020;Araranguá;4
08/08/2020;Indaial;4
08/08/2020;Xanxerê;3
08/08/2020;São Miguel do Oeste;3
08/08/2020;Laguna;3
08/08/2020;Curitibanos;4
08/08/2020;Rio Negrinho;3
08/08/2020;Campos Novos;4
08/08/2020;Itapoá;4
08/08/2020;Joaçaba;4
09/08/2020;Florianópolis;3
09/08/2020;Itajaí;4
09/08/2020;Chapecó;3
09/08/2020;Lages;3
09/08/2020;Caçador;4
09/08/2020;Araranguá;4
09/08/2020;Indaial;4
09/08/2020;Xanxerê;3
09/08/2020;São Miguel do Oeste;3
09/08/2020;Laguna;3
09/08/2020;Curitibanos;4
09/08/2020;Rio Negrinho;3
09/08/2020;Campos Novos;4
09/08/2020;Itapoá;4
09/08/2020;Joaçaba;4
10/08/2020;Florianópolis;3
10/08/2020;Itajaí;4
10/08/2020;Chapecó;3
10/08/2020;Lages;3
10/08/2020;Caçador;4
10/08/2020;Araranguá;4
10/08/2020;Indaial;4
10/08/2020;Xanxerê;3
10/08/2020;São Miguel do Oeste;3
10/08/2020;Laguna;3
10/08/2020;Curitibanos;4
10/08/2020;Rio Negrinho;3
10/08/2020;Campos Novos;4
10/08/2020;Itapoá;4
10/08/2020;Joaçaba;4
11/08/2020;Florianópolis;4
11/08/2020;Itajaí;4
11/08/2020;Chapecó;3
11/08/2020;Lages;4
11/08/2020;Caçador;4
11/08/2020;Araranguá;4
11/08/2020;Indaial;3
11/08/2020;Xanxerê;4
11/08/2020;São Miguel do Oeste;3
11/08/2020;Laguna;4
11/08/2020;Curitibanos;4
11/08/2020;Rio Negrinho;3
11/08/2020;Campos Novos;4
11/08/2020;Itapoá;4
11/08/2020;Joaçaba;4
12/08/2020;Florianópolis;4
12/08/2020;Itajaí;4
12/08/2020;Chapecó;3
12/08/2020;Lages;4
12/08/2020;Caçador;4
12/08/2020;Araranguá;4
12/08/2020;Indaial;3
12/08/2020;Xanxerê;4
12/08/2020;São Miguel do Oeste;3
12/08/2020;Laguna;4
12/08/2020;Curitibanos;4
12/08/2020;Rio Negrinho;3
12/08/2020;Campos Novos;4
12/08/2020;Itapoá;4
12/08/2020;Joaçaba;4
13/08/2020;Florianópolis;4
13/08/2020;Itajaí;4
13/08/2020;Chapecó;3
13/08/2020;Lages;4
13/08/2020;Caçador;4
13/08/2020;Araranguá;4
13/08/2020;Indaial;3
13/08/2020;Xanxerê;4
13/08/2020;São Miguel do Oeste;3
13/08/2020;Laguna;4
13/08/2020;Curitibanos;4
13/08/2020;Rio Negrinho;3
13/08/2020;Campos Novos;4
13/08/2020;Itapoá;4
13/08/2020;Joaçaba;4
14/08/2020;Florianópolis;4
14/08/2020;Itajaí;4
14/08/2020;Chapecó;3
14/08/2020;Lages;4
14/08/2020;Caçador;4
14/08/2020;Araranguá;4
14/08/2020;Indaial;3
14/08/2020;Xanxerê;4
14/08/2020;São Miguel do Oeste;3
14/08/2020;Laguna;4
14/08/2020;Curitibanos;4
14/08/2020;Rio Negrinho;3
14/08/2020;Campos Novos;4
14/08/2020;Itapoá;4
14/08/2020;Joaçaba;4
15/08/2020;Florianópolis;4
15/08/2020;Itajaí;4
15/08/2020;Chapecó;3
15/08/2020;Lages;4
15/08/2020;Caçador;4
15/08/2020;Araranguá;4
15/08/2020;Indaial;3
15/08/2020;Xanxerê;4
15/08/2020;São Miguel do Oeste;3
15/08/2020;Laguna;4
15/08/2020;Curitibanos;4
15/08/2020;Rio Negrinho;3
15/08/2020;Campos Novos;4
15/08/2020;Itapoá;4
15/08/2020;Joaçaba;4
16/08/2020;Florianópolis;4
16/08/2020;Itajaí;4
16/08/2020;Chapecó;3
16/08/2020;Lages;4
16/08/2020;Caçador;4
16/08/2020;Araranguá;4
16/08/2020;Indaial;3
16/08/2020;Xanxerê;4
16/08/2020;São Miguel do Oeste;3
16/08/2020;Laguna;4
16/08/2020;Curitibanos;4
16/08/2020;Rio Negrinho;3
16/08/2020;Campos Novos;4
16/08/2020;Itapoá;4
16/08/2020;Joaçaba;4
17/08/2020;Florianópolis;4
17/08/2020;Itajaí;4
17/08/2020;Chapecó;3
17/08/2020;Lages;4
17/08/2020;Caçador;4
17/08/2020;Araranguá;4
17/08/2020;Indaial;3
17/08/2020;Xanxerê;4
17/08/2020;São Miguel do Oeste;3
17/08/2020;Laguna;4
17/08/2020;Curitibanos;4
17/08/2020;Rio Negrinho;3
17/08/2020;Campos Novos;4
17/08/2020;Itapoá;4
17/08/2020;Joaçaba;4
18/08/2020;Florianópolis;
18/08/2020;Itajaí;
18/08/2020;Chapecó;
18/08/2020;Lages;
18/08/2020;Caçador;
18/08/2020;Araranguá;
18/08/2020;Indaial;
18/08/2020;Xanxerê;
18/08/2020;São Miguel do Oeste;
18/08/2020;Laguna;
18/08/2020;Curitibanos;
18/08/2020;Rio Negrinho;
18/08/2020;Campos Novos;
18/08/2020;Itapoá;
18/08/2020;Joaçaba;
19/08/2020;Florianópolis;
19/08/2020;Itajaí;
19/08/2020;Chapecó;
19/08/2020;Lages;
19/08/2020;Caçador;
19/08/2020;Araranguá;
19/08/2020;Indaial;
19/08/2020;Xanxerê;
19/08/2020;São Miguel do Oeste;
19/08/2020;Laguna;
19/08/2020;Curitibanos;
19/08/2020;Rio Negrinho;
19/08/2020;Campos Novos;
19/08/2020;Itapoá;
19/08/2020;Joaçaba;
20/08/2020;Florianópolis;
20/08/2020;Itajaí;
20/08/2020;Chapecó;
20/08/2020;Lages;
20/08/2020;Caçador;
20/08/2020;Araranguá;
20/08/2020;Indaial;
20/08/2020;Xanxerê;
20/08/2020;São Miguel do Oeste;
20/08/2020;Laguna;
20/08/2020;Curitibanos;
20/08/2020;Rio Negrinho;
20/08/2020;Campos Novos;
20/08/2020;Itapoá;
20/08/2020;Joaçaba;
21/08/2020;Florianópolis;
21/08/2020;Itajaí;
21/08/2020;Chapecó;
21/08/2020;Lages;
21/08/2020;Caçador;
21/08/2020;Araranguá;
21/08/2020;Indaial;
21/08/2020;Xanxerê;
21/08/2020;São Miguel do Oeste;
21/08/2020;Laguna;
21/08/2020;Curitibanos;
21/08/2020;Rio Negrinho;
21/08/2020;Campos Novos;
21/08/2020;Itapoá;
21/08/2020;Joaçaba;
22/08/2020;Florianópolis;
22/08/2020;Itajaí;
22/08/2020;Chapecó;
22/08/2020;Lages;
22/08/2020;Caçador;
22/08/2020;Araranguá;
22/08/2020;Indaial;
22/08/2020;Xanxerê;
22/08/2020;São Miguel do Oeste;
22/08/2020;Laguna;
22/08/2020;Curitibanos;
22/08/2020;Rio Negrinho;
22/08/2020;Campos Novos;
22/08/2020;Itapoá;
22/08/2020;Joaçaba;
23/08/2020;Florianópolis;
23/08/2020;Itajaí;
23/08/2020;Chapecó;
23/08/2020;Lages;
23/08/2020;Caçador;
23/08/2020;Araranguá;
23/08/2020;Indaial;
23/08/2020;Xanxerê;
23/08/2020;São Miguel do Oeste;
23/08/2020;Laguna;
23/08/2020;Curitibanos;
23/08/2020;Rio Negrinho;
23/08/2020;Campos Novos;
23/08/2020;Itapoá;
23/08/2020;Joaçaba;
24/08/2020;Florianópolis;
24/08/2020;Itajaí;
24/08/2020;Chapecó;
24/08/2020;Lages;
24/08/2020;Caçador;
24/08/2020;Araranguá;
24/08/2020;Indaial;
24/08/2020;Xanxerê;
24/08/2020;São Miguel do Oeste;
24/08/2020;Laguna;
24/08/2020;Curitibanos;
24/08/2020;Rio Negrinho;
24/08/2020;Campos Novos;
24/08/2020;Itapoá;
24/08/2020;Joaçaba;
25/08/2020;Florianópolis;3
25/08/2020;Itajaí;3
25/08/2020;Chapecó;3
25/08/2020;Lages;3
25/08/2020;Caçador;3
25/08/2020;Araranguá;4
25/08/2020;Indaial;3
25/08/2020;Xanxerê;3
25/08/2020;São Miguel do Oeste;3
25/08/2020;Laguna;3
25/08/2020;Curitibanos;3
25/08/2020;Rio Negrinho;3
25/08/2020;Campos Novos;4
25/08/2020;Itapoá;4
25/08/2020;Joaçaba;4
26/08/2020;Florianópolis;3
26/08/2020;Itajaí;3
26/08/2020;Chapecó;3
26/08/2020;Lages;3
26/08/2020;Caçador;3
26/08/2020;Araranguá;4
26/08/2020;Indaial;3
26/08/2020;Xanxerê;3
26/08/2020;São Miguel do Oeste;3
26/08/2020;Laguna;3
26/08/2020;Curitibanos;3
26/08/2020;Rio Negrinho;3
26/08/2020;Campos Novos;4
26/08/2020;Itapoá;4
26/08/2020;Joaçaba;4
27/08/2020;Florianópolis;3
27/08/2020;Itajaí;3
27/08/2020;Chapecó;3
27/08/2020;Lages;3
27/08/2020;Caçador;3
27/08/2020;Araranguá;4
27/08/2020;Indaial;3
27/08/2020;Xanxerê;3
27/08/2020;São Miguel do Oeste;3
27/08/2020;Laguna;3
27/08/2020;Curitibanos;3
27/08/2020;Rio Negrinho;3
27/08/2020;Campos Novos;4
27/08/2020;Itapoá;4
27/08/2020;Joaçaba;4
28/08/2020;Florianópolis;3
28/08/2020;Itajaí;3
28/08/2020;Chapecó;3
28/08/2020;Lages;3
28/08/2020;Caçador;3
28/08/2020;Araranguá;4
28/08/2020;Indaial;3
28/08/2020;Xanxerê;3
28/08/2020;São Miguel do Oeste;3
28/08/2020;Laguna;3
28/08/2020;Curitibanos;3
28/08/2020;Rio Negrinho;3
28/08/2020;Campos Novos;4
28/08/2020;Itapoá;4
28/08/2020;Joaçaba;4
29/08/2020;Florianópolis;3
29/08/2020;Itajaí;3
29/08/2020;Chapecó;3
29/08/2020;Lages;3
29/08/2020;Caçador;3
29/08/2020;Araranguá;4
29/08/2020;Indaial;3
29/08/2020;Xanxerê;3
29/08/2020;São Miguel do Oeste;3
29/08/2020;Laguna;3
29/08/2020;Curitibanos;3
29/08/2020;Rio Negrinho;3
29/08/2020;Campos Novos;4
29/08/2020;Itapoá;4
29/08/2020;Joaçaba;4
30/08/2020;Florianópolis;3
30/08/2020;Itajaí;3
30/08/2020;Chapecó;3
30/08/2020;Lages;3
30/08/2020;Caçador;3
30/08/2020;Araranguá;4
30/08/2020;Indaial;3
30/08/2020;Xanxerê;3
30/08/2020;São Miguel do Oeste;3
30/08/2020;Laguna;3
30/08/2020;Curitibanos;3
30/08/2020;Rio Negrinho;3
30/08/2020;Campos Novos;4
30/08/2020;Itapoá;4
30/08/2020;Joaçaba;4
31/08/2020;Florianópolis;3
31/08/2020;Itajaí;3
31/08/2020;Chapecó;3
31/08/2020;Lages;3
31/08/2020;Caçador;3
31/08/2020;Araranguá;4
31/08/2020;Indaial;3
31/08/2020;Xanxerê;3
31/08/2020;São Miguel do Oeste;3
31/08/2020;Laguna;3
31/08/2020;Curitibanos;3
31/08/2020;Rio Negrinho;3
31/08/2020;Campos Novos;4
31/08/2020;Itapoá;4
31/08/2020;Joaçaba;4
01/09/2020;Florianópolis;3
01/09/2020;Itajaí;3
01/09/2020;Chapecó;4
01/09/2020;Lages;3
01/09/2020;Caçador;3
01/09/2020;Araranguá;3
01/09/2020;Indaial;3
01/09/2020;Xanxerê;3
01/09/2020;São Miguel do Oeste;3
01/09/2020;Laguna;3
01/09/2020;Curitibanos;3
01/09/2020;Rio Negrinho;3
01/09/2020;Campos Novos;4
01/09/2020;Itapoá;4
01/09/2020;Joaçaba;4
02/09/2020;Florianópolis;3
02/09/2020;Itajaí;3
02/09/2020;Chapecó;4
02/09/2020;Lages;3
02/09/2020;Caçador;3
02/09/2020;Araranguá;3
02/09/2020;Indaial;3
02/09/2020;Xanxerê;3
02/09/2020;São Miguel do Oeste;3
02/09/2020;Laguna;3
02/09/2020;Curitibanos;3
02/09/2020;Rio Negrinho;3
02/09/2020;Campos Novos;4
02/09/2020;Itapoá;4
02/09/2020;Joaçaba;4
03/09/2020;Florianópolis;3
03/09/2020;Itajaí;3
03/09/2020;Chapecó;4
03/09/2020;Lages;3
03/09/2020;Caçador;3
03/09/2020;Araranguá;3
03/09/2020;Indaial;3
03/09/2020;Xanxerê;3
03/09/2020;São Miguel do Oeste;3
03/09/2020;Laguna;3
03/09/2020;Curitibanos;3
03/09/2020;Rio Negrinho;3
03/09/2020;Campos Novos;4
03/09/2020;Itapoá;4
03/09/2020;Joaçaba;4
04/09/2020;Florianópolis;3
04/09/2020;Itajaí;3
04/09/2020;Chapecó;4
04/09/2020;Lages;3
04/09/2020;Caçador;3
04/09/2020;Araranguá;3
04/09/2020;Indaial;3
04/09/2020;Xanxerê;3
04/09/2020;São Miguel do Oeste;3
04/09/2020;Laguna;3
04/09/2020;Curitibanos;3
04/09/2020;Rio Negrinho;3
04/09/2020;Campos Novos;4
04/09/2020;Itapoá;4
04/09/2020;Joaçaba;4
05/09/2020;Florianópolis;3
05/09/2020;Itajaí;3
05/09/2020;Chapecó;4
05/09/2020;Lages;3
05/09/2020;Caçador;3
05/09/2020;Araranguá;3
05/09/2020;Indaial;3
05/09/2020;Xanxerê;3
05/09/2020;São Miguel do Oeste;3
05/09/2020;Laguna;3
05/09/2020;Curitibanos;3
05/09/2020;Rio Negrinho;3
05/09/2020;Campos Novos;4
05/09/2020;Itapoá;4
05/09/2020;Joaçaba;4
06/09/2020;Florianópolis;3
06/09/2020;Itajaí;3
06/09/2020;Chapecó;4
06/09/2020;Lages;3
06/09/2020;Caçador;3
06/09/2020;Araranguá;3
06/09/2020;Indaial;3
06/09/2020;Xanxerê;3
06/09/2020;São Miguel do Oeste;3
06/09/2020;Laguna;3
06/09/2020;Curitibanos;3
06/09/2020;Rio Negrinho;3
06/09/2020;Campos Novos;4
06/09/2020;Itapoá;4
06/09/2020;Joaçaba;4
07/09/2020;Florianópolis;3
07/09/2020;Itajaí;3
07/09/2020;Chapecó;4
07/09/2020;Lages;3
07/09/2020;Caçador;3
07/09/2020;Araranguá;3
07/09/2020;Indaial;3
07/09/2020;Xanxerê;3
07/09/2020;São Miguel do Oeste;3
07/09/2020;Laguna;3
07/09/2020;Curitibanos;3
07/09/2020;Rio Negrinho;3
07/09/2020;Campos Novos;4
07/09/2020;Itapoá;4
07/09/2020;Joaçaba;4
08/09/2020;Florianópolis;3
08/09/2020;Itajaí;3
08/09/2020;Chapecó;3
08/09/2020;Lages;3
08/09/2020;Caçador;4
08/09/2020;Araranguá;3
08/09/2020;Indaial;3
08/09/2020;Xanxerê;3
08/09/2020;São Miguel do Oeste;2
08/09/2020;Laguna;4
08/09/2020;Curitibanos;4
08/09/2020;Rio Negrinho;3
08/09/2020;Campos Novos;3
08/09/2020;Itapoá;4
08/09/2020;Joaçaba;3
09/09/2020;Florianópolis;3
09/09/2020;Itajaí;3
09/09/2020;Chapecó;3
09/09/2020;Lages;3
09/09/2020;Caçador;4
09/09/2020;Araranguá;3
09/09/2020;Indaial;3
09/09/2020;Xanxerê;3
09/09/2020;São Miguel do Oeste;2
09/09/2020;Laguna;4
09/09/2020;Curitibanos;4
09/09/2020;Rio Negrinho;3
09/09/2020;Campos Novos;3
09/09/2020;Itapoá;4
09/09/2020;Joaçaba;3
10/09/2020;Florianópolis;3
10/09/2020;Itajaí;3
10/09/2020;Chapecó;3
10/09/2020;Lages;3
10/09/2020;Caçador;4
10/09/2020;Araranguá;3
10/09/2020;Indaial;3
10/09/2020;Xanxerê;3
10/09/2020;São Miguel do Oeste;2
10/09/2020;Laguna;4
10/09/2020;Curitibanos;4
10/09/2020;Rio Negrinho;3
10/09/2020;Campos Novos;3
10/09/2020;Itapoá;4
10/09/2020;Joaçaba;3
11/09/2020;Florianópolis;3
11/09/2020;Itajaí;3
11/09/2020;Chapecó;3
11/09/2020;Lages;3
11/09/2020;Caçador;4
11/09/2020;Araranguá;3
11/09/2020;Indaial;3
11/09/2020;Xanxerê;3
11/09/2020;São Miguel do Oeste;2
11/09/2020;Laguna;4
11/09/2020;Curitibanos;4
11/09/2020;Rio Negrinho;3
11/09/2020;Campos Novos;3
11/09/2020;Itapoá;4
11/09/2020;Joaçaba;3
12/09/2020;Florianópolis;3
12/09/2020;Itajaí;3
12/09/2020;Chapecó;3
12/09/2020;Lages;3
12/09/2020;Caçador;4
12/09/2020;Araranguá;3
12/09/2020;Indaial;3
12/09/2020;Xanxerê;3
12/09/2020;São Miguel do Oeste;2
12/09/2020;Laguna;4
12/09/2020;Curitibanos;4
12/09/2020;Rio Negrinho;3
12/09/2020;Campos Novos;3
12/09/2020;Itapoá;4
12/09/2020;Joaçaba;3
13/09/2020;Florianópolis;3
13/09/2020;Itajaí;3
13/09/2020;Chapecó;3
13/09/2020;Lages;3
13/09/2020;Caçador;4
13/09/2020;Araranguá;3
13/09/2020;Indaial;3
13/09/2020;Xanxerê;3
13/09/2020;São Miguel do Oeste;2
13/09/2020;Laguna;4
13/09/2020;Curitibanos;4
13/09/2020;Rio Negrinho;3
13/09/2020;Campos Novos;3
13/09/2020;Itapoá;4
13/09/2020;Joaçaba;3
14/09/2020;Florianópolis;3
14/09/2020;Itajaí;3
14/09/2020;Chapecó;3
14/09/2020;Lages;3
14/09/2020;Caçador;4
14/09/2020;Araranguá;3
14/09/2020;Indaial;3
14/09/2020;Xanxerê;3
14/09/2020;São Miguel do Oeste;2
14/09/2020;Laguna;4
14/09/2020;Curitibanos;4
14/09/2020;Rio Negrinho;3
14/09/2020;Campos Novos;3
14/09/2020;Itapoá;4
14/09/2020;Joaçaba;3
15/09/2020;Florianópolis;3
15/09/2020;Itajaí;3
15/09/2020;Chapecó;3
15/09/2020;Lages;3
15/09/2020;Caçador;3
15/09/2020;Araranguá;3
15/09/2020;Indaial;3
15/09/2020;Xanxerê;3
15/09/2020;São Miguel do Oeste;2
15/09/2020;Laguna;3
15/09/2020;Curitibanos;3
15/09/2020;Rio Negrinho;3
15/09/2020;Campos Novos;3
15/09/2020;Itapoá;4
15/09/2020;Joaçaba;3
16/09/2020;Florianópolis;3
16/09/2020;Itajaí;3
16/09/2020;Chapecó;3
16/09/2020;Lages;3
16/09/2020;Caçador;3
16/09/2020;Araranguá;3
16/09/2020;Indaial;3
16/09/2020;Xanxerê;3
16/09/2020;São Miguel do Oeste;2
16/09/2020;Laguna;3
16/09/2020;Curitibanos;3
16/09/2020;Rio Negrinho;3
16/09/2020;Campos Novos;3
16/09/2020;Itapoá;4
16/09/2020;Joaçaba;3
17/09/2020;Florianópolis;3
17/09/2020;Itajaí;3
17/09/2020;Chapecó;3
17/09/2020;Lages;3
17/09/2020;Caçador;3
17/09/2020;Araranguá;3
17/09/2020;Indaial;3
17/09/2020;Xanxerê;3
17/09/2020;São Miguel do Oeste;2
17/09/2020;Laguna;3
17/09/2020;Curitibanos;3
17/09/2020;Rio Negrinho;3
17/09/2020;Campos Novos;3
17/09/2020;Itapoá;4
17/09/2020;Joaçaba;3
18/09/2020;Florianópolis;3
18/09/2020;Itajaí;3
18/09/2020;Chapecó;3
18/09/2020;Lages;3
18/09/2020;Caçador;3
18/09/2020;Araranguá;3
18/09/2020;Indaial;3
18/09/2020;Xanxerê;3
18/09/2020;São Miguel do Oeste;2
18/09/2020;Laguna;3
18/09/2020;Curitibanos;3
18/09/2020;Rio Negrinho;3
18/09/2020;Campos Novos;3
18/09/2020;Itapoá;4
18/09/2020;Joaçaba;3
19/09/2020;Florianópolis;3
19/09/2020;Itajaí;3
19/09/2020;Chapecó;3
19/09/2020;Lages;3
19/09/2020;Caçador;3
19/09/2020;Araranguá;3
19/09/2020;Indaial;3
19/09/2020;Xanxerê;3
19/09/2020;São Miguel do Oeste;2
19/09/2020;Laguna;3
19/09/2020;Curitibanos;3
19/09/2020;Rio Negrinho;3
19/09/2020;Campos Novos;3
19/09/2020;Itapoá;4
19/09/2020;Joaçaba;3
20/09/2020;Florianópolis;3
20/09/2020;Itajaí;3
20/09/2020;Chapecó;3
20/09/2020;Lages;3
20/09/2020;Caçador;3
20/09/2020;Araranguá;3
20/09/2020;Indaial;3
20/09/2020;Xanxerê;3
20/09/2020;São Miguel do Oeste;2
20/09/2020;Laguna;3
20/09/2020;Curitibanos;3
20/09/2020;Rio Negrinho;3
20/09/2020;Campos Novos;3
20/09/2020;Itapoá;4
20/09/2020;Joaçaba;3
21/09/2020;Florianópolis;3
21/09/2020;Itajaí;3
21/09/2020;Chapecó;3
21/09/2020;Lages;3
21/09/2020;Caçador;3
21/09/2020;Araranguá;3
21/09/2020;Indaial;3
21/09/2020;Xanxerê;3
21/09/2020;São Miguel do Oeste;2
21/09/2020;Laguna;3
21/09/2020;Curitibanos;3
21/09/2020;Rio Negrinho;3
21/09/2020;Campos Novos;3
21/09/2020;Itapoá;4
21/09/2020;Joaçaba;3
22/09/2020;Florianópolis;3
22/09/2020;Itajaí;3
22/09/2020;Chapecó;3
22/09/2020;Lages;3
22/09/2020;Caçador;3
22/09/2020;Araranguá;3
22/09/2020;Indaial;3
22/09/2020;Xanxerê;3
22/09/2020;São Miguel do Oeste;2
22/09/2020;Laguna;3
22/09/2020;Curitibanos;3
22/09/2020;Rio Negrinho;3
22/09/2020;Campos Novos;3
22/09/2020;Itapoá;3
22/09/2020;Joaçaba;3
23/09/2020;Florianópolis;3
23/09/2020;Itajaí;3
23/09/2020;Chapecó;3
23/09/2020;Lages;3
23/09/2020;Caçador;3
23/09/2020;Araranguá;3
23/09/2020;Indaial;3
23/09/2020;Xanxerê;3
23/09/2020;São Miguel do Oeste;2
23/09/2020;Laguna;3
23/09/2020;Curitibanos;3
23/09/2020;Rio Negrinho;3
23/09/2020;Campos Novos;3
23/09/2020;Itapoá;3
23/09/2020;Joaçaba;3
24/09/2020;Florianópolis;3
24/09/2020;Itajaí;3
24/09/2020;Chapecó;3
24/09/2020;Lages;3
24/09/2020;Caçador;3
24/09/2020;Araranguá;3
24/09/2020;Indaial;3
24/09/2020;Xanxerê;3
24/09/2020;São Miguel do Oeste;2
24/09/2020;Laguna;3
24/09/2020;Curitibanos;3
24/09/2020;Rio Negrinho;3
24/09/2020;Campos Novos;3
24/09/2020;Itapoá;3
24/09/2020;Joaçaba;3
25/09/2020;Florianópolis;3
25/09/2020;Itajaí;3
25/09/2020;Chapecó;3
25/09/2020;Lages;3
25/09/2020;Caçador;3
25/09/2020;Araranguá;3
25/09/2020;Indaial;3
25/09/2020;Xanxerê;3
25/09/2020;São Miguel do Oeste;2
25/09/2020;Laguna;3
25/09/2020;Curitibanos;3
25/09/2020;Rio Negrinho;3
25/09/2020;Campos Novos;3
25/09/2020;Itapoá;3
25/09/2020;Joaçaba;3
26/09/2020;Florianópolis;3
26/09/2020;Itajaí;3
26/09/2020;Chapecó;3
26/09/2020;Lages;3
26/09/2020;Caçador;3
26/09/2020;Araranguá;3
26/09/2020;Indaial;3
26/09/2020;Xanxerê;3
26/09/2020;São Miguel do Oeste;2
26/09/2020;Laguna;3
26/09/2020;Curitibanos;3
26/09/2020;Rio Negrinho;3
26/09/2020;Campos Novos;3
26/09/2020;Itapoá;3
26/09/2020;Joaçaba;3
27/09/2020;Florianópolis;3
27/09/2020;Itajaí;3
27/09/2020;Chapecó;3
27/09/2020;Lages;3
27/09/2020;Caçador;3
27/09/2020;Araranguá;3
27/09/2020;Indaial;3
27/09/2020;Xanxerê;3
27/09/2020;São Miguel do Oeste;2
27/09/2020;Laguna;3
27/09/2020;Curitibanos;3
27/09/2020;Rio Negrinho;3
27/09/2020;Campos Novos;3
27/09/2020;Itapoá;3
27/09/2020;Joaçaba;3
28/09/2020;Florianópolis;3
28/09/2020;Itajaí;3
28/09/2020;Chapecó;3
28/09/2020;Lages;3
28/09/2020;Caçador;3
28/09/2020;Araranguá;3
28/09/2020;Indaial;3
28/09/2020;Xanxerê;3
28/09/2020;São Miguel do Oeste;2
28/09/2020;Laguna;3
28/09/2020;Curitibanos;3
28/09/2020;Rio Negrinho;3
28/09/2020;Campos Novos;3
28/09/2020;Itapoá;3
28/09/2020;Joaçaba;3
29/09/2020;Florianópolis;3
29/09/2020;Itajaí;3
29/09/2020;Chapecó;3
29/09/2020;Lages;3
29/09/2020;Caçador;3
29/09/2020;Araranguá;3
29/09/2020;Indaial;3
29/09/2020;Xanxerê;3
29/09/2020;São Miguel do Oeste;2
29/09/2020;Laguna;3
29/09/2020;Curitibanos;3
29/09/2020;Rio Negrinho;3
29/09/2020;Campos Novos;3
29/09/2020;Itapoá;3
29/09/2020;Joaçaba;3
30/09/2020;Florianópolis;3
30/09/2020;Itajaí;2
30/09/2020;Chapecó;2
30/09/2020;Lages;2
30/09/2020;Caçador;3
30/09/2020;Araranguá;3
30/09/2020;Indaial;2
30/09/2020;Xanxerê;2
30/09/2020;São Miguel do Oeste;3
30/09/2020;Laguna;3
30/09/2020;Curitibanos;3
30/09/2020;Rio Negrinho;3
30/09/2020;Campos Novos;3
30/09/2020;Itapoá;3
30/09/2020;Joaçaba;3
01/10/2020;Florianópolis;3
01/10/2020;Itajaí;2
01/10/2020;Chapecó;2
01/10/2020;Lages;2
01/10/2020;Caçador;3
01/10/2020;Araranguá;3
01/10/2020;Indaial;2
01/10/2020;Xanxerê;2
01/10/2020;São Miguel do Oeste;3
01/10/2020;Laguna;3
01/10/2020;Curitibanos;3
01/10/2020;Rio Negrinho;3
01/10/2020;Campos Novos;3
01/10/2020;Itapoá;3
01/10/2020;Joaçaba;3
02/10/2020;Florianópolis;3
02/10/2020;Itajaí;2
02/10/2020;Chapecó;2
02/10/2020;Lages;2
02/10/2020;Caçador;3
02/10/2020;Araranguá;3
02/10/2020;Indaial;2
02/10/2020;Xanxerê;2
02/10/2020;São Miguel do Oeste;3
02/10/2020;Laguna;3
02/10/2020;Curitibanos;3
02/10/2020;Rio Negrinho;3
02/10/2020;Campos Novos;3
02/10/2020;Itapoá;3
02/10/2020;Joaçaba;3
03/10/2020;Florianópolis;3
03/10/2020;Itajaí;2
03/10/2020;Chapecó;2
03/10/2020;Lages;2
03/10/2020;Caçador;3
03/10/2020;Araranguá;3
03/10/2020;Indaial;2
03/10/2020;Xanxerê;2
03/10/2020;São Miguel do Oeste;3
03/10/2020;Laguna;3
03/10/2020;Curitibanos;3
03/10/2020;Rio Negrinho;3
03/10/2020;Campos Novos;3
03/10/2020;Itapoá;3
03/10/2020;Joaçaba;3
04/10/2020;Florianópolis;3
04/10/2020;Itajaí;2
04/10/2020;Chapecó;2
04/10/2020;Lages;2
04/10/2020;Caçador;3
04/10/2020;Araranguá;3
04/10/2020;Indaial;2
04/10/2020;Xanxerê;2
04/10/2020;São Miguel do Oeste;3
04/10/2020;Laguna;3
04/10/2020;Curitibanos;3
04/10/2020;Rio Negrinho;3
04/10/2020;Campos Novos;3
04/10/2020;Itapoá;3
04/10/2020;Joaçaba;3
05/10/2020;Florianópolis;3
05/10/2020;Itajaí;2
05/10/2020;Chapecó;2
05/10/2020;Lages;2
05/10/2020;Caçador;3
05/10/2020;Araranguá;3
05/10/2020;Indaial;2
05/10/2020;Xanxerê;2
05/10/2020;São Miguel do Oeste;3
05/10/2020;Laguna;3
05/10/2020;Curitibanos;3
05/10/2020;Rio Negrinho;3
05/10/2020;Campos Novos;3
05/10/2020;Itapoá;3
05/10/2020;Joaçaba;3
06/10/2020;Florianópolis;3
06/10/2020;Itajaí;2
06/10/2020;Chapecó;2
06/10/2020;Lages;2
06/10/2020;Caçador;3
06/10/2020;Araranguá;3
06/10/2020;Indaial;2
06/10/2020;Xanxerê;2
06/10/2020;São Miguel do Oeste;3
06/10/2020;Laguna;3
06/10/2020;Curitibanos;3
06/10/2020;Rio Negrinho;3
06/10/2020;Campos Novos;3
06/10/2020;Itapoá;3
06/10/2020;Joaçaba;3
07/10/2020;Florianópolis;3
07/10/2020;Itajaí;3
07/10/2020;Chapecó;2
07/10/2020;Lages;2
07/10/2020;Caçador;3
07/10/2020;Araranguá;3
07/10/2020;Indaial;2
07/10/2020;Xanxerê;2
07/10/2020;São Miguel do Oeste;3
07/10/2020;Laguna;3
07/10/2020;Curitibanos;3
07/10/2020;Rio Negrinho;3
07/10/2020;Campos Novos;3
07/10/2020;Itapoá;3
07/10/2020;Joaçaba;3
08/10/2020;Florianópolis;3
08/10/2020;Itajaí;3
08/10/2020;Chapecó;2
08/10/2020;Lages;2
08/10/2020;Caçador;3
08/10/2020;Araranguá;3
08/10/2020;Indaial;2
08/10/2020;Xanxerê;2
08/10/2020;São Miguel do Oeste;3
08/10/2020;Laguna;3
08/10/2020;Curitibanos;3
08/10/2020;Rio Negrinho;3
08/10/2020;Campos Novos;3
08/10/2020;Itapoá;3
08/10/2020;Joaçaba;3
09/10/2020;Florianópolis;3
09/10/2020;Itajaí;3
09/10/2020;Chapecó;2
09/10/2020;Lages;2
09/10/2020;Caçador;3
09/10/2020;Araranguá;3
09/10/2020;Indaial;2
09/10/2020;Xanxerê;2
09/10/2020;São Miguel do Oeste;3
09/10/2020;Laguna;3
09/10/2020;Curitibanos;3
09/10/2020;Rio Negrinho;3
09/10/2020;Campos Novos;3
09/10/2020;Itapoá;3
09/10/2020;Joaçaba;3
10/10/2020;Florianópolis;3
10/10/2020;Itajaí;3
10/10/2020;Chapecó;2
10/10/2020;Lages;2
10/10/2020;Caçador;3
10/10/2020;Araranguá;3
10/10/2020;Indaial;2
10/10/2020;Xanxerê;2
10/10/2020;São Miguel do Oeste;3
10/10/2020;Laguna;3
10/10/2020;Curitibanos;3
10/10/2020;Rio Negrinho;3
10/10/2020;Campos Novos;3
10/10/2020;Itapoá;3
10/10/2020;Joaçaba;3
11/10/2020;Florianópolis;3
11/10/2020;Itajaí;3
11/10/2020;Chapecó;2
11/10/2020;Lages;2
11/10/2020;Caçador;3
11/10/2020;Araranguá;3
11/10/2020;Indaial;2
11/10/2020;Xanxerê;2
11/10/2020;São Miguel do Oeste;3
11/10/2020;Laguna;3
11/10/2020;Curitibanos;3
11/10/2020;Rio Negrinho;3
11/10/2020;Campos Novos;3
11/10/2020;Itapoá;3
11/10/2020;Joaçaba;3
12/10/2020;Florianópolis;3
12/10/2020;Itajaí;3
12/10/2020;Chapecó;2
12/10/2020;Lages;2
12/10/2020;Caçador;3
12/10/2020;Araranguá;3
12/10/2020;Indaial;2
12/10/2020;Xanxerê;2
12/10/2020;São Miguel do Oeste;3
12/10/2020;Laguna;3
12/10/2020;Curitibanos;3
12/10/2020;Rio Negrinho;3
12/10/2020;Campos Novos;3
12/10/2020;Itapoá;3
12/10/2020;Joaçaba;3
13/10/2020;Florianópolis;3
13/10/2020;Itajaí;3
13/10/2020;Chapecó;2
13/10/2020;Lages;2
13/10/2020;Caçador;3
13/10/2020;Araranguá;3
13/10/2020;Indaial;2
13/10/2020;Xanxerê;2
13/10/2020;São Miguel do Oeste;3
13/10/2020;Laguna;3
13/10/2020;Curitibanos;3
13/10/2020;Rio Negrinho;3
13/10/2020;Campos Novos;3
13/10/2020;Itapoá;3
13/10/2020;Joaçaba;3
14/10/2020;Florianópolis;3
14/10/2020;Itajaí;3
14/10/2020;Chapecó;2
14/10/2020;Lages;3
14/10/2020;Caçador;3
14/10/2020;Araranguá;3
14/10/2020;Indaial;2
14/10/2020;Xanxerê;2
14/10/2020;São Miguel do Oeste;3
14/10/2020;Laguna;3
14/10/2020;Curitibanos;3
14/10/2020;Rio Negrinho;3
14/10/2020;Campos Novos;3
14/10/2020;Itapoá;3
14/10/2020;Joaçaba;3
15/10/2020;Florianópolis;3
15/10/2020;Itajaí;3
15/10/2020;Chapecó;2
15/10/2020;Lages;3
15/10/2020;Caçador;3
15/10/2020;Araranguá;3
15/10/2020;Indaial;2
15/10/2020;Xanxerê;2
15/10/2020;São Miguel do Oeste;3
15/10/2020;Laguna;3
15/10/2020;Curitibanos;3
15/10/2020;Rio Negrinho;3
15/10/2020;Campos Novos;3
15/10/2020;Itapoá;3
15/10/2020;Joaçaba;3
16/10/2020;Florianópolis;3
16/10/2020;Itajaí;3
16/10/2020;Chapecó;2
16/10/2020;Lages;3
16/10/2020;Caçador;3
16/10/2020;Araranguá;3
16/10/2020;Indaial;2
16/10/2020;Xanxerê;2
16/10/2020;São Miguel do Oeste;3
16/10/2020;Laguna;3
16/10/2020;Curitibanos;3
16/10/2020;Rio Negrinho;3
16/10/2020;Campos Novos;3
16/10/2020;Itapoá;3
16/10/2020;Joaçaba;3
17/10/2020;Florianópolis;3
17/10/2020;Itajaí;3
17/10/2020;Chapecó;2
17/10/2020;Lages;3
17/10/2020;Caçador;3
17/10/2020;Araranguá;3
17/10/2020;Indaial;2
17/10/2020;Xanxerê;2
17/10/2020;São Miguel do Oeste;3
17/10/2020;Laguna;3
17/10/2020;Curitibanos;3
17/10/2020;Rio Negrinho;3
17/10/2020;Campos Novos;3
17/10/2020;Itapoá;3
17/10/2020;Joaçaba;3
18/10/2020;Florianópolis;3
18/10/2020;Itajaí;3
18/10/2020;Chapecó;2
18/10/2020;Lages;3
18/10/2020;Caçador;3
18/10/2020;Araranguá;3
18/10/2020;Indaial;2
18/10/2020;Xanxerê;2
18/10/2020;São Miguel do Oeste;3
18/10/2020;Laguna;3
18/10/2020;Curitibanos;3
18/10/2020;Rio Negrinho;3
18/10/2020;Campos Novos;3
18/10/2020;Itapoá;3
18/10/2020;Joaçaba;3
19/10/2020;Florianópolis;3
19/10/2020;Itajaí;3
19/10/2020;Chapecó;2
19/10/2020;Lages;3
19/10/2020;Caçador;3
19/10/2020;Araranguá;3
19/10/2020;Indaial;2
19/10/2020;Xanxerê;2
19/10/2020;São Miguel do Oeste;3
19/10/2020;Laguna;3
19/10/2020;Curitibanos;3
19/10/2020;Rio Negrinho;3
19/10/2020;Campos Novos;3
19/10/2020;Itapoá;3
19/10/2020;Joaçaba;3
20/10/2020;Florianópolis;3
20/10/2020;Itajaí;3
20/10/2020;Chapecó;2
20/10/2020;Lages;3
20/10/2020;Caçador;3
20/10/2020;Araranguá;3
20/10/2020;Indaial;2
20/10/2020;Xanxerê;2
20/10/2020;São Miguel do Oeste;3
20/10/2020;Laguna;3
20/10/2020;Curitibanos;3
20/10/2020;Rio Negrinho;3
20/10/2020;Campos Novos;3
20/10/2020;Itapoá;3
20/10/2020;Joaçaba;3
21/10/2020;Florianópolis;3
21/10/2020;Itajaí;2
21/10/2020;Chapecó;2
21/10/2020;Lages;2
21/10/2020;Caçador;2
21/10/2020;Araranguá;3
21/10/2020;Indaial;2
21/10/2020;Xanxerê;2
21/10/2020;São Miguel do Oeste;3
21/10/2020;Laguna;3
21/10/2020;Curitibanos;2
21/10/2020;Rio Negrinho;3
21/10/2020;Campos Novos;2
21/10/2020;Itapoá;2
21/10/2020;Joaçaba;2
22/10/2020;Florianópolis;3
22/10/2020;Itajaí;2
22/10/2020;Chapecó;2
22/10/2020;Lages;2
22/10/2020;Caçador;2
22/10/2020;Araranguá;3
22/10/2020;Indaial;2
22/10/2020;Xanxerê;2
22/10/2020;São Miguel do Oeste;3
22/10/2020;Laguna;3
22/10/2020;Curitibanos;2
22/10/2020;Rio Negrinho;3
22/10/2020;Campos Novos;2
22/10/2020;Itapoá;2
22/10/2020;Joaçaba;2
23/10/2020;Florianópolis;3
23/10/2020;Itajaí;2
23/10/2020;Chapecó;2
23/10/2020;Lages;2
23/10/2020;Caçador;2
23/10/2020;Araranguá;3
23/10/2020;Indaial;2
23/10/2020;Xanxerê;2
23/10/2020;São Miguel do Oeste;3
23/10/2020;Laguna;3
23/10/2020;Curitibanos;2
23/10/2020;Rio Negrinho;3
23/10/2020;Campos Novos;2
23/10/2020;Itapoá;2
23/10/2020;Joaçaba;2
24/10/2020;Florianópolis;3
24/10/2020;Itajaí;2
24/10/2020;Chapecó;2
24/10/2020;Lages;2
24/10/2020;Caçador;2
24/10/2020;Araranguá;3
24/10/2020;Indaial;2
24/10/2020;Xanxerê;2
24/10/2020;São Miguel do Oeste;3
24/10/2020;Laguna;3
24/10/2020;Curitibanos;2
24/10/2020;Rio Negrinho;3
24/10/2020;Campos Novos;2
24/10/2020;Itapoá;2
24/10/2020;Joaçaba;2
25/10/2020;Florianópolis;3
25/10/2020;Itajaí;2
25/10/2020;Chapecó;2
25/10/2020;Lages;2
25/10/2020;Caçador;2
25/10/2020;Araranguá;3
25/10/2020;Indaial;2
25/10/2020;Xanxerê;2
25/10/2020;São Miguel do Oeste;3
25/10/2020;Laguna;3
25/10/2020;Curitibanos;2
25/10/2020;Rio Negrinho;3
25/10/2020;Campos Novos;2
25/10/2020;Itapoá;2
25/10/2020;Joaçaba;2
26/10/2020;Florianópolis;3
26/10/2020;Itajaí;3
26/10/2020;Chapecó;3
26/10/2020;Lages;3
26/10/2020;Caçador;2
26/10/2020;Araranguá;3
26/10/2020;Indaial;2
26/10/2020;Xanxerê;2
26/10/2020;São Miguel do Oeste;3
26/10/2020;Laguna;3
26/10/2020;Curitibanos;2
26/10/2020;Rio Negrinho;2
26/10/2020;Campos Novos;2
26/10/2020;Itapoá;2
26/10/2020;Joaçaba;2
27/10/2020;Florianópolis;3
27/10/2020;Itajaí;3
27/10/2020;Chapecó;3
27/10/2020;Lages;3
27/10/2020;Caçador;2
27/10/2020;Araranguá;3
27/10/2020;Indaial;2
27/10/2020;Xanxerê;2
27/10/2020;São Miguel do Oeste;3
27/10/2020;Laguna;3
27/10/2020;Curitibanos;2
27/10/2020;Rio Negrinho;2
27/10/2020;Campos Novos;2
27/10/2020;Itapoá;2
27/10/2020;Joaçaba;2
28/10/2020;Florianópolis;3
28/10/2020;Itajaí;3
28/10/2020;Chapecó;3
28/10/2020;Lages;3
28/10/2020;Caçador;2
28/10/2020;Araranguá;3
28/10/2020;Indaial;2
28/10/2020;Xanxerê;2
28/10/2020;São Miguel do Oeste;3
28/10/2020;Laguna;3
28/10/2020;Curitibanos;2
28/10/2020;Rio Negrinho;2
28/10/2020;Campos Novos;2
28/10/2020;Itapoá;2
28/10/2020;Joaçaba;2
29/10/2020;Florianópolis;3
29/10/2020;Itajaí;3
29/10/2020;Chapecó;3
29/10/2020;Lages;3
29/10/2020;Caçador;2
29/10/2020;Araranguá;3
29/10/2020;Indaial;2
29/10/2020;Xanxerê;2
29/10/2020;São Miguel do Oeste;3
29/10/2020;Laguna;3
29/10/2020;Curitibanos;2
29/10/2020;Rio Negrinho;2
29/10/2020;Campos Novos;2
29/10/2020;Itapoá;2
29/10/2020;Joaçaba;2
30/10/2020;Florianópolis;3
30/10/2020;Itajaí;3
30/10/2020;Chapecó;3
30/10/2020;Lages;3
30/10/2020;Caçador;2
30/10/2020;Araranguá;3
30/10/2020;Indaial;2
30/10/2020;Xanxerê;2
30/10/2020;São Miguel do Oeste;3
30/10/2020;Laguna;3
30/10/2020;Curitibanos;2
30/10/2020;Rio Negrinho;2
30/10/2020;Campos Novos;2
30/10/2020;Itapoá;2
30/10/2020;Joaçaba;2
31/10/2020;Florianópolis;3
31/10/2020;Itajaí;3
31/10/2020;Chapecó;3
31/10/2020;Lages;3
31/10/2020;Caçador;2
31/10/2020;Araranguá;3
31/10/2020;Indaial;2
31/10/2020;Xanxerê;2
31/10/2020;São Miguel do Oeste;3
31/10/2020;Laguna;3
31/10/2020;Curitibanos;2
31/10/2020;Rio Negrinho;2
31/10/2020;Campos Novos;2
31/10/2020;Itapoá;2
31/10/2020;Joaçaba;2
01/11/2020;Florianópolis;3
01/11/2020;Itajaí;3
01/11/2020;Chapecó;3
01/11/2020;Lages;3
01/11/2020;Caçador;2
01/11/2020;Araranguá;3
01/11/2020;Indaial;2
01/11/2020;Xanxerê;2
01/11/2020;São Miguel do Oeste;3
01/11/2020;Laguna;3
01/11/2020;Curitibanos;2
01/11/2020;Rio Negrinho;2
01/11/2020;Campos Novos;2
01/11/2020;Itapoá;2
01/11/2020;Joaçaba;2
02/11/2020;Florianópolis;3
02/11/2020;Itajaí;3
02/11/2020;Chapecó;3
02/11/2020;Lages;3
02/11/2020;Caçador;2
02/11/2020;Araranguá;3
02/11/2020;Indaial;2
02/11/2020;Xanxerê;2
02/11/2020;São Miguel do Oeste;3
02/11/2020;Laguna;3
02/11/2020;Curitibanos;2
02/11/2020;Rio Negrinho;2
02/11/2020;Campos Novos;2
02/11/2020;Itapoá;2
02/11/2020;Joaçaba;2
03/11/2020;Florianópolis;4
03/11/2020;Itajaí;3
03/11/2020;Chapecó;2
03/11/2020;Lages;3
03/11/2020;Caçador;3
03/11/2020;Araranguá;3
03/11/2020;Indaial;3
03/11/2020;Xanxerê;3
03/11/2020;São Miguel do Oeste;3
03/11/2020;Laguna;3
03/11/2020;Curitibanos;3
03/11/2020;Rio Negrinho;3
03/11/2020;Campos Novos;2
03/11/2020;Itapoá;3
03/11/2020;Joaçaba;2
04/11/2020;Florianópolis;4
04/11/2020;Itajaí;3
04/11/2020;Chapecó;2
04/11/2020;Lages;3
04/11/2020;Caçador;3
04/11/2020;Araranguá;3
04/11/2020;Indaial;3
04/11/2020;Xanxerê;3
04/11/2020;São Miguel do Oeste;3
04/11/2020;Laguna;3
04/11/2020;Curitibanos;3
04/11/2020;Rio Negrinho;3
04/11/2020;Campos Novos;2
04/11/2020;Itapoá;3
04/11/2020;Joaçaba;2
05/11/2020;Florianópolis;4
05/11/2020;Itajaí;3
05/11/2020;Chapecó;2
05/11/2020;Lages;3
05/11/2020;Caçador;3
05/11/2020;Araranguá;3
05/11/2020;Indaial;3
05/11/2020;Xanxerê;3
05/11/2020;São Miguel do Oeste;3
05/11/2020;Laguna;3
05/11/2020;Curitibanos;3
05/11/2020;Rio Negrinho;3
05/11/2020;Campos Novos;2
05/11/2020;Itapoá;3
05/11/2020;Joaçaba;2
06/11/2020;Florianópolis;4
06/11/2020;Itajaí;3
06/11/2020;Chapecó;2
06/11/2020;Lages;3
06/11/2020;Caçador;3
06/11/2020;Araranguá;3
06/11/2020;Indaial;3
06/11/2020;Xanxerê;3
06/11/2020;São Miguel do Oeste;3
06/11/2020;Laguna;3
06/11/2020;Curitibanos;3
06/11/2020;Rio Negrinho;3
06/11/2020;Campos Novos;2
06/11/2020;Itapoá;3
06/11/2020;Joaçaba;2
07/11/2020;Florianópolis;4
07/11/2020;Itajaí;3
07/11/2020;Chapecó;2
07/11/2020;Lages;3
07/11/2020;Caçador;3
07/11/2020;Araranguá;3
07/11/2020;Indaial;3
07/11/2020;Xanxerê;3
07/11/2020;São Miguel do Oeste;3
07/11/2020;Laguna;3
07/11/2020;Curitibanos;3
07/11/2020;Rio Negrinho;3
07/11/2020;Campos Novos;2
07/11/2020;Itapoá;3
07/11/2020;Joaçaba;2
08/11/2020;Florianópolis;4
08/11/2020;Itajaí;3
08/11/2020;Chapecó;2
08/11/2020;Lages;3
08/11/2020;Caçador;3
08/11/2020;Araranguá;3
08/11/2020;Indaial;3
08/11/2020;Xanxerê;3
08/11/2020;São Miguel do Oeste;3
08/11/2020;Laguna;3
08/11/2020;Curitibanos;3
08/11/2020;Rio Negrinho;3
08/11/2020;Campos Novos;2
08/11/2020;Itapoá;3
08/11/2020;Joaçaba;2
09/11/2020;Florianópolis;4
09/11/2020;Itajaí;3
09/11/2020;Chapecó;2
09/11/2020;Lages;3
09/11/2020;Caçador;3
09/11/2020;Araranguá;3
09/11/2020;Indaial;3
09/11/2020;Xanxerê;3
09/11/2020;São Miguel do Oeste;3
09/11/2020;Laguna;3
09/11/2020;Curitibanos;3
09/11/2020;Rio Negrinho;3
09/11/2020;Campos Novos;2
09/11/2020;Itapoá;3
09/11/2020;Joaçaba;2
10/11/2020;Florianópolis;4
10/11/2020;Itajaí;3
10/11/2020;Chapecó;2
10/11/2020;Lages;3
10/11/2020;Caçador;3
10/11/2020;Araranguá;3
10/11/2020;Indaial;3
10/11/2020;Xanxerê;3
10/11/2020;São Miguel do Oeste;3
10/11/2020;Laguna;3
10/11/2020;Curitibanos;3
10/11/2020;Rio Negrinho;3
10/11/2020;Campos Novos;2
10/11/2020;Itapoá;3
10/11/2020;Joaçaba;2
11/11/2020;Florianópolis;4
11/11/2020;Itajaí;3
11/11/2020;Chapecó;3
11/11/2020;Lages;3
11/11/2020;Caçador;3
11/11/2020;Araranguá;3
11/11/2020;Indaial;3
11/11/2020;Xanxerê;4
11/11/2020;São Miguel do Oeste;2
11/11/2020;Laguna;3
11/11/2020;Curitibanos;3
11/11/2020;Rio Negrinho;3
11/11/2020;Campos Novos;3
11/11/2020;Itapoá;3
11/11/2020;Joaçaba;3
12/11/2020;Florianópolis;4
12/11/2020;Itajaí;3
12/11/2020;Chapecó;3
12/11/2020;Lages;3
12/11/2020;Caçador;3
12/11/2020;Araranguá;3
12/11/2020;Indaial;3
12/11/2020;Xanxerê;4
12/11/2020;São Miguel do Oeste;2
12/11/2020;Laguna;3
12/11/2020;Curitibanos;3
12/11/2020;Rio Negrinho;3
12/11/2020;Campos Novos;3
12/11/2020;Itapoá;3
12/11/2020;Joaçaba;3
13/11/2020;Florianópolis;4
13/11/2020;Itajaí;3
13/11/2020;Chapecó;3
13/11/2020;Lages;3
13/11/2020;Caçador;3
13/11/2020;Araranguá;3
13/11/2020;Indaial;3
13/11/2020;Xanxerê;4
13/11/2020;São Miguel do Oeste;2
13/11/2020;Laguna;3
13/11/2020;Curitibanos;3
13/11/2020;Rio Negrinho;3
13/11/2020;Campos Novos;3
13/11/2020;Itapoá;3
13/11/2020;Joaçaba;3
14/11/2020;Florianópolis;4
14/11/2020;Itajaí;3
14/11/2020;Chapecó;3
14/11/2020;Lages;3
14/11/2020;Caçador;3
14/11/2020;Araranguá;3
14/11/2020;Indaial;3
14/11/2020;Xanxerê;4
14/11/2020;São Miguel do Oeste;2
14/11/2020;Laguna;3
14/11/2020;Curitibanos;3
14/11/2020;Rio Negrinho;3
14/11/2020;Campos Novos;3
14/11/2020;Itapoá;3
14/11/2020;Joaçaba;3
15/11/2020;Florianópolis;4
15/11/2020;Itajaí;3
15/11/2020;Chapecó;3
15/11/2020;Lages;3
15/11/2020;Caçador;3
15/11/2020;Araranguá;3
15/11/2020;Indaial;3
15/11/2020;Xanxerê;4
15/11/2020;São Miguel do Oeste;2
15/11/2020;Laguna;3
15/11/2020;Curitibanos;3
15/11/2020;Rio Negrinho;3
15/11/2020;Campos Novos;3
15/11/2020;Itapoá;3
15/11/2020;Joaçaba;3
16/11/2020;Florianópolis;4
16/11/2020;Itajaí;3
16/11/2020;Chapecó;3
16/11/2020;Lages;3
16/11/2020;Caçador;3
16/11/2020;Araranguá;3
16/11/2020;Indaial;3
16/11/2020;Xanxerê;4
16/11/2020;São Miguel do Oeste;2
16/11/2020;Laguna;3
16/11/2020;Curitibanos;3
16/11/2020;Rio Negrinho;3
16/11/2020;Campos Novos;3
16/11/2020;Itapoá;3
16/11/2020;Joaçaba;3
17/11/2020;Florianópolis;3
17/11/2020;Itajaí;3
17/11/2020;Chapecó;3
17/11/2020;Lages;3
17/11/2020;Caçador;3
17/11/2020;Araranguá;3
17/11/2020;Indaial;3
17/11/2020;Xanxerê;4
17/11/2020;São Miguel do Oeste;3
17/11/2020;Laguna;4
17/11/2020;Curitibanos;3
17/11/2020;Rio Negrinho;3
17/11/2020;Campos Novos;3
17/11/2020;Itapoá;3
17/11/2020;Joaçaba;3
18/11/2020;Florianópolis;3
18/11/2020;Itajaí;3
18/11/2020;Chapecó;3
18/11/2020;Lages;3
18/11/2020;Caçador;3
18/11/2020;Araranguá;3
18/11/2020;Indaial;3
18/11/2020;Xanxerê;4
18/11/2020;São Miguel do Oeste;3
18/11/2020;Laguna;4
18/11/2020;Curitibanos;3
18/11/2020;Rio Negrinho;3
18/11/2020;Campos Novos;3
18/11/2020;Itapoá;3
18/11/2020;Joaçaba;3
19/11/2020;Florianópolis;3
19/11/2020;Itajaí;3
19/11/2020;Chapecó;3
19/11/2020;Lages;3
19/11/2020;Caçador;3
19/11/2020;Araranguá;3
19/11/2020;Indaial;3
19/11/2020;Xanxerê;4
19/11/2020;São Miguel do Oeste;3
19/11/2020;Laguna;4
19/11/2020;Curitibanos;3
19/11/2020;Rio Negrinho;3
19/11/2020;Campos Novos;3
19/11/2020;Itapoá;3
19/11/2020;Joaçaba;3
20/11/2020;Florianópolis;3
20/11/2020;Itajaí;3
20/11/2020;Chapecó;3
20/11/2020;Lages;3
20/11/2020;Caçador;3
20/11/2020;Araranguá;3
20/11/2020;Indaial;3
20/11/2020;Xanxerê;4
20/11/2020;São Miguel do Oeste;3
20/11/2020;Laguna;4
20/11/2020;Curitibanos;3
20/11/2020;Rio Negrinho;3
20/11/2020;Campos Novos;3
20/11/2020;Itapoá;3
20/11/2020;Joaçaba;3
21/11/2020;Florianópolis;3
21/11/2020;Itajaí;3
21/11/2020;Chapecó;3
21/11/2020;Lages;3
21/11/2020;Caçador;3
21/11/2020;Araranguá;3
21/11/2020;Indaial;3
21/11/2020;Xanxerê;4
21/11/2020;São Miguel do Oeste;3
21/11/2020;Laguna;4
21/11/2020;Curitibanos;3
21/11/2020;Rio Negrinho;3
21/11/2020;Campos Novos;3
21/11/2020;Itapoá;3
21/11/2020;Joaçaba;3
22/11/2020;Florianópolis;3
22/11/2020;Itajaí;3
22/11/2020;Chapecó;3
22/11/2020;Lages;3
22/11/2020;Caçador;3
22/11/2020;Araranguá;3
22/11/2020;Indaial;3
22/11/2020;Xanxerê;4
22/11/2020;São Miguel do Oeste;3
22/11/2020;Laguna;4
22/11/2020;Curitibanos;3
22/11/2020;Rio Negrinho;3
22/11/2020;Campos Novos;3
22/11/2020;Itapoá;3
22/11/2020;Joaçaba;3
23/11/2020;Florianópolis;3
23/11/2020;Itajaí;3
23/11/2020;Chapecó;3
23/11/2020;Lages;3
23/11/2020;Caçador;3
23/11/2020;Araranguá;3
23/11/2020;Indaial;3
23/11/2020;Xanxerê;4
23/11/2020;São Miguel do Oeste;3
23/11/2020;Laguna;4
23/11/2020;Curitibanos;3
23/11/2020;Rio Negrinho;3
23/11/2020;Campos Novos;3
23/11/2020;Itapoá;3
23/11/2020;Joaçaba;3
24/11/2020;Florianópolis;4
24/11/2020;Itajaí;3
24/11/2020;Chapecó;4
24/11/2020;Lages;4
24/11/2020;Caçador;4
24/11/2020;Araranguá;4
24/11/2020;Indaial;4
24/11/2020;Xanxerê;4
24/11/2020;São Miguel do Oeste;3
24/11/2020;Laguna;4
24/11/2020;Curitibanos;4
24/11/2020;Rio Negrinho;4
24/11/2020;Campos Novos;4
24/11/2020;Itapoá;4
24/11/2020;Joaçaba;4
25/11/2020;Florianópolis;4
25/11/2020;Itajaí;3
25/11/2020;Chapecó;4
25/11/2020;Lages;4
25/11/2020;Caçador;4
25/11/2020;Araranguá;4
25/11/2020;Indaial;4
25/11/2020;Xanxerê;4
25/11/2020;São Miguel do Oeste;3
25/11/2020;Laguna;4
25/11/2020;Curitibanos;4
25/11/2020;Rio Negrinho;4
25/11/2020;Campos Novos;4
25/11/2020;Itapoá;4
25/11/2020;Joaçaba;4
26/11/2020;Florianópolis;4
26/11/2020;Itajaí;3
26/11/2020;Chapecó;4
26/11/2020;Lages;4
26/11/2020;Caçador;4
26/11/2020;Araranguá;4
26/11/2020;Indaial;4
26/11/2020;Xanxerê;4
26/11/2020;São Miguel do Oeste;3
26/11/2020;Laguna;4
26/11/2020;Curitibanos;4
26/11/2020;Rio Negrinho;4
26/11/2020;Campos Novos;4
26/11/2020;Itapoá;4
26/11/2020;Joaçaba;4
27/11/2020;Florianópolis;4
27/11/2020;Itajaí;3
27/11/2020;Chapecó;4
27/11/2020;Lages;4
27/11/2020;Caçador;4
27/11/2020;Araranguá;4
27/11/2020;Indaial;4
27/11/2020;Xanxerê;4
27/11/2020;São Miguel do Oeste;3
27/11/2020;Laguna;4
27/11/2020;Curitibanos;4
27/11/2020;Rio Negrinho;4
27/11/2020;Campos Novos;4
27/11/2020;Itapoá;4
27/11/2020;Joaçaba;4
28/11/2020;Florianópolis;4
28/11/2020;Itajaí;3
28/11/2020;Chapecó;4
28/11/2020;Lages;4
28/11/2020;Caçador;4
28/11/2020;Araranguá;4
28/11/2020;Indaial;4
28/11/2020;Xanxerê;4
28/11/2020;São Miguel do Oeste;3
28/11/2020;Laguna;4
28/11/2020;Curitibanos;4
28/11/2020;Rio Negrinho;4
28/11/2020;Campos Novos;4
28/11/2020;Itapoá;4
28/11/2020;Joaçaba;4
29/11/2020;Florianópolis;4
29/11/2020;Itajaí;3
29/11/2020;Chapecó;4
29/11/2020;Lages;4
29/11/2020;Caçador;4
29/11/2020;Araranguá;4
29/11/2020;Indaial;4
29/11/2020;Xanxerê;4
29/11/2020;São Miguel do Oeste;3
29/11/2020;Laguna;4
29/11/2020;Curitibanos;4
29/11/2020;Rio Negrinho;4
29/11/2020;Campos Novos;4
29/11/2020;Itapoá;4
29/11/2020;Joaçaba;4
30/11/2020;Florianópolis;4
30/11/2020;Itajaí;3
30/11/2020;Chapecó;4
30/11/2020;Lages;4
30/11/2020;Caçador;4
30/11/2020;Araranguá;4
30/11/2020;Indaial;4
30/11/2020;Xanxerê;4
30/11/2020;São Miguel do Oeste;3
30/11/2020;Laguna;4
30/11/2020;Curitibanos;4
30/11/2020;Rio Negrinho;4
30/11/2020;Campos Novos;4
30/11/2020;Itapoá;4
30/11/2020;Joaçaba;4
01/12/2020;Florianópolis;4
01/12/2020;Itajaí;3
01/12/2020;Chapecó;4
01/12/2020;Lages;4
01/12/2020;Caçador;4
01/12/2020;Araranguá;4
01/12/2020;Indaial;4
01/12/2020;Xanxerê;4
01/12/2020;São Miguel do Oeste;3
01/12/2020;Laguna;4
01/12/2020;Curitibanos;4
01/12/2020;Rio Negrinho;4
01/12/2020;Campos Novos;4
01/12/2020;Itapoá;4
01/12/2020;Joaçaba;4
02/12/2020;Florianópolis;4
02/12/2020;Itajaí;4
02/12/2020;Chapecó;4
02/12/2020;Lages;4
02/12/2020;Caçador;4
02/12/2020;Araranguá;4
02/12/2020;Indaial;4
02/12/2020;Xanxerê;4
02/12/2020;São Miguel do Oeste;3
02/12/2020;Laguna;4
02/12/2020;Curitibanos;4
02/12/2020;Rio Negrinho;4
02/12/2020;Campos Novos;4
02/12/2020;Itapoá;4
02/12/2020;Joaçaba;4
03/12/2020;Florianópolis;4
03/12/2020;Itajaí;4
03/12/2020;Chapecó;4
03/12/2020;Lages;4
03/12/2020;Caçador;4
03/12/2020;Araranguá;4
03/12/2020;Indaial;4
03/12/2020;Xanxerê;4
03/12/2020;São Miguel do Oeste;3
03/12/2020;Laguna;4
03/12/2020;Curitibanos;4
03/12/2020;Rio Negrinho;4
03/12/2020;Campos Novos;4
03/12/2020;Itapoá;4
03/12/2020;Joaçaba;4
04/12/2020;Florianópolis;4
04/12/2020;Itajaí;4
04/12/2020;Chapecó;4
04/12/2020;Lages;4
04/12/2020;Caçador;4
04/12/2020;Araranguá;4
04/12/2020;Indaial;4
04/12/2020;Xanxerê;4
04/12/2020;São Miguel do Oeste;3
04/12/2020;Laguna;4
04/12/2020;Curitibanos;4
04/12/2020;Rio Negrinho;4
04/12/2020;Campos Novos;4
04/12/2020;Itapoá;4
04/12/2020;Joaçaba;4
05/12/2020;Florianópolis;4
05/12/2020;Itajaí;4
05/12/2020;Chapecó;4
05/12/2020;Lages;4
05/12/2020;Caçador;4
05/12/2020;Araranguá;4
05/12/2020;Indaial;4
05/12/2020;Xanxerê;4
05/12/2020;São Miguel do Oeste;3
05/12/2020;Laguna;4
05/12/2020;Curitibanos;4
05/12/2020;Rio Negrinho;4
05/12/2020;Campos Novos;4
05/12/2020;Itapoá;4
05/12/2020;Joaçaba;4
06/12/2020;Florianópolis;4
06/12/2020;Itajaí;4
06/12/2020;Chapecó;4
06/12/2020;Lages;4
06/12/2020;Caçador;4
06/12/2020;Araranguá;4
06/12/2020;Indaial;4
06/12/2020;Xanxerê;4
06/12/2020;São Miguel do Oeste;3
06/12/2020;Laguna;4
06/12/2020;Curitibanos;4
06/12/2020;Rio Negrinho;4
06/12/2020;Campos Novos;4
06/12/2020;Itapoá;4
06/12/2020;Joaçaba;4
07/12/2020;Florianópolis;4
07/12/2020;Itajaí;4
07/12/2020;Chapecó;4
07/12/2020;Lages;4
07/12/2020;Caçador;4
07/12/2020;Araranguá;4
07/12/2020;Indaial;4
07/12/2020;Xanxerê;4
07/12/2020;São Miguel do Oeste;3
07/12/2020;Laguna;4
07/12/2020;Curitibanos;4
07/12/2020;Rio Negrinho;4
07/12/2020;Campos Novos;4
07/12/2020;Itapoá;4
07/12/2020;Joaçaba;4
08/12/2020;Florianópolis;4
08/12/2020;Itajaí;4
08/12/2020;Chapecó;4
08/12/2020;Lages;4
08/12/2020;Caçador;4
08/12/2020;Araranguá;4
08/12/2020;Indaial;4
08/12/2020;Xanxerê;4
08/12/2020;São Miguel do Oeste;3
08/12/2020;Laguna;4
08/12/2020;Curitibanos;4
08/12/2020;Rio Negrinho;4
08/12/2020;Campos Novos;4
08/12/2020;Itapoá;4
08/12/2020;Joaçaba;4
09/12/2020;Florianópolis;4
09/12/2020;Itajaí;3
09/12/2020;Chapecó;4
09/12/2020;Lages;4
09/12/2020;Caçador;4
09/12/2020;Araranguá;4
09/12/2020;Indaial;4
09/12/2020;Xanxerê;4
09/12/2020;São Miguel do Oeste;3
09/12/2020;Laguna;4
09/12/2020;Curitibanos;4
09/12/2020;Rio Negrinho;4
09/12/2020;Campos Novos;4
09/12/2020;Itapoá;4
09/12/2020;Joaçaba;4
10/12/2020;Florianópolis;4
10/12/2020;Itajaí;3
10/12/2020;Chapecó;4
10/12/2020;Lages;4
10/12/2020;Caçador;4
10/12/2020;Araranguá;4
10/12/2020;Indaial;4
10/12/2020;Xanxerê;4
10/12/2020;São Miguel do Oeste;3
10/12/2020;Laguna;4
10/12/2020;Curitibanos;4
10/12/2020;Rio Negrinho;4
10/12/2020;Campos Novos;4
10/12/2020;Itapoá;4
10/12/2020;Joaçaba;4
11/12/2020;Florianópolis;4
11/12/2020;Itajaí;3
11/12/2020;Chapecó;4
11/12/2020;Lages;4
11/12/2020;Caçador;4
11/12/2020;Araranguá;4
11/12/2020;Indaial;4
11/12/2020;Xanxerê;4
11/12/2020;São Miguel do Oeste;3
11/12/2020;Laguna;4
11/12/2020;Curitibanos;4
11/12/2020;Rio Negrinho;4
11/12/2020;Campos Novos;4
11/12/2020;Itapoá;4
11/12/2020;Joaçaba;4
12/12/2020;Florianópolis;4
12/12/2020;Itajaí;3
12/12/2020;Chapecó;4
12/12/2020;Lages;4
12/12/2020;Caçador;4
12/12/2020;Araranguá;4
12/12/2020;Indaial;4
12/12/2020;Xanxerê;4
12/12/2020;São Miguel do Oeste;3
12/12/2020;Laguna;4
12/12/2020;Curitibanos;4
12/12/2020;Rio Negrinho;4
12/12/2020;Campos Novos;4
12/12/2020;Itapoá;4
12/12/2020;Joaçaba;4
13/12/2020;Florianópolis;4
13/12/2020;Itajaí;3
13/12/2020;Chapecó;4
13/12/2020;Lages;4
13/12/2020;Caçador;4
13/12/2020;Araranguá;4
13/12/2020;Indaial;4
13/12/2020;Xanxerê;4
13/12/2020;São Miguel do Oeste;3
13/12/2020;Laguna;4
13/12/2020;Curitibanos;4
13/12/2020;Rio Negrinho;4
13/12/2020;Campos Novos;4
13/12/2020;Itapoá;4
13/12/2020;Joaçaba;4
14/12/2020;Florianópolis;4
14/12/2020;Itajaí;3
14/12/2020;Chapecó;4
14/12/2020;Lages;4
14/12/2020;Caçador;4
14/12/2020;Araranguá;4
14/12/2020;Indaial;4
14/12/2020;Xanxerê;4
14/12/2020;São Miguel do Oeste;3
14/12/2020;Laguna;4
14/12/2020;Curitibanos;4
14/12/2020;Rio Negrinho;4
14/12/2020;Campos Novos;4
14/12/2020;Itapoá;4
14/12/2020;Joaçaba;4
15/12/2020;Florianópolis;4
15/12/2020;Itajaí;3
15/12/2020;Chapecó;4
15/12/2020;Lages;4
15/12/2020;Caçador;4
15/12/2020;Araranguá;4
15/12/2020;Indaial;4
15/12/2020;Xanxerê;4
15/12/2020;São Miguel do Oeste;3
15/12/2020;Laguna;4
15/12/2020;Curitibanos;4
15/12/2020;Rio Negrinho;4
15/12/2020;Campos Novos;4
15/12/2020;Itapoá;4
15/12/2020;Joaçaba;4
16/12/2020;Florianópolis;4
16/12/2020;Itajaí;3
16/12/2020;Chapecó;4
16/12/2020;Lages;4
16/12/2020;Caçador;4
16/12/2020;Araranguá;4
16/12/2020;Indaial;4
16/12/2020;Xanxerê;4
16/12/2020;São Miguel do Oeste;3
16/12/2020;Laguna;4
16/12/2020;Curitibanos;4
16/12/2020;Rio Negrinho;4
16/12/2020;Campos Novos;4
16/12/2020;Itapoá;4
16/12/2020;Joaçaba;4
17/12/2020;Florianópolis;4
17/12/2020;Itajaí;3
17/12/2020;Chapecó;4
17/12/2020;Lages;4
17/12/2020;Caçador;4
17/12/2020;Araranguá;4
17/12/2020;Indaial;4
17/12/2020;Xanxerê;4
17/12/2020;São Miguel do Oeste;3
17/12/2020;Laguna;4
17/12/2020;Curitibanos;4
17/12/2020;Rio Negrinho;4
17/12/2020;Campos Novos;4
17/12/2020;Itapoá;4
17/12/2020;Joaçaba;4
18/12/2020;Florianópolis;4
18/12/2020;Itajaí;4
18/12/2020;Chapecó;4
18/12/2020;Lages;4
18/12/2020;Caçador;4
18/12/2020;Araranguá;4
18/12/2020;Indaial;4
18/12/2020;Xanxerê;3
18/12/2020;São Miguel do Oeste;4
18/12/2020;Laguna;4
18/12/2020;Curitibanos;4
18/12/2020;Rio Negrinho;4
18/12/2020;Campos Novos;4
18/12/2020;Itapoá;4
18/12/2020;Joaçaba;4
19/12/2020;Florianópolis;4
19/12/2020;Itajaí;4
19/12/2020;Chapecó;4
19/12/2020;Lages;4
19/12/2020;Caçador;4
19/12/2020;Araranguá;4
19/12/2020;Indaial;4
19/12/2020;Xanxerê;3
19/12/2020;São Miguel do Oeste;4
19/12/2020;Laguna;4
19/12/2020;Curitibanos;4
19/12/2020;Rio Negrinho;4
19/12/2020;Campos Novos;4
19/12/2020;Itapoá;4
19/12/2020;Joaçaba;4
20/12/2020;Florianópolis;4
20/12/2020;Itajaí;4
20/12/2020;Chapecó;4
20/12/2020;Lages;4
20/12/2020;Caçador;4
20/12/2020;Araranguá;4
20/12/2020;Indaial;4
20/12/2020;Xanxerê;3
20/12/2020;São Miguel do Oeste;4
20/12/2020;Laguna;4
20/12/2020;Curitibanos;4
20/12/2020;Rio Negrinho;4
20/12/2020;Campos Novos;4
20/12/2020;Itapoá;4
20/12/2020;Joaçaba;4
21/12/2020;Florianópolis;4
21/12/2020;Itajaí;4
21/12/2020;Chapecó;4
21/12/2020;Lages;4
21/12/2020;Caçador;4
21/12/2020;Araranguá;4
21/12/2020;Indaial;4
21/12/2020;Xanxerê;3
21/12/2020;São Miguel do Oeste;4
21/12/2020;Laguna;4
21/12/2020;Curitibanos;4
21/12/2020;Rio Negrinho;4
21/12/2020;Campos Novos;4
21/12/2020;Itapoá;4
21/12/2020;Joaçaba;4
22/12/2020;Florianópolis;4
22/12/2020;Itajaí;4
22/12/2020;Chapecó;4
22/12/2020;Lages;4
22/12/2020;Caçador;4
22/12/2020;Araranguá;4
22/12/2020;Indaial;4
22/12/2020;Xanxerê;3
22/12/2020;São Miguel do Oeste;4
22/12/2020;Laguna;4
22/12/2020;Curitibanos;4
22/12/2020;Rio Negrinho;4
22/12/2020;Campos Novos;4
22/12/2020;Itapoá;4
22/12/2020;Joaçaba;4
23/12/2020;Florianópolis;4
23/12/2020;Itajaí;4
23/12/2020;Chapecó;4
23/12/2020;Lages;4
23/12/2020;Caçador;4
23/12/2020;Araranguá;4
23/12/2020;Indaial;4
23/12/2020;Xanxerê;3
23/12/2020;São Miguel do Oeste;4
23/12/2020;Laguna;4
23/12/2020;Curitibanos;4
23/12/2020;Rio Negrinho;4
23/12/2020;Campos Novos;4
23/12/2020;Itapoá;4
23/12/2020;Joaçaba;4
24/12/2020;Florianópolis;4
24/12/2020;Itajaí;4
24/12/2020;Chapecó;4
24/12/2020;Lages;4
24/12/2020;Caçador;4
24/12/2020;Araranguá;4
24/12/2020;Indaial;4
24/12/2020;Xanxerê;3
24/12/2020;São Miguel do Oeste;4
24/12/2020;Laguna;4
24/12/2020;Curitibanos;4
24/12/2020;Rio Negrinho;4
24/12/2020;Campos Novos;4
24/12/2020;Itapoá;4
24/12/2020;Joaçaba;4
25/12/2020;Florianópolis;4
25/12/2020;Itajaí;4
25/12/2020;Chapecó;4
25/12/2020;Lages;4
25/12/2020;Caçador;4
25/12/2020;Araranguá;4
25/12/2020;Indaial;4
25/12/2020;Xanxerê;3
25/12/2020;São Miguel do Oeste;4
25/12/2020;Laguna;4
25/12/2020;Curitibanos;4
25/12/2020;Rio Negrinho;4
25/12/2020;Campos Novos;4
25/12/2020;Itapoá;4
25/12/2020;Joaçaba;4
26/12/2020;Florianópolis;4
26/12/2020;Itajaí;4
26/12/2020;Chapecó;4
26/12/2020;Lages;4
26/12/2020;Caçador;4
26/12/2020;Araranguá;4
26/12/2020;Indaial;4
26/12/2020;Xanxerê;3
26/12/2020;São Miguel do Oeste;4
26/12/2020;Laguna;4
26/12/2020;Curitibanos;4
26/12/2020;Rio Negrinho;4
26/12/2020;Campos Novos;4
26/12/2020;Itapoá;4
26/12/2020;Joaçaba;4
27/12/2020;Florianópolis;4
27/12/2020;Itajaí;4
27/12/2020;Chapecó;4
27/12/2020;Lages;4
27/12/2020;Caçador;4
27/12/2020;Araranguá;4
27/12/2020;Indaial;4
27/12/2020;Xanxerê;3
27/12/2020;São Miguel do Oeste;4
27/12/2020;Laguna;4
27/12/2020;Curitibanos;4
27/12/2020;Rio Negrinho;4
27/12/2020;Campos Novos;4
27/12/2020;Itapoá;4
27/12/2020;Joaçaba;4
28/12/2020;Florianópolis;4
28/12/2020;Itajaí;4
28/12/2020;Chapecó;4
28/12/2020;Lages;4
28/12/2020;Caçador;4
28/12/2020;Araranguá;4
28/12/2020;Indaial;4
28/12/2020;Xanxerê;3
28/12/2020;São Miguel do Oeste;4
28/12/2020;Laguna;4
28/12/2020;Curitibanos;4
28/12/2020;Rio Negrinho;4
28/12/2020;Campos Novos;4
28/12/2020;Itapoá;4
28/12/2020;Joaçaba;4
29/12/2020;Florianópolis;3
29/12/2020;Itajaí;4
29/12/2020;Chapecó;3
29/12/2020;Lages;4
29/12/2020;Caçador;4
29/12/2020;Araranguá;4
29/12/2020;Indaial;3
29/12/2020;Xanxerê;3
29/12/2020;São Miguel do Oeste;4
29/12/2020;Laguna;4
29/12/2020;Curitibanos;4
29/12/2020;Rio Negrinho;4
29/12/2020;Campos Novos;4
29/12/2020;Itapoá;4
29/12/2020;Joaçaba;4
30/12/2020;Florianópolis;3
30/12/2020;Itajaí;4
30/12/2020;Chapecó;3
30/12/2020;Lages;4
30/12/2020;Caçador;4
30/12/2020;Araranguá;4
30/12/2020;Indaial;3
30/12/2020;Xanxerê;3
30/12/2020;São Miguel do Oeste;4
30/12/2020;Laguna;4
30/12/2020;Curitibanos;4
30/12/2020;Rio Negrinho;4
30/12/2020;Campos Novos;4
30/12/2020;Itapoá;4
30/12/2020;Joaçaba;4
31/12/2020;Florianópolis;3
31/12/2020;Itajaí;4
31/12/2020;Chapecó;3
31/12/2020;Lages;4
31/12/2020;Caçador;4
31/12/2020;Araranguá;4
31/12/2020;Indaial;3
31/12/2020;Xanxerê;3
31/12/2020;São Miguel do Oeste;4
31/12/2020;Laguna;4
31/12/2020;Curitibanos;4
31/12/2020;Rio Negrinho;4
31/12/2020;Campos Novos;4
31/12/2020;Itapoá;4
31/12/2020;Joaçaba;4
01/01/2021;Florianópolis;3
01/01/2021;Itajaí;4
01/01/2021;Chapecó;3
01/01/2021;Lages;4
01/01/2021;Caçador;4
01/01/2021;Araranguá;4
01/01/2021;Indaial;3
01/01/2021;Xanxerê;3
01/01/2021;São Miguel do Oeste;4
01/01/2021;Laguna;4
01/01/2021;Curitibanos;4
01/01/2021;Rio Negrinho;4
01/01/2021;Campos Novos;4
01/01/2021;Itapoá;4
01/01/2021;Joaçaba;4
02/01/2021;Florianópolis;3
02/01/2021;Itajaí;4
02/01/2021;Chapecó;3
02/01/2021;Lages;4
02/01/2021;Caçador;4
02/01/2021;Araranguá;4
02/01/2021;Indaial;3
02/01/2021;Xanxerê;3
02/01/2021;São Miguel do Oeste;4
02/01/2021;Laguna;4
02/01/2021;Curitibanos;4
02/01/2021;Rio Negrinho;4
02/01/2021;Campos Novos;4
02/01/2021;Itapoá;4
02/01/2021;Joaçaba;4
03/01/2021;Florianópolis;3
03/01/2021;Itajaí;4
03/01/2021;Chapecó;3
03/01/2021;Lages;4
03/01/2021;Caçador;4
03/01/2021;Araranguá;4
03/01/2021;Indaial;3
03/01/2021;Xanxerê;3
03/01/2021;São Miguel do Oeste;4
03/01/2021;Laguna;4
03/01/2021;Curitibanos;4
03/01/2021;Rio Negrinho;4
03/01/2021;Campos Novos;4
03/01/2021;Itapoá;4
03/01/2021;Joaçaba;4
04/01/2021;Florianópolis;3
04/01/2021;Itajaí;4
04/01/2021;Chapecó;3
04/01/2021;Lages;4
04/01/2021;Caçador;4
04/01/2021;Araranguá;4
04/01/2021;Indaial;3
04/01/2021;Xanxerê;3
04/01/2021;São Miguel do Oeste;4
04/01/2021;Laguna;4
04/01/2021;Curitibanos;4
04/01/2021;Rio Negrinho;4
04/01/2021;Campos Novos;4
04/01/2021;Itapoá;4
04/01/2021;Joaçaba;4
05/01/2021;Florianópolis;3
05/01/2021;Itajaí;4
05/01/2021;Chapecó;3
05/01/2021;Lages;4
05/01/2021;Caçador;4
05/01/2021;Araranguá;4
05/01/2021;Indaial;3
05/01/2021;Xanxerê;3
05/01/2021;São Miguel do Oeste;4
05/01/2021;Laguna;4
05/01/2021;Curitibanos;4
05/01/2021;Rio Negrinho;4
05/01/2021;Campos Novos;4
05/01/2021;Itapoá;4
05/01/2021;Joaçaba;4
06/01/2021;Florianópolis;3
06/01/2021;Itajaí;4
06/01/2021;Chapecó;3
06/01/2021;Lages;4
06/01/2021;Caçador;4
06/01/2021;Araranguá;4
06/01/2021;Indaial;3
06/01/2021;Xanxerê;3
06/01/2021;São Miguel do Oeste;4
06/01/2021;Laguna;4
06/01/2021;Curitibanos;4
06/01/2021;Rio Negrinho;4
06/01/2021;Campos Novos;4
06/01/2021;Itapoá;4
06/01/2021;Joaçaba;4
07/01/2021;Florianópolis;4
07/01/2021;Itajaí;4
07/01/2021;Chapecó;4
07/01/2021;Lages;3
07/01/2021;Caçador;4
07/01/2021;Araranguá;3
07/01/2021;Indaial;4
07/01/2021;Xanxerê;4
07/01/2021;São Miguel do Oeste;3
07/01/2021;Laguna;3
07/01/2021;Curitibanos;4
07/01/2021;Rio Negrinho;4
07/01/2021;Campos Novos;4
07/01/2021;Itapoá;4
07/01/2021;Joaçaba;4
08/01/2021;Florianópolis;4
08/01/2021;Itajaí;4
08/01/2021;Chapecó;4
08/01/2021;Lages;3
08/01/2021;Caçador;4
08/01/2021;Araranguá;3
08/01/2021;Indaial;4
08/01/2021;Xanxerê;4
08/01/2021;São Miguel do Oeste;3
08/01/2021;Laguna;3
08/01/2021;Curitibanos;4
08/01/2021;Rio Negrinho;4
08/01/2021;Campos Novos;4
08/01/2021;Itapoá;4
08/01/2021;Joaçaba;4
09/01/2021;Florianópolis;4
09/01/2021;Itajaí;4
09/01/2021;Chapecó;4
09/01/2021;Lages;3
09/01/2021;Caçador;4
09/01/2021;Araranguá;3
09/01/2021;Indaial;4
09/01/2021;Xanxerê;4
09/01/2021;São Miguel do Oeste;3
09/01/2021;Laguna;3
09/01/2021;Curitibanos;4
09/01/2021;Rio Negrinho;4
09/01/2021;Campos Novos;4
09/01/2021;Itapoá;4
09/01/2021;Joaçaba;4
10/01/2021;Florianópolis;4
10/01/2021;Itajaí;4
10/01/2021;Chapecó;4
10/01/2021;Lages;3
10/01/2021;Caçador;4
10/01/2021;Araranguá;3
10/01/2021;Indaial;4
10/01/2021;Xanxerê;4
10/01/2021;São Miguel do Oeste;3
10/01/2021;Laguna;3
10/01/2021;Curitibanos;4
10/01/2021;Rio Negrinho;4
10/01/2021;Campos Novos;4
10/01/2021;Itapoá;4
10/01/2021;Joaçaba;4
11/01/2021;Florianópolis;4
11/01/2021;Itajaí;4
11/01/2021;Chapecó;4
11/01/2021;Lages;3
11/01/2021;Caçador;4
11/01/2021;Araranguá;3
11/01/2021;Indaial;4
11/01/2021;Xanxerê;4
11/01/2021;São Miguel do Oeste;3
11/01/2021;Laguna;3
11/01/2021;Curitibanos;4
11/01/2021;Rio Negrinho;4
11/01/2021;Campos Novos;4
11/01/2021;Itapoá;4
11/01/2021;Joaçaba;4
12/01/2021;Florianópolis;4
12/01/2021;Itajaí;4
12/01/2021;Chapecó;4
12/01/2021;Lages;3
12/01/2021;Caçador;4
12/01/2021;Araranguá;3
12/01/2021;Indaial;4
12/01/2021;Xanxerê;4
12/01/2021;São Miguel do Oeste;3
12/01/2021;Laguna;3
12/01/2021;Curitibanos;4
12/01/2021;Rio Negrinho;4
12/01/2021;Campos Novos;4
12/01/2021;Itapoá;4
12/01/2021;Joaçaba;4
13/01/2021;Florianópolis;3
13/01/2021;Itajaí;4
13/01/2021;Chapecó;4
13/01/2021;Lages;4
13/01/2021;Caçador;4
13/01/2021;Araranguá;4
13/01/2021;Indaial;4
13/01/2021;Xanxerê;4
13/01/2021;São Miguel do Oeste;4
13/01/2021;Laguna;4
13/01/2021;Curitibanos;4
13/01/2021;Rio Negrinho;4
13/01/2021;Campos Novos;4
13/01/2021;Itapoá;4
13/01/2021;Joaçaba;4
14/01/2021;Florianópolis;3
14/01/2021;Itajaí;4
14/01/2021;Chapecó;4
14/01/2021;Lages;4
14/01/2021;Caçador;4
14/01/2021;Araranguá;4
14/01/2021;Indaial;4
14/01/2021;Xanxerê;4
14/01/2021;São Miguel do Oeste;4
14/01/2021;Laguna;4
14/01/2021;Curitibanos;4
14/01/2021;Rio Negrinho;4
14/01/2021;Campos Novos;4
14/01/2021;Itapoá;4
14/01/2021;Joaçaba;4
15/01/2021;Florianópolis;3
15/01/2021;Itajaí;4
15/01/2021;Chapecó;4
15/01/2021;Lages;4
15/01/2021;Caçador;4
15/01/2021;Araranguá;4
15/01/2021;Indaial;4
15/01/2021;Xanxerê;4
15/01/2021;São Miguel do Oeste;4
15/01/2021;Laguna;4
15/01/2021;Curitibanos;4
15/01/2021;Rio Negrinho;4
15/01/2021;Campos Novos;4
15/01/2021;Itapoá;4
15/01/2021;Joaçaba;4
16/01/2021;Florianópolis;3
16/01/2021;Itajaí;4
16/01/2021;Chapecó;4
16/01/2021;Lages;4
16/01/2021;Caçador;4
16/01/2021;Araranguá;4
16/01/2021;Indaial;4
16/01/2021;Xanxerê;4
16/01/2021;São Miguel do Oeste;4
16/01/2021;Laguna;4
16/01/2021;Curitibanos;4
16/01/2021;Rio Negrinho;4
16/01/2021;Campos Novos;4
16/01/2021;Itapoá;4
16/01/2021;Joaçaba;4
17/01/2021;Florianópolis;3
17/01/2021;Itajaí;4
17/01/2021;Chapecó;4
17/01/2021;Lages;4
17/01/2021;Caçador;4
17/01/2021;Araranguá;4
17/01/2021;Indaial;4
17/01/2021;Xanxerê;4
17/01/2021;São Miguel do Oeste;4
17/01/2021;Laguna;4
17/01/2021;Curitibanos;4
17/01/2021;Rio Negrinho;4
17/01/2021;Campos Novos;4
17/01/2021;Itapoá;4
17/01/2021;Joaçaba;4
18/01/2021;Florianópolis;3
18/01/2021;Itajaí;4
18/01/2021;Chapecó;4
18/01/2021;Lages;4
18/01/2021;Caçador;4
18/01/2021;Araranguá;4
18/01/2021;Indaial;4
18/01/2021;Xanxerê;4
18/01/2021;São Miguel do Oeste;4
18/01/2021;Laguna;4
18/01/2021;Curitibanos;4
18/01/2021;Rio Negrinho;4
18/01/2021;Campos Novos;4
18/01/2021;Itapoá;4
18/01/2021;Joaçaba;4
19/01/2021;Florianópolis;3
19/01/2021;Itajaí;4
19/01/2021;Chapecó;4
19/01/2021;Lages;4
19/01/2021;Caçador;4
19/01/2021;Araranguá;4
19/01/2021;Indaial;4
19/01/2021;Xanxerê;4
19/01/2021;São Miguel do Oeste;4
19/01/2021;Laguna;4
19/01/2021;Curitibanos;4
19/01/2021;Rio Negrinho;4
19/01/2021;Campos Novos;4
19/01/2021;Itapoá;4
19/01/2021;Joaçaba;4
20/01/2021;Florianópolis;4
20/01/2021;Itajaí;4
20/01/2021;Chapecó;4
20/01/2021;Lages;4
20/01/2021;Caçador;4
20/01/2021;Araranguá;3
20/01/2021;Indaial;3
20/01/2021;Xanxerê;3
20/01/2021;São Miguel do Oeste;3
20/01/2021;Laguna;3
20/01/2021;Curitibanos;4
20/01/2021;Rio Negrinho;4
20/01/2021;Campos Novos;4
20/01/2021;Itapoá;4
20/01/2021;Joaçaba;4
21/01/2021;Florianópolis;4
21/01/2021;Itajaí;4
21/01/2021;Chapecó;4
21/01/2021;Lages;4
21/01/2021;Caçador;4
21/01/2021;Araranguá;3
21/01/2021;Indaial;3
21/01/2021;Xanxerê;3
21/01/2021;São Miguel do Oeste;3
21/01/2021;Laguna;3
21/01/2021;Curitibanos;4
21/01/2021;Rio Negrinho;4
21/01/2021;Campos Novos;4
21/01/2021;Itapoá;4
21/01/2021;Joaçaba;4
22/01/2021;Florianópolis;4
22/01/2021;Itajaí;4
22/01/2021;Chapecó;4
22/01/2021;Lages;4
22/01/2021;Caçador;4
22/01/2021;Araranguá;3
22/01/2021;Indaial;3
22/01/2021;Xanxerê;3
22/01/2021;São Miguel do Oeste;3
22/01/2021;Laguna;3
22/01/2021;Curitibanos;4
22/01/2021;Rio Negrinho;4
22/01/2021;Campos Novos;4
22/01/2021;Itapoá;4
22/01/2021;Joaçaba;4
23/01/2021;Florianópolis;4
23/01/2021;Itajaí;4
23/01/2021;Chapecó;4
23/01/2021;Lages;4
23/01/2021;Caçador;4
23/01/2021;Araranguá;3
23/01/2021;Indaial;3
23/01/2021;Xanxerê;3
23/01/2021;São Miguel do Oeste;3
23/01/2021;Laguna;3
23/01/2021;Curitibanos;4
23/01/2021;Rio Negrinho;4
23/01/2021;Campos Novos;4
23/01/2021;Itapoá;4
23/01/2021;Joaçaba;4
24/01/2021;Florianópolis;4
24/01/2021;Itajaí;4
24/01/2021;Chapecó;4
24/01/2021;Lages;4
24/01/2021;Caçador;4
24/01/2021;Araranguá;3
24/01/2021;Indaial;3
24/01/2021;Xanxerê;3
24/01/2021;São Miguel do Oeste;3
24/01/2021;Laguna;3
24/01/2021;Curitibanos;4
24/01/2021;Rio Negrinho;4
24/01/2021;Campos Novos;4
24/01/2021;Itapoá;4
24/01/2021;Joaçaba;4
25/01/2021;Florianópolis;4
25/01/2021;Itajaí;4
25/01/2021;Chapecó;4
25/01/2021;Lages;4
25/01/2021;Caçador;4
25/01/2021;Araranguá;3
25/01/2021;Indaial;3
25/01/2021;Xanxerê;3
25/01/2021;São Miguel do Oeste;3
25/01/2021;Laguna;3
25/01/2021;Curitibanos;4
25/01/2021;Rio Negrinho;4
25/01/2021;Campos Novos;4
25/01/2021;Itapoá;4
25/01/2021;Joaçaba;4
26/01/2021;Florianópolis;4
26/01/2021;Itajaí;4
26/01/2021;Chapecó;4
26/01/2021;Lages;4
26/01/2021;Caçador;4
26/01/2021;Araranguá;3
26/01/2021;Indaial;3
26/01/2021;Xanxerê;3
26/01/2021;São Miguel do Oeste;3
26/01/2021;Laguna;3
26/01/2021;Curitibanos;4
26/01/2021;Rio Negrinho;4
26/01/2021;Campos Novos;4
26/01/2021;Itapoá;4
26/01/2021;Joaçaba;4
27/01/2021;Florianópolis;3
27/01/2021;Itajaí;4
27/01/2021;Chapecó;4
27/01/2021;Lages;3
27/01/2021;Caçador;4
27/01/2021;Araranguá;2
27/01/2021;Indaial;3
27/01/2021;Xanxerê;3
27/01/2021;São Miguel do Oeste;4
27/01/2021;Laguna;3
27/01/2021;Curitibanos;4
27/01/2021;Rio Negrinho;4
27/01/2021;Campos Novos;4
27/01/2021;Itapoá;4
27/01/2021;Joaçaba;4
28/01/2021;Florianópolis;3
28/01/2021;Itajaí;4
28/01/2021;Chapecó;4
28/01/2021;Lages;3
28/01/2021;Caçador;4
28/01/2021;Araranguá;2
28/01/2021;Indaial;3
28/01/2021;Xanxerê;3
28/01/2021;São Miguel do Oeste;4
28/01/2021;Laguna;3
28/01/2021;Curitibanos;4
28/01/2021;Rio Negrinho;4
28/01/2021;Campos Novos;4
28/01/2021;Itapoá;4
28/01/2021;Joaçaba;4
29/01/2021;Florianópolis;3
29/01/2021;Itajaí;4
29/01/2021;Chapecó;4
29/01/2021;Lages;3
29/01/2021;Caçador;4
29/01/2021;Araranguá;2
29/01/2021;Indaial;3
29/01/2021;Xanxerê;3
29/01/2021;São Miguel do Oeste;4
29/01/2021;Laguna;3
29/01/2021;Curitibanos;4
29/01/2021;Rio Negrinho;4
29/01/2021;Campos Novos;4
29/01/2021;Itapoá;4
29/01/2021;Joaçaba;4
30/01/2021;Florianópolis;3
30/01/2021;Itajaí;4
30/01/2021;Chapecó;4
30/01/2021;Lages;3
30/01/2021;Caçador;4
30/01/2021;Araranguá;2
30/01/2021;Indaial;3
30/01/2021;Xanxerê;3
30/01/2021;São Miguel do Oeste;4
30/01/2021;Laguna;3
30/01/2021;Curitibanos;4
30/01/2021;Rio Negrinho;4
30/01/2021;Campos Novos;4
30/01/2021;Itapoá;4
30/01/2021;Joaçaba;4
31/01/2021;Florianópolis;3
31/01/2021;Itajaí;4
31/01/2021;Chapecó;4
31/01/2021;Lages;3
31/01/2021;Caçador;4
31/01/2021;Araranguá;2
31/01/2021;Indaial;3
31/01/2021;Xanxerê;3
31/01/2021;São Miguel do Oeste;4
31/01/2021;Laguna;3
31/01/2021;Curitibanos;4
31/01/2021;Rio Negrinho;4
31/01/2021;Campos Novos;4
31/01/2021;Itapoá;4
31/01/2021;Joaçaba;4
01/02/2021;Florianópolis;3
01/02/2021;Itajaí;4
01/02/2021;Chapecó;4
01/02/2021;Lages;3
01/02/2021;Caçador;4
01/02/2021;Araranguá;2
01/02/2021;Indaial;3
01/02/2021;Xanxerê;3
01/02/2021;São Miguel do Oeste;4
01/02/2021;Laguna;3
01/02/2021;Curitibanos;4
01/02/2021;Rio Negrinho;4
01/02/2021;Campos Novos;4
01/02/2021;Itapoá;4
01/02/2021;Joaçaba;4
02/02/2021;Florianópolis;3
02/02/2021;Itajaí;4
02/02/2021;Chapecó;4
02/02/2021;Lages;3
02/02/2021;Caçador;4
02/02/2021;Araranguá;2
02/02/2021;Indaial;3
02/02/2021;Xanxerê;3
02/02/2021;São Miguel do Oeste;4
02/02/2021;Laguna;3
02/02/2021;Curitibanos;4
02/02/2021;Rio Negrinho;4
02/02/2021;Campos Novos;4
02/02/2021;Itapoá;4
02/02/2021;Joaçaba;4
03/02/2021;Florianópolis;3
03/02/2021;Itajaí;4
03/02/2021;Chapecó;4
03/02/2021;Lages;3
03/02/2021;Caçador;4
03/02/2021;Araranguá;2
03/02/2021;Indaial;3
03/02/2021;Xanxerê;3
03/02/2021;São Miguel do Oeste;4
03/02/2021;Laguna;3
03/02/2021;Curitibanos;4
03/02/2021;Rio Negrinho;4
03/02/2021;Campos Novos;4
03/02/2021;Itapoá;4
03/02/2021;Joaçaba;4
04/02/2021;Florianópolis;3
04/02/2021;Itajaí;4
04/02/2021;Chapecó;4
04/02/2021;Lages;3
04/02/2021;Caçador;4
04/02/2021;Araranguá;2
04/02/2021;Indaial;3
04/02/2021;Xanxerê;3
04/02/2021;São Miguel do Oeste;4
04/02/2021;Laguna;3
04/02/2021;Curitibanos;4
04/02/2021;Rio Negrinho;4
04/02/2021;Campos Novos;4
04/02/2021;Itapoá;4
04/02/2021;Joaçaba;4
05/02/2021;Florianópolis;3
05/02/2021;Itajaí;4
05/02/2021;Chapecó;4
05/02/2021;Lages;3
05/02/2021;Caçador;4
05/02/2021;Araranguá;2
05/02/2021;Indaial;3
05/02/2021;Xanxerê;3
05/02/2021;São Miguel do Oeste;4
05/02/2021;Laguna;3
05/02/2021;Curitibanos;4
05/02/2021;Rio Negrinho;4
05/02/2021;Campos Novos;4
05/02/2021;Itapoá;4
05/02/2021;Joaçaba;4
06/02/2021;Florianópolis;4
06/02/2021;Itajaí;3
06/02/2021;Chapecó;4
06/02/2021;Lages;4
06/02/2021;Caçador;4
06/02/2021;Araranguá;3
06/02/2021;Indaial;3
06/02/2021;Xanxerê;4
06/02/2021;São Miguel do Oeste;4
06/02/2021;Laguna;3
06/02/2021;Curitibanos;4
06/02/2021;Rio Negrinho;4
06/02/2021;Campos Novos;4
06/02/2021;Itapoá;4
06/02/2021;Joaçaba;4
07/02/2021;Florianópolis;4
07/02/2021;Itajaí;3
07/02/2021;Chapecó;4
07/02/2021;Lages;4
07/02/2021;Caçador;4
07/02/2021;Araranguá;3
07/02/2021;Indaial;3
07/02/2021;Xanxerê;4
07/02/2021;São Miguel do Oeste;4
07/02/2021;Laguna;3
07/02/2021;Curitibanos;4
07/02/2021;Rio Negrinho;4
07/02/2021;Campos Novos;4
07/02/2021;Itapoá;4
07/02/2021;Joaçaba;4
08/02/2021;Florianópolis;4
08/02/2021;Itajaí;3
08/02/2021;Chapecó;4
08/02/2021;Lages;4
08/02/2021;Caçador;4
08/02/2021;Araranguá;3
08/02/2021;Indaial;3
08/02/2021;Xanxerê;4
08/02/2021;São Miguel do Oeste;4
08/02/2021;Laguna;3
08/02/2021;Curitibanos;4
08/02/2021;Rio Negrinho;4
08/02/2021;Campos Novos;4
08/02/2021;Itapoá;4
08/02/2021;Joaçaba;4
09/02/2021;Florianópolis;4
09/02/2021;Itajaí;3
09/02/2021;Chapecó;4
09/02/2021;Lages;4
09/02/2021;Caçador;4
09/02/2021;Araranguá;3
09/02/2021;Indaial;3
09/02/2021;Xanxerê;4
09/02/2021;São Miguel do Oeste;4
09/02/2021;Laguna;3
09/02/2021;Curitibanos;4
09/02/2021;Rio Negrinho;4
09/02/2021;Campos Novos;4
09/02/2021;Itapoá;4
09/02/2021;Joaçaba;4
10/02/2021;Florianópolis;4
10/02/2021;Itajaí;3
10/02/2021;Chapecó;4
10/02/2021;Lages;4
10/02/2021;Caçador;4
10/02/2021;Araranguá;3
10/02/2021;Indaial;3
10/02/2021;Xanxerê;4
10/02/2021;São Miguel do Oeste;4
10/02/2021;Laguna;3
10/02/2021;Curitibanos;4
10/02/2021;Rio Negrinho;4
10/02/2021;Campos Novos;4
10/02/2021;Itapoá;4
10/02/2021;Joaçaba;4
11/02/2021;Florianópolis;4
11/02/2021;Itajaí;3
11/02/2021;Chapecó;4
11/02/2021;Lages;4
11/02/2021;Caçador;4
11/02/2021;Araranguá;3
11/02/2021;Indaial;3
11/02/2021;Xanxerê;4
11/02/2021;São Miguel do Oeste;4
11/02/2021;Laguna;3
11/02/2021;Curitibanos;4
11/02/2021;Rio Negrinho;4
11/02/2021;Campos Novos;4
11/02/2021;Itapoá;4
11/02/2021;Joaçaba;4
12/02/2021;Florianópolis;4
12/02/2021;Itajaí;3
12/02/2021;Chapecó;4
12/02/2021;Lages;4
12/02/2021;Caçador;4
12/02/2021;Araranguá;3
12/02/2021;Indaial;3
12/02/2021;Xanxerê;4
12/02/2021;São Miguel do Oeste;4
12/02/2021;Laguna;3
12/02/2021;Curitibanos;4
12/02/2021;Rio Negrinho;4
12/02/2021;Campos Novos;4
12/02/2021;Itapoá;4
12/02/2021;Joaçaba;4
13/02/2021;Florianópolis;4
13/02/2021;Itajaí;4
13/02/2021;Chapecó;4
13/02/2021;Lages;4
13/02/2021;Caçador;4
13/02/2021;Araranguá;3
13/02/2021;Indaial;4
13/02/2021;Xanxerê;4
13/02/2021;São Miguel do Oeste;4
13/02/2021;Laguna;3
13/02/2021;Curitibanos;4
13/02/2021;Rio Negrinho;4
13/02/2021;Campos Novos;4
13/02/2021;Itapoá;4
13/02/2021;Joaçaba;4
14/02/2021;Florianópolis;4
14/02/2021;Itajaí;4
14/02/2021;Chapecó;4
14/02/2021;Lages;4
14/02/2021;Caçador;4
14/02/2021;Araranguá;3
14/02/2021;Indaial;4
14/02/2021;Xanxerê;4
14/02/2021;São Miguel do Oeste;4
14/02/2021;Laguna;3
14/02/2021;Curitibanos;4
14/02/2021;Rio Negrinho;4
14/02/2021;Campos Novos;4
14/02/2021;Itapoá;4
14/02/2021;Joaçaba;4
15/02/2021;Florianópolis;4
15/02/2021;Itajaí;4
15/02/2021;Chapecó;4
15/02/2021;Lages;4
15/02/2021;Caçador;4
15/02/2021;Araranguá;3
15/02/2021;Indaial;4
15/02/2021;Xanxerê;4
15/02/2021;São Miguel do Oeste;4
15/02/2021;Laguna;3
15/02/2021;Curitibanos;4
15/02/2021;Rio Negrinho;4
15/02/2021;Campos Novos;4
15/02/2021;Itapoá;4
15/02/2021;Joaçaba;4
16/02/2021;Florianópolis;4
16/02/2021;Itajaí;4
16/02/2021;Chapecó;4
16/02/2021;Lages;4
16/02/2021;Caçador;4
16/02/2021;Araranguá;3
16/02/2021;Indaial;4
16/02/2021;Xanxerê;4
16/02/2021;São Miguel do Oeste;4
16/02/2021;Laguna;3
16/02/2021;Curitibanos;4
16/02/2021;Rio Negrinho;4
16/02/2021;Campos Novos;4
16/02/2021;Itapoá;4
16/02/2021;Joaçaba;4
17/02/2021;Florianópolis;4
17/02/2021;Itajaí;4
17/02/2021;Chapecó;4
17/02/2021;Lages;4
17/02/2021;Caçador;4
17/02/2021;Araranguá;3
17/02/2021;Indaial;4
17/02/2021;Xanxerê;4
17/02/2021;São Miguel do Oeste;4
17/02/2021;Laguna;3
17/02/2021;Curitibanos;4
17/02/2021;Rio Negrinho;4
17/02/2021;Campos Novos;4
17/02/2021;Itapoá;4
17/02/2021;Joaçaba;4
18/02/2021;Florianópolis;4
18/02/2021;Itajaí;4
18/02/2021;Chapecó;4
18/02/2021;Lages;4
18/02/2021;Caçador;4
18/02/2021;Araranguá;3
18/02/2021;Indaial;4
18/02/2021;Xanxerê;4
18/02/2021;São Miguel do Oeste;4
18/02/2021;Laguna;3
18/02/2021;Curitibanos;4
18/02/2021;Rio Negrinho;4
18/02/2021;Campos Novos;4
18/02/2021;Itapoá;4
18/02/2021;Joaçaba;4
19/02/2021;Florianópolis;4
19/02/2021;Itajaí;4
19/02/2021;Chapecó;4
19/02/2021;Lages;4
19/02/2021;Caçador;4
19/02/2021;Araranguá;3
19/02/2021;Indaial;4
19/02/2021;Xanxerê;4
19/02/2021;São Miguel do Oeste;4
19/02/2021;Laguna;3
19/02/2021;Curitibanos;4
19/02/2021;Rio Negrinho;4
19/02/2021;Campos Novos;4
19/02/2021;Itapoá;4
19/02/2021;Joaçaba;4
20/02/2021;Florianópolis;4
20/02/2021;Itajaí;4
20/02/2021;Chapecó;4
20/02/2021;Lages;4
20/02/2021;Caçador;4
20/02/2021;Araranguá;4
20/02/2021;Indaial;4
20/02/2021;Xanxerê;4
20/02/2021;São Miguel do Oeste;4
20/02/2021;Laguna;4
20/02/2021;Curitibanos;4
20/02/2021;Rio Negrinho;4
20/02/2021;Campos Novos;4
20/02/2021;Itapoá;4
20/02/2021;Joaçaba;4
21/02/2021;Florianópolis;4
21/02/2021;Itajaí;4
21/02/2021;Chapecó;4
21/02/2021;Lages;4
21/02/2021;Caçador;4
21/02/2021;Araranguá;4
21/02/2021;Indaial;4
21/02/2021;Xanxerê;4
21/02/2021;São Miguel do Oeste;4
21/02/2021;Laguna;4
21/02/2021;Curitibanos;4
21/02/2021;Rio Negrinho;4
21/02/2021;Campos Novos;4
21/02/2021;Itapoá;4
21/02/2021;Joaçaba;4
22/02/2021;Florianópolis;4
22/02/2021;Itajaí;4
22/02/2021;Chapecó;4
22/02/2021;Lages;4
22/02/2021;Caçador;4
22/02/2021;Araranguá;4
22/02/2021;Indaial;4
22/02/2021;Xanxerê;4
22/02/2021;São Miguel do Oeste;4
22/02/2021;Laguna;4
22/02/2021;Curitibanos;4
22/02/2021;Rio Negrinho;4
22/02/2021;Campos Novos;4
22/02/2021;Itapoá;4
22/02/2021;Joaçaba;4
23/02/2021;Florianópolis;4
23/02/2021;Itajaí;4
23/02/2021;Chapecó;4
23/02/2021;Lages;4
23/02/2021;Caçador;4
23/02/2021;Araranguá;4
23/02/2021;Indaial;4
23/02/2021;Xanxerê;4
23/02/2021;São Miguel do Oeste;4
23/02/2021;Laguna;4
23/02/2021;Curitibanos;4
23/02/2021;Rio Negrinho;4
23/02/2021;Campos Novos;4
23/02/2021;Itapoá;4
23/02/2021;Joaçaba;4
24/02/2021;Florianópolis;4
24/02/2021;Itajaí;4
24/02/2021;Chapecó;4
24/02/2021;Lages;4
24/02/2021;Caçador;4
24/02/2021;Araranguá;4
24/02/2021;Indaial;4
24/02/2021;Xanxerê;4
24/02/2021;São Miguel do Oeste;4
24/02/2021;Laguna;4
24/02/2021;Curitibanos;4
24/02/2021;Rio Negrinho;4
24/02/2021;Campos Novos;4
24/02/2021;Itapoá;4
24/02/2021;Joaçaba;4
25/02/2021;Florianópolis;4
25/02/2021;Itajaí;4
25/02/2021;Chapecó;4
25/02/2021;Lages;4
25/02/2021;Caçador;4
25/02/2021;Araranguá;4
25/02/2021;Indaial;4
25/02/2021;Xanxerê;4
25/02/2021;São Miguel do Oeste;4
25/02/2021;Laguna;4
25/02/2021;Curitibanos;4
25/02/2021;Rio Negrinho;4
25/02/2021;Campos Novos;4
25/02/2021;Itapoá;4
25/02/2021;Joaçaba;4
26/02/2021;Florianópolis;4
26/02/2021;Itajaí;4
26/02/2021;Chapecó;4
26/02/2021;Lages;4
26/02/2021;Caçador;4
26/02/2021;Araranguá;4
26/02/2021;Indaial;4
26/02/2021;Xanxerê;4
26/02/2021;São Miguel do Oeste;4
26/02/2021;Laguna;4
26/02/2021;Curitibanos;4
26/02/2021;Rio Negrinho;4
26/02/2021;Campos Novos;4
26/02/2021;Itapoá;4
26/02/2021;Joaçaba;4
27/02/2021;Florianópolis;4
27/02/2021;Itajaí;4
27/02/2021;Chapecó;4
27/02/2021;Lages;4
27/02/2021;Caçador;4
27/02/2021;Araranguá;4
27/02/2021;Indaial;4
27/02/2021;Xanxerê;4
27/02/2021;São Miguel do Oeste;4
27/02/2021;Laguna;4
27/02/2021;Curitibanos;4
27/02/2021;Rio Negrinho;4
27/02/2021;Campos Novos;4
27/02/2021;Itapoá;4
27/02/2021;Joaçaba;4
28/02/2021;Florianópolis;4
28/02/2021;Itajaí;4
28/02/2021;Chapecó;4
28/02/2021;Lages;4
28/02/2021;Caçador;4
28/02/2021;Araranguá;4
28/02/2021;Indaial;4
28/02/2021;Xanxerê;4
28/02/2021;São Miguel do Oeste;4
28/02/2021;Laguna;4
28/02/2021;Curitibanos;4
28/02/2021;Rio Negrinho;4
28/02/2021;Campos Novos;4
28/02/2021;Itapoá;4
28/02/2021;Joaçaba;4
01/03/2021;Florianópolis;4
01/03/2021;Itajaí;4
01/03/2021;Chapecó;4
01/03/2021;Lages;4
01/03/2021;Caçador;4
01/03/2021;Araranguá;4
01/03/2021;Indaial;4
01/03/2021;Xanxerê;4
01/03/2021;São Miguel do Oeste;4
01/03/2021;Laguna;4
01/03/2021;Curitibanos;4
01/03/2021;Rio Negrinho;4
01/03/2021;Campos Novos;4
01/03/2021;Itapoá;4
01/03/2021;Joaçaba;4
02/03/2021;Florianópolis;4
02/03/2021;Itajaí;4
02/03/2021;Chapecó;4
02/03/2021;Lages;4
02/03/2021;Caçador;4
02/03/2021;Araranguá;4
02/03/2021;Indaial;4
02/03/2021;Xanxerê;4
02/03/2021;São Miguel do Oeste;4
02/03/2021;Laguna;4
02/03/2021;Curitibanos;4
02/03/2021;Rio Negrinho;4
02/03/2021;Campos Novos;4
02/03/2021;Itapoá;4
02/03/2021;Joaçaba;4
03/03/2021;Florianópolis;4
03/03/2021;Itajaí;4
03/03/2021;Chapecó;4
03/03/2021;Lages;4
03/03/2021;Caçador;4
03/03/2021;Araranguá;4
03/03/2021;Indaial;4
03/03/2021;Xanxerê;4
03/03/2021;São Miguel do Oeste;4
03/03/2021;Laguna;4
03/03/2021;Curitibanos;4
03/03/2021;Rio Negrinho;4
03/03/2021;Campos Novos;4
03/03/2021;Itapoá;4
03/03/2021;Joaçaba;4
04/03/2021;Florianópolis;4
04/03/2021;Itajaí;4
04/03/2021;Chapecó;4
04/03/2021;Lages;4
04/03/2021;Caçador;4
04/03/2021;Araranguá;4
04/03/2021;Indaial;4
04/03/2021;Xanxerê;4
04/03/2021;São Miguel do Oeste;4
04/03/2021;Laguna;4
04/03/2021;Curitibanos;4
04/03/2021;Rio Negrinho;4
04/03/2021;Campos Novos;4
04/03/2021;Itapoá;4
04/03/2021;Joaçaba;4
05/03/2021;Florianópolis;4
05/03/2021;Itajaí;4
05/03/2021;Chapecó;4
05/03/2021;Lages;4
05/03/2021;Caçador;4
05/03/2021;Araranguá;4
05/03/2021;Indaial;4
05/03/2021;Xanxerê;4
05/03/2021;São Miguel do Oeste;4
05/03/2021;Laguna;4
05/03/2021;Curitibanos;4
05/03/2021;Rio Negrinho;4
05/03/2021;Campos Novos;4
05/03/2021;Itapoá;4
05/03/2021;Joaçaba;4
06/03/2021;Florianópolis;4
06/03/2021;Itajaí;4
06/03/2021;Chapecó;4
06/03/2021;Lages;4
06/03/2021;Caçador;4
06/03/2021;Araranguá;4
06/03/2021;Indaial;4
06/03/2021;Xanxerê;4
06/03/2021;São Miguel do Oeste;4
06/03/2021;Laguna;4
06/03/2021;Curitibanos;4
06/03/2021;Rio Negrinho;4
06/03/2021;Campos Novos;4
06/03/2021;Itapoá;4
06/03/2021;Joaçaba;4
07/03/2021;Florianópolis;4
07/03/2021;Itajaí;4
07/03/2021;Chapecó;4
07/03/2021;Lages;4
07/03/2021;Caçador;4
07/03/2021;Araranguá;4
07/03/2021;Indaial;4
07/03/2021;Xanxerê;4
07/03/2021;São Miguel do Oeste;4
07/03/2021;Laguna;4
07/03/2021;Curitibanos;4
07/03/2021;Rio Negrinho;4
07/03/2021;Campos Novos;4
07/03/2021;Itapoá;4
07/03/2021;Joaçaba;4
08/03/2021;Florianópolis;4
08/03/2021;Itajaí;4
08/03/2021;Chapecó;4
08/03/2021;Lages;4
08/03/2021;Caçador;4
08/03/2021;Araranguá;4
08/03/2021;Indaial;4
08/03/2021;Xanxerê;4
08/03/2021;São Miguel do Oeste;4
08/03/2021;Laguna;4
08/03/2021;Curitibanos;4
08/03/2021;Rio Negrinho;4
08/03/2021;Campos Novos;4
08/03/2021;Itapoá;4
08/03/2021;Joaçaba;4
09/03/2021;Florianópolis;4
09/03/2021;Itajaí;4
09/03/2021;Chapecó;4
09/03/2021;Lages;4
09/03/2021;Caçador;4
09/03/2021;Araranguá;4
09/03/2021;Indaial;4
09/03/2021;Xanxerê;4
09/03/2021;São Miguel do Oeste;4
09/03/2021;Laguna;4
09/03/2021;Curitibanos;4
09/03/2021;Rio Negrinho;4
09/03/2021;Campos Novos;4
09/03/2021;Itapoá;4
09/03/2021;Joaçaba;4
10/03/2021;Florianópolis;4
10/03/2021;Itajaí;4
10/03/2021;Chapecó;4
10/03/2021;Lages;4
10/03/2021;Caçador;4
10/03/2021;Araranguá;4
10/03/2021;Indaial;4
10/03/2021;Xanxerê;4
10/03/2021;São Miguel do Oeste;4
10/03/2021;Laguna;4
10/03/2021;Curitibanos;4
10/03/2021;Rio Negrinho;4
10/03/2021;Campos Novos;4
10/03/2021;Itapoá;4
10/03/2021;Joaçaba;4
11/03/2021;Florianópolis;4
11/03/2021;Itajaí;4
11/03/2021;Chapecó;4
11/03/2021;Lages;4
11/03/2021;Caçador;4
11/03/2021;Araranguá;4
11/03/2021;Indaial;4
11/03/2021;Xanxerê;4
11/03/2021;São Miguel do Oeste;4
11/03/2021;Laguna;4
11/03/2021;Curitibanos;4
11/03/2021;Rio Negrinho;4
11/03/2021;Campos Novos;4
11/03/2021;Itapoá;4
11/03/2021;Joaçaba;4
12/03/2021;Florianópolis;4
12/03/2021;Itajaí;4
12/03/2021;Chapecó;4
12/03/2021;Lages;4
12/03/2021;Caçador;4
12/03/2021;Araranguá;4
12/03/2021;Indaial;4
12/03/2021;Xanxerê;4
12/03/2021;São Miguel do Oeste;4
12/03/2021;Laguna;4
12/03/2021;Curitibanos;4
12/03/2021;Rio Negrinho;4
12/03/2021;Campos Novos;4
12/03/2021;Itapoá;4
12/03/2021;Joaçaba;4
13/03/2021;Florianópolis;4
13/03/2021;Itajaí;4
13/03/2021;Chapecó;4
13/03/2021;Lages;4
13/03/2021;Caçador;4
13/03/2021;Araranguá;4
13/03/2021;Indaial;4
13/03/2021;Xanxerê;4
13/03/2021;São Miguel do Oeste;4
13/03/2021;Laguna;4
13/03/2021;Curitibanos;4
13/03/2021;Rio Negrinho;4
13/03/2021;Campos Novos;4
13/03/2021;Itapoá;4
13/03/2021;Joaçaba;4
14/03/2021;Florianópolis;4
14/03/2021;Itajaí;4
14/03/2021;Chapecó;4
14/03/2021;Lages;4
14/03/2021;Caçador;4
14/03/2021;Araranguá;4
14/03/2021;Indaial;4
14/03/2021;Xanxerê;4
14/03/2021;São Miguel do Oeste;4
14/03/2021;Laguna;4
14/03/2021;Curitibanos;4
14/03/2021;Rio Negrinho;4
14/03/2021;Campos Novos;4
14/03/2021;Itapoá;4
14/03/2021;Joaçaba;4
15/03/2021;Florianópolis;4
15/03/2021;Itajaí;4
15/03/2021;Chapecó;4
15/03/2021;Lages;4
15/03/2021;Caçador;4
15/03/2021;Araranguá;4
15/03/2021;Indaial;4
15/03/2021;Xanxerê;4
15/03/2021;São Miguel do Oeste;4
15/03/2021;Laguna;4
15/03/2021;Curitibanos;4
15/03/2021;Rio Negrinho;4
15/03/2021;Campos Novos;4
15/03/2021;Itapoá;4
15/03/2021;Joaçaba;4
16/03/2021;Florianópolis;4
16/03/2021;Itajaí;4
16/03/2021;Chapecó;4
16/03/2021;Lages;4
16/03/2021;Caçador;4
16/03/2021;Araranguá;4
16/03/2021;Indaial;4
16/03/2021;Xanxerê;4
16/03/2021;São Miguel do Oeste;4
16/03/2021;Laguna;4
16/03/2021;Curitibanos;4
16/03/2021;Rio Negrinho;4
16/03/2021;Campos Novos;4
16/03/2021;Itapoá;4
16/03/2021;Joaçaba;4
17/03/2021;Florianópolis;4
17/03/2021;Itajaí;4
17/03/2021;Chapecó;4
17/03/2021;Lages;4
17/03/2021;Caçador;4
17/03/2021;Araranguá;4
17/03/2021;Indaial;4
17/03/2021;Xanxerê;4
17/03/2021;São Miguel do Oeste;4
17/03/2021;Laguna;4
17/03/2021;Curitibanos;4
17/03/2021;Rio Negrinho;4
17/03/2021;Campos Novos;4
17/03/2021;Itapoá;4
17/03/2021;Joaçaba;4
18/03/2021;Florianópolis;4
18/03/2021;Itajaí;4
18/03/2021;Chapecó;4
18/03/2021;Lages;4
18/03/2021;Caçador;4
18/03/2021;Araranguá;4
18/03/2021;Indaial;4
18/03/2021;Xanxerê;4
18/03/2021;São Miguel do Oeste;4
18/03/2021;Laguna;4
18/03/2021;Curitibanos;4
18/03/2021;Rio Negrinho;4
18/03/2021;Campos Novos;4
18/03/2021;Itapoá;4
18/03/2021;Joaçaba;4
19/03/2021;Florianópolis;4
19/03/2021;Itajaí;4
19/03/2021;Chapecó;4
19/03/2021;Lages;4
19/03/2021;Caçador;4
19/03/2021;Araranguá;4
19/03/2021;Indaial;4
19/03/2021;Xanxerê;4
19/03/2021;São Miguel do Oeste;4
19/03/2021;Laguna;4
19/03/2021;Curitibanos;4
19/03/2021;Rio Negrinho;4
19/03/2021;Campos Novos;4
19/03/2021;Itapoá;4
19/03/2021;Joaçaba;4
20/03/2021;Florianópolis;4
20/03/2021;Itajaí;4
20/03/2021;Chapecó;4
20/03/2021;Lages;4
20/03/2021;Caçador;4
20/03/2021;Araranguá;4
20/03/2021;Indaial;4
20/03/2021;Xanxerê;4
20/03/2021;São Miguel do Oeste;4
20/03/2021;Laguna;4
20/03/2021;Curitibanos;4
20/03/2021;Rio Negrinho;4
20/03/2021;Campos Novos;4
20/03/2021;Itapoá;4
20/03/2021;Joaçaba;4
21/03/2021;Florianópolis;4
21/03/2021;Itajaí;4
21/03/2021;Chapecó;4
21/03/2021;Lages;4
21/03/2021;Caçador;4
21/03/2021;Araranguá;4
21/03/2021;Indaial;4
21/03/2021;Xanxerê;4
21/03/2021;São Miguel do Oeste;4
21/03/2021;Laguna;4
21/03/2021;Curitibanos;4
21/03/2021;Rio Negrinho;4
21/03/2021;Campos Novos;4
21/03/2021;Itapoá;4
21/03/2021;Joaçaba;4
22/03/2021;Florianópolis;4
22/03/2021;Itajaí;4
22/03/2021;Chapecó;4
22/03/2021;Lages;4
22/03/2021;Caçador;4
22/03/2021;Araranguá;4
22/03/2021;Indaial;4
22/03/2021;Xanxerê;4
22/03/2021;São Miguel do Oeste;4
22/03/2021;Laguna;4
22/03/2021;Curitibanos;4
22/03/2021;Rio Negrinho;4
22/03/2021;Campos Novos;4
22/03/2021;Itapoá;4
22/03/2021;Joaçaba;4
23/03/2021;Florianópolis;4
23/03/2021;Itajaí;4
23/03/2021;Chapecó;4
23/03/2021;Lages;4
23/03/2021;Caçador;4
23/03/2021;Araranguá;4
23/03/2021;Indaial;4
23/03/2021;Xanxerê;4
23/03/2021;São Miguel do Oeste;4
23/03/2021;Laguna;4
23/03/2021;Curitibanos;4
23/03/2021;Rio Negrinho;4
23/03/2021;Campos Novos;4
23/03/2021;Itapoá;4
23/03/2021;Joaçaba;4
24/03/2021;Florianópolis;4
24/03/2021;Itajaí;4
24/03/2021;Chapecó;4
24/03/2021;Lages;4
24/03/2021;Caçador;4
24/03/2021;Araranguá;4
24/03/2021;Indaial;4
24/03/2021;Xanxerê;4
24/03/2021;São Miguel do Oeste;4
24/03/2021;Laguna;4
24/03/2021;Curitibanos;4
24/03/2021;Rio Negrinho;4
24/03/2021;Campos Novos;4
24/03/2021;Itapoá;4
24/03/2021;Joaçaba;4
25/03/2021;Florianópolis;4
25/03/2021;Itajaí;4
25/03/2021;Chapecó;4
25/03/2021;Lages;4
25/03/2021;Caçador;4
25/03/2021;Araranguá;4
25/03/2021;Indaial;4
25/03/2021;Xanxerê;4
25/03/2021;São Miguel do Oeste;4
25/03/2021;Laguna;4
25/03/2021;Curitibanos;4
25/03/2021;Rio Negrinho;4
25/03/2021;Campos Novos;4
25/03/2021;Itapoá;4
25/03/2021;Joaçaba;4
26/03/2021;Florianópolis;4
26/03/2021;Itajaí;4
26/03/2021;Chapecó;4
26/03/2021;Lages;4
26/03/2021;Caçador;4
26/03/2021;Araranguá;4
26/03/2021;Indaial;4
26/03/2021;Xanxerê;4
26/03/2021;São Miguel do Oeste;4
26/03/2021;Laguna;4
26/03/2021;Curitibanos;4
26/03/2021;Rio Negrinho;4
26/03/2021;Campos Novos;4
26/03/2021;Itapoá;4
26/03/2021;Joaçaba;4
27/03/2021;Florianópolis;
27/03/2021;Itajaí;
27/03/2021;Chapecó;
27/03/2021;Lages;
27/03/2021;Caçador;
27/03/2021;Araranguá;
27/03/2021;Indaial;
27/03/2021;Xanxerê;
27/03/2021;São Miguel do Oeste;
27/03/2021;Laguna;
27/03/2021;Curitibanos;
27/03/2021;Rio Negrinho;
27/03/2021;Campos Novos;
27/03/2021;Itapoá;
27/03/2021;Joaçaba;
28/03/2021;Florianópolis;
28/03/2021;Itajaí;
28/03/2021;Chapecó;
28/03/2021;Lages;
28/03/2021;Caçador;
28/03/2021;Araranguá;
28/03/2021;Indaial;
28/03/2021;Xanxerê;
28/03/2021;São Miguel do Oeste;
28/03/2021;Laguna;
28/03/2021;Curitibanos;
28/03/2021;Rio Negrinho;
28/03/2021;Campos Novos;
28/03/2021;Itapoá;
28/03/2021;Joaçaba;
29/03/2021;Florianópolis;
29/03/2021;Itajaí;
29/03/2021;Chapecó;
29/03/2021;Lages;
29/03/2021;Caçador;
29/03/2021;Araranguá;
29/03/2021;Indaial;
29/03/2021;Xanxerê;
29/03/2021;São Miguel do Oeste;
29/03/2021;Laguna;
29/03/2021;Curitibanos;
29/03/2021;Rio Negrinho;
29/03/2021;Campos Novos;
29/03/2021;Itapoá;
29/03/2021;Joaçaba;
30/03/2021;Florianópolis;
30/03/2021;Itajaí;
30/03/2021;Chapecó;
30/03/2021;Lages;
30/03/2021;Caçador;
30/03/2021;Araranguá;
30/03/2021;Indaial;
30/03/2021;Xanxerê;
30/03/2021;São Miguel do Oeste;
30/03/2021;Laguna;
30/03/2021;Curitibanos;
30/03/2021;Rio Negrinho;
30/03/2021;Campos Novos;
30/03/2021;Itapoá;
30/03/2021;Joaçaba;
31/03/2021;Florianópolis;
31/03/2021;Itajaí;
31/03/2021;Chapecó;
31/03/2021;Lages;
31/03/2021;Caçador;
31/03/2021;Araranguá;
31/03/2021;Indaial;
31/03/2021;Xanxerê;
31/03/2021;São Miguel do Oeste;
31/03/2021;Laguna;
31/03/2021;Curitibanos;
31/03/2021;Rio Negrinho;
31/03/2021;Campos Novos;
31/03/2021;Itapoá;
31/03/2021;Joaçaba;
01/04/2021;Florianópolis;
01/04/2021;Itajaí;
01/04/2021;Chapecó;
01/04/2021;Lages;
01/04/2021;Caçador;
01/04/2021;Araranguá;
01/04/2021;Indaial;
01/04/2021;Xanxerê;
01/04/2021;São Miguel do Oeste;
01/04/2021;Laguna;
01/04/2021;Curitibanos;
01/04/2021;Rio Negrinho;
01/04/2021;Campos Novos;
01/04/2021;Itapoá;
01/04/2021;Joaçaba;
02/04/2021;Florianópolis;
02/04/2021;Itajaí;
02/04/2021;Chapecó;
02/04/2021;Lages;
02/04/2021;Caçador;
02/04/2021;Araranguá;
02/04/2021;Indaial;
02/04/2021;Xanxerê;
02/04/2021;São Miguel do Oeste;
02/04/2021;Laguna;
02/04/2021;Curitibanos;
02/04/2021;Rio Negrinho;
02/04/2021;Campos Novos;
02/04/2021;Itapoá;
02/04/2021;Joaçaba;
03/04/2021;Florianópolis;4
03/04/2021;Itajaí;4
03/04/2021;Chapecó;4
03/04/2021;Lages;4
03/04/2021;Caçador;4
03/04/2021;Araranguá;4
03/04/2021;Indaial;4
03/04/2021;Xanxerê;3
03/04/2021;São Miguel do Oeste;4
03/04/2021;Laguna;4
03/04/2021;Curitibanos;4
03/04/2021;Rio Negrinho;4
03/04/2021;Campos Novos;4
03/04/2021;Itapoá;4
03/04/2021;Joaçaba;4
04/04/2021;Florianópolis;4
04/04/2021;Itajaí;4
04/04/2021;Chapecó;4
04/04/2021;Lages;4
04/04/2021;Caçador;4
04/04/2021;Araranguá;4
04/04/2021;Indaial;4
04/04/2021;Xanxerê;3
04/04/2021;São Miguel do Oeste;4
04/04/2021;Laguna;4
04/04/2021;Curitibanos;4
04/04/2021;Rio Negrinho;4
04/04/2021;Campos Novos;4
04/04/2021;Itapoá;4
04/04/2021;Joaçaba;4
05/04/2021;Florianópolis;4
05/04/2021;Itajaí;4
05/04/2021;Chapecó;4
05/04/2021;Lages;4
05/04/2021;Caçador;4
05/04/2021;Araranguá;4
05/04/2021;Indaial;4
05/04/2021;Xanxerê;3
05/04/2021;São Miguel do Oeste;4
05/04/2021;Laguna;4
05/04/2021;Curitibanos;4
05/04/2021;Rio Negrinho;4
05/04/2021;Campos Novos;4
05/04/2021;Itapoá;4
05/04/2021;Joaçaba;4
06/04/2021;Florianópolis;4
06/04/2021;Itajaí;4
06/04/2021;Chapecó;4
06/04/2021;Lages;4
06/04/2021;Caçador;4
06/04/2021;Araranguá;4
06/04/2021;Indaial;4
06/04/2021;Xanxerê;3
06/04/2021;São Miguel do Oeste;4
06/04/2021;Laguna;4
06/04/2021;Curitibanos;4
06/04/2021;Rio Negrinho;4
06/04/2021;Campos Novos;4
06/04/2021;Itapoá;4
06/04/2021;Joaçaba;4
07/04/2021;Florianópolis;4
07/04/2021;Itajaí;4
07/04/2021;Chapecó;4
07/04/2021;Lages;4
07/04/2021;Caçador;4
07/04/2021;Araranguá;4
07/04/2021;Indaial;4
07/04/2021;Xanxerê;3
07/04/2021;São Miguel do Oeste;4
07/04/2021;Laguna;4
07/04/2021;Curitibanos;4
07/04/2021;Rio Negrinho;4
07/04/2021;Campos Novos;4
07/04/2021;Itapoá;4
07/04/2021;Joaçaba;4
08/04/2021;Florianópolis;4
08/04/2021;Itajaí;4
08/04/2021;Chapecó;4
08/04/2021;Lages;4
08/04/2021;Caçador;4
08/04/2021;Araranguá;4
08/04/2021;Indaial;4
08/04/2021;Xanxerê;3
08/04/2021;São Miguel do Oeste;4
08/04/2021;Laguna;4
08/04/2021;Curitibanos;4
08/04/2021;Rio Negrinho;4
08/04/2021;Campos Novos;4
08/04/2021;Itapoá;4
08/04/2021;Joaçaba;4
09/04/2021;Florianópolis;4
09/04/2021;Itajaí;4
09/04/2021;Chapecó;4
09/04/2021;Lages;4
09/04/2021;Caçador;4
09/04/2021;Araranguá;4
09/04/2021;Indaial;4
09/04/2021;Xanxerê;3
09/04/2021;São Miguel do Oeste;4
09/04/2021;Laguna;4
09/04/2021;Curitibanos;4
09/04/2021;Rio Negrinho;4
09/04/2021;Campos Novos;4
09/04/2021;Itapoá;4
09/04/2021;Joaçaba;4
10/04/2021;Florianópolis;3
10/04/2021;Itajaí;3
10/04/2021;Chapecó;4
10/04/2021;Lages;4
10/04/2021;Caçador;4
10/04/2021;Araranguá;3
10/04/2021;Indaial;4
10/04/2021;Xanxerê;4
10/04/2021;São Miguel do Oeste;4
10/04/2021;Laguna;4
10/04/2021;Curitibanos;4
10/04/2021;Rio Negrinho;4
10/04/2021;Campos Novos;4
10/04/2021;Itapoá;4
10/04/2021;Joaçaba;4
11/04/2021;Florianópolis;3
11/04/2021;Itajaí;3
11/04/2021;Chapecó;4
11/04/2021;Lages;4
11/04/2021;Caçador;4
11/04/2021;Araranguá;3
11/04/2021;Indaial;4
11/04/2021;Xanxerê;4
11/04/2021;São Miguel do Oeste;4
11/04/2021;Laguna;4
11/04/2021;Curitibanos;4
11/04/2021;Rio Negrinho;4
11/04/2021;Campos Novos;4
11/04/2021;Itapoá;4
11/04/2021;Joaçaba;4
12/04/2021;Florianópolis;3
12/04/2021;Itajaí;3
12/04/2021;Chapecó;4
12/04/2021;Lages;4
12/04/2021;Caçador;4
12/04/2021;Araranguá;3
12/04/2021;Indaial;4
12/04/2021;Xanxerê;4
12/04/2021;São Miguel do Oeste;4
12/04/2021;Laguna;4
12/04/2021;Curitibanos;4
12/04/2021;Rio Negrinho;4
12/04/2021;Campos Novos;4
12/04/2021;Itapoá;4
12/04/2021;Joaçaba;4
13/04/2021;Florianópolis;3
13/04/2021;Itajaí;3
13/04/2021;Chapecó;4
13/04/2021;Lages;4
13/04/2021;Caçador;4
13/04/2021;Araranguá;3
13/04/2021;Indaial;4
13/04/2021;Xanxerê;4
13/04/2021;São Miguel do Oeste;4
13/04/2021;Laguna;4
13/04/2021;Curitibanos;4
13/04/2021;Rio Negrinho;4
13/04/2021;Campos Novos;4
13/04/2021;Itapoá;4
13/04/2021;Joaçaba;4
14/04/2021;Florianópolis;3
14/04/2021;Itajaí;3
14/04/2021;Chapecó;4
14/04/2021;Lages;4
14/04/2021;Caçador;4
14/04/2021;Araranguá;3
14/04/2021;Indaial;4
14/04/2021;Xanxerê;4
14/04/2021;São Miguel do Oeste;4
14/04/2021;Laguna;4
14/04/2021;Curitibanos;4
14/04/2021;Rio Negrinho;4
14/04/2021;Campos Novos;4
14/04/2021;Itapoá;4
14/04/2021;Joaçaba;4
15/04/2021;Florianópolis;3
15/04/2021;Itajaí;3
15/04/2021;Chapecó;4
15/04/2021;Lages;4
15/04/2021;Caçador;4
15/04/2021;Araranguá;3
15/04/2021;Indaial;4
15/04/2021;Xanxerê;4
15/04/2021;São Miguel do Oeste;4
15/04/2021;Laguna;4
15/04/2021;Curitibanos;4
15/04/2021;Rio Negrinho;4
15/04/2021;Campos Novos;4
15/04/2021;Itapoá;4
15/04/2021;Joaçaba;4
16/04/2021;Florianópolis;3
16/04/2021;Itajaí;3
16/04/2021;Chapecó;4
16/04/2021;Lages;4
16/04/2021;Caçador;4
16/04/2021;Araranguá;3
16/04/2021;Indaial;4
16/04/2021;Xanxerê;4
16/04/2021;São Miguel do Oeste;4
16/04/2021;Laguna;4
16/04/2021;Curitibanos;4
16/04/2021;Rio Negrinho;4
16/04/2021;Campos Novos;4
16/04/2021;Itapoá;4
16/04/2021;Joaçaba;4
17/04/2021;Florianópolis;4
17/04/2021;Itajaí;4
17/04/2021;Chapecó;4
17/04/2021;Lages;4
17/04/2021;Caçador;4
17/04/2021;Araranguá;4
17/04/2021;Indaial;4
17/04/2021;Xanxerê;4
17/04/2021;São Miguel do Oeste;4
17/04/2021;Laguna;4
17/04/2021;Curitibanos;4
17/04/2021;Rio Negrinho;4
17/04/2021;Campos Novos;4
17/04/2021;Itapoá;4
17/04/2021;Joaçaba;4
18/04/2021;Florianópolis;4
18/04/2021;Itajaí;4
18/04/2021;Chapecó;4
18/04/2021;Lages;4
18/04/2021;Caçador;4
18/04/2021;Araranguá;4
18/04/2021;Indaial;4
18/04/2021;Xanxerê;4
18/04/2021;São Miguel do Oeste;4
18/04/2021;Laguna;4
18/04/2021;Curitibanos;4
18/04/2021;Rio Negrinho;4
18/04/2021;Campos Novos;4
18/04/2021;Itapoá;4
18/04/2021;Joaçaba;4
19/04/2021;Florianópolis;4
19/04/2021;Itajaí;4
19/04/2021;Chapecó;4
19/04/2021;Lages;4
19/04/2021;Caçador;4
19/04/2021;Araranguá;4
19/04/2021;Indaial;4
19/04/2021;Xanxerê;4
19/04/2021;São Miguel do Oeste;4
19/04/2021;Laguna;4
19/04/2021;Curitibanos;4
19/04/2021;Rio Negrinho;4
19/04/2021;Campos Novos;4
19/04/2021;Itapoá;4
19/04/2021;Joaçaba;4
20/04/2021;Florianópolis;4
20/04/2021;Itajaí;4
20/04/2021;Chapecó;4
20/04/2021;Lages;4
20/04/2021;Caçador;4
20/04/2021;Araranguá;4
20/04/2021;Indaial;4
20/04/2021;Xanxerê;4
20/04/2021;São Miguel do Oeste;4
20/04/2021;Laguna;4
20/04/2021;Curitibanos;4
20/04/2021;Rio Negrinho;4
20/04/2021;Campos Novos;4
20/04/2021;Itapoá;4
20/04/2021;Joaçaba;4
21/04/2021;Florianópolis;4
21/04/2021;Itajaí;4
21/04/2021;Chapecó;4
21/04/2021;Lages;4
21/04/2021;Caçador;4
21/04/2021;Araranguá;4
21/04/2021;Indaial;4
21/04/2021;Xanxerê;4
21/04/2021;São Miguel do Oeste;4
21/04/2021;Laguna;4
21/04/2021;Curitibanos;4
21/04/2021;Rio Negrinho;4
21/04/2021;Campos Novos;4
21/04/2021;Itapoá;4
21/04/2021;Joaçaba;4
22/04/2021;Florianópolis;4
22/04/2021;Itajaí;4
22/04/2021;Chapecó;4
22/04/2021;Lages;4
22/04/2021;Caçador;4
22/04/2021;Araranguá;4
22/04/2021;Indaial;4
22/04/2021;Xanxerê;4
22/04/2021;São Miguel do Oeste;4
22/04/2021;Laguna;4
22/04/2021;Curitibanos;4
22/04/2021;Rio Negrinho;4
22/04/2021;Campos Novos;4
22/04/2021;Itapoá;4
22/04/2021;Joaçaba;4
23/04/2021;Florianópolis;4
23/04/2021;Itajaí;4
23/04/2021;Chapecó;4
23/04/2021;Lages;4
23/04/2021;Caçador;4
23/04/2021;Araranguá;4
23/04/2021;Indaial;4
23/04/2021;Xanxerê;4
23/04/2021;São Miguel do Oeste;4
23/04/2021;Laguna;4
23/04/2021;Curitibanos;4
23/04/2021;Rio Negrinho;4
23/04/2021;Campos Novos;4
23/04/2021;Itapoá;4
23/04/2021;Joaçaba;4
24/04/2021;Florianópolis;3
24/04/2021;Itajaí;4
24/04/2021;Chapecó;3
24/04/2021;Lages;4
24/04/2021;Caçador;4
24/04/2021;Araranguá;4
24/04/2021;Indaial;3
24/04/2021;Xanxerê;4
24/04/2021;São Miguel do Oeste;4
24/04/2021;Laguna;3
24/04/2021;Curitibanos;4
24/04/2021;Rio Negrinho;4
24/04/2021;Campos Novos;4
24/04/2021;Itapoá;4
24/04/2021;Joaçaba;4
25/04/2021;Florianópolis;3
25/04/2021;Itajaí;4
25/04/2021;Chapecó;3
25/04/2021;Lages;4
25/04/2021;Caçador;4
25/04/2021;Araranguá;4
25/04/2021;Indaial;3
25/04/2021;Xanxerê;4
25/04/2021;São Miguel do Oeste;4
25/04/2021;Laguna;3
25/04/2021;Curitibanos;4
25/04/2021;Rio Negrinho;4
25/04/2021;Campos Novos;4
25/04/2021;Itapoá;4
25/04/2021;Joaçaba;4
26/04/2021;Florianópolis;3
26/04/2021;Itajaí;4
26/04/2021;Chapecó;3
26/04/2021;Lages;4
26/04/2021;Caçador;4
26/04/2021;Araranguá;4
26/04/2021;Indaial;3
26/04/2021;Xanxerê;4
26/04/2021;São Miguel do Oeste;4
26/04/2021;Laguna;3
26/04/2021;Curitibanos;4
26/04/2021;Rio Negrinho;4
26/04/2021;Campos Novos;4
26/04/2021;Itapoá;4
26/04/2021;Joaçaba;4
27/04/2021;Florianópolis;3
27/04/2021;Itajaí;4
27/04/2021;Chapecó;3
27/04/2021;Lages;4
27/04/2021;Caçador;4
27/04/2021;Araranguá;4
27/04/2021;Indaial;3
27/04/2021;Xanxerê;4
27/04/2021;São Miguel do Oeste;4
27/04/2021;Laguna;3
27/04/2021;Curitibanos;4
27/04/2021;Rio Negrinho;4
27/04/2021;Campos Novos;4
27/04/2021;Itapoá;4
27/04/2021;Joaçaba;4
28/04/2021;Florianópolis;3
28/04/2021;Itajaí;4
28/04/2021;Chapecó;3
28/04/2021;Lages;4
28/04/2021;Caçador;4
28/04/2021;Araranguá;4
28/04/2021;Indaial;3
28/04/2021;Xanxerê;4
28/04/2021;São Miguel do Oeste;4
28/04/2021;Laguna;3
28/04/2021;Curitibanos;4
28/04/2021;Rio Negrinho;4
28/04/2021;Campos Novos;4
28/04/2021;Itapoá;4
28/04/2021;Joaçaba;4
29/04/2021;Florianópolis;3
29/04/2021;Itajaí;4
29/04/2021;Chapecó;3
29/04/2021;Lages;4
29/04/2021;Caçador;4
29/04/2021;Araranguá;4
29/04/2021;Indaial;3
29/04/2021;Xanxerê;4
29/04/2021;São Miguel do Oeste;4
29/04/2021;Laguna;3
29/04/2021;Curitibanos;4
29/04/2021;Rio Negrinho;4
29/04/2021;Campos Novos;4
29/04/2021;Itapoá;4
29/04/2021;Joaçaba;4
30/04/2021;Florianópolis;3
30/04/2021;Itajaí;4
30/04/2021;Chapecó;3
30/04/2021;Lages;4
30/04/2021;Caçador;4
30/04/2021;Araranguá;4
30/04/2021;Indaial;3
30/04/2021;Xanxerê;4
30/04/2021;São Miguel do Oeste;4
30/04/2021;Laguna;3
30/04/2021;Curitibanos;4
30/04/2021;Rio Negrinho;4
30/04/2021;Campos Novos;4
30/04/2021;Itapoá;4
30/04/2021;Joaçaba;4
01/05/2021;Florianópolis;3
01/05/2021;Itajaí;4
01/05/2021;Chapecó;4
01/05/2021;Lages;4
01/05/2021;Caçador;4
01/05/2021;Araranguá;4
01/05/2021;Indaial;4
01/05/2021;Xanxerê;4
01/05/2021;São Miguel do Oeste;4
01/05/2021;Laguna;4
01/05/2021;Curitibanos;4
01/05/2021;Rio Negrinho;4
01/05/2021;Campos Novos;4
01/05/2021;Itapoá;4
01/05/2021;Joaçaba;4
02/05/2021;Florianópolis;3
02/05/2021;Itajaí;4
02/05/2021;Chapecó;4
02/05/2021;Lages;4
02/05/2021;Caçador;4
02/05/2021;Araranguá;4
02/05/2021;Indaial;4
02/05/2021;Xanxerê;4
02/05/2021;São Miguel do Oeste;4
02/05/2021;Laguna;4
02/05/2021;Curitibanos;4
02/05/2021;Rio Negrinho;4
02/05/2021;Campos Novos;4
02/05/2021;Itapoá;4
02/05/2021;Joaçaba;4
03/05/2021;Florianópolis;3
03/05/2021;Itajaí;4
03/05/2021;Chapecó;4
03/05/2021;Lages;4
03/05/2021;Caçador;4
03/05/2021;Araranguá;4
03/05/2021;Indaial;4
03/05/2021;Xanxerê;4
03/05/2021;São Miguel do Oeste;4
03/05/2021;Laguna;4
03/05/2021;Curitibanos;4
03/05/2021;Rio Negrinho;4
03/05/2021;Campos Novos;4
03/05/2021;Itapoá;4
03/05/2021;Joaçaba;4
04/05/2021;Florianópolis;3
04/05/2021;Itajaí;4
04/05/2021;Chapecó;4
04/05/2021;Lages;4
04/05/2021;Caçador;4
04/05/2021;Araranguá;4
04/05/2021;Indaial;4
04/05/2021;Xanxerê;4
04/05/2021;São Miguel do Oeste;4
04/05/2021;Laguna;4
04/05/2021;Curitibanos;4
04/05/2021;Rio Negrinho;4
04/05/2021;Campos Novos;4
04/05/2021;Itapoá;4
04/05/2021;Joaçaba;4
05/05/2021;Florianópolis;3
05/05/2021;Itajaí;4
05/05/2021;Chapecó;4
05/05/2021;Lages;4
05/05/2021;Caçador;4
05/05/2021;Araranguá;4
05/05/2021;Indaial;4
05/05/2021;Xanxerê;4
05/05/2021;São Miguel do Oeste;4
05/05/2021;Laguna;4
05/05/2021;Curitibanos;4
05/05/2021;Rio Negrinho;4
05/05/2021;Campos Novos;4
05/05/2021;Itapoá;4
05/05/2021;Joaçaba;4
06/05/2021;Florianópolis;3
06/05/2021;Itajaí;4
06/05/2021;Chapecó;4
06/05/2021;Lages;4
06/05/2021;Caçador;4
06/05/2021;Araranguá;4
06/05/2021;Indaial;4
06/05/2021;Xanxerê;4
06/05/2021;São Miguel do Oeste;4
06/05/2021;Laguna;4
06/05/2021;Curitibanos;4
06/05/2021;Rio Negrinho;4
06/05/2021;Campos Novos;4
06/05/2021;Itapoá;4
06/05/2021;Joaçaba;4
07/05/2021;Florianópolis;3
07/05/2021;Itajaí;4
07/05/2021;Chapecó;4
07/05/2021;Lages;4
07/05/2021;Caçador;4
07/05/2021;Araranguá;4
07/05/2021;Indaial;4
07/05/2021;Xanxerê;4
07/05/2021;São Miguel do Oeste;4
07/05/2021;Laguna;4
07/05/2021;Curitibanos;4
07/05/2021;Rio Negrinho;4
07/05/2021;Campos Novos;4
07/05/2021;Itapoá;4
07/05/2021;Joaçaba;4
08/05/2021;Florianópolis;3
08/05/2021;Itajaí;4
08/05/2021;Chapecó;4
08/05/2021;Lages;4
08/05/2021;Caçador;4
08/05/2021;Araranguá;4
08/05/2021;Indaial;4
08/05/2021;Xanxerê;4
08/05/2021;São Miguel do Oeste;4
08/05/2021;Laguna;4
08/05/2021;Curitibanos;4
08/05/2021;Rio Negrinho;4
08/05/2021;Campos Novos;4
08/05/2021;Itapoá;4
08/05/2021;Joaçaba;4
09/05/2021;Florianópolis;3
09/05/2021;Itajaí;4
09/05/2021;Chapecó;4
09/05/2021;Lages;4
09/05/2021;Caçador;4
09/05/2021;Araranguá;4
09/05/2021;Indaial;4
09/05/2021;Xanxerê;4
09/05/2021;São Miguel do Oeste;4
09/05/2021;Laguna;4
09/05/2021;Curitibanos;4
09/05/2021;Rio Negrinho;4
09/05/2021;Campos Novos;4
09/05/2021;Itapoá;4
09/05/2021;Joaçaba;4
10/05/2021;Florianópolis;3
10/05/2021;Itajaí;4
10/05/2021;Chapecó;4
10/05/2021;Lages;4
10/05/2021;Caçador;4
10/05/2021;Araranguá;4
10/05/2021;Indaial;4
10/05/2021;Xanxerê;4
10/05/2021;São Miguel do Oeste;4
10/05/2021;Laguna;4
10/05/2021;Curitibanos;4
10/05/2021;Rio Negrinho;4
10/05/2021;Campos Novos;4
10/05/2021;Itapoá;4
10/05/2021;Joaçaba;4
11/05/2021;Florianópolis;3
11/05/2021;Itajaí;4
11/05/2021;Chapecó;4
11/05/2021;Lages;4
11/05/2021;Caçador;4
11/05/2021;Araranguá;4
11/05/2021;Indaial;4
11/05/2021;Xanxerê;4
11/05/2021;São Miguel do Oeste;4
11/05/2021;Laguna;4
11/05/2021;Curitibanos;4
11/05/2021;Rio Negrinho;4
11/05/2021;Campos Novos;4
11/05/2021;Itapoá;4
11/05/2021;Joaçaba;4
12/05/2021;Florianópolis;3
12/05/2021;Itajaí;4
12/05/2021;Chapecó;4
12/05/2021;Lages;4
12/05/2021;Caçador;4
12/05/2021;Araranguá;4
12/05/2021;Indaial;4
12/05/2021;Xanxerê;4
12/05/2021;São Miguel do Oeste;4
12/05/2021;Laguna;4
12/05/2021;Curitibanos;4
12/05/2021;Rio Negrinho;4
12/05/2021;Campos Novos;4
12/05/2021;Itapoá;4
12/05/2021;Joaçaba;4
13/05/2021;Florianópolis;3
13/05/2021;Itajaí;4
13/05/2021;Chapecó;4
13/05/2021;Lages;4
13/05/2021;Caçador;4
13/05/2021;Araranguá;4
13/05/2021;Indaial;4
13/05/2021;Xanxerê;4
13/05/2021;São Miguel do Oeste;4
13/05/2021;Laguna;4
13/05/2021;Curitibanos;4
13/05/2021;Rio Negrinho;4
13/05/2021;Campos Novos;4
13/05/2021;Itapoá;4
13/05/2021;Joaçaba;4
14/05/2021;Florianópolis;3
14/05/2021;Itajaí;4
14/05/2021;Chapecó;4
14/05/2021;Lages;4
14/05/2021;Caçador;4
14/05/2021;Araranguá;4
14/05/2021;Indaial;4
14/05/2021;Xanxerê;4
14/05/2021;São Miguel do Oeste;4
14/05/2021;Laguna;4
14/05/2021;Curitibanos;4
14/05/2021;Rio Negrinho;4
14/05/2021;Campos Novos;4
14/05/2021;Itapoá;4
14/05/2021;Joaçaba;4
15/05/2021;Florianópolis;3
15/05/2021;Itajaí;4
15/05/2021;Chapecó;4
15/05/2021;Lages;4
15/05/2021;Caçador;4
15/05/2021;Araranguá;4
15/05/2021;Indaial;3
15/05/2021;Xanxerê;4
15/05/2021;São Miguel do Oeste;4
15/05/2021;Laguna;4
15/05/2021;Curitibanos;4
15/05/2021;Rio Negrinho;4
15/05/2021;Campos Novos;4
15/05/2021;Itapoá;3
15/05/2021;Joaçaba;4
16/05/2021;Florianópolis;3
16/05/2021;Itajaí;4
16/05/2021;Chapecó;4
16/05/2021;Lages;4
16/05/2021;Caçador;4
16/05/2021;Araranguá;4
16/05/2021;Indaial;3
16/05/2021;Xanxerê;4
16/05/2021;São Miguel do Oeste;4
16/05/2021;Laguna;4
16/05/2021;Curitibanos;4
16/05/2021;Rio Negrinho;4
16/05/2021;Campos Novos;4
16/05/2021;Itapoá;3
16/05/2021;Joaçaba;4
17/05/2021;Florianópolis;3
17/05/2021;Itajaí;4
17/05/2021;Chapecó;4
17/05/2021;Lages;4
17/05/2021;Caçador;4
17/05/2021;Araranguá;4
17/05/2021;Indaial;3
17/05/2021;Xanxerê;4
17/05/2021;São Miguel do Oeste;4
17/05/2021;Laguna;4
17/05/2021;Curitibanos;4
17/05/2021;Rio Negrinho;4
17/05/2021;Campos Novos;4
17/05/2021;Itapoá;3
17/05/2021;Joaçaba;4
18/05/2021;Florianópolis;3
18/05/2021;Itajaí;4
18/05/2021;Chapecó;4
18/05/2021;Lages;4
18/05/2021;Caçador;4
18/05/2021;Araranguá;4
18/05/2021;Indaial;3
18/05/2021;Xanxerê;4
18/05/2021;São Miguel do Oeste;4
18/05/2021;Laguna;4
18/05/2021;Curitibanos;4
18/05/2021;Rio Negrinho;4
18/05/2021;Campos Novos;4
18/05/2021;Itapoá;3
18/05/2021;Joaçaba;4
19/05/2021;Florianópolis;3
19/05/2021;Itajaí;4
19/05/2021;Chapecó;4
19/05/2021;Lages;4
19/05/2021;Caçador;4
19/05/2021;Araranguá;4
19/05/2021;Indaial;3
19/05/2021;Xanxerê;4
19/05/2021;São Miguel do Oeste;4
19/05/2021;Laguna;4
19/05/2021;Curitibanos;4
19/05/2021;Rio Negrinho;4
19/05/2021;Campos Novos;4
19/05/2021;Itapoá;3
19/05/2021;Joaçaba;4
20/05/2021;Florianópolis;3
20/05/2021;Itajaí;4
20/05/2021;Chapecó;4
20/05/2021;Lages;4
20/05/2021;Caçador;4
20/05/2021;Araranguá;4
20/05/2021;Indaial;3
20/05/2021;Xanxerê;4
20/05/2021;São Miguel do Oeste;4
20/05/2021;Laguna;4
20/05/2021;Curitibanos;4
20/05/2021;Rio Negrinho;4
20/05/2021;Campos Novos;4
20/05/2021;Itapoá;3
20/05/2021;Joaçaba;4
21/05/2021;Florianópolis;3
21/05/2021;Itajaí;4
21/05/2021;Chapecó;4
21/05/2021;Lages;4
21/05/2021;Caçador;4
21/05/2021;Araranguá;4
21/05/2021;Indaial;3
21/05/2021;Xanxerê;4
21/05/2021;São Miguel do Oeste;4
21/05/2021;Laguna;4
21/05/2021;Curitibanos;4
21/05/2021;Rio Negrinho;4
21/05/2021;Campos Novos;4
21/05/2021;Itapoá;3
21/05/2021;Joaçaba;4
22/05/2021;Florianópolis;3
22/05/2021;Itajaí;4
22/05/2021;Chapecó;4
22/05/2021;Lages;4
22/05/2021;Caçador;4
22/05/2021;Araranguá;4
22/05/2021;Indaial;4
22/05/2021;Xanxerê;4
22/05/2021;São Miguel do Oeste;4
22/05/2021;Laguna;4
22/05/2021;Curitibanos;4
22/05/2021;Rio Negrinho;4
22/05/2021;Campos Novos;4
22/05/2021;Itapoá;4
22/05/2021;Joaçaba;4
23/05/2021;Florianópolis;3
23/05/2021;Itajaí;4
23/05/2021;Chapecó;4
23/05/2021;Lages;4
23/05/2021;Caçador;4
23/05/2021;Araranguá;4
23/05/2021;Indaial;4
23/05/2021;Xanxerê;4
23/05/2021;São Miguel do Oeste;4
23/05/2021;Laguna;4
23/05/2021;Curitibanos;4
23/05/2021;Rio Negrinho;4
23/05/2021;Campos Novos;4
23/05/2021;Itapoá;4
23/05/2021;Joaçaba;4
24/05/2021;Florianópolis;3
24/05/2021;Itajaí;4
24/05/2021;Chapecó;4
24/05/2021;Lages;4
24/05/2021;Caçador;4
24/05/2021;Araranguá;4
24/05/2021;Indaial;4
24/05/2021;Xanxerê;4
24/05/2021;São Miguel do Oeste;4
24/05/2021;Laguna;4
24/05/2021;Curitibanos;4
24/05/2021;Rio Negrinho;4
24/05/2021;Campos Novos;4
24/05/2021;Itapoá;4
24/05/2021;Joaçaba;4
25/05/2021;Florianópolis;3
25/05/2021;Itajaí;4
25/05/2021;Chapecó;4
25/05/2021;Lages;4
25/05/2021;Caçador;4
25/05/2021;Araranguá;4
25/05/2021;Indaial;4
25/05/2021;Xanxerê;4
25/05/2021;São Miguel do Oeste;4
25/05/2021;Laguna;4
25/05/2021;Curitibanos;4
25/05/2021;Rio Negrinho;4
25/05/2021;Campos Novos;4
25/05/2021;Itapoá;4
25/05/2021;Joaçaba;4
26/05/2021;Florianópolis;3
26/05/2021;Itajaí;4
26/05/2021;Chapecó;4
26/05/2021;Lages;4
26/05/2021;Caçador;4
26/05/2021;Araranguá;4
26/05/2021;Indaial;4
26/05/2021;Xanxerê;4
26/05/2021;São Miguel do Oeste;4
26/05/2021;Laguna;4
26/05/2021;Curitibanos;4
26/05/2021;Rio Negrinho;4
26/05/2021;Campos Novos;4
26/05/2021;Itapoá;4
26/05/2021;Joaçaba;4
27/05/2021;Florianópolis;3
27/05/2021;Itajaí;4
27/05/2021;Chapecó;4
27/05/2021;Lages;4
27/05/2021;Caçador;4
27/05/2021;Araranguá;4
27/05/2021;Indaial;4
27/05/2021;Xanxerê;4
27/05/2021;São Miguel do Oeste;4
27/05/2021;Laguna;4
27/05/2021;Curitibanos;4
27/05/2021;Rio Negrinho;4
27/05/2021;Campos Novos;4
27/05/2021;Itapoá;4
27/05/2021;Joaçaba;4
28/05/2021;Florianópolis;3
28/05/2021;Itajaí;4
28/05/2021;Chapecó;4
28/05/2021;Lages;4
28/05/2021;Caçador;4
28/05/2021;Araranguá;4
28/05/2021;Indaial;4
28/05/2021;Xanxerê;4
28/05/2021;São Miguel do Oeste;4
28/05/2021;Laguna;4
28/05/2021;Curitibanos;4
28/05/2021;Rio Negrinho;4
28/05/2021;Campos Novos;4
28/05/2021;Itapoá;4
28/05/2021;Joaçaba;4
29/05/2021;Florianópolis;
29/05/2021;Itajaí;
29/05/2021;Chapecó;
29/05/2021;Lages;
29/05/2021;Caçador;
29/05/2021;Araranguá;
29/05/2021;Indaial;
29/05/2021;Xanxerê;
29/05/2021;São Miguel do Oeste;
29/05/2021;Laguna;
29/05/2021;Curitibanos;
29/05/2021;Rio Negrinho;
29/05/2021;Campos Novos;
29/05/2021;Itapoá;
29/05/2021;Joaçaba;
30/05/2021;Florianópolis;
30/05/2021;Itajaí;
30/05/2021;Chapecó;
30/05/2021;Lages;
30/05/2021;Caçador;
30/05/2021;Araranguá;
30/05/2021;Indaial;
30/05/2021;Xanxerê;
30/05/2021;São Miguel do Oeste;
30/05/2021;Laguna;
30/05/2021;Curitibanos;
30/05/2021;Rio Negrinho;
30/05/2021;Campos Novos;
30/05/2021;Itapoá;
30/05/2021;Joaçaba;
31/05/2021;Florianópolis;
31/05/2021;Itajaí;
31/05/2021;Chapecó;
31/05/2021;Lages;
31/05/2021;Caçador;
31/05/2021;Araranguá;
31/05/2021;Indaial;
31/05/2021;Xanxerê;
31/05/2021;São Miguel do Oeste;
31/05/2021;Laguna;
31/05/2021;Curitibanos;
31/05/2021;Rio Negrinho;
31/05/2021;Campos Novos;
31/05/2021;Itapoá;
31/05/2021;Joaçaba;
01/06/2021;Florianópolis;
01/06/2021;Itajaí;
01/06/2021;Chapecó;
01/06/2021;Lages;
01/06/2021;Caçador;
01/06/2021;Araranguá;
01/06/2021;Indaial;
01/06/2021;Xanxerê;
01/06/2021;São Miguel do Oeste;
01/06/2021;Laguna;
01/06/2021;Curitibanos;
01/06/2021;Rio Negrinho;
01/06/2021;Campos Novos;
01/06/2021;Itapoá;
01/06/2021;Joaçaba;
02/06/2021;Florianópolis;
02/06/2021;Itajaí;
02/06/2021;Chapecó;
02/06/2021;Lages;
02/06/2021;Caçador;
02/06/2021;Araranguá;
02/06/2021;Indaial;
02/06/2021;Xanxerê;
02/06/2021;São Miguel do Oeste;
02/06/2021;Laguna;
02/06/2021;Curitibanos;
02/06/2021;Rio Negrinho;
02/06/2021;Campos Novos;
02/06/2021;Itapoá;
02/06/2021;Joaçaba;
03/06/2021;Florianópolis;
03/06/2021;Itajaí;
03/06/2021;Chapecó;
03/06/2021;Lages;
03/06/2021;Caçador;
03/06/2021;Araranguá;
03/06/2021;Indaial;
03/06/2021;Xanxerê;
03/06/2021;São Miguel do Oeste;
03/06/2021;Laguna;
03/06/2021;Curitibanos;
03/06/2021;Rio Negrinho;
03/06/2021;Campos Novos;
03/06/2021;Itapoá;
03/06/2021;Joaçaba;
04/06/2021;Florianópolis;
04/06/2021;Itajaí;
04/06/2021;Chapecó;
04/06/2021;Lages;
04/06/2021;Caçador;
04/06/2021;Araranguá;
04/06/2021;Indaial;
04/06/2021;Xanxerê;
04/06/2021;São Miguel do Oeste;
04/06/2021;Laguna;
04/06/2021;Curitibanos;
04/06/2021;Rio Negrinho;
04/06/2021;Campos Novos;
04/06/2021;Itapoá;
04/06/2021;Joaçaba;
05/06/2021;Florianópolis;3
05/06/2021;Itajaí;4
05/06/2021;Chapecó;4
05/06/2021;Lages;4
05/06/2021;Caçador;4
05/06/2021;Araranguá;4
05/06/2021;Indaial;3
05/06/2021;Xanxerê;4
05/06/2021;São Miguel do Oeste;4
05/06/2021;Laguna;4
05/06/2021;Curitibanos;4
05/06/2021;Rio Negrinho;4
05/06/2021;Campos Novos;4
05/06/2021;Itapoá;3
05/06/2021;Joaçaba;4
06/06/2021;Florianópolis;3
06/06/2021;Itajaí;4
06/06/2021;Chapecó;4
06/06/2021;Lages;4
06/06/2021;Caçador;4
06/06/2021;Araranguá;4
06/06/2021;Indaial;3
06/06/2021;Xanxerê;4
06/06/2021;São Miguel do Oeste;4
06/06/2021;Laguna;4
06/06/2021;Curitibanos;4
06/06/2021;Rio Negrinho;4
06/06/2021;Campos Novos;4
06/06/2021;Itapoá;3
06/06/2021;Joaçaba;4
07/06/2021;Florianópolis;3
07/06/2021;Itajaí;4
07/06/2021;Chapecó;4
07/06/2021;Lages;4
07/06/2021;Caçador;4
07/06/2021;Araranguá;4
07/06/2021;Indaial;3
07/06/2021;Xanxerê;4
07/06/2021;São Miguel do Oeste;4
07/06/2021;Laguna;4
07/06/2021;Curitibanos;4
07/06/2021;Rio Negrinho;4
07/06/2021;Campos Novos;4
07/06/2021;Itapoá;3
07/06/2021;Joaçaba;4
08/06/2021;Florianópolis;3
08/06/2021;Itajaí;4
08/06/2021;Chapecó;4
08/06/2021;Lages;4
08/06/2021;Caçador;4
08/06/2021;Araranguá;4
08/06/2021;Indaial;3
08/06/2021;Xanxerê;4
08/06/2021;São Miguel do Oeste;4
08/06/2021;Laguna;4
08/06/2021;Curitibanos;4
08/06/2021;Rio Negrinho;4
08/06/2021;Campos Novos;4
08/06/2021;Itapoá;3
08/06/2021;Joaçaba;4
09/06/2021;Florianópolis;3
09/06/2021;Itajaí;4
09/06/2021;Chapecó;4
09/06/2021;Lages;4
09/06/2021;Caçador;4
09/06/2021;Araranguá;4
09/06/2021;Indaial;3
09/06/2021;Xanxerê;4
09/06/2021;São Miguel do Oeste;4
09/06/2021;Laguna;4
09/06/2021;Curitibanos;4
09/06/2021;Rio Negrinho;4
09/06/2021;Campos Novos;4
09/06/2021;Itapoá;3
09/06/2021;Joaçaba;4
10/06/2021;Florianópolis;3
10/06/2021;Itajaí;4
10/06/2021;Chapecó;4
10/06/2021;Lages;4
10/06/2021;Caçador;4
10/06/2021;Araranguá;4
10/06/2021;Indaial;3
10/06/2021;Xanxerê;4
10/06/2021;São Miguel do Oeste;4
10/06/2021;Laguna;4
10/06/2021;Curitibanos;4
10/06/2021;Rio Negrinho;4
10/06/2021;Campos Novos;4
10/06/2021;Itapoá;3
10/06/2021;Joaçaba;4
11/06/2021;Florianópolis;3
11/06/2021;Itajaí;4
11/06/2021;Chapecó;4
11/06/2021;Lages;4
11/06/2021;Caçador;4
11/06/2021;Araranguá;4
11/06/2021;Indaial;3
11/06/2021;Xanxerê;4
11/06/2021;São Miguel do Oeste;4
11/06/2021;Laguna;4
11/06/2021;Curitibanos;4
11/06/2021;Rio Negrinho;4
11/06/2021;Campos Novos;4
11/06/2021;Itapoá;3
11/06/2021;Joaçaba;4
12/06/2021;Florianópolis;4
12/06/2021;Itajaí;4
12/06/2021;Chapecó;4
12/06/2021;Lages;4
12/06/2021;Caçador;4
12/06/2021;Araranguá;4
12/06/2021;Indaial;4
12/06/2021;Xanxerê;4
12/06/2021;São Miguel do Oeste;4
12/06/2021;Laguna;4
12/06/2021;Curitibanos;4
12/06/2021;Rio Negrinho;4
12/06/2021;Campos Novos;4
12/06/2021;Itapoá;4
12/06/2021;Joaçaba;4
13/06/2021;Florianópolis;4
13/06/2021;Itajaí;4
13/06/2021;Chapecó;4
13/06/2021;Lages;4
13/06/2021;Caçador;4
13/06/2021;Araranguá;4
13/06/2021;Indaial;4
13/06/2021;Xanxerê;4
13/06/2021;São Miguel do Oeste;4
13/06/2021;Laguna;4
13/06/2021;Curitibanos;4
13/06/2021;Rio Negrinho;4
13/06/2021;Campos Novos;4
13/06/2021;Itapoá;4
13/06/2021;Joaçaba;4
14/06/2021;Florianópolis;4
14/06/2021;Itajaí;4
14/06/2021;Chapecó;4
14/06/2021;Lages;4
14/06/2021;Caçador;4
14/06/2021;Araranguá;4
14/06/2021;Indaial;4
14/06/2021;Xanxerê;4
14/06/2021;São Miguel do Oeste;4
14/06/2021;Laguna;4
14/06/2021;Curitibanos;4
14/06/2021;Rio Negrinho;4
14/06/2021;Campos Novos;4
14/06/2021;Itapoá;4
14/06/2021;Joaçaba;4
15/06/2021;Florianópolis;4
15/06/2021;Itajaí;4
15/06/2021;Chapecó;4
15/06/2021;Lages;4
15/06/2021;Caçador;4
15/06/2021;Araranguá;4
15/06/2021;Indaial;4
15/06/2021;Xanxerê;4
15/06/2021;São Miguel do Oeste;4
15/06/2021;Laguna;4
15/06/2021;Curitibanos;4
15/06/2021;Rio Negrinho;4
15/06/2021;Campos Novos;4
15/06/2021;Itapoá;4
15/06/2021;Joaçaba;4
16/06/2021;Florianópolis;4
16/06/2021;Itajaí;4
16/06/2021;Chapecó;4
16/06/2021;Lages;4
16/06/2021;Caçador;4
16/06/2021;Araranguá;4
16/06/2021;Indaial;4
16/06/2021;Xanxerê;4
16/06/2021;São Miguel do Oeste;4
16/06/2021;Laguna;4
16/06/2021;Curitibanos;4
16/06/2021;Rio Negrinho;4
16/06/2021;Campos Novos;4
16/06/2021;Itapoá;4
16/06/2021;Joaçaba;4
17/06/2021;Florianópolis;4
17/06/2021;Itajaí;4
17/06/2021;Chapecó;4
17/06/2021;Lages;4
17/06/2021;Caçador;4
17/06/2021;Araranguá;4
17/06/2021;Indaial;4
17/06/2021;Xanxerê;4
17/06/2021;São Miguel do Oeste;4
17/06/2021;Laguna;4
17/06/2021;Curitibanos;4
17/06/2021;Rio Negrinho;4
17/06/2021;Campos Novos;4
17/06/2021;Itapoá;4
17/06/2021;Joaçaba;4
18/06/2021;Florianópolis;4
18/06/2021;Itajaí;4
18/06/2021;Chapecó;4
18/06/2021;Lages;4
18/06/2021;Caçador;4
18/06/2021;Araranguá;4
18/06/2021;Indaial;4
18/06/2021;Xanxerê;4
18/06/2021;São Miguel do Oeste;4
18/06/2021;Laguna;4
18/06/2021;Curitibanos;4
18/06/2021;Rio Negrinho;4
18/06/2021;Campos Novos;4
18/06/2021;Itapoá;4
18/06/2021;Joaçaba;4
19/06/2021;Florianópolis;4
19/06/2021;Itajaí;4
19/06/2021;Chapecó;4
19/06/2021;Lages;4
19/06/2021;Caçador;4
19/06/2021;Araranguá;4
19/06/2021;Indaial;4
19/06/2021;Xanxerê;4
19/06/2021;São Miguel do Oeste;4
19/06/2021;Laguna;4
19/06/2021;Curitibanos;4
19/06/2021;Rio Negrinho;4
19/06/2021;Campos Novos;4
19/06/2021;Itapoá;3
19/06/2021;Joaçaba;4
20/06/2021;Florianópolis;4
20/06/2021;Itajaí;4
20/06/2021;Chapecó;4
20/06/2021;Lages;4
20/06/2021;Caçador;4
20/06/2021;Araranguá;4
20/06/2021;Indaial;4
20/06/2021;Xanxerê;4
20/06/2021;São Miguel do Oeste;4
20/06/2021;Laguna;4
20/06/2021;Curitibanos;4
20/06/2021;Rio Negrinho;4
20/06/2021;Campos Novos;4
20/06/2021;Itapoá;3
20/06/2021;Joaçaba;4
21/06/2021;Florianópolis;4
21/06/2021;Itajaí;4
21/06/2021;Chapecó;4
21/06/2021;Lages;4
21/06/2021;Caçador;4
21/06/2021;Araranguá;4
21/06/2021;Indaial;4
21/06/2021;Xanxerê;4
21/06/2021;São Miguel do Oeste;4
21/06/2021;Laguna;4
21/06/2021;Curitibanos;4
21/06/2021;Rio Negrinho;4
21/06/2021;Campos Novos;4
21/06/2021;Itapoá;3
21/06/2021;Joaçaba;4
22/06/2021;Florianópolis;4
22/06/2021;Itajaí;4
22/06/2021;Chapecó;4
22/06/2021;Lages;4
22/06/2021;Caçador;4
22/06/2021;Araranguá;4
22/06/2021;Indaial;4
22/06/2021;Xanxerê;4
22/06/2021;São Miguel do Oeste;4
22/06/2021;Laguna;4
22/06/2021;Curitibanos;4
22/06/2021;Rio Negrinho;4
22/06/2021;Campos Novos;4
22/06/2021;Itapoá;3
22/06/2021;Joaçaba;4
23/06/2021;Florianópolis;4
23/06/2021;Itajaí;4
23/06/2021;Chapecó;4
23/06/2021;Lages;4
23/06/2021;Caçador;4
23/06/2021;Araranguá;4
23/06/2021;Indaial;4
23/06/2021;Xanxerê;4
23/06/2021;São Miguel do Oeste;4
23/06/2021;Laguna;4
23/06/2021;Curitibanos;4
23/06/2021;Rio Negrinho;4
23/06/2021;Campos Novos;4
23/06/2021;Itapoá;3
23/06/2021;Joaçaba;4
24/06/2021;Florianópolis;4
24/06/2021;Itajaí;4
24/06/2021;Chapecó;4
24/06/2021;Lages;4
24/06/2021;Caçador;4
24/06/2021;Araranguá;4
24/06/2021;Indaial;4
24/06/2021;Xanxerê;4
24/06/2021;São Miguel do Oeste;4
24/06/2021;Laguna;4
24/06/2021;Curitibanos;4
24/06/2021;Rio Negrinho;4
24/06/2021;Campos Novos;4
24/06/2021;Itapoá;3
24/06/2021;Joaçaba;4
25/06/2021;Florianópolis;4
25/06/2021;Itajaí;4
25/06/2021;Chapecó;4
25/06/2021;Lages;4
25/06/2021;Caçador;4
25/06/2021;Araranguá;4
25/06/2021;Indaial;4
25/06/2021;Xanxerê;4
25/06/2021;São Miguel do Oeste;4
25/06/2021;Laguna;4
25/06/2021;Curitibanos;4
25/06/2021;Rio Negrinho;4
25/06/2021;Campos Novos;4
25/06/2021;Itapoá;3
25/06/2021;Joaçaba;4
26/06/2021;Florianópolis;4
26/06/2021;Itajaí;4
26/06/2021;Chapecó;4
26/06/2021;Lages;4
26/06/2021;Caçador;4
26/06/2021;Araranguá;4
26/06/2021;Indaial;4
26/06/2021;Xanxerê;4
26/06/2021;São Miguel do Oeste;3
26/06/2021;Laguna;4
26/06/2021;Curitibanos;4
26/06/2021;Rio Negrinho;4
26/06/2021;Campos Novos;4
26/06/2021;Itapoá;4
26/06/2021;Joaçaba;4
27/06/2021;Florianópolis;4
27/06/2021;Itajaí;4
27/06/2021;Chapecó;4
27/06/2021;Lages;4
27/06/2021;Caçador;4
27/06/2021;Araranguá;4
27/06/2021;Indaial;4
27/06/2021;Xanxerê;4
27/06/2021;São Miguel do Oeste;3
27/06/2021;Laguna;4
27/06/2021;Curitibanos;4
27/06/2021;Rio Negrinho;4
27/06/2021;Campos Novos;4
27/06/2021;Itapoá;4
27/06/2021;Joaçaba;4
28/06/2021;Florianópolis;4
28/06/2021;Itajaí;4
28/06/2021;Chapecó;4
28/06/2021;Lages;4
28/06/2021;Caçador;4
28/06/2021;Araranguá;4
28/06/2021;Indaial;4
28/06/2021;Xanxerê;4
28/06/2021;São Miguel do Oeste;3
28/06/2021;Laguna;4
28/06/2021;Curitibanos;4
28/06/2021;Rio Negrinho;4
28/06/2021;Campos Novos;4
28/06/2021;Itapoá;4
28/06/2021;Joaçaba;4
29/06/2021;Florianópolis;4
29/06/2021;Itajaí;4
29/06/2021;Chapecó;4
29/06/2021;Lages;4
29/06/2021;Caçador;4
29/06/2021;Araranguá;4
29/06/2021;Indaial;4
29/06/2021;Xanxerê;4
29/06/2021;São Miguel do Oeste;3
29/06/2021;Laguna;4
29/06/2021;Curitibanos;4
29/06/2021;Rio Negrinho;4
29/06/2021;Campos Novos;4
29/06/2021;Itapoá;4
29/06/2021;Joaçaba;4
30/06/2021;Florianópolis;4
30/06/2021;Itajaí;4
30/06/2021;Chapecó;4
30/06/2021;Lages;4
30/06/2021;Caçador;4
30/06/2021;Araranguá;4
30/06/2021;Indaial;4
30/06/2021;Xanxerê;4
30/06/2021;São Miguel do Oeste;3
30/06/2021;Laguna;4
30/06/2021;Curitibanos;4
30/06/2021;Rio Negrinho;4
30/06/2021;Campos Novos;4
30/06/2021;Itapoá;4
30/06/2021;Joaçaba;4
01/07/2021;Florianópolis;4
01/07/2021;Itajaí;4
01/07/2021;Chapecó;4
01/07/2021;Lages;4
01/07/2021;Caçador;4
01/07/2021;Araranguá;4
01/07/2021;Indaial;4
01/07/2021;Xanxerê;4
01/07/2021;São Miguel do Oeste;3
01/07/2021;Laguna;4
01/07/2021;Curitibanos;4
01/07/2021;Rio Negrinho;4
01/07/2021;Campos Novos;4
01/07/2021;Itapoá;4
01/07/2021;Joaçaba;4
02/07/2021;Florianópolis;4
02/07/2021;Itajaí;4
02/07/2021;Chapecó;4
02/07/2021;Lages;4
02/07/2021;Caçador;4
02/07/2021;Araranguá;4
02/07/2021;Indaial;4
02/07/2021;Xanxerê;4
02/07/2021;São Miguel do Oeste;3
02/07/2021;Laguna;4
02/07/2021;Curitibanos;4
02/07/2021;Rio Negrinho;4
02/07/2021;Campos Novos;4
02/07/2021;Itapoá;4
02/07/2021;Joaçaba;4
03/07/2021;Florianópolis;3
03/07/2021;Itajaí;4
03/07/2021;Chapecó;3
03/07/2021;Lages;4
03/07/2021;Caçador;4
03/07/2021;Araranguá;4
03/07/2021;Indaial;4
03/07/2021;Xanxerê;4
03/07/2021;São Miguel do Oeste;3
03/07/2021;Laguna;4
03/07/2021;Curitibanos;4
03/07/2021;Rio Negrinho;4
03/07/2021;Campos Novos;3
03/07/2021;Itapoá;4
03/07/2021;Joaçaba;3
04/07/2021;Florianópolis;3
04/07/2021;Itajaí;4
04/07/2021;Chapecó;3
04/07/2021;Lages;4
04/07/2021;Caçador;4
04/07/2021;Araranguá;4
04/07/2021;Indaial;4
04/07/2021;Xanxerê;4
04/07/2021;São Miguel do Oeste;3
04/07/2021;Laguna;4
04/07/2021;Curitibanos;4
04/07/2021;Rio Negrinho;4
04/07/2021;Campos Novos;3
04/07/2021;Itapoá;4
04/07/2021;Joaçaba;3
05/07/2021;Florianópolis;3
05/07/2021;Itajaí;4
05/07/2021;Chapecó;3
05/07/2021;Lages;4
05/07/2021;Caçador;4
05/07/2021;Araranguá;4
05/07/2021;Indaial;4
05/07/2021;Xanxerê;4
05/07/2021;São Miguel do Oeste;3
05/07/2021;Laguna;4
05/07/2021;Curitibanos;4
05/07/2021;Rio Negrinho;4
05/07/2021;Campos Novos;3
05/07/2021;Itapoá;4
05/07/2021;Joaçaba;3
06/07/2021;Florianópolis;3
06/07/2021;Itajaí;4
06/07/2021;Chapecó;3
06/07/2021;Lages;4
06/07/2021;Caçador;4
06/07/2021;Araranguá;4
06/07/2021;Indaial;4
06/07/2021;Xanxerê;4
06/07/2021;São Miguel do Oeste;3
06/07/2021;Laguna;4
06/07/2021;Curitibanos;4
06/07/2021;Rio Negrinho;4
06/07/2021;Campos Novos;3
06/07/2021;Itapoá;4
06/07/2021;Joaçaba;3
07/07/2021;Florianópolis;3
07/07/2021;Itajaí;4
07/07/2021;Chapecó;3
07/07/2021;Lages;4
07/07/2021;Caçador;4
07/07/2021;Araranguá;4
07/07/2021;Indaial;4
07/07/2021;Xanxerê;4
07/07/2021;São Miguel do Oeste;3
07/07/2021;Laguna;4
07/07/2021;Curitibanos;4
07/07/2021;Rio Negrinho;4
07/07/2021;Campos Novos;3
07/07/2021;Itapoá;4
07/07/2021;Joaçaba;3
08/07/2021;Florianópolis;3
08/07/2021;Itajaí;4
08/07/2021;Chapecó;3
08/07/2021;Lages;4
08/07/2021;Caçador;4
08/07/2021;Araranguá;4
08/07/2021;Indaial;4
08/07/2021;Xanxerê;4
08/07/2021;São Miguel do Oeste;3
08/07/2021;Laguna;4
08/07/2021;Curitibanos;4
08/07/2021;Rio Negrinho;4
08/07/2021;Campos Novos;3
08/07/2021;Itapoá;4
08/07/2021;Joaçaba;3
09/07/2021;Florianópolis;3
09/07/2021;Itajaí;4
09/07/2021;Chapecó;3
09/07/2021;Lages;4
09/07/2021;Caçador;4
09/07/2021;Araranguá;4
09/07/2021;Indaial;4
09/07/2021;Xanxerê;4
09/07/2021;São Miguel do Oeste;3
09/07/2021;Laguna;4
09/07/2021;Curitibanos;4
09/07/2021;Rio Negrinho;4
09/07/2021;Campos Novos;3
09/07/2021;Itapoá;4
09/07/2021;Joaçaba;3
10/07/2021;Florianópolis;3
10/07/2021;Itajaí;4
10/07/2021;Chapecó;3
10/07/2021;Lages;3
10/07/2021;Caçador;4
10/07/2021;Araranguá;4
10/07/2021;Indaial;4
10/07/2021;Xanxerê;3
10/07/2021;São Miguel do Oeste;3
10/07/2021;Laguna;4
10/07/2021;Curitibanos;4
10/07/2021;Rio Negrinho;3
10/07/2021;Campos Novos;3
10/07/2021;Itapoá;4
10/07/2021;Joaçaba;3
11/07/2021;Florianópolis;3
11/07/2021;Itajaí;4
11/07/2021;Chapecó;3
11/07/2021;Lages;3
11/07/2021;Caçador;4
11/07/2021;Araranguá;4
11/07/2021;Indaial;4
11/07/2021;Xanxerê;3
11/07/2021;São Miguel do Oeste;3
11/07/2021;Laguna;4
11/07/2021;Curitibanos;4
11/07/2021;Rio Negrinho;3
11/07/2021;Campos Novos;3
11/07/2021;Itapoá;4
11/07/2021;Joaçaba;3
12/07/2021;Florianópolis;3
12/07/2021;Itajaí;4
12/07/2021;Chapecó;3
12/07/2021;Lages;3
12/07/2021;Caçador;4
12/07/2021;Araranguá;4
12/07/2021;Indaial;4
12/07/2021;Xanxerê;3
12/07/2021;São Miguel do Oeste;3
12/07/2021;Laguna;4
12/07/2021;Curitibanos;4
12/07/2021;Rio Negrinho;3
12/07/2021;Campos Novos;3
12/07/2021;Itapoá;4
12/07/2021;Joaçaba;3
13/07/2021;Florianópolis;3
13/07/2021;Itajaí;4
13/07/2021;Chapecó;3
13/07/2021;Lages;3
13/07/2021;Caçador;4
13/07/2021;Araranguá;4
13/07/2021;Indaial;4
13/07/2021;Xanxerê;3
13/07/2021;São Miguel do Oeste;3
13/07/2021;Laguna;4
13/07/2021;Curitibanos;4
13/07/2021;Rio Negrinho;3
13/07/2021;Campos Novos;3
13/07/2021;Itapoá;4
13/07/2021;Joaçaba;3
14/07/2021;Florianópolis;3
14/07/2021;Itajaí;4
14/07/2021;Chapecó;3
14/07/2021;Lages;3
14/07/2021;Caçador;4
14/07/2021;Araranguá;4
14/07/2021;Indaial;4
14/07/2021;Xanxerê;3
14/07/2021;São Miguel do Oeste;3
14/07/2021;Laguna;4
14/07/2021;Curitibanos;4
14/07/2021;Rio Negrinho;3
14/07/2021;Campos Novos;3
14/07/2021;Itapoá;4
14/07/2021;Joaçaba;3
15/07/2021;Florianópolis;3
15/07/2021;Itajaí;4
15/07/2021;Chapecó;3
15/07/2021;Lages;3
15/07/2021;Caçador;4
15/07/2021;Araranguá;4
15/07/2021;Indaial;4
15/07/2021;Xanxerê;3
15/07/2021;São Miguel do Oeste;3
15/07/2021;Laguna;4
15/07/2021;Curitibanos;4
15/07/2021;Rio Negrinho;3
15/07/2021;Campos Novos;3
15/07/2021;Itapoá;4
15/07/2021;Joaçaba;3
16/07/2021;Florianópolis;3
16/07/2021;Itajaí;4
16/07/2021;Chapecó;3
16/07/2021;Lages;3
16/07/2021;Caçador;4
16/07/2021;Araranguá;4
16/07/2021;Indaial;4
16/07/2021;Xanxerê;3
16/07/2021;São Miguel do Oeste;3
16/07/2021;Laguna;4
16/07/2021;Curitibanos;4
16/07/2021;Rio Negrinho;3
16/07/2021;Campos Novos;3
16/07/2021;Itapoá;4
16/07/2021;Joaçaba;3
17/07/2021;Florianópolis;3
17/07/2021;Itajaí;4
17/07/2021;Chapecó;3
17/07/2021;Lages;3
17/07/2021;Caçador;4
17/07/2021;Araranguá;3
17/07/2021;Indaial;4
17/07/2021;Xanxerê;4
17/07/2021;São Miguel do Oeste;3
17/07/2021;Laguna;4
17/07/2021;Curitibanos;4
17/07/2021;Rio Negrinho;3
17/07/2021;Campos Novos;3
17/07/2021;Itapoá;4
17/07/2021;Joaçaba;3
18/07/2021;Florianópolis;3
18/07/2021;Itajaí;4
18/07/2021;Chapecó;3
18/07/2021;Lages;3
18/07/2021;Caçador;4
18/07/2021;Araranguá;3
18/07/2021;Indaial;4
18/07/2021;Xanxerê;4
18/07/2021;São Miguel do Oeste;3
18/07/2021;Laguna;4
18/07/2021;Curitibanos;4
18/07/2021;Rio Negrinho;3
18/07/2021;Campos Novos;3
18/07/2021;Itapoá;4
18/07/2021;Joaçaba;3
19/07/2021;Florianópolis;3
19/07/2021;Itajaí;4
19/07/2021;Chapecó;3
19/07/2021;Lages;3
19/07/2021;Caçador;4
19/07/2021;Araranguá;3
19/07/2021;Indaial;4
19/07/2021;Xanxerê;4
19/07/2021;São Miguel do Oeste;3
19/07/2021;Laguna;4
19/07/2021;Curitibanos;4
19/07/2021;Rio Negrinho;3
19/07/2021;Campos Novos;3
19/07/2021;Itapoá;4
19/07/2021;Joaçaba;3
20/07/2021;Florianópolis;3
20/07/2021;Itajaí;4
20/07/2021;Chapecó;3
20/07/2021;Lages;3
20/07/2021;Caçador;4
20/07/2021;Araranguá;3
20/07/2021;Indaial;4
20/07/2021;Xanxerê;4
20/07/2021;São Miguel do Oeste;3
20/07/2021;Laguna;4
20/07/2021;Curitibanos;4
20/07/2021;Rio Negrinho;3
20/07/2021;Campos Novos;3
20/07/2021;Itapoá;4
20/07/2021;Joaçaba;3
21/07/2021;Florianópolis;3
21/07/2021;Itajaí;4
21/07/2021;Chapecó;3
21/07/2021;Lages;3
21/07/2021;Caçador;4
21/07/2021;Araranguá;3
21/07/2021;Indaial;4
21/07/2021;Xanxerê;4
21/07/2021;São Miguel do Oeste;3
21/07/2021;Laguna;4
21/07/2021;Curitibanos;4
21/07/2021;Rio Negrinho;3
21/07/2021;Campos Novos;3
21/07/2021;Itapoá;4
21/07/2021;Joaçaba;3
22/07/2021;Florianópolis;3
22/07/2021;Itajaí;4
22/07/2021;Chapecó;3
22/07/2021;Lages;3
22/07/2021;Caçador;4
22/07/2021;Araranguá;3
22/07/2021;Indaial;4
22/07/2021;Xanxerê;4
22/07/2021;São Miguel do Oeste;3
22/07/2021;Laguna;4
22/07/2021;Curitibanos;4
22/07/2021;Rio Negrinho;3
22/07/2021;Campos Novos;3
22/07/2021;Itapoá;4
22/07/2021;Joaçaba;3
23/07/2021;Florianópolis;3
23/07/2021;Itajaí;4
23/07/2021;Chapecó;3
23/07/2021;Lages;3
23/07/2021;Caçador;4
23/07/2021;Araranguá;3
23/07/2021;Indaial;4
23/07/2021;Xanxerê;4
23/07/2021;São Miguel do Oeste;3
23/07/2021;Laguna;4
23/07/2021;Curitibanos;4
23/07/2021;Rio Negrinho;3
23/07/2021;Campos Novos;3
23/07/2021;Itapoá;4
23/07/2021;Joaçaba;3
24/07/2021;Florianópolis;3
24/07/2021;Itajaí;4
24/07/2021;Chapecó;3
24/07/2021;Lages;3
24/07/2021;Caçador;3
24/07/2021;Araranguá;3
24/07/2021;Indaial;4
24/07/2021;Xanxerê;3
24/07/2021;São Miguel do Oeste;3
24/07/2021;Laguna;3
24/07/2021;Curitibanos;3
24/07/2021;Rio Negrinho;3
24/07/2021;Campos Novos;2
24/07/2021;Itapoá;4
24/07/2021;Joaçaba;2
25/07/2021;Florianópolis;3
25/07/2021;Itajaí;4
25/07/2021;Chapecó;3
25/07/2021;Lages;3
25/07/2021;Caçador;3
25/07/2021;Araranguá;3
25/07/2021;Indaial;4
25/07/2021;Xanxerê;3
25/07/2021;São Miguel do Oeste;3
25/07/2021;Laguna;3
25/07/2021;Curitibanos;3
25/07/2021;Rio Negrinho;3
25/07/2021;Campos Novos;2
25/07/2021;Itapoá;4
25/07/2021;Joaçaba;2
26/07/2021;Florianópolis;3
26/07/2021;Itajaí;4
26/07/2021;Chapecó;3
26/07/2021;Lages;3
26/07/2021;Caçador;3
26/07/2021;Araranguá;3
26/07/2021;Indaial;4
26/07/2021;Xanxerê;3
26/07/2021;São Miguel do Oeste;3
26/07/2021;Laguna;3
26/07/2021;Curitibanos;3
26/07/2021;Rio Negrinho;3
26/07/2021;Campos Novos;2
26/07/2021;Itapoá;4
26/07/2021;Joaçaba;2
27/07/2021;Florianópolis;3
27/07/2021;Itajaí;4
27/07/2021;Chapecó;3
27/07/2021;Lages;3
27/07/2021;Caçador;3
27/07/2021;Araranguá;3
27/07/2021;Indaial;4
27/07/2021;Xanxerê;3
27/07/2021;São Miguel do Oeste;3
27/07/2021;Laguna;3
27/07/2021;Curitibanos;3
27/07/2021;Rio Negrinho;3
27/07/2021;Campos Novos;2
27/07/2021;Itapoá;4
27/07/2021;Joaçaba;2
28/07/2021;Florianópolis;3
28/07/2021;Itajaí;4
28/07/2021;Chapecó;3
28/07/2021;Lages;3
28/07/2021;Caçador;3
28/07/2021;Araranguá;3
28/07/2021;Indaial;4
28/07/2021;Xanxerê;3
28/07/2021;São Miguel do Oeste;3
28/07/2021;Laguna;3
28/07/2021;Curitibanos;3
28/07/2021;Rio Negrinho;3
28/07/2021;Campos Novos;2
28/07/2021;Itapoá;4
28/07/2021;Joaçaba;2
29/07/2021;Florianópolis;3
29/07/2021;Itajaí;4
29/07/2021;Chapecó;3
29/07/2021;Lages;3
29/07/2021;Caçador;3
29/07/2021;Araranguá;3
29/07/2021;Indaial;4
29/07/2021;Xanxerê;3
29/07/2021;São Miguel do Oeste;3
29/07/2021;Laguna;3
29/07/2021;Curitibanos;3
29/07/2021;Rio Negrinho;3
29/07/2021;Campos Novos;2
29/07/2021;Itapoá;4
29/07/2021;Joaçaba;2
30/07/2021;Florianópolis;3
30/07/2021;Itajaí;4
30/07/2021;Chapecó;3
30/07/2021;Lages;3
30/07/2021;Caçador;3
30/07/2021;Araranguá;3
30/07/2021;Indaial;4
30/07/2021;Xanxerê;3
30/07/2021;São Miguel do Oeste;3
30/07/2021;Laguna;3
30/07/2021;Curitibanos;3
30/07/2021;Rio Negrinho;3
30/07/2021;Campos Novos;2
30/07/2021;Itapoá;4
30/07/2021;Joaçaba;2
31/07/2021;Florianópolis;3
31/07/2021;Itajaí;4
31/07/2021;Chapecó;3
31/07/2021;Lages;3
31/07/2021;Caçador;4
31/07/2021;Araranguá;3
31/07/2021;Indaial;4
31/07/2021;Xanxerê;3
31/07/2021;São Miguel do Oeste;3
31/07/2021;Laguna;3
31/07/2021;Curitibanos;4
31/07/2021;Rio Negrinho;3
31/07/2021;Campos Novos;2
31/07/2021;Itapoá;4
31/07/2021;Joaçaba;2
01/08/2021;Florianópolis;3
01/08/2021;Itajaí;4
01/08/2021;Chapecó;3
01/08/2021;Lages;3
01/08/2021;Caçador;4
01/08/2021;Araranguá;3
01/08/2021;Indaial;4
01/08/2021;Xanxerê;3
01/08/2021;São Miguel do Oeste;3
01/08/2021;Laguna;3
01/08/2021;Curitibanos;4
01/08/2021;Rio Negrinho;3
01/08/2021;Campos Novos;2
01/08/2021;Itapoá;4
01/08/2021;Joaçaba;2
02/08/2021;Florianópolis;3
02/08/2021;Itajaí;4
02/08/2021;Chapecó;3
02/08/2021;Lages;3
02/08/2021;Caçador;4
02/08/2021;Araranguá;3
02/08/2021;Indaial;4
02/08/2021;Xanxerê;3
02/08/2021;São Miguel do Oeste;3
02/08/2021;Laguna;3
02/08/2021;Curitibanos;4
02/08/2021;Rio Negrinho;3
02/08/2021;Campos Novos;2
02/08/2021;Itapoá;4
02/08/2021;Joaçaba;2
03/08/2021;Florianópolis;3
03/08/2021;Itajaí;4
03/08/2021;Chapecó;3
03/08/2021;Lages;3
03/08/2021;Caçador;4
03/08/2021;Araranguá;3
03/08/2021;Indaial;4
03/08/2021;Xanxerê;3
03/08/2021;São Miguel do Oeste;3
03/08/2021;Laguna;3
03/08/2021;Curitibanos;4
03/08/2021;Rio Negrinho;3
03/08/2021;Campos Novos;2
03/08/2021;Itapoá;4
03/08/2021;Joaçaba;2
04/08/2021;Florianópolis;3
04/08/2021;Itajaí;4
04/08/2021;Chapecó;3
04/08/2021;Lages;3
04/08/2021;Caçador;4
04/08/2021;Araranguá;3
04/08/2021;Indaial;4
04/08/2021;Xanxerê;3
04/08/2021;São Miguel do Oeste;3
04/08/2021;Laguna;3
04/08/2021;Curitibanos;4
04/08/2021;Rio Negrinho;3
04/08/2021;Campos Novos;2
04/08/2021;Itapoá;4
04/08/2021;Joaçaba;2
05/08/2021;Florianópolis;3
05/08/2021;Itajaí;4
05/08/2021;Chapecó;3
05/08/2021;Lages;3
05/08/2021;Caçador;4
05/08/2021;Araranguá;3
05/08/2021;Indaial;4
05/08/2021;Xanxerê;3
05/08/2021;São Miguel do Oeste;3
05/08/2021;Laguna;3
05/08/2021;Curitibanos;4
05/08/2021;Rio Negrinho;3
05/08/2021;Campos Novos;2
05/08/2021;Itapoá;4
05/08/2021;Joaçaba;2
06/08/2021;Florianópolis;3
06/08/2021;Itajaí;4
06/08/2021;Chapecó;3
06/08/2021;Lages;3
06/08/2021;Caçador;4
06/08/2021;Araranguá;3
06/08/2021;Indaial;4
06/08/2021;Xanxerê;3
06/08/2021;São Miguel do Oeste;3
06/08/2021;Laguna;3
06/08/2021;Curitibanos;4
06/08/2021;Rio Negrinho;3
06/08/2021;Campos Novos;2
06/08/2021;Itapoá;4
06/08/2021;Joaçaba;2
07/08/2021;Florianópolis;2
07/08/2021;Itajaí;4
07/08/2021;Chapecó;3
07/08/2021;Lages;2
07/08/2021;Caçador;3
07/08/2021;Araranguá;2
07/08/2021;Indaial;4
07/08/2021;Xanxerê;3
07/08/2021;São Miguel do Oeste;4
07/08/2021;Laguna;3
07/08/2021;Curitibanos;3
07/08/2021;Rio Negrinho;3
07/08/2021;Campos Novos;3
07/08/2021;Itapoá;4
07/08/2021;Joaçaba;3
08/08/2021;Florianópolis;2
08/08/2021;Itajaí;4
08/08/2021;Chapecó;3
08/08/2021;Lages;2
08/08/2021;Caçador;3
08/08/2021;Araranguá;2
08/08/2021;Indaial;4
08/08/2021;Xanxerê;3
08/08/2021;São Miguel do Oeste;4
08/08/2021;Laguna;3
08/08/2021;Curitibanos;3
08/08/2021;Rio Negrinho;3
08/08/2021;Campos Novos;3
08/08/2021;Itapoá;4
08/08/2021;Joaçaba;3
09/08/2021;Florianópolis;2
09/08/2021;Itajaí;4
09/08/2021;Chapecó;3
09/08/2021;Lages;2
09/08/2021;Caçador;3
09/08/2021;Araranguá;2
09/08/2021;Indaial;4
09/08/2021;Xanxerê;3
09/08/2021;São Miguel do Oeste;4
09/08/2021;Laguna;3
09/08/2021;Curitibanos;3
09/08/2021;Rio Negrinho;3
09/08/2021;Campos Novos;3
09/08/2021;Itapoá;4
09/08/2021;Joaçaba;3
10/08/2021;Florianópolis;2
10/08/2021;Itajaí;4
10/08/2021;Chapecó;3
10/08/2021;Lages;2
10/08/2021;Caçador;3
10/08/2021;Araranguá;2
10/08/2021;Indaial;4
10/08/2021;Xanxerê;3
10/08/2021;São Miguel do Oeste;4
10/08/2021;Laguna;3
10/08/2021;Curitibanos;3
10/08/2021;Rio Negrinho;3
10/08/2021;Campos Novos;3
10/08/2021;Itapoá;4
10/08/2021;Joaçaba;3
11/08/2021;Florianópolis;2
11/08/2021;Itajaí;4
11/08/2021;Chapecó;3
11/08/2021;Lages;2
11/08/2021;Caçador;3
11/08/2021;Araranguá;2
11/08/2021;Indaial;4
11/08/2021;Xanxerê;3
11/08/2021;São Miguel do Oeste;4
11/08/2021;Laguna;3
11/08/2021;Curitibanos;3
11/08/2021;Rio Negrinho;3
11/08/2021;Campos Novos;3
11/08/2021;Itapoá;4
11/08/2021;Joaçaba;3
12/08/2021;Florianópolis;2
12/08/2021;Itajaí;4
12/08/2021;Chapecó;3
12/08/2021;Lages;2
12/08/2021;Caçador;3
12/08/2021;Araranguá;2
12/08/2021;Indaial;4
12/08/2021;Xanxerê;3
12/08/2021;São Miguel do Oeste;4
12/08/2021;Laguna;3
12/08/2021;Curitibanos;3
12/08/2021;Rio Negrinho;3
12/08/2021;Campos Novos;3
12/08/2021;Itapoá;4
12/08/2021;Joaçaba;3
13/08/2021;Florianópolis;2
13/08/2021;Itajaí;4
13/08/2021;Chapecó;3
13/08/2021;Lages;2
13/08/2021;Caçador;3
13/08/2021;Araranguá;2
13/08/2021;Indaial;4
13/08/2021;Xanxerê;3
13/08/2021;São Miguel do Oeste;4
13/08/2021;Laguna;3
13/08/2021;Curitibanos;3
13/08/2021;Rio Negrinho;3
13/08/2021;Campos Novos;3
13/08/2021;Itapoá;4
13/08/2021;Joaçaba;3
14/08/2021;Florianópolis;3
14/08/2021;Itajaí;4
14/08/2021;Chapecó;3
14/08/2021;Lages;2
14/08/2021;Caçador;3
14/08/2021;Araranguá;2
14/08/2021;Indaial;3
14/08/2021;Xanxerê;3
14/08/2021;São Miguel do Oeste;3
14/08/2021;Laguna;2
14/08/2021;Curitibanos;3
14/08/2021;Rio Negrinho;3
14/08/2021;Campos Novos;2
14/08/2021;Itapoá;4
14/08/2021;Joaçaba;2
15/08/2021;Florianópolis;3
15/08/2021;Itajaí;4
15/08/2021;Chapecó;3
15/08/2021;Lages;2
15/08/2021;Caçador;3
15/08/2021;Araranguá;2
15/08/2021;Indaial;3
15/08/2021;Xanxerê;3
15/08/2021;São Miguel do Oeste;3
15/08/2021;Laguna;2
15/08/2021;Curitibanos;3
15/08/2021;Rio Negrinho;3
15/08/2021;Campos Novos;2
15/08/2021;Itapoá;4
15/08/2021;Joaçaba;2
16/08/2021;Florianópolis;3
16/08/2021;Itajaí;4
16/08/2021;Chapecó;3
16/08/2021;Lages;2
16/08/2021;Caçador;3
16/08/2021;Araranguá;2
16/08/2021;Indaial;3
16/08/2021;Xanxerê;3
16/08/2021;São Miguel do Oeste;3
16/08/2021;Laguna;2
16/08/2021;Curitibanos;3
16/08/2021;Rio Negrinho;3
16/08/2021;Campos Novos;2
16/08/2021;Itapoá;4
16/08/2021;Joaçaba;2
17/08/2021;Florianópolis;3
17/08/2021;Itajaí;4
17/08/2021;Chapecó;3
17/08/2021;Lages;2
17/08/2021;Caçador;3
17/08/2021;Araranguá;2
17/08/2021;Indaial;3
17/08/2021;Xanxerê;3
17/08/2021;São Miguel do Oeste;3
17/08/2021;Laguna;2
17/08/2021;Curitibanos;3
17/08/2021;Rio Negrinho;3
17/08/2021;Campos Novos;2
17/08/2021;Itapoá;4
17/08/2021;Joaçaba;2
18/08/2021;Florianópolis;3
18/08/2021;Itajaí;4
18/08/2021;Chapecó;3
18/08/2021;Lages;2
18/08/2021;Caçador;3
18/08/2021;Araranguá;2
18/08/2021;Indaial;3
18/08/2021;Xanxerê;3
18/08/2021;São Miguel do Oeste;3
18/08/2021;Laguna;2
18/08/2021;Curitibanos;3
18/08/2021;Rio Negrinho;3
18/08/2021;Campos Novos;2
18/08/2021;Itapoá;4
18/08/2021;Joaçaba;2
19/08/2021;Florianópolis;3
19/08/2021;Itajaí;4
19/08/2021;Chapecó;3
19/08/2021;Lages;2
19/08/2021;Caçador;3
19/08/2021;Araranguá;2
19/08/2021;Indaial;3
19/08/2021;Xanxerê;3
19/08/2021;São Miguel do Oeste;3
19/08/2021;Laguna;2
19/08/2021;Curitibanos;3
19/08/2021;Rio Negrinho;3
19/08/2021;Campos Novos;2
19/08/2021;Itapoá;4
19/08/2021;Joaçaba;2
20/08/2021;Florianópolis;3
20/08/2021;Itajaí;4
20/08/2021;Chapecó;3
20/08/2021;Lages;2
20/08/2021;Caçador;3
20/08/2021;Araranguá;2
20/08/2021;Indaial;3
20/08/2021;Xanxerê;3
20/08/2021;São Miguel do Oeste;3
20/08/2021;Laguna;2
20/08/2021;Curitibanos;3
20/08/2021;Rio Negrinho;3
20/08/2021;Campos Novos;2
20/08/2021;Itapoá;4
20/08/2021;Joaçaba;2
21/08/2021;Florianópolis;2
21/08/2021;Itajaí;3
21/08/2021;Chapecó;3
21/08/2021;Lages;3
21/08/2021;Caçador;2
21/08/2021;Araranguá;2
21/08/2021;Indaial;3
21/08/2021;Xanxerê;4
21/08/2021;São Miguel do Oeste;2
21/08/2021;Laguna;2
21/08/2021;Curitibanos;2
21/08/2021;Rio Negrinho;3
21/08/2021;Campos Novos;2
21/08/2021;Itapoá;4
21/08/2021;Joaçaba;2
22/08/2021;Florianópolis;2
22/08/2021;Itajaí;3
22/08/2021;Chapecó;3
22/08/2021;Lages;3
22/08/2021;Caçador;2
22/08/2021;Araranguá;2
22/08/2021;Indaial;3
22/08/2021;Xanxerê;4
22/08/2021;São Miguel do Oeste;2
22/08/2021;Laguna;2
22/08/2021;Curitibanos;2
22/08/2021;Rio Negrinho;3
22/08/2021;Campos Novos;2
22/08/2021;Itapoá;4
22/08/2021;Joaçaba;2
23/08/2021;Florianópolis;2
23/08/2021;Itajaí;3
23/08/2021;Chapecó;3
23/08/2021;Lages;3
23/08/2021;Caçador;2
23/08/2021;Araranguá;2
23/08/2021;Indaial;3
23/08/2021;Xanxerê;4
23/08/2021;São Miguel do Oeste;2
23/08/2021;Laguna;2
23/08/2021;Curitibanos;2
23/08/2021;Rio Negrinho;3
23/08/2021;Campos Novos;2
23/08/2021;Itapoá;4
23/08/2021;Joaçaba;2
24/08/2021;Florianópolis;2
24/08/2021;Itajaí;3
24/08/2021;Chapecó;3
24/08/2021;Lages;3
24/08/2021;Caçador;2
24/08/2021;Araranguá;2
24/08/2021;Indaial;3
24/08/2021;Xanxerê;4
24/08/2021;São Miguel do Oeste;2
24/08/2021;Laguna;2
24/08/2021;Curitibanos;2
24/08/2021;Rio Negrinho;3
24/08/2021;Campos Novos;2
24/08/2021;Itapoá;4
24/08/2021;Joaçaba;2
25/08/2021;Florianópolis;2
25/08/2021;Itajaí;3
25/08/2021;Chapecó;3
25/08/2021;Lages;3
25/08/2021;Caçador;2
25/08/2021;Araranguá;2
25/08/2021;Indaial;3
25/08/2021;Xanxerê;4
25/08/2021;São Miguel do Oeste;2
25/08/2021;Laguna;2
25/08/2021;Curitibanos;2
25/08/2021;Rio Negrinho;3
25/08/2021;Campos Novos;2
25/08/2021;Itapoá;4
25/08/2021;Joaçaba;2
26/08/2021;Florianópolis;2
26/08/2021;Itajaí;3
26/08/2021;Chapecó;3
26/08/2021;Lages;3
26/08/2021;Caçador;2
26/08/2021;Araranguá;2
26/08/2021;Indaial;3
26/08/2021;Xanxerê;4
26/08/2021;São Miguel do Oeste;2
26/08/2021;Laguna;2
26/08/2021;Curitibanos;2
26/08/2021;Rio Negrinho;3
26/08/2021;Campos Novos;2
26/08/2021;Itapoá;4
26/08/2021;Joaçaba;2
27/08/2021;Florianópolis;2
27/08/2021;Itajaí;3
27/08/2021;Chapecó;3
27/08/2021;Lages;3
27/08/2021;Caçador;2
27/08/2021;Araranguá;2
27/08/2021;Indaial;3
27/08/2021;Xanxerê;4
27/08/2021;São Miguel do Oeste;2
27/08/2021;Laguna;2
27/08/2021;Curitibanos;2
27/08/2021;Rio Negrinho;3
27/08/2021;Campos Novos;2
27/08/2021;Itapoá;4
27/08/2021;Joaçaba;2
28/08/2021;Florianópolis;3
28/08/2021;Itajaí;3
28/08/2021;Chapecó;3
28/08/2021;Lages;3
28/08/2021;Caçador;2
28/08/2021;Araranguá;2
28/08/2021;Indaial;2
28/08/2021;Xanxerê;3
28/08/2021;São Miguel do Oeste;3
28/08/2021;Laguna;3
28/08/2021;Curitibanos;2
28/08/2021;Rio Negrinho;3
28/08/2021;Campos Novos;2
28/08/2021;Itapoá;4
28/08/2021;Joaçaba;2
29/08/2021;Florianópolis;3
29/08/2021;Itajaí;3
29/08/2021;Chapecó;3
29/08/2021;Lages;3
29/08/2021;Caçador;2
29/08/2021;Araranguá;2
29/08/2021;Indaial;2
29/08/2021;Xanxerê;3
29/08/2021;São Miguel do Oeste;3
29/08/2021;Laguna;3
29/08/2021;Curitibanos;2
29/08/2021;Rio Negrinho;3
29/08/2021;Campos Novos;2
29/08/2021;Itapoá;4
29/08/2021;Joaçaba;2
30/08/2021;Florianópolis;3
30/08/2021;Itajaí;3
30/08/2021;Chapecó;3
30/08/2021;Lages;3
30/08/2021;Caçador;2
30/08/2021;Araranguá;2
30/08/2021;Indaial;2
30/08/2021;Xanxerê;3
30/08/2021;São Miguel do Oeste;3
30/08/2021;Laguna;3
30/08/2021;Curitibanos;2
30/08/2021;Rio Negrinho;3
30/08/2021;Campos Novos;2
30/08/2021;Itapoá;4
30/08/2021;Joaçaba;2
31/08/2021;Florianópolis;3
31/08/2021;Itajaí;3
31/08/2021;Chapecó;3
31/08/2021;Lages;3
31/08/2021;Caçador;2
31/08/2021;Araranguá;2
31/08/2021;Indaial;2
31/08/2021;Xanxerê;3
31/08/2021;São Miguel do Oeste;3
31/08/2021;Laguna;3
31/08/2021;Curitibanos;2
31/08/2021;Rio Negrinho;3
31/08/2021;Campos Novos;2
31/08/2021;Itapoá;4
31/08/2021;Joaçaba;2
01/09/2021;Florianópolis;3
01/09/2021;Itajaí;3
01/09/2021;Chapecó;3
01/09/2021;Lages;3
01/09/2021;Caçador;2
01/09/2021;Araranguá;2
01/09/2021;Indaial;2
01/09/2021;Xanxerê;3
01/09/2021;São Miguel do Oeste;3
01/09/2021;Laguna;3
01/09/2021;Curitibanos;2
01/09/2021;Rio Negrinho;3
01/09/2021;Campos Novos;2
01/09/2021;Itapoá;4
01/09/2021;Joaçaba;2
02/09/2021;Florianópolis;3
02/09/2021;Itajaí;3
02/09/2021;Chapecó;3
02/09/2021;Lages;3
02/09/2021;Caçador;2
02/09/2021;Araranguá;2
02/09/2021;Indaial;2
02/09/2021;Xanxerê;3
02/09/2021;São Miguel do Oeste;3
02/09/2021;Laguna;3
02/09/2021;Curitibanos;2
02/09/2021;Rio Negrinho;3
02/09/2021;Campos Novos;2
02/09/2021;Itapoá;4
02/09/2021;Joaçaba;2
03/09/2021;Florianópolis;3
03/09/2021;Itajaí;3
03/09/2021;Chapecó;3
03/09/2021;Lages;3
03/09/2021;Caçador;2
03/09/2021;Araranguá;2
03/09/2021;Indaial;2
03/09/2021;Xanxerê;3
03/09/2021;São Miguel do Oeste;3
03/09/2021;Laguna;3
03/09/2021;Curitibanos;2
03/09/2021;Rio Negrinho;3
03/09/2021;Campos Novos;2
03/09/2021;Itapoá;4
03/09/2021;Joaçaba;2
04/09/2021;Florianópolis;3
04/09/2021;Itajaí;3
04/09/2021;Chapecó;3
04/09/2021;Lages;2
04/09/2021;Caçador;2
04/09/2021;Araranguá;2
04/09/2021;Indaial;2
04/09/2021;Xanxerê;3
04/09/2021;São Miguel do Oeste;2
04/09/2021;Laguna;2
04/09/2021;Curitibanos;2
04/09/2021;Rio Negrinho;4
04/09/2021;Campos Novos;2
04/09/2021;Itapoá;4
04/09/2021;Joaçaba;2
05/09/2021;Florianópolis;3
05/09/2021;Itajaí;3
05/09/2021;Chapecó;3
05/09/2021;Lages;2
05/09/2021;Caçador;2
05/09/2021;Araranguá;2
05/09/2021;Indaial;2
05/09/2021;Xanxerê;3
05/09/2021;São Miguel do Oeste;2
05/09/2021;Laguna;2
05/09/2021;Curitibanos;2
05/09/2021;Rio Negrinho;4
05/09/2021;Campos Novos;2
05/09/2021;Itapoá;4
05/09/2021;Joaçaba;2
06/09/2021;Florianópolis;3
06/09/2021;Itajaí;3
06/09/2021;Chapecó;3
06/09/2021;Lages;2
06/09/2021;Caçador;2
06/09/2021;Araranguá;2
06/09/2021;Indaial;2
06/09/2021;Xanxerê;3
06/09/2021;São Miguel do Oeste;2
06/09/2021;Laguna;2
06/09/2021;Curitibanos;2
06/09/2021;Rio Negrinho;4
06/09/2021;Campos Novos;2
06/09/2021;Itapoá;4
06/09/2021;Joaçaba;2
07/09/2021;Florianópolis;3
07/09/2021;Itajaí;3
07/09/2021;Chapecó;3
07/09/2021;Lages;2
07/09/2021;Caçador;2
07/09/2021;Araranguá;2
07/09/2021;Indaial;2
07/09/2021;Xanxerê;3
07/09/2021;São Miguel do Oeste;2
07/09/2021;Laguna;2
07/09/2021;Curitibanos;2
07/09/2021;Rio Negrinho;4
07/09/2021;Campos Novos;2
07/09/2021;Itapoá;4
07/09/2021;Joaçaba;2
08/09/2021;Florianópolis;3
08/09/2021;Itajaí;3
08/09/2021;Chapecó;3
08/09/2021;Lages;2
08/09/2021;Caçador;2
08/09/2021;Araranguá;2
08/09/2021;Indaial;2
08/09/2021;Xanxerê;3
08/09/2021;São Miguel do Oeste;2
08/09/2021;Laguna;2
08/09/2021;Curitibanos;2
08/09/2021;Rio Negrinho;4
08/09/2021;Campos Novos;2
08/09/2021;Itapoá;4
08/09/2021;Joaçaba;2
09/09/2021;Florianópolis;3
09/09/2021;Itajaí;3
09/09/2021;Chapecó;3
09/09/2021;Lages;2
09/09/2021;Caçador;2
09/09/2021;Araranguá;2
09/09/2021;Indaial;2
09/09/2021;Xanxerê;3
09/09/2021;São Miguel do Oeste;2
09/09/2021;Laguna;2
09/09/2021;Curitibanos;2
09/09/2021;Rio Negrinho;4
09/09/2021;Campos Novos;2
09/09/2021;Itapoá;4
09/09/2021;Joaçaba;2
10/09/2021;Florianópolis;3
10/09/2021;Itajaí;3
10/09/2021;Chapecó;3
10/09/2021;Lages;2
10/09/2021;Caçador;2
10/09/2021;Araranguá;2
10/09/2021;Indaial;2
10/09/2021;Xanxerê;3
10/09/2021;São Miguel do Oeste;2
10/09/2021;Laguna;2
10/09/2021;Curitibanos;2
10/09/2021;Rio Negrinho;4
10/09/2021;Campos Novos;2
10/09/2021;Itapoá;4
10/09/2021;Joaçaba;2
11/09/2021;Florianópolis;2
11/09/2021;Itajaí;2
11/09/2021;Chapecó;3
11/09/2021;Lages;2
11/09/2021;Caçador;2
11/09/2021;Araranguá;3
11/09/2021;Indaial;3
11/09/2021;Xanxerê;3
11/09/2021;São Miguel do Oeste;2
11/09/2021;Laguna;3
11/09/2021;Curitibanos;2
11/09/2021;Rio Negrinho;3
11/09/2021;Campos Novos;2
11/09/2021;Itapoá;4
11/09/2021;Joaçaba;2
12/09/2021;Florianópolis;2
12/09/2021;Itajaí;2
12/09/2021;Chapecó;3
12/09/2021;Lages;2
12/09/2021;Caçador;2
12/09/2021;Araranguá;3
12/09/2021;Indaial;3
12/09/2021;Xanxerê;3
12/09/2021;São Miguel do Oeste;2
12/09/2021;Laguna;3
12/09/2021;Curitibanos;2
12/09/2021;Rio Negrinho;3
12/09/2021;Campos Novos;2
12/09/2021;Itapoá;4
12/09/2021;Joaçaba;2
13/09/2021;Florianópolis;2
13/09/2021;Itajaí;2
13/09/2021;Chapecó;3
13/09/2021;Lages;2
13/09/2021;Caçador;2
13/09/2021;Araranguá;3
13/09/2021;Indaial;3
13/09/2021;Xanxerê;3
13/09/2021;São Miguel do Oeste;2
13/09/2021;Laguna;3
13/09/2021;Curitibanos;2
13/09/2021;Rio Negrinho;3
13/09/2021;Campos Novos;2
13/09/2021;Itapoá;4
13/09/2021;Joaçaba;2
14/09/2021;Florianópolis;2
14/09/2021;Itajaí;2
14/09/2021;Chapecó;3
14/09/2021;Lages;2
14/09/2021;Caçador;2
14/09/2021;Araranguá;3
14/09/2021;Indaial;3
14/09/2021;Xanxerê;3
14/09/2021;São Miguel do Oeste;2
14/09/2021;Laguna;3
14/09/2021;Curitibanos;2
14/09/2021;Rio Negrinho;3
14/09/2021;Campos Novos;2
14/09/2021;Itapoá;4
14/09/2021;Joaçaba;2
15/09/2021;Florianópolis;2
15/09/2021;Itajaí;2
15/09/2021;Chapecó;3
15/09/2021;Lages;2
15/09/2021;Caçador;2
15/09/2021;Araranguá;3
15/09/2021;Indaial;3
15/09/2021;Xanxerê;3
15/09/2021;São Miguel do Oeste;2
15/09/2021;Laguna;3
15/09/2021;Curitibanos;2
15/09/2021;Rio Negrinho;3
15/09/2021;Campos Novos;2
15/09/2021;Itapoá;4
15/09/2021;Joaçaba;2
16/09/2021;Florianópolis;2
16/09/2021;Itajaí;2
16/09/2021;Chapecó;3
16/09/2021;Lages;2
16/09/2021;Caçador;2
16/09/2021;Araranguá;3
16/09/2021;Indaial;3
16/09/2021;Xanxerê;3
16/09/2021;São Miguel do Oeste;2
16/09/2021;Laguna;3
16/09/2021;Curitibanos;2
16/09/2021;Rio Negrinho;3
16/09/2021;Campos Novos;2
16/09/2021;Itapoá;4
16/09/2021;Joaçaba;2
17/09/2021;Florianópolis;2
17/09/2021;Itajaí;2
17/09/2021;Chapecó;3
17/09/2021;Lages;2
17/09/2021;Caçador;2
17/09/2021;Araranguá;3
17/09/2021;Indaial;3
17/09/2021;Xanxerê;3
17/09/2021;São Miguel do Oeste;2
17/09/2021;Laguna;3
17/09/2021;Curitibanos;2
17/09/2021;Rio Negrinho;3
17/09/2021;Campos Novos;2
17/09/2021;Itapoá;4
17/09/2021;Joaçaba;2
18/09/2021;Florianópolis;2
18/09/2021;Itajaí;2
18/09/2021;Chapecó;3
18/09/2021;Lages;2
18/09/2021;Caçador;2
18/09/2021;Araranguá;3
18/09/2021;Indaial;2
18/09/2021;Xanxerê;3
18/09/2021;São Miguel do Oeste;2
18/09/2021;Laguna;2
18/09/2021;Curitibanos;2
18/09/2021;Rio Negrinho;3
18/09/2021;Campos Novos;2
18/09/2021;Itapoá;4
18/09/2021;Joaçaba;2
19/09/2021;Florianópolis;2
19/09/2021;Itajaí;2
19/09/2021;Chapecó;3
19/09/2021;Lages;2
19/09/2021;Caçador;2
19/09/2021;Araranguá;3
19/09/2021;Indaial;2
19/09/2021;Xanxerê;3
19/09/2021;São Miguel do Oeste;2
19/09/2021;Laguna;2
19/09/2021;Curitibanos;2
19/09/2021;Rio Negrinho;3
19/09/2021;Campos Novos;2
19/09/2021;Itapoá;4
19/09/2021;Joaçaba;2
20/09/2021;Florianópolis;2
20/09/2021;Itajaí;2
20/09/2021;Chapecó;3
20/09/2021;Lages;2
20/09/2021;Caçador;2
20/09/2021;Araranguá;3
20/09/2021;Indaial;2
20/09/2021;Xanxerê;3
20/09/2021;São Miguel do Oeste;2
20/09/2021;Laguna;2
20/09/2021;Curitibanos;2
20/09/2021;Rio Negrinho;3
20/09/2021;Campos Novos;2
20/09/2021;Itapoá;4
20/09/2021;Joaçaba;2
21/09/2021;Florianópolis;2
21/09/2021;Itajaí;2
21/09/2021;Chapecó;3
21/09/2021;Lages;2
21/09/2021;Caçador;2
21/09/2021;Araranguá;3
21/09/2021;Indaial;2
21/09/2021;Xanxerê;3
21/09/2021;São Miguel do Oeste;2
21/09/2021;Laguna;2
21/09/2021;Curitibanos;2
21/09/2021;Rio Negrinho;3
21/09/2021;Campos Novos;2
21/09/2021;Itapoá;4
21/09/2021;Joaçaba;2
22/09/2021;Florianópolis;2
22/09/2021;Itajaí;2
22/09/2021;Chapecó;3
22/09/2021;Lages;2
22/09/2021;Caçador;2
22/09/2021;Araranguá;3
22/09/2021;Indaial;2
22/09/2021;Xanxerê;3
22/09/2021;São Miguel do Oeste;2
22/09/2021;Laguna;2
22/09/2021;Curitibanos;2
22/09/2021;Rio Negrinho;3
22/09/2021;Campos Novos;2
22/09/2021;Itapoá;4
22/09/2021;Joaçaba;2
23/09/2021;Florianópolis;2
23/09/2021;Itajaí;2
23/09/2021;Chapecó;3
23/09/2021;Lages;2
23/09/2021;Caçador;2
23/09/2021;Araranguá;3
23/09/2021;Indaial;2
23/09/2021;Xanxerê;3
23/09/2021;São Miguel do Oeste;2
23/09/2021;Laguna;2
23/09/2021;Curitibanos;2
23/09/2021;Rio Negrinho;3
23/09/2021;Campos Novos;2
23/09/2021;Itapoá;4
23/09/2021;Joaçaba;2
24/09/2021;Florianópolis;2
24/09/2021;Itajaí;2
24/09/2021;Chapecó;3
24/09/2021;Lages;2
24/09/2021;Caçador;2
24/09/2021;Araranguá;3
24/09/2021;Indaial;2
24/09/2021;Xanxerê;3
24/09/2021;São Miguel do Oeste;2
24/09/2021;Laguna;2
24/09/2021;Curitibanos;2
24/09/2021;Rio Negrinho;3
24/09/2021;Campos Novos;2
24/09/2021;Itapoá;4
24/09/2021;Joaçaba;2
25/09/2021;Florianópolis;2
25/09/2021;Itajaí;1
25/09/2021;Chapecó;2
25/09/2021;Lages;1
25/09/2021;Caçador;2
25/09/2021;Araranguá;2
25/09/2021;Indaial;2
25/09/2021;Xanxerê;2
25/09/2021;São Miguel do Oeste;2
25/09/2021;Laguna;2
25/09/2021;Curitibanos;2
25/09/2021;Rio Negrinho;2
25/09/2021;Campos Novos;2
25/09/2021;Itapoá;3
25/09/2021;Joaçaba;2
26/09/2021;Florianópolis;2
26/09/2021;Itajaí;1
26/09/2021;Chapecó;2
26/09/2021;Lages;1
26/09/2021;Caçador;2
26/09/2021;Araranguá;2
26/09/2021;Indaial;2
26/09/2021;Xanxerê;2
26/09/2021;São Miguel do Oeste;2
26/09/2021;Laguna;2
26/09/2021;Curitibanos;2
26/09/2021;Rio Negrinho;2
26/09/2021;Campos Novos;2
26/09/2021;Itapoá;3
26/09/2021;Joaçaba;2
27/09/2021;Florianópolis;2
27/09/2021;Itajaí;1
27/09/2021;Chapecó;2
27/09/2021;Lages;1
27/09/2021;Caçador;2
27/09/2021;Araranguá;2
27/09/2021;Indaial;2
27/09/2021;Xanxerê;2
27/09/2021;São Miguel do Oeste;2
27/09/2021;Laguna;2
27/09/2021;Curitibanos;2
27/09/2021;Rio Negrinho;2
27/09/2021;Campos Novos;2
27/09/2021;Itapoá;3
27/09/2021;Joaçaba;2
28/09/2021;Florianópolis;2
28/09/2021;Itajaí;1
28/09/2021;Chapecó;2
28/09/2021;Lages;1
28/09/2021;Caçador;2
28/09/2021;Araranguá;2
28/09/2021;Indaial;2
28/09/2021;Xanxerê;2
28/09/2021;São Miguel do Oeste;2
28/09/2021;Laguna;2
28/09/2021;Curitibanos;2
28/09/2021;Rio Negrinho;2
28/09/2021;Campos Novos;2
28/09/2021;Itapoá;3
28/09/2021;Joaçaba;2
29/09/2021;Florianópolis;2
29/09/2021;Itajaí;1
29/09/2021;Chapecó;2
29/09/2021;Lages;1
29/09/2021;Caçador;2
29/09/2021;Araranguá;2
29/09/2021;Indaial;2
29/09/2021;Xanxerê;2
29/09/2021;São Miguel do Oeste;2
29/09/2021;Laguna;2
29/09/2021;Curitibanos;2
29/09/2021;Rio Negrinho;2
29/09/2021;Campos Novos;2
29/09/2021;Itapoá;3
29/09/2021;Joaçaba;2
30/09/2021;Florianópolis;2
30/09/2021;Itajaí;1
30/09/2021;Chapecó;2
30/09/2021;Lages;1
30/09/2021;Caçador;2
30/09/2021;Araranguá;2
30/09/2021;Indaial;2
30/09/2021;Xanxerê;2
30/09/2021;São Miguel do Oeste;2
30/09/2021;Laguna;2
30/09/2021;Curitibanos;2
30/09/2021;Rio Negrinho;2
30/09/2021;Campos Novos;2
30/09/2021;Itapoá;3
30/09/2021;Joaçaba;2
01/10/2021;Florianópolis;2
01/10/2021;Itajaí;1
01/10/2021;Chapecó;2
01/10/2021;Lages;1
01/10/2021;Caçador;2
01/10/2021;Araranguá;2
01/10/2021;Indaial;2
01/10/2021;Xanxerê;2
01/10/2021;São Miguel do Oeste;2
01/10/2021;Laguna;2
01/10/2021;Curitibanos;2
01/10/2021;Rio Negrinho;2
01/10/2021;Campos Novos;2
01/10/2021;Itapoá;3
01/10/2021;Joaçaba;2
02/10/2021;Florianópolis;2
02/10/2021;Itajaí;2
02/10/2021;Chapecó;3
02/10/2021;Lages;2
02/10/2021;Caçador;2
02/10/2021;Araranguá;2
02/10/2021;Indaial;2
02/10/2021;Xanxerê;2
02/10/2021;São Miguel do Oeste;1
02/10/2021;Laguna;2
02/10/2021;Curitibanos;2
02/10/2021;Rio Negrinho;2
02/10/2021;Campos Novos;2
02/10/2021;Itapoá;2
02/10/2021;Joaçaba;2
03/10/2021;Florianópolis;2
03/10/2021;Itajaí;2
03/10/2021;Chapecó;3
03/10/2021;Lages;2
03/10/2021;Caçador;2
03/10/2021;Araranguá;2
03/10/2021;Indaial;2
03/10/2021;Xanxerê;2
03/10/2021;São Miguel do Oeste;1
03/10/2021;Laguna;2
03/10/2021;Curitibanos;2
03/10/2021;Rio Negrinho;2
03/10/2021;Campos Novos;2
03/10/2021;Itapoá;2
03/10/2021;Joaçaba;2
04/10/2021;Florianópolis;2
04/10/2021;Itajaí;2
04/10/2021;Chapecó;3
04/10/2021;Lages;2
04/10/2021;Caçador;2
04/10/2021;Araranguá;2
04/10/2021;Indaial;2
04/10/2021;Xanxerê;2
04/10/2021;São Miguel do Oeste;1
04/10/2021;Laguna;2
04/10/2021;Curitibanos;2
04/10/2021;Rio Negrinho;2
04/10/2021;Campos Novos;2
04/10/2021;Itapoá;2
04/10/2021;Joaçaba;2
05/10/2021;Florianópolis;2
05/10/2021;Itajaí;2
05/10/2021;Chapecó;3
05/10/2021;Lages;2
05/10/2021;Caçador;2
05/10/2021;Araranguá;2
05/10/2021;Indaial;2
05/10/2021;Xanxerê;2
05/10/2021;São Miguel do Oeste;1
05/10/2021;Laguna;2
05/10/2021;Curitibanos;2
05/10/2021;Rio Negrinho;2
05/10/2021;Campos Novos;2
05/10/2021;Itapoá;2
05/10/2021;Joaçaba;2
06/10/2021;Florianópolis;2
06/10/2021;Itajaí;2
06/10/2021;Chapecó;3
06/10/2021;Lages;2
06/10/2021;Caçador;2
06/10/2021;Araranguá;2
06/10/2021;Indaial;2
06/10/2021;Xanxerê;2
06/10/2021;São Miguel do Oeste;1
06/10/2021;Laguna;2
06/10/2021;Curitibanos;2
06/10/2021;Rio Negrinho;2
06/10/2021;Campos Novos;2
06/10/2021;Itapoá;2
06/10/2021;Joaçaba;2
07/10/2021;Florianópolis;2
07/10/2021;Itajaí;2
07/10/2021;Chapecó;3
07/10/2021;Lages;2
07/10/2021;Caçador;2
07/10/2021;Araranguá;2
07/10/2021;Indaial;2
07/10/2021;Xanxerê;2
07/10/2021;São Miguel do Oeste;1
07/10/2021;Laguna;2
07/10/2021;Curitibanos;2
07/10/2021;Rio Negrinho;2
07/10/2021;Campos Novos;2
07/10/2021;Itapoá;2
07/10/2021;Joaçaba;2
08/10/2021;Florianópolis;2
08/10/2021;Itajaí;2
08/10/2021;Chapecó;3
08/10/2021;Lages;2
08/10/2021;Caçador;2
08/10/2021;Araranguá;2
08/10/2021;Indaial;2
08/10/2021;Xanxerê;2
08/10/2021;São Miguel do Oeste;1
08/10/2021;Laguna;2
08/10/2021;Curitibanos;2
08/10/2021;Rio Negrinho;2
08/10/2021;Campos Novos;2
08/10/2021;Itapoá;2
08/10/2021;Joaçaba;2
09/10/2021;Florianópolis;2
09/10/2021;Itajaí;2
09/10/2021;Chapecó;2
09/10/2021;Lages;1
09/10/2021;Caçador;1
09/10/2021;Araranguá;2
09/10/2021;Indaial;2
09/10/2021;Xanxerê;2
09/10/2021;São Miguel do Oeste;2
09/10/2021;Laguna;2
09/10/2021;Curitibanos;1
09/10/2021;Rio Negrinho;2
09/10/2021;Campos Novos;2
09/10/2021;Itapoá;2
09/10/2021;Joaçaba;2
10/10/2021;Florianópolis;2
10/10/2021;Itajaí;2
10/10/2021;Chapecó;2
10/10/2021;Lages;1
10/10/2021;Caçador;1
10/10/2021;Araranguá;2
10/10/2021;Indaial;2
10/10/2021;Xanxerê;2
10/10/2021;São Miguel do Oeste;2
10/10/2021;Laguna;2
10/10/2021;Curitibanos;1
10/10/2021;Rio Negrinho;2
10/10/2021;Campos Novos;2
10/10/2021;Itapoá;2
10/10/2021;Joaçaba;2
11/10/2021;Florianópolis;2
11/10/2021;Itajaí;2
11/10/2021;Chapecó;2
11/10/2021;Lages;1
11/10/2021;Caçador;1
11/10/2021;Araranguá;2
11/10/2021;Indaial;2
11/10/2021;Xanxerê;2
11/10/2021;São Miguel do Oeste;2
11/10/2021;Laguna;2
11/10/2021;Curitibanos;1
11/10/2021;Rio Negrinho;2
11/10/2021;Campos Novos;2
11/10/2021;Itapoá;2
11/10/2021;Joaçaba;2
12/10/2021;Florianópolis;2
12/10/2021;Itajaí;2
12/10/2021;Chapecó;2
12/10/2021;Lages;1
12/10/2021;Caçador;1
12/10/2021;Araranguá;2
12/10/2021;Indaial;2
12/10/2021;Xanxerê;2
12/10/2021;São Miguel do Oeste;2
12/10/2021;Laguna;2
12/10/2021;Curitibanos;1
12/10/2021;Rio Negrinho;2
12/10/2021;Campos Novos;2
12/10/2021;Itapoá;2
12/10/2021;Joaçaba;2
13/10/2021;Florianópolis;2
13/10/2021;Itajaí;2
13/10/2021;Chapecó;2
13/10/2021;Lages;1
13/10/2021;Caçador;1
13/10/2021;Araranguá;2
13/10/2021;Indaial;2
13/10/2021;Xanxerê;2
13/10/2021;São Miguel do Oeste;2
13/10/2021;Laguna;2
13/10/2021;Curitibanos;1
13/10/2021;Rio Negrinho;2
13/10/2021;Campos Novos;2
13/10/2021;Itapoá;2
13/10/2021;Joaçaba;2
14/10/2021;Florianópolis;2
14/10/2021;Itajaí;2
14/10/2021;Chapecó;2
14/10/2021;Lages;1
14/10/2021;Caçador;1
14/10/2021;Araranguá;2
14/10/2021;Indaial;2
14/10/2021;Xanxerê;2
14/10/2021;São Miguel do Oeste;2
14/10/2021;Laguna;2
14/10/2021;Curitibanos;1
14/10/2021;Rio Negrinho;2
14/10/2021;Campos Novos;2
14/10/2021;Itapoá;2
14/10/2021;Joaçaba;2
15/10/2021;Florianópolis;2
15/10/2021;Itajaí;2
15/10/2021;Chapecó;2
15/10/2021;Lages;1
15/10/2021;Caçador;1
15/10/2021;Araranguá;2
15/10/2021;Indaial;2
15/10/2021;Xanxerê;2
15/10/2021;São Miguel do Oeste;2
15/10/2021;Laguna;2
15/10/2021;Curitibanos;1
15/10/2021;Rio Negrinho;2
15/10/2021;Campos Novos;2
15/10/2021;Itapoá;2
15/10/2021;Joaçaba;2
16/10/2021;Florianópolis;2
16/10/2021;Itajaí;2
16/10/2021;Chapecó;2
16/10/2021;Lages;2
16/10/2021;Caçador;1
16/10/2021;Araranguá;2
16/10/2021;Indaial;2
16/10/2021;Xanxerê;2
16/10/2021;São Miguel do Oeste;2
16/10/2021;Laguna;2
16/10/2021;Curitibanos;1
16/10/2021;Rio Negrinho;2
16/10/2021;Campos Novos;2
16/10/2021;Itapoá;2
16/10/2021;Joaçaba;2
17/10/2021;Florianópolis;2
17/10/2021;Itajaí;2
17/10/2021;Chapecó;2
17/10/2021;Lages;2
17/10/2021;Caçador;1
17/10/2021;Araranguá;2
17/10/2021;Indaial;2
17/10/2021;Xanxerê;2
17/10/2021;São Miguel do Oeste;2
17/10/2021;Laguna;2
17/10/2021;Curitibanos;1
17/10/2021;Rio Negrinho;2
17/10/2021;Campos Novos;2
17/10/2021;Itapoá;2
17/10/2021;Joaçaba;2
18/10/2021;Florianópolis;2
18/10/2021;Itajaí;2
18/10/2021;Chapecó;2
18/10/2021;Lages;2
18/10/2021;Caçador;1
18/10/2021;Araranguá;2
18/10/2021;Indaial;2
18/10/2021;Xanxerê;2
18/10/2021;São Miguel do Oeste;2
18/10/2021;Laguna;2
18/10/2021;Curitibanos;1
18/10/2021;Rio Negrinho;2
18/10/2021;Campos Novos;2
18/10/2021;Itapoá;2
18/10/2021;Joaçaba;2
19/10/2021;Florianópolis;2
19/10/2021;Itajaí;2
19/10/2021;Chapecó;2
19/10/2021;Lages;2
19/10/2021;Caçador;1
19/10/2021;Araranguá;2
19/10/2021;Indaial;2
19/10/2021;Xanxerê;2
19/10/2021;São Miguel do Oeste;2
19/10/2021;Laguna;2
19/10/2021;Curitibanos;1
19/10/2021;Rio Negrinho;2
19/10/2021;Campos Novos;2
19/10/2021;Itapoá;2
19/10/2021;Joaçaba;2
20/10/2021;Florianópolis;2
20/10/2021;Itajaí;2
20/10/2021;Chapecó;2
20/10/2021;Lages;2
20/10/2021;Caçador;1
20/10/2021;Araranguá;2
20/10/2021;Indaial;2
20/10/2021;Xanxerê;2
20/10/2021;São Miguel do Oeste;2
20/10/2021;Laguna;2
20/10/2021;Curitibanos;1
20/10/2021;Rio Negrinho;2
20/10/2021;Campos Novos;2
20/10/2021;Itapoá;2
20/10/2021;Joaçaba;2
21/10/2021;Florianópolis;2
21/10/2021;Itajaí;2
21/10/2021;Chapecó;2
21/10/2021;Lages;2
21/10/2021;Caçador;1
21/10/2021;Araranguá;2
21/10/2021;Indaial;2
21/10/2021;Xanxerê;2
21/10/2021;São Miguel do Oeste;2
21/10/2021;Laguna;2
21/10/2021;Curitibanos;1
21/10/2021;Rio Negrinho;2
21/10/2021;Campos Novos;2
21/10/2021;Itapoá;2
21/10/2021;Joaçaba;2
22/10/2021;Florianópolis;2
22/10/2021;Itajaí;2
22/10/2021;Chapecó;2
22/10/2021;Lages;2
22/10/2021;Caçador;1
22/10/2021;Araranguá;2
22/10/2021;Indaial;2
22/10/2021;Xanxerê;2
22/10/2021;São Miguel do Oeste;2
22/10/2021;Laguna;2
22/10/2021;Curitibanos;1
22/10/2021;Rio Negrinho;2
22/10/2021;Campos Novos;2
22/10/2021;Itapoá;2
22/10/2021;Joaçaba;2
23/10/2021;Florianópolis;2
23/10/2021;Itajaí;1
23/10/2021;Chapecó;1
23/10/2021;Lages;2
23/10/2021;Caçador;1
23/10/2021;Araranguá;2
23/10/2021;Indaial;2
23/10/2021;Xanxerê;2
23/10/2021;São Miguel do Oeste;2
23/10/2021;Laguna;2
23/10/2021;Curitibanos;1
23/10/2021;Rio Negrinho;2
23/10/2021;Campos Novos;2
23/10/2021;Itapoá;2
23/10/2021;Joaçaba;2
24/10/2021;Florianópolis;2
24/10/2021;Itajaí;1
24/10/2021;Chapecó;1
24/10/2021;Lages;2
24/10/2021;Caçador;1
24/10/2021;Araranguá;2
24/10/2021;Indaial;2
24/10/2021;Xanxerê;2
24/10/2021;São Miguel do Oeste;2
24/10/2021;Laguna;2
24/10/2021;Curitibanos;1
24/10/2021;Rio Negrinho;2
24/10/2021;Campos Novos;2
24/10/2021;Itapoá;2
24/10/2021;Joaçaba;2
25/10/2021;Florianópolis;2
25/10/2021;Itajaí;1
25/10/2021;Chapecó;1
25/10/2021;Lages;2
25/10/2021;Caçador;1
25/10/2021;Araranguá;2
25/10/2021;Indaial;2
25/10/2021;Xanxerê;2
25/10/2021;São Miguel do Oeste;2
25/10/2021;Laguna;2
25/10/2021;Curitibanos;1
25/10/2021;Rio Negrinho;2
25/10/2021;Campos Novos;2
25/10/2021;Itapoá;2
25/10/2021;Joaçaba;2
26/10/2021;Florianópolis;2
26/10/2021;Itajaí;1
26/10/2021;Chapecó;1
26/10/2021;Lages;2
26/10/2021;Caçador;1
26/10/2021;Araranguá;2
26/10/2021;Indaial;2
26/10/2021;Xanxerê;2
26/10/2021;São Miguel do Oeste;2
26/10/2021;Laguna;2
26/10/2021;Curitibanos;1
26/10/2021;Rio Negrinho;2
26/10/2021;Campos Novos;2
26/10/2021;Itapoá;2
26/10/2021;Joaçaba;2
27/10/2021;Florianópolis;2
27/10/2021;Itajaí;1
27/10/2021;Chapecó;1
27/10/2021;Lages;2
27/10/2021;Caçador;1
27/10/2021;Araranguá;2
27/10/2021;Indaial;2
27/10/2021;Xanxerê;2
27/10/2021;São Miguel do Oeste;2
27/10/2021;Laguna;2
27/10/2021;Curitibanos;1
27/10/2021;Rio Negrinho;2
27/10/2021;Campos Novos;2
27/10/2021;Itapoá;2
27/10/2021;Joaçaba;2
28/10/2021;Florianópolis;2
28/10/2021;Itajaí;1
28/10/2021;Chapecó;1
28/10/2021;Lages;2
28/10/2021;Caçador;1
28/10/2021;Araranguá;2
28/10/2021;Indaial;2
28/10/2021;Xanxerê;2
28/10/2021;São Miguel do Oeste;2
28/10/2021;Laguna;2
28/10/2021;Curitibanos;1
28/10/2021;Rio Negrinho;2
28/10/2021;Campos Novos;2
28/10/2021;Itapoá;2
28/10/2021;Joaçaba;2
29/10/2021;Florianópolis;2
29/10/2021;Itajaí;1
29/10/2021;Chapecó;1
29/10/2021;Lages;2
29/10/2021;Caçador;1
29/10/2021;Araranguá;2
29/10/2021;Indaial;2
29/10/2021;Xanxerê;2
29/10/2021;São Miguel do Oeste;2
29/10/2021;Laguna;2
29/10/2021;Curitibanos;1
29/10/2021;Rio Negrinho;2
29/10/2021;Campos Novos;2
29/10/2021;Itapoá;2
29/10/2021;Joaçaba;2
30/10/2021;Florianópolis;1
30/10/2021;Itajaí;2
30/10/2021;Chapecó;2
30/10/2021;Lages;1
30/10/2021;Caçador;1
30/10/2021;Araranguá;1
30/10/2021;Indaial;2
30/10/2021;Xanxerê;2
30/10/2021;São Miguel do Oeste;2
30/10/2021;Laguna;1
30/10/2021;Curitibanos;1
30/10/2021;Rio Negrinho;2
30/10/2021;Campos Novos;1
30/10/2021;Itapoá;2
30/10/2021;Joaçaba;1
31/10/2021;Florianópolis;1
31/10/2021;Itajaí;2
31/10/2021;Chapecó;2
31/10/2021;Lages;1
31/10/2021;Caçador;1
31/10/2021;Araranguá;1
31/10/2021;Indaial;2
31/10/2021;Xanxerê;2
31/10/2021;São Miguel do Oeste;2
31/10/2021;Laguna;1
31/10/2021;Curitibanos;1
31/10/2021;Rio Negrinho;2
31/10/2021;Campos Novos;1
31/10/2021;Itapoá;2
31/10/2021;Joaçaba;1
01/11/2021;Florianópolis;1
01/11/2021;Itajaí;2
01/11/2021;Chapecó;2
01/11/2021;Lages;1
01/11/2021;Caçador;1
01/11/2021;Araranguá;1
01/11/2021;Indaial;2
01/11/2021;Xanxerê;2
01/11/2021;São Miguel do Oeste;2
01/11/2021;Laguna;1
01/11/2021;Curitibanos;1
01/11/2021;Rio Negrinho;2
01/11/2021;Campos Novos;1
01/11/2021;Itapoá;2
01/11/2021;Joaçaba;1
02/11/2021;Florianópolis;1
02/11/2021;Itajaí;2
02/11/2021;Chapecó;2
02/11/2021;Lages;1
02/11/2021;Caçador;1
02/11/2021;Araranguá;1
02/11/2021;Indaial;2
02/11/2021;Xanxerê;2
02/11/2021;São Miguel do Oeste;2
02/11/2021;Laguna;1
02/11/2021;Curitibanos;1
02/11/2021;Rio Negrinho;2
02/11/2021;Campos Novos;1
02/11/2021;Itapoá;2
02/11/2021;Joaçaba;1
03/11/2021;Florianópolis;1
03/11/2021;Itajaí;2
03/11/2021;Chapecó;2
03/11/2021;Lages;1
03/11/2021;Caçador;1
03/11/2021;Araranguá;1
03/11/2021;Indaial;2
03/11/2021;Xanxerê;2
03/11/2021;São Miguel do Oeste;2
03/11/2021;Laguna;1
03/11/2021;Curitibanos;1
03/11/2021;Rio Negrinho;2
03/11/2021;Campos Novos;1
03/11/2021;Itapoá;2
03/11/2021;Joaçaba;1
04/11/2021;Florianópolis;1
04/11/2021;Itajaí;2
04/11/2021;Chapecó;2
04/11/2021;Lages;1
04/11/2021;Caçador;1
04/11/2021;Araranguá;1
04/11/2021;Indaial;2
04/11/2021;Xanxerê;2
04/11/2021;São Miguel do Oeste;2
04/11/2021;Laguna;1
04/11/2021;Curitibanos;1
04/11/2021;Rio Negrinho;2
04/11/2021;Campos Novos;1
04/11/2021;Itapoá;2
04/11/2021;Joaçaba;1
05/11/2021;Florianópolis;1
05/11/2021;Itajaí;2
05/11/2021;Chapecó;2
05/11/2021;Lages;1
05/11/2021;Caçador;1
05/11/2021;Araranguá;1
05/11/2021;Indaial;2
05/11/2021;Xanxerê;2
05/11/2021;São Miguel do Oeste;2
05/11/2021;Laguna;1
05/11/2021;Curitibanos;1
05/11/2021;Rio Negrinho;2
05/11/2021;Campos Novos;1
05/11/2021;Itapoá;2
05/11/2021;Joaçaba;1
06/11/2021;Florianópolis;1
06/11/2021;Itajaí;2
06/11/2021;Chapecó;1
06/11/2021;Lages;2
06/11/2021;Caçador;1
06/11/2021;Araranguá;1
06/11/2021;Indaial;1
06/11/2021;Xanxerê;2
06/11/2021;São Miguel do Oeste;2
06/11/2021;Laguna;1
06/11/2021;Curitibanos;1
06/11/2021;Rio Negrinho;1
06/11/2021;Campos Novos;1
06/11/2021;Itapoá;2
06/11/2021;Joaçaba;1
07/11/2021;Florianópolis;1
07/11/2021;Itajaí;2
07/11/2021;Chapecó;1
07/11/2021;Lages;2
07/11/2021;Caçador;1
07/11/2021;Araranguá;1
07/11/2021;Indaial;1
07/11/2021;Xanxerê;2
07/11/2021;São Miguel do Oeste;2
07/11/2021;Laguna;1
07/11/2021;Curitibanos;1
07/11/2021;Rio Negrinho;1
07/11/2021;Campos Novos;1
07/11/2021;Itapoá;2
07/11/2021;Joaçaba;1
08/11/2021;Florianópolis;1
08/11/2021;Itajaí;2
08/11/2021;Chapecó;1
08/11/2021;Lages;2
08/11/2021;Caçador;1
08/11/2021;Araranguá;1
08/11/2021;Indaial;1
08/11/2021;Xanxerê;2
08/11/2021;São Miguel do Oeste;2
08/11/2021;Laguna;1
08/11/2021;Curitibanos;1
08/11/2021;Rio Negrinho;1
08/11/2021;Campos Novos;1
08/11/2021;Itapoá;2
08/11/2021;Joaçaba;1
09/11/2021;Florianópolis;1
09/11/2021;Itajaí;2
09/11/2021;Chapecó;1
09/11/2021;Lages;2
09/11/2021;Caçador;1
09/11/2021;Araranguá;1
09/11/2021;Indaial;1
09/11/2021;Xanxerê;2
09/11/2021;São Miguel do Oeste;2
09/11/2021;Laguna;1
09/11/2021;Curitibanos;1
09/11/2021;Rio Negrinho;1
09/11/2021;Campos Novos;1
09/11/2021;Itapoá;2
09/11/2021;Joaçaba;1
10/11/2021;Florianópolis;1
10/11/2021;Itajaí;2
10/11/2021;Chapecó;1
10/11/2021;Lages;2
10/11/2021;Caçador;1
10/11/2021;Araranguá;1
10/11/2021;Indaial;1
10/11/2021;Xanxerê;2
10/11/2021;São Miguel do Oeste;2
10/11/2021;Laguna;1
10/11/2021;Curitibanos;1
10/11/2021;Rio Negrinho;1
10/11/2021;Campos Novos;1
10/11/2021;Itapoá;2
10/11/2021;Joaçaba;1
11/11/2021;Florianópolis;1
11/11/2021;Itajaí;2
11/11/2021;Chapecó;1
11/11/2021;Lages;2
11/11/2021;Caçador;1
11/11/2021;Araranguá;1
11/11/2021;Indaial;1
11/11/2021;Xanxerê;2
11/11/2021;São Miguel do Oeste;2
11/11/2021;Laguna;1
11/11/2021;Curitibanos;1
11/11/2021;Rio Negrinho;1
11/11/2021;Campos Novos;1
11/11/2021;Itapoá;2
11/11/2021;Joaçaba;1
12/11/2021;Florianópolis;1
12/11/2021;Itajaí;2
12/11/2021;Chapecó;1
12/11/2021;Lages;2
12/11/2021;Caçador;1
12/11/2021;Araranguá;1
12/11/2021;Indaial;1
12/11/2021;Xanxerê;2
12/11/2021;São Miguel do Oeste;2
12/11/2021;Laguna;1
12/11/2021;Curitibanos;1
12/11/2021;Rio Negrinho;1
12/11/2021;Campos Novos;1
12/11/2021;Itapoá;2
12/11/2021;Joaçaba;1
13/11/2021;Florianópolis;2
13/11/2021;Itajaí;1
13/11/2021;Chapecó;2
13/11/2021;Lages;1
13/11/2021;Caçador;1
13/11/2021;Araranguá;2
13/11/2021;Indaial;2
13/11/2021;Xanxerê;2
13/11/2021;São Miguel do Oeste;1
13/11/2021;Laguna;1
13/11/2021;Curitibanos;1
13/11/2021;Rio Negrinho;1
13/11/2021;Campos Novos;1
13/11/2021;Itapoá;2
13/11/2021;Joaçaba;1
14/11/2021;Florianópolis;2
14/11/2021;Itajaí;1
14/11/2021;Chapecó;2
14/11/2021;Lages;1
14/11/2021;Caçador;1
14/11/2021;Araranguá;2
14/11/2021;Indaial;2
14/11/2021;Xanxerê;2
14/11/2021;São Miguel do Oeste;1
14/11/2021;Laguna;1
14/11/2021;Curitibanos;1
14/11/2021;Rio Negrinho;1
14/11/2021;Campos Novos;1
14/11/2021;Itapoá;2
14/11/2021;Joaçaba;1
15/11/2021;Florianópolis;2
15/11/2021;Itajaí;1
15/11/2021;Chapecó;2
15/11/2021;Lages;1
15/11/2021;Caçador;1
15/11/2021;Araranguá;2
15/11/2021;Indaial;2
15/11/2021;Xanxerê;2
15/11/2021;São Miguel do Oeste;1
15/11/2021;Laguna;1
15/11/2021;Curitibanos;1
15/11/2021;Rio Negrinho;1
15/11/2021;Campos Novos;1
15/11/2021;Itapoá;2
15/11/2021;Joaçaba;1
16/11/2021;Florianópolis;2
16/11/2021;Itajaí;1
16/11/2021;Chapecó;2
16/11/2021;Lages;1
16/11/2021;Caçador;1
16/11/2021;Araranguá;2
16/11/2021;Indaial;2
16/11/2021;Xanxerê;2
16/11/2021;São Miguel do Oeste;1
16/11/2021;Laguna;1
16/11/2021;Curitibanos;1
16/11/2021;Rio Negrinho;1
16/11/2021;Campos Novos;1
16/11/2021;Itapoá;2
16/11/2021;Joaçaba;1
17/11/2021;Florianópolis;2
17/11/2021;Itajaí;1
17/11/2021;Chapecó;2
17/11/2021;Lages;1
17/11/2021;Caçador;1
17/11/2021;Araranguá;2
17/11/2021;Indaial;2
17/11/2021;Xanxerê;2
17/11/2021;São Miguel do Oeste;1
17/11/2021;Laguna;1
17/11/2021;Curitibanos;1
17/11/2021;Rio Negrinho;1
17/11/2021;Campos Novos;1
17/11/2021;Itapoá;2
17/11/2021;Joaçaba;1
18/11/2021;Florianópolis;2
18/11/2021;Itajaí;1
18/11/2021;Chapecó;2
18/11/2021;Lages;1
18/11/2021;Caçador;1
18/11/2021;Araranguá;2
18/11/2021;Indaial;2
18/11/2021;Xanxerê;2
18/11/2021;São Miguel do Oeste;1
18/11/2021;Laguna;1
18/11/2021;Curitibanos;1
18/11/2021;Rio Negrinho;1
18/11/2021;Campos Novos;1
18/11/2021;Itapoá;2
18/11/2021;Joaçaba;1
19/11/2021;Florianópolis;2
19/11/2021;Itajaí;1
19/11/2021;Chapecó;2
19/11/2021;Lages;1
19/11/2021;Caçador;1
19/11/2021;Araranguá;2
19/11/2021;Indaial;2
19/11/2021;Xanxerê;2
19/11/2021;São Miguel do Oeste;1
19/11/2021;Laguna;1
19/11/2021;Curitibanos;1
19/11/2021;Rio Negrinho;1
19/11/2021;Campos Novos;1
19/11/2021;Itapoá;2
19/11/2021;Joaçaba;1
20/11/2021;Florianópolis;1
20/11/2021;Itajaí;1
20/11/2021;Chapecó;1
20/11/2021;Lages;1
20/11/2021;Caçador;1
20/11/2021;Araranguá;2
20/11/2021;Indaial;1
20/11/2021;Xanxerê;2
20/11/2021;São Miguel do Oeste;1
20/11/2021;Laguna;1
20/11/2021;Curitibanos;1
20/11/2021;Rio Negrinho;1
20/11/2021;Campos Novos;1
20/11/2021;Itapoá;2
20/11/2021;Joaçaba;1
21/11/2021;Florianópolis;1
21/11/2021;Itajaí;1
21/11/2021;Chapecó;1
21/11/2021;Lages;1
21/11/2021;Caçador;1
21/11/2021;Araranguá;2
21/11/2021;Indaial;1
21/11/2021;Xanxerê;2
21/11/2021;São Miguel do Oeste;1
21/11/2021;Laguna;1
21/11/2021;Curitibanos;1
21/11/2021;Rio Negrinho;1
21/11/2021;Campos Novos;1
21/11/2021;Itapoá;2
21/11/2021;Joaçaba;1
22/11/2021;Florianópolis;1
22/11/2021;Itajaí;1
22/11/2021;Chapecó;1
22/11/2021;Lages;1
22/11/2021;Caçador;1
22/11/2021;Araranguá;2
22/11/2021;Indaial;1
22/11/2021;Xanxerê;2
22/11/2021;São Miguel do Oeste;1
22/11/2021;Laguna;1
22/11/2021;Curitibanos;1
22/11/2021;Rio Negrinho;1
22/11/2021;Campos Novos;1
22/11/2021;Itapoá;2
22/11/2021;Joaçaba;1
23/11/2021;Florianópolis;1
23/11/2021;Itajaí;1
23/11/2021;Chapecó;1
23/11/2021;Lages;1
23/11/2021;Caçador;1
23/11/2021;Araranguá;2
23/11/2021;Indaial;1
23/11/2021;Xanxerê;2
23/11/2021;São Miguel do Oeste;1
23/11/2021;Laguna;1
23/11/2021;Curitibanos;1
23/11/2021;Rio Negrinho;1
23/11/2021;Campos Novos;1
23/11/2021;Itapoá;2
23/11/2021;Joaçaba;1
24/11/2021;Florianópolis;1
24/11/2021;Itajaí;1
24/11/2021;Chapecó;1
24/11/2021;Lages;1
24/11/2021;Caçador;1
24/11/2021;Araranguá;2
24/11/2021;Indaial;1
24/11/2021;Xanxerê;2
24/11/2021;São Miguel do Oeste;1
24/11/2021;Laguna;1
24/11/2021;Curitibanos;1
24/11/2021;Rio Negrinho;1
24/11/2021;Campos Novos;1
24/11/2021;Itapoá;2
24/11/2021;Joaçaba;1
25/11/2021;Florianópolis;1
25/11/2021;Itajaí;1
25/11/2021;Chapecó;1
25/11/2021;Lages;1
25/11/2021;Caçador;1
25/11/2021;Araranguá;2
25/11/2021;Indaial;1
25/11/2021;Xanxerê;2
25/11/2021;São Miguel do Oeste;1
25/11/2021;Laguna;1
25/11/2021;Curitibanos;1
25/11/2021;Rio Negrinho;1
25/11/2021;Campos Novos;1
25/11/2021;Itapoá;2
25/11/2021;Joaçaba;1
26/11/2021;Florianópolis;1
26/11/2021;Itajaí;1
26/11/2021;Chapecó;1
26/11/2021;Lages;1
26/11/2021;Caçador;1
26/11/2021;Araranguá;2
26/11/2021;Indaial;1
26/11/2021;Xanxerê;2
26/11/2021;São Miguel do Oeste;1
26/11/2021;Laguna;1
26/11/2021;Curitibanos;1
26/11/2021;Rio Negrinho;1
26/11/2021;Campos Novos;1
26/11/2021;Itapoá;2
26/11/2021;Joaçaba;1
27/11/2021;Florianópolis;2
27/11/2021;Itajaí;1
27/11/2021;Chapecó;2
27/11/2021;Lages;1
27/11/2021;Caçador;1
27/11/2021;Araranguá;2
27/11/2021;Indaial;1
27/11/2021;Xanxerê;1
27/11/2021;São Miguel do Oeste;1
27/11/2021;Laguna;1
27/11/2021;Curitibanos;1
27/11/2021;Rio Negrinho;1
27/11/2021;Campos Novos;1
27/11/2021;Itapoá;2
27/11/2021;Joaçaba;1
28/11/2021;Florianópolis;2
28/11/2021;Itajaí;1
28/11/2021;Chapecó;2
28/11/2021;Lages;1
28/11/2021;Caçador;1
28/11/2021;Araranguá;2
28/11/2021;Indaial;1
28/11/2021;Xanxerê;1
28/11/2021;São Miguel do Oeste;1
28/11/2021;Laguna;1
28/11/2021;Curitibanos;1
28/11/2021;Rio Negrinho;1
28/11/2021;Campos Novos;1
28/11/2021;Itapoá;2
28/11/2021;Joaçaba;1
29/11/2021;Florianópolis;2
29/11/2021;Itajaí;1
29/11/2021;Chapecó;2
29/11/2021;Lages;1
29/11/2021;Caçador;1
29/11/2021;Araranguá;2
29/11/2021;Indaial;1
29/11/2021;Xanxerê;1
29/11/2021;São Miguel do Oeste;1
29/11/2021;Laguna;1
29/11/2021;Curitibanos;1
29/11/2021;Rio Negrinho;1
29/11/2021;Campos Novos;1
29/11/2021;Itapoá;2
29/11/2021;Joaçaba;1
30/11/2021;Florianópolis;2
30/11/2021;Itajaí;1
30/11/2021;Chapecó;2
30/11/2021;Lages;1
30/11/2021;Caçador;1
30/11/2021;Araranguá;2
30/11/2021;Indaial;1
30/11/2021;Xanxerê;1
30/11/2021;São Miguel do Oeste;1
30/11/2021;Laguna;1
30/11/2021;Curitibanos;1
30/11/2021;Rio Negrinho;1
30/11/2021;Campos Novos;1
30/11/2021;Itapoá;2
30/11/2021;Joaçaba;1
01/12/2021;Florianópolis;2
01/12/2021;Itajaí;1
01/12/2021;Chapecó;2
01/12/2021;Lages;1
01/12/2021;Caçador;1
01/12/2021;Araranguá;2
01/12/2021;Indaial;1
01/12/2021;Xanxerê;1
01/12/2021;São Miguel do Oeste;1
01/12/2021;Laguna;1
01/12/2021;Curitibanos;1
01/12/2021;Rio Negrinho;1
01/12/2021;Campos Novos;1
01/12/2021;Itapoá;2
01/12/2021;Joaçaba;1
02/12/2021;Florianópolis;2
02/12/2021;Itajaí;1
02/12/2021;Chapecó;2
02/12/2021;Lages;1
02/12/2021;Caçador;1
02/12/2021;Araranguá;2
02/12/2021;Indaial;1
02/12/2021;Xanxerê;1
02/12/2021;São Miguel do Oeste;1
02/12/2021;Laguna;1
02/12/2021;Curitibanos;1
02/12/2021;Rio Negrinho;1
02/12/2021;Campos Novos;1
02/12/2021;Itapoá;2
02/12/2021;Joaçaba;1
03/12/2021;Florianópolis;2
03/12/2021;Itajaí;1
03/12/2021;Chapecó;2
03/12/2021;Lages;1
03/12/2021;Caçador;1
03/12/2021;Araranguá;2
03/12/2021;Indaial;1
03/12/2021;Xanxerê;1
03/12/2021;São Miguel do Oeste;1
03/12/2021;Laguna;1
03/12/2021;Curitibanos;1
03/12/2021;Rio Negrinho;1
03/12/2021;Campos Novos;1
03/12/2021;Itapoá;2
03/12/2021;Joaçaba;1
04/12/2021;Florianópolis;2
04/12/2021;Itajaí;1
04/12/2021;Chapecó;1
04/12/2021;Lages;1
04/12/2021;Caçador;1
04/12/2021;Araranguá;2
04/12/2021;Indaial;2
04/12/2021;Xanxerê;2
04/12/2021;São Miguel do Oeste;1
04/12/2021;Laguna;1
04/12/2021;Curitibanos;1
04/12/2021;Rio Negrinho;1
04/12/2021;Campos Novos;1
04/12/2021;Itapoá;1
04/12/2021;Joaçaba;1
05/12/2021;Florianópolis;2
05/12/2021;Itajaí;1
05/12/2021;Chapecó;1
05/12/2021;Lages;1
05/12/2021;Caçador;1
05/12/2021;Araranguá;2
05/12/2021;Indaial;2
05/12/2021;Xanxerê;2
05/12/2021;São Miguel do Oeste;1
05/12/2021;Laguna;1
05/12/2021;Curitibanos;1
05/12/2021;Rio Negrinho;1
05/12/2021;Campos Novos;1
05/12/2021;Itapoá;1
05/12/2021;Joaçaba;1
06/12/2021;Florianópolis;2
06/12/2021;Itajaí;1
06/12/2021;Chapecó;1
06/12/2021;Lages;1
06/12/2021;Caçador;1
06/12/2021;Araranguá;2
06/12/2021;Indaial;2
06/12/2021;Xanxerê;2
06/12/2021;São Miguel do Oeste;1
06/12/2021;Laguna;1
06/12/2021;Curitibanos;1
06/12/2021;Rio Negrinho;1
06/12/2021;Campos Novos;1
06/12/2021;Itapoá;1
06/12/2021;Joaçaba;1
07/12/2021;Florianópolis;2
07/12/2021;Itajaí;1
07/12/2021;Chapecó;1
07/12/2021;Lages;1
07/12/2021;Caçador;1
07/12/2021;Araranguá;2
07/12/2021;Indaial;2
07/12/2021;Xanxerê;2
07/12/2021;São Miguel do Oeste;1
07/12/2021;Laguna;1
07/12/2021;Curitibanos;1
07/12/2021;Rio Negrinho;1
07/12/2021;Campos Novos;1
07/12/2021;Itapoá;1
07/12/2021;Joaçaba;1
08/12/2021;Florianópolis;2
08/12/2021;Itajaí;1
08/12/2021;Chapecó;1
08/12/2021;Lages;1
08/12/2021;Caçador;1
08/12/2021;Araranguá;2
08/12/2021;Indaial;2
08/12/2021;Xanxerê;2
08/12/2021;São Miguel do Oeste;1
08/12/2021;Laguna;1
08/12/2021;Curitibanos;1
08/12/2021;Rio Negrinho;1
08/12/2021;Campos Novos;1
08/12/2021;Itapoá;1
08/12/2021;Joaçaba;1
09/12/2021;Florianópolis;2
09/12/2021;Itajaí;1
09/12/2021;Chapecó;1
09/12/2021;Lages;1
09/12/2021;Caçador;1
09/12/2021;Araranguá;2
09/12/2021;Indaial;2
09/12/2021;Xanxerê;2
09/12/2021;São Miguel do Oeste;1
09/12/2021;Laguna;1
09/12/2021;Curitibanos;1
09/12/2021;Rio Negrinho;1
09/12/2021;Campos Novos;1
09/12/2021;Itapoá;1
09/12/2021;Joaçaba;1
10/12/2021;Florianópolis;2
10/12/2021;Itajaí;1
10/12/2021;Chapecó;1
10/12/2021;Lages;1
10/12/2021;Caçador;1
10/12/2021;Araranguá;2
10/12/2021;Indaial;2
10/12/2021;Xanxerê;2
10/12/2021;São Miguel do Oeste;1
10/12/2021;Laguna;1
10/12/2021;Curitibanos;1
10/12/2021;Rio Negrinho;1
10/12/2021;Campos Novos;1
10/12/2021;Itapoá;1
10/12/2021;Joaçaba;1
11/12/2021;Florianópolis;1
11/12/2021;Itajaí;1
11/12/2021;Chapecó;1
11/12/2021;Lages;1
11/12/2021;Caçador;1
11/12/2021;Araranguá;1
11/12/2021;Indaial;1
11/12/2021;Xanxerê;1
11/12/2021;São Miguel do Oeste;1
11/12/2021;Laguna;1
11/12/2021;Curitibanos;1
11/12/2021;Rio Negrinho;1
11/12/2021;Campos Novos;1
11/12/2021;Itapoá;1
11/12/2021;Joaçaba;1
12/12/2021;Florianópolis;1
12/12/2021;Itajaí;1
12/12/2021;Chapecó;1
12/12/2021;Lages;1
12/12/2021;Caçador;1
12/12/2021;Araranguá;1
12/12/2021;Indaial;1
12/12/2021;Xanxerê;1
12/12/2021;São Miguel do Oeste;1
12/12/2021;Laguna;1
12/12/2021;Curitibanos;1
12/12/2021;Rio Negrinho;1
12/12/2021;Campos Novos;1
12/12/2021;Itapoá;1
12/12/2021;Joaçaba;1
13/12/2021;Florianópolis;1
13/12/2021;Itajaí;1
13/12/2021;Chapecó;1
13/12/2021;Lages;1
13/12/2021;Caçador;1
13/12/2021;Araranguá;1
13/12/2021;Indaial;1
13/12/2021;Xanxerê;1
13/12/2021;São Miguel do Oeste;1
13/12/2021;Laguna;1
13/12/2021;Curitibanos;1
13/12/2021;Rio Negrinho;1
13/12/2021;Campos Novos;1
13/12/2021;Itapoá;1
13/12/2021;Joaçaba;1
14/12/2021;Florianópolis;1
14/12/2021;Itajaí;1
14/12/2021;Chapecó;1
14/12/2021;Lages;1
14/12/2021;Caçador;1
14/12/2021;Araranguá;1
14/12/2021;Indaial;1
14/12/2021;Xanxerê;1
14/12/2021;São Miguel do Oeste;1
14/12/2021;Laguna;1
14/12/2021;Curitibanos;1
14/12/2021;Rio Negrinho;1
14/12/2021;Campos Novos;1
14/12/2021;Itapoá;1
14/12/2021;Joaçaba;1
15/12/2021;Florianópolis;1
15/12/2021;Itajaí;1
15/12/2021;Chapecó;1
15/12/2021;Lages;1
15/12/2021;Caçador;1
15/12/2021;Araranguá;1
15/12/2021;Indaial;1
15/12/2021;Xanxerê;1
15/12/2021;São Miguel do Oeste;1
15/12/2021;Laguna;1
15/12/2021;Curitibanos;1
15/12/2021;Rio Negrinho;1
15/12/2021;Campos Novos;1
15/12/2021;Itapoá;1
15/12/2021;Joaçaba;1
16/12/2021;Florianópolis;1
16/12/2021;Itajaí;1
16/12/2021;Chapecó;1
16/12/2021;Lages;1
16/12/2021;Caçador;1
16/12/2021;Araranguá;1
16/12/2021;Indaial;1
16/12/2021;Xanxerê;1
16/12/2021;São Miguel do Oeste;1
16/12/2021;Laguna;1
16/12/2021;Curitibanos;1
16/12/2021;Rio Negrinho;1
16/12/2021;Campos Novos;1
16/12/2021;Itapoá;1
16/12/2021;Joaçaba;1
17/12/2021;Florianópolis;1
17/12/2021;Itajaí;1
17/12/2021;Chapecó;1
17/12/2021;Lages;1
17/12/2021;Caçador;1
17/12/2021;Araranguá;1
17/12/2021;Indaial;1
17/12/2021;Xanxerê;1
17/12/2021;São Miguel do Oeste;1
17/12/2021;Laguna;1
17/12/2021;Curitibanos;1
17/12/2021;Rio Negrinho;1
17/12/2021;Campos Novos;1
17/12/2021;Itapoá;1
17/12/2021;Joaçaba;1
18/12/2021;Florianópolis;1
18/12/2021;Itajaí;1
18/12/2021;Chapecó;1
18/12/2021;Lages;1
18/12/2021;Caçador;1
18/12/2021;Araranguá;1
18/12/2021;Indaial;1
18/12/2021;Xanxerê;1
18/12/2021;São Miguel do Oeste;1
18/12/2021;Laguna;1
18/12/2021;Curitibanos;1
18/12/2021;Rio Negrinho;1
18/12/2021;Campos Novos;1
18/12/2021;Itapoá;1
18/12/2021;Joaçaba;1
19/12/2021;Florianópolis;1
19/12/2021;Itajaí;1
19/12/2021;Chapecó;1
19/12/2021;Lages;1
19/12/2021;Caçador;1
19/12/2021;Araranguá;1
19/12/2021;Indaial;1
19/12/2021;Xanxerê;1
19/12/2021;São Miguel do Oeste;1
19/12/2021;Laguna;1
19/12/2021;Curitibanos;1
19/12/2021;Rio Negrinho;1
19/12/2021;Campos Novos;1
19/12/2021;Itapoá;1
19/12/2021;Joaçaba;1
20/12/2021;Florianópolis;1
20/12/2021;Itajaí;1
20/12/2021;Chapecó;1
20/12/2021;Lages;1
20/12/2021;Caçador;1
20/12/2021;Araranguá;1
20/12/2021;Indaial;1
20/12/2021;Xanxerê;1
20/12/2021;São Miguel do Oeste;1
20/12/2021;Laguna;1
20/12/2021;Curitibanos;1
20/12/2021;Rio Negrinho;1
20/12/2021;Campos Novos;1
20/12/2021;Itapoá;1
20/12/2021;Joaçaba;1
21/12/2021;Florianópolis;1
21/12/2021;Itajaí;1
21/12/2021;Chapecó;1
21/12/2021;Lages;1
21/12/2021;Caçador;1
21/12/2021;Araranguá;1
21/12/2021;Indaial;1
21/12/2021;Xanxerê;1
21/12/2021;São Miguel do Oeste;1
21/12/2021;Laguna;1
21/12/2021;Curitibanos;1
21/12/2021;Rio Negrinho;1
21/12/2021;Campos Novos;1
21/12/2021;Itapoá;1
21/12/2021;Joaçaba;1
22/12/2021;Florianópolis;1
22/12/2021;Itajaí;1
22/12/2021;Chapecó;1
22/12/2021;Lages;1
22/12/2021;Caçador;1
22/12/2021;Araranguá;1
22/12/2021;Indaial;1
22/12/2021;Xanxerê;1
22/12/2021;São Miguel do Oeste;1
22/12/2021;Laguna;1
22/12/2021;Curitibanos;1
22/12/2021;Rio Negrinho;1
22/12/2021;Campos Novos;1
22/12/2021;Itapoá;1
22/12/2021;Joaçaba;1
23/12/2021;Florianópolis;1
23/12/2021;Itajaí;1
23/12/2021;Chapecó;1
23/12/2021;Lages;1
23/12/2021;Caçador;1
23/12/2021;Araranguá;1
23/12/2021;Indaial;1
23/12/2021;Xanxerê;1
23/12/2021;São Miguel do Oeste;1
23/12/2021;Laguna;1
23/12/2021;Curitibanos;1
23/12/2021;Rio Negrinho;1
23/12/2021;Campos Novos;1
23/12/2021;Itapoá;1
23/12/2021;Joaçaba;1
24/12/2021;Florianópolis;1
24/12/2021;Itajaí;1
24/12/2021;Chapecó;1
24/12/2021;Lages;1
24/12/2021;Caçador;1
24/12/2021;Araranguá;1
24/12/2021;Indaial;1
24/12/2021;Xanxerê;1
24/12/2021;São Miguel do Oeste;1
24/12/2021;Laguna;1
24/12/2021;Curitibanos;1
24/12/2021;Rio Negrinho;1
24/12/2021;Campos Novos;1
24/12/2021;Itapoá;1
24/12/2021;Joaçaba;1
25/12/2021;Florianópolis;
25/12/2021;Itajaí;
25/12/2021;Chapecó;
25/12/2021;Lages;
25/12/2021;Caçador;
25/12/2021;Araranguá;
25/12/2021;Indaial;
25/12/2021;Xanxerê;
25/12/2021;São Miguel do Oeste;
25/12/2021;Laguna;
25/12/2021;Curitibanos;
25/12/2021;Rio Negrinho;
25/12/2021;Campos Novos;
25/12/2021;Itapoá;
25/12/2021;Joaçaba;
26/12/2021;Florianópolis;
26/12/2021;Itajaí;
26/12/2021;Chapecó;
26/12/2021;Lages;
26/12/2021;Caçador;
26/12/2021;Araranguá;
26/12/2021;Indaial;
26/12/2021;Xanxerê;
26/12/2021;São Miguel do Oeste;
26/12/2021;Laguna;
26/12/2021;Curitibanos;
26/12/2021;Rio Negrinho;
26/12/2021;Campos Novos;
26/12/2021;Itapoá;
26/12/2021;Joaçaba;
27/12/2021;Florianópolis;
27/12/2021;Itajaí;
27/12/2021;Chapecó;
27/12/2021;Lages;
27/12/2021;Caçador;
27/12/2021;Araranguá;
27/12/2021;Indaial;
27/12/2021;Xanxerê;
27/12/2021;São Miguel do Oeste;
27/12/2021;Laguna;
27/12/2021;Curitibanos;
27/12/2021;Rio Negrinho;
27/12/2021;Campos Novos;
27/12/2021;Itapoá;
27/12/2021;Joaçaba;
28/12/2021;Florianópolis;
28/12/2021;Itajaí;
28/12/2021;Chapecó;
28/12/2021;Lages;
28/12/2021;Caçador;
28/12/2021;Araranguá;
28/12/2021;Indaial;
28/12/2021;Xanxerê;
28/12/2021;São Miguel do Oeste;
28/12/2021;Laguna;
28/12/2021;Curitibanos;
28/12/2021;Rio Negrinho;
28/12/2021;Campos Novos;
28/12/2021;Itapoá;
28/12/2021;Joaçaba;
29/12/2021;Florianópolis;
29/12/2021;Itajaí;
29/12/2021;Chapecó;
29/12/2021;Lages;
29/12/2021;Caçador;
29/12/2021;Araranguá;
29/12/2021;Indaial;
29/12/2021;Xanxerê;
29/12/2021;São Miguel do Oeste;
29/12/2021;Laguna;
29/12/2021;Curitibanos;
29/12/2021;Rio Negrinho;
29/12/2021;Campos Novos;
29/12/2021;Itapoá;
29/12/2021;Joaçaba;
30/12/2021;Florianópolis;
30/12/2021;Itajaí;
30/12/2021;Chapecó;
30/12/2021;Lages;
30/12/2021;Caçador;
30/12/2021;Araranguá;
30/12/2021;Indaial;
30/12/2021;Xanxerê;
30/12/2021;São Miguel do Oeste;
30/12/2021;Laguna;
30/12/2021;Curitibanos;
30/12/2021;Rio Negrinho;
30/12/2021;Campos Novos;
30/12/2021;Itapoá;
30/12/2021;Joaçaba;
31/12/2021;Florianópolis;
31/12/2021;Itajaí;
31/12/2021;Chapecó;
31/12/2021;Lages;
31/12/2021;Caçador;
31/12/2021;Araranguá;
31/12/2021;Indaial;
31/12/2021;Xanxerê;
31/12/2021;São Miguel do Oeste;
31/12/2021;Laguna;
31/12/2021;Curitibanos;
31/12/2021;Rio Negrinho;
31/12/2021;Campos Novos;
31/12/2021;Itapoá;
31/12/2021;Joaçaba;
01/01/2022;Florianópolis;1
01/01/2022;Itajaí;1
01/01/2022;Chapecó;1
01/01/2022;Lages;1
01/01/2022;Caçador;1
01/01/2022;Araranguá;1
01/01/2022;Indaial;1
01/01/2022;Xanxerê;1
01/01/2022;São Miguel do Oeste;1
01/01/2022;Laguna;1
01/01/2022;Curitibanos;1
01/01/2022;Rio Negrinho;1
01/01/2022;Campos Novos;2
01/01/2022;Itapoá;2
01/01/2022;Joaçaba;2
02/01/2022;Florianópolis;1
02/01/2022;Itajaí;1
02/01/2022;Chapecó;1
02/01/2022;Lages;1
02/01/2022;Caçador;1
02/01/2022;Araranguá;1
02/01/2022;Indaial;1
02/01/2022;Xanxerê;1
02/01/2022;São Miguel do Oeste;1
02/01/2022;Laguna;1
02/01/2022;Curitibanos;1
02/01/2022;Rio Negrinho;1
02/01/2022;Campos Novos;2
02/01/2022;Itapoá;2
02/01/2022;Joaçaba;2
03/01/2022;Florianópolis;1
03/01/2022;Itajaí;1
03/01/2022;Chapecó;1
03/01/2022;Lages;1
03/01/2022;Caçador;1
03/01/2022;Araranguá;1
03/01/2022;Indaial;1
03/01/2022;Xanxerê;1
03/01/2022;São Miguel do Oeste;1
03/01/2022;Laguna;1
03/01/2022;Curitibanos;1
03/01/2022;Rio Negrinho;1
03/01/2022;Campos Novos;2
03/01/2022;Itapoá;2
03/01/2022;Joaçaba;2
04/01/2022;Florianópolis;1
04/01/2022;Itajaí;1
04/01/2022;Chapecó;1
04/01/2022;Lages;1
04/01/2022;Caçador;1
04/01/2022;Araranguá;1
04/01/2022;Indaial;1
04/01/2022;Xanxerê;1
04/01/2022;São Miguel do Oeste;1
04/01/2022;Laguna;1
04/01/2022;Curitibanos;1
04/01/2022;Rio Negrinho;1
04/01/2022;Campos Novos;2
04/01/2022;Itapoá;2
04/01/2022;Joaçaba;2
05/01/2022;Florianópolis;1
05/01/2022;Itajaí;1
05/01/2022;Chapecó;1
05/01/2022;Lages;1
05/01/2022;Caçador;1
05/01/2022;Araranguá;1
05/01/2022;Indaial;1
05/01/2022;Xanxerê;1
05/01/2022;São Miguel do Oeste;1
05/01/2022;Laguna;1
05/01/2022;Curitibanos;1
05/01/2022;Rio Negrinho;1
05/01/2022;Campos Novos;2
05/01/2022;Itapoá;2
05/01/2022;Joaçaba;2
06/01/2022;Florianópolis;1
06/01/2022;Itajaí;1
06/01/2022;Chapecó;1
06/01/2022;Lages;1
06/01/2022;Caçador;1
06/01/2022;Araranguá;1
06/01/2022;Indaial;1
06/01/2022;Xanxerê;1
06/01/2022;São Miguel do Oeste;1
06/01/2022;Laguna;1
06/01/2022;Curitibanos;1
06/01/2022;Rio Negrinho;1
06/01/2022;Campos Novos;2
06/01/2022;Itapoá;2
06/01/2022;Joaçaba;2
07/01/2022;Florianópolis;1
07/01/2022;Itajaí;1
07/01/2022;Chapecó;1
07/01/2022;Lages;1
07/01/2022;Caçador;1
07/01/2022;Araranguá;1
07/01/2022;Indaial;1
07/01/2022;Xanxerê;1
07/01/2022;São Miguel do Oeste;1
07/01/2022;Laguna;1
07/01/2022;Curitibanos;1
07/01/2022;Rio Negrinho;1
07/01/2022;Campos Novos;2
07/01/2022;Itapoá;2
07/01/2022;Joaçaba;2
08/01/2022;Florianópolis;2
08/01/2022;Itajaí;1
08/01/2022;Chapecó;1
08/01/2022;Lages;1
08/01/2022;Caçador;1
08/01/2022;Araranguá;1
08/01/2022;Indaial;1
08/01/2022;Xanxerê;1
08/01/2022;São Miguel do Oeste;1
08/01/2022;Laguna;1
08/01/2022;Curitibanos;1
08/01/2022;Rio Negrinho;1
08/01/2022;Campos Novos;1
08/01/2022;Itapoá;1
08/01/2022;Joaçaba;1
09/01/2022;Florianópolis;2
09/01/2022;Itajaí;1
09/01/2022;Chapecó;1
09/01/2022;Lages;1
09/01/2022;Caçador;1
09/01/2022;Araranguá;1
09/01/2022;Indaial;1
09/01/2022;Xanxerê;1
09/01/2022;São Miguel do Oeste;1
09/01/2022;Laguna;1
09/01/2022;Curitibanos;1
09/01/2022;Rio Negrinho;1
09/01/2022;Campos Novos;1
09/01/2022;Itapoá;1
09/01/2022;Joaçaba;1
10/01/2022;Florianópolis;2
10/01/2022;Itajaí;1
10/01/2022;Chapecó;1
10/01/2022;Lages;1
10/01/2022;Caçador;1
10/01/2022;Araranguá;1
10/01/2022;Indaial;1
10/01/2022;Xanxerê;1
10/01/2022;São Miguel do Oeste;1
10/01/2022;Laguna;1
10/01/2022;Curitibanos;1
10/01/2022;Rio Negrinho;1
10/01/2022;Campos Novos;1
10/01/2022;Itapoá;1
10/01/2022;Joaçaba;1
11/01/2022;Florianópolis;2
11/01/2022;Itajaí;1
11/01/2022;Chapecó;1
11/01/2022;Lages;1
11/01/2022;Caçador;1
11/01/2022;Araranguá;1
11/01/2022;Indaial;1
11/01/2022;Xanxerê;1
11/01/2022;São Miguel do Oeste;1
11/01/2022;Laguna;1
11/01/2022;Curitibanos;1
11/01/2022;Rio Negrinho;1
11/01/2022;Campos Novos;1
11/01/2022;Itapoá;1
11/01/2022;Joaçaba;1
12/01/2022;Florianópolis;2
12/01/2022;Itajaí;1
12/01/2022;Chapecó;1
12/01/2022;Lages;1
12/01/2022;Caçador;1
12/01/2022;Araranguá;1
12/01/2022;Indaial;1
12/01/2022;Xanxerê;1
12/01/2022;São Miguel do Oeste;1
12/01/2022;Laguna;1
12/01/2022;Curitibanos;1
12/01/2022;Rio Negrinho;1
12/01/2022;Campos Novos;1
12/01/2022;Itapoá;1
12/01/2022;Joaçaba;1
13/01/2022;Florianópolis;2
13/01/2022;Itajaí;1
13/01/2022;Chapecó;1
13/01/2022;Lages;1
13/01/2022;Caçador;1
13/01/2022;Araranguá;1
13/01/2022;Indaial;1
13/01/2022;Xanxerê;1
13/01/2022;São Miguel do Oeste;1
13/01/2022;Laguna;1
13/01/2022;Curitibanos;1
13/01/2022;Rio Negrinho;1
13/01/2022;Campos Novos;1
13/01/2022;Itapoá;1
13/01/2022;Joaçaba;1
14/01/2022;Florianópolis;2
14/01/2022;Itajaí;1
14/01/2022;Chapecó;1
14/01/2022;Lages;1
14/01/2022;Caçador;1
14/01/2022;Araranguá;1
14/01/2022;Indaial;1
14/01/2022;Xanxerê;1
14/01/2022;São Miguel do Oeste;1
14/01/2022;Laguna;1
14/01/2022;Curitibanos;1
14/01/2022;Rio Negrinho;1
14/01/2022;Campos Novos;1
14/01/2022;Itapoá;1
14/01/2022;Joaçaba;1
15/01/2022;Florianópolis;2
15/01/2022;Itajaí;2
15/01/2022;Chapecó;2
15/01/2022;Lages;2
15/01/2022;Caçador;2
15/01/2022;Araranguá;2
15/01/2022;Indaial;2
15/01/2022;Xanxerê;2
15/01/2022;São Miguel do Oeste;2
15/01/2022;Laguna;2
15/01/2022;Curitibanos;2
15/01/2022;Rio Negrinho;2
15/01/2022;Campos Novos;2
15/01/2022;Itapoá;2
15/01/2022;Joaçaba;2
16/01/2022;Florianópolis;2
16/01/2022;Itajaí;2
16/01/2022;Chapecó;2
16/01/2022;Lages;2
16/01/2022;Caçador;2
16/01/2022;Araranguá;2
16/01/2022;Indaial;2
16/01/2022;Xanxerê;2
16/01/2022;São Miguel do Oeste;2
16/01/2022;Laguna;2
16/01/2022;Curitibanos;2
16/01/2022;Rio Negrinho;2
16/01/2022;Campos Novos;2
16/01/2022;Itapoá;2
16/01/2022;Joaçaba;2
17/01/2022;Florianópolis;2
17/01/2022;Itajaí;2
17/01/2022;Chapecó;2
17/01/2022;Lages;2
17/01/2022;Caçador;2
17/01/2022;Araranguá;2
17/01/2022;Indaial;2
17/01/2022;Xanxerê;2
17/01/2022;São Miguel do Oeste;2
17/01/2022;Laguna;2
17/01/2022;Curitibanos;2
17/01/2022;Rio Negrinho;2
17/01/2022;Campos Novos;2
17/01/2022;Itapoá;2
17/01/2022;Joaçaba;2
18/01/2022;Florianópolis;2
18/01/2022;Itajaí;2
18/01/2022;Chapecó;2
18/01/2022;Lages;2
18/01/2022;Caçador;2
18/01/2022;Araranguá;2
18/01/2022;Indaial;2
18/01/2022;Xanxerê;2
18/01/2022;São Miguel do Oeste;2
18/01/2022;Laguna;2
18/01/2022;Curitibanos;2
18/01/2022;Rio Negrinho;2
18/01/2022;Campos Novos;2
18/01/2022;Itapoá;2
18/01/2022;Joaçaba;2
19/01/2022;Florianópolis;2
19/01/2022;Itajaí;2
19/01/2022;Chapecó;2
19/01/2022;Lages;2
19/01/2022;Caçador;2
19/01/2022;Araranguá;2
19/01/2022;Indaial;2
19/01/2022;Xanxerê;2
19/01/2022;São Miguel do Oeste;2
19/01/2022;Laguna;2
19/01/2022;Curitibanos;2
19/01/2022;Rio Negrinho;2
19/01/2022;Campos Novos;2
19/01/2022;Itapoá;2
19/01/2022;Joaçaba;2
20/01/2022;Florianópolis;2
20/01/2022;Itajaí;2
20/01/2022;Chapecó;2
20/01/2022;Lages;2
20/01/2022;Caçador;2
20/01/2022;Araranguá;2
20/01/2022;Indaial;2
20/01/2022;Xanxerê;2
20/01/2022;São Miguel do Oeste;2
20/01/2022;Laguna;2
20/01/2022;Curitibanos;2
20/01/2022;Rio Negrinho;2
20/01/2022;Campos Novos;2
20/01/2022;Itapoá;2
20/01/2022;Joaçaba;2
21/01/2022;Florianópolis;2
21/01/2022;Itajaí;2
21/01/2022;Chapecó;2
21/01/2022;Lages;2
21/01/2022;Caçador;2
21/01/2022;Araranguá;2
21/01/2022;Indaial;2
21/01/2022;Xanxerê;2
21/01/2022;São Miguel do Oeste;2
21/01/2022;Laguna;2
21/01/2022;Curitibanos;2
21/01/2022;Rio Negrinho;2
21/01/2022;Campos Novos;2
21/01/2022;Itapoá;2
21/01/2022;Joaçaba;2
22/01/2022;Florianópolis;2
22/01/2022;Itajaí;2
22/01/2022;Chapecó;2
22/01/2022;Lages;2
22/01/2022;Caçador;2
22/01/2022;Araranguá;2
22/01/2022;Indaial;1
22/01/2022;Xanxerê;1
22/01/2022;São Miguel do Oeste;1
22/01/2022;Laguna;2
22/01/2022;Curitibanos;2
22/01/2022;Rio Negrinho;2
22/01/2022;Campos Novos;2
22/01/2022;Itapoá;2
22/01/2022;Joaçaba;2
23/01/2022;Florianópolis;2
23/01/2022;Itajaí;2
23/01/2022;Chapecó;2
23/01/2022;Lages;2
23/01/2022;Caçador;2
23/01/2022;Araranguá;2
23/01/2022;Indaial;1
23/01/2022;Xanxerê;1
23/01/2022;São Miguel do Oeste;1
23/01/2022;Laguna;2
23/01/2022;Curitibanos;2
23/01/2022;Rio Negrinho;2
23/01/2022;Campos Novos;2
23/01/2022;Itapoá;2
23/01/2022;Joaçaba;2
24/01/2022;Florianópolis;2
24/01/2022;Itajaí;2
24/01/2022;Chapecó;2
24/01/2022;Lages;2
24/01/2022;Caçador;2
24/01/2022;Araranguá;2
24/01/2022;Indaial;1
24/01/2022;Xanxerê;1
24/01/2022;São Miguel do Oeste;1
24/01/2022;Laguna;2
24/01/2022;Curitibanos;2
24/01/2022;Rio Negrinho;2
24/01/2022;Campos Novos;2
24/01/2022;Itapoá;2
24/01/2022;Joaçaba;2
25/01/2022;Florianópolis;2
25/01/2022;Itajaí;2
25/01/2022;Chapecó;2
25/01/2022;Lages;2
25/01/2022;Caçador;2
25/01/2022;Araranguá;2
25/01/2022;Indaial;1
25/01/2022;Xanxerê;1
25/01/2022;São Miguel do Oeste;1
25/01/2022;Laguna;2
25/01/2022;Curitibanos;2
25/01/2022;Rio Negrinho;2
25/01/2022;Campos Novos;2
25/01/2022;Itapoá;2
25/01/2022;Joaçaba;2
26/01/2022;Florianópolis;2
26/01/2022;Itajaí;2
26/01/2022;Chapecó;2
26/01/2022;Lages;2
26/01/2022;Caçador;2
26/01/2022;Araranguá;2
26/01/2022;Indaial;1
26/01/2022;Xanxerê;1
26/01/2022;São Miguel do Oeste;1
26/01/2022;Laguna;2
26/01/2022;Curitibanos;2
26/01/2022;Rio Negrinho;2
26/01/2022;Campos Novos;2
26/01/2022;Itapoá;2
26/01/2022;Joaçaba;2
27/01/2022;Florianópolis;2
27/01/2022;Itajaí;2
27/01/2022;Chapecó;2
27/01/2022;Lages;2
27/01/2022;Caçador;2
27/01/2022;Araranguá;2
27/01/2022;Indaial;1
27/01/2022;Xanxerê;1
27/01/2022;São Miguel do Oeste;1
27/01/2022;Laguna;2
27/01/2022;Curitibanos;2
27/01/2022;Rio Negrinho;2
27/01/2022;Campos Novos;2
27/01/2022;Itapoá;2
27/01/2022;Joaçaba;2
28/01/2022;Florianópolis;2
28/01/2022;Itajaí;2
28/01/2022;Chapecó;2
28/01/2022;Lages;2
28/01/2022;Caçador;2
28/01/2022;Araranguá;2
28/01/2022;Indaial;1
28/01/2022;Xanxerê;1
28/01/2022;São Miguel do Oeste;1
28/01/2022;Laguna;2
28/01/2022;Curitibanos;2
28/01/2022;Rio Negrinho;2
28/01/2022;Campos Novos;2
28/01/2022;Itapoá;2
28/01/2022;Joaçaba;2
29/01/2022;Florianópolis;2
29/01/2022;Itajaí;2
29/01/2022;Chapecó;2
29/01/2022;Lages;2
29/01/2022;Caçador;2
29/01/2022;Araranguá;2
29/01/2022;Indaial;2
29/01/2022;Xanxerê;2
29/01/2022;São Miguel do Oeste;1
29/01/2022;Laguna;2
29/01/2022;Curitibanos;2
29/01/2022;Rio Negrinho;2
29/01/2022;Campos Novos;2
29/01/2022;Itapoá;2
29/01/2022;Joaçaba;2
30/01/2022;Florianópolis;2
30/01/2022;Itajaí;2
30/01/2022;Chapecó;2
30/01/2022;Lages;2
30/01/2022;Caçador;2
30/01/2022;Araranguá;2
30/01/2022;Indaial;2
30/01/2022;Xanxerê;2
30/01/2022;São Miguel do Oeste;1
30/01/2022;Laguna;2
30/01/2022;Curitibanos;2
30/01/2022;Rio Negrinho;2
30/01/2022;Campos Novos;2
30/01/2022;Itapoá;2
30/01/2022;Joaçaba;2
31/01/2022;Florianópolis;2
31/01/2022;Itajaí;2
31/01/2022;Chapecó;2
31/01/2022;Lages;2
31/01/2022;Caçador;2
31/01/2022;Araranguá;2
31/01/2022;Indaial;2
31/01/2022;Xanxerê;2
31/01/2022;São Miguel do Oeste;1
31/01/2022;Laguna;2
31/01/2022;Curitibanos;2
31/01/2022;Rio Negrinho;2
31/01/2022;Campos Novos;2
31/01/2022;Itapoá;2
31/01/2022;Joaçaba;2
01/02/2022;Florianópolis;2
01/02/2022;Itajaí;2
01/02/2022;Chapecó;2
01/02/2022;Lages;2
01/02/2022;Caçador;2
01/02/2022;Araranguá;2
01/02/2022;Indaial;2
01/02/2022;Xanxerê;2
01/02/2022;São Miguel do Oeste;1
01/02/2022;Laguna;2
01/02/2022;Curitibanos;2
01/02/2022;Rio Negrinho;2
01/02/2022;Campos Novos;2
01/02/2022;Itapoá;2
01/02/2022;Joaçaba;2
02/02/2022;Florianópolis;2
02/02/2022;Itajaí;2
02/02/2022;Chapecó;2
02/02/2022;Lages;2
02/02/2022;Caçador;2
02/02/2022;Araranguá;2
02/02/2022;Indaial;2
02/02/2022;Xanxerê;2
02/02/2022;São Miguel do Oeste;1
02/02/2022;Laguna;2
02/02/2022;Curitibanos;2
02/02/2022;Rio Negrinho;2
02/02/2022;Campos Novos;2
02/02/2022;Itapoá;2
02/02/2022;Joaçaba;2
03/02/2022;Florianópolis;2
03/02/2022;Itajaí;2
03/02/2022;Chapecó;2
03/02/2022;Lages;2
03/02/2022;Caçador;2
03/02/2022;Araranguá;2
03/02/2022;Indaial;2
03/02/2022;Xanxerê;2
03/02/2022;São Miguel do Oeste;1
03/02/2022;Laguna;2
03/02/2022;Curitibanos;2
03/02/2022;Rio Negrinho;2
03/02/2022;Campos Novos;2
03/02/2022;Itapoá;2
03/02/2022;Joaçaba;2
04/02/2022;Florianópolis;2
04/02/2022;Itajaí;2
04/02/2022;Chapecó;2
04/02/2022;Lages;2
04/02/2022;Caçador;2
04/02/2022;Araranguá;2
04/02/2022;Indaial;2
04/02/2022;Xanxerê;2
04/02/2022;São Miguel do Oeste;1
04/02/2022;Laguna;2
04/02/2022;Curitibanos;2
04/02/2022;Rio Negrinho;2
04/02/2022;Campos Novos;2
04/02/2022;Itapoá;2
04/02/2022;Joaçaba;2
05/02/2022;Florianópolis;2
05/02/2022;Itajaí;2
05/02/2022;Chapecó;2
05/02/2022;Lages;2
05/02/2022;Caçador;2
05/02/2022;Araranguá;2
05/02/2022;Indaial;2
05/02/2022;Xanxerê;2
05/02/2022;São Miguel do Oeste;2
05/02/2022;Laguna;2
05/02/2022;Curitibanos;2
05/02/2022;Rio Negrinho;2
05/02/2022;Campos Novos;2
05/02/2022;Itapoá;2
05/02/2022;Joaçaba;2
06/02/2022;Florianópolis;2
06/02/2022;Itajaí;2
06/02/2022;Chapecó;2
06/02/2022;Lages;2
06/02/2022;Caçador;2
06/02/2022;Araranguá;2
06/02/2022;Indaial;2
06/02/2022;Xanxerê;2
06/02/2022;São Miguel do Oeste;2
06/02/2022;Laguna;2
06/02/2022;Curitibanos;2
06/02/2022;Rio Negrinho;2
06/02/2022;Campos Novos;2
06/02/2022;Itapoá;2
06/02/2022;Joaçaba;2
07/02/2022;Florianópolis;2
07/02/2022;Itajaí;2
07/02/2022;Chapecó;2
07/02/2022;Lages;2
07/02/2022;Caçador;2
07/02/2022;Araranguá;2
07/02/2022;Indaial;2
07/02/2022;Xanxerê;2
07/02/2022;São Miguel do Oeste;2
07/02/2022;Laguna;2
07/02/2022;Curitibanos;2
07/02/2022;Rio Negrinho;2
07/02/2022;Campos Novos;2
07/02/2022;Itapoá;2
07/02/2022;Joaçaba;2
08/02/2022;Florianópolis;2
08/02/2022;Itajaí;2
08/02/2022;Chapecó;2
08/02/2022;Lages;2
08/02/2022;Caçador;2
08/02/2022;Araranguá;2
08/02/2022;Indaial;2
08/02/2022;Xanxerê;2
08/02/2022;São Miguel do Oeste;2
08/02/2022;Laguna;2
08/02/2022;Curitibanos;2
08/02/2022;Rio Negrinho;2
08/02/2022;Campos Novos;2
08/02/2022;Itapoá;2
08/02/2022;Joaçaba;2
09/02/2022;Florianópolis;2
09/02/2022;Itajaí;2
09/02/2022;Chapecó;2
09/02/2022;Lages;2
09/02/2022;Caçador;2
09/02/2022;Araranguá;2
09/02/2022;Indaial;2
09/02/2022;Xanxerê;2
09/02/2022;São Miguel do Oeste;2
09/02/2022;Laguna;2
09/02/2022;Curitibanos;2
09/02/2022;Rio Negrinho;2
09/02/2022;Campos Novos;2
09/02/2022;Itapoá;2
09/02/2022;Joaçaba;2
10/02/2022;Florianópolis;2
10/02/2022;Itajaí;2
10/02/2022;Chapecó;2
10/02/2022;Lages;2
10/02/2022;Caçador;2
10/02/2022;Araranguá;2
10/02/2022;Indaial;2
10/02/2022;Xanxerê;2
10/02/2022;São Miguel do Oeste;2
10/02/2022;Laguna;2
10/02/2022;Curitibanos;2
10/02/2022;Rio Negrinho;2
10/02/2022;Campos Novos;2
10/02/2022;Itapoá;2
10/02/2022;Joaçaba;2
11/02/2022;Florianópolis;2
11/02/2022;Itajaí;2
11/02/2022;Chapecó;2
11/02/2022;Lages;2
11/02/2022;Caçador;2
11/02/2022;Araranguá;2
11/02/2022;Indaial;2
11/02/2022;Xanxerê;2
11/02/2022;São Miguel do Oeste;2
11/02/2022;Laguna;2
11/02/2022;Curitibanos;2
11/02/2022;Rio Negrinho;2
11/02/2022;Campos Novos;2
11/02/2022;Itapoá;2
11/02/2022;Joaçaba;2
12/02/2022;Florianópolis;2
12/02/2022;Itajaí;2
12/02/2022;Chapecó;2
12/02/2022;Lages;2
12/02/2022;Caçador;2
12/02/2022;Araranguá;2
12/02/2022;Indaial;2
12/02/2022;Xanxerê;2
12/02/2022;São Miguel do Oeste;2
12/02/2022;Laguna;1
12/02/2022;Curitibanos;2
12/02/2022;Rio Negrinho;2
12/02/2022;Campos Novos;2
12/02/2022;Itapoá;2
12/02/2022;Joaçaba;2
13/02/2022;Florianópolis;2
13/02/2022;Itajaí;2
13/02/2022;Chapecó;2
13/02/2022;Lages;2
13/02/2022;Caçador;2
13/02/2022;Araranguá;2
13/02/2022;Indaial;2
13/02/2022;Xanxerê;2
13/02/2022;São Miguel do Oeste;2
13/02/2022;Laguna;1
13/02/2022;Curitibanos;2
13/02/2022;Rio Negrinho;2
13/02/2022;Campos Novos;2
13/02/2022;Itapoá;2
13/02/2022;Joaçaba;2
14/02/2022;Florianópolis;2
14/02/2022;Itajaí;2
14/02/2022;Chapecó;2
14/02/2022;Lages;2
14/02/2022;Caçador;2
14/02/2022;Araranguá;2
14/02/2022;Indaial;2
14/02/2022;Xanxerê;2
14/02/2022;São Miguel do Oeste;2
14/02/2022;Laguna;1
14/02/2022;Curitibanos;2
14/02/2022;Rio Negrinho;2
14/02/2022;Campos Novos;2
14/02/2022;Itapoá;2
14/02/2022;Joaçaba;2
15/02/2022;Florianópolis;2
15/02/2022;Itajaí;2
15/02/2022;Chapecó;2
15/02/2022;Lages;2
15/02/2022;Caçador;2
15/02/2022;Araranguá;2
15/02/2022;Indaial;2
15/02/2022;Xanxerê;2
15/02/2022;São Miguel do Oeste;2
15/02/2022;Laguna;1
15/02/2022;Curitibanos;2
15/02/2022;Rio Negrinho;2
15/02/2022;Campos Novos;2
15/02/2022;Itapoá;2
15/02/2022;Joaçaba;2
16/02/2022;Florianópolis;2
16/02/2022;Itajaí;2
16/02/2022;Chapecó;2
16/02/2022;Lages;2
16/02/2022;Caçador;2
16/02/2022;Araranguá;2
16/02/2022;Indaial;2
16/02/2022;Xanxerê;2
16/02/2022;São Miguel do Oeste;2
16/02/2022;Laguna;1
16/02/2022;Curitibanos;2
16/02/2022;Rio Negrinho;2
16/02/2022;Campos Novos;2
16/02/2022;Itapoá;2
16/02/2022;Joaçaba;2
17/02/2022;Florianópolis;2
17/02/2022;Itajaí;2
17/02/2022;Chapecó;2
17/02/2022;Lages;2
17/02/2022;Caçador;2
17/02/2022;Araranguá;2
17/02/2022;Indaial;2
17/02/2022;Xanxerê;2
17/02/2022;São Miguel do Oeste;2
17/02/2022;Laguna;1
17/02/2022;Curitibanos;2
17/02/2022;Rio Negrinho;2
17/02/2022;Campos Novos;2
17/02/2022;Itapoá;2
17/02/2022;Joaçaba;2
18/02/2022;Florianópolis;2
18/02/2022;Itajaí;2
18/02/2022;Chapecó;2
18/02/2022;Lages;2
18/02/2022;Caçador;2
18/02/2022;Araranguá;2
18/02/2022;Indaial;2
18/02/2022;Xanxerê;2
18/02/2022;São Miguel do Oeste;2
18/02/2022;Laguna;1
18/02/2022;Curitibanos;2
18/02/2022;Rio Negrinho;2
18/02/2022;Campos Novos;2
18/02/2022;Itapoá;2
18/02/2022;Joaçaba;2
19/02/2022;Florianópolis;1
19/02/2022;Itajaí;2
19/02/2022;Chapecó;2
19/02/2022;Lages;2
19/02/2022;Caçador;1
19/02/2022;Araranguá;2
19/02/2022;Indaial;2
19/02/2022;Xanxerê;2
19/02/2022;São Miguel do Oeste;2
19/02/2022;Laguna;1
19/02/2022;Curitibanos;1
19/02/2022;Rio Negrinho;2
19/02/2022;Campos Novos;2
19/02/2022;Itapoá;2
19/02/2022;Joaçaba;2
20/02/2022;Florianópolis;1
20/02/2022;Itajaí;2
20/02/2022;Chapecó;2
20/02/2022;Lages;2
20/02/2022;Caçador;1
20/02/2022;Araranguá;2
20/02/2022;Indaial;2
20/02/2022;Xanxerê;2
20/02/2022;São Miguel do Oeste;2
20/02/2022;Laguna;1
20/02/2022;Curitibanos;1
20/02/2022;Rio Negrinho;2
20/02/2022;Campos Novos;2
20/02/2022;Itapoá;2
20/02/2022;Joaçaba;2
21/02/2022;Florianópolis;1
21/02/2022;Itajaí;2
21/02/2022;Chapecó;2
21/02/2022;Lages;2
21/02/2022;Caçador;1
21/02/2022;Araranguá;2
21/02/2022;Indaial;2
21/02/2022;Xanxerê;2
21/02/2022;São Miguel do Oeste;2
21/02/2022;Laguna;1
21/02/2022;Curitibanos;1
21/02/2022;Rio Negrinho;2
21/02/2022;Campos Novos;2
21/02/2022;Itapoá;2
21/02/2022;Joaçaba;2
22/02/2022;Florianópolis;1
22/02/2022;Itajaí;2
22/02/2022;Chapecó;2
22/02/2022;Lages;2
22/02/2022;Caçador;1
22/02/2022;Araranguá;2
22/02/2022;Indaial;2
22/02/2022;Xanxerê;2
22/02/2022;São Miguel do Oeste;2
22/02/2022;Laguna;1
22/02/2022;Curitibanos;1
22/02/2022;Rio Negrinho;2
22/02/2022;Campos Novos;2
22/02/2022;Itapoá;2
22/02/2022;Joaçaba;2
23/02/2022;Florianópolis;1
23/02/2022;Itajaí;2
23/02/2022;Chapecó;2
23/02/2022;Lages;2
23/02/2022;Caçador;1
23/02/2022;Araranguá;2
23/02/2022;Indaial;2
23/02/2022;Xanxerê;2
23/02/2022;São Miguel do Oeste;2
23/02/2022;Laguna;1
23/02/2022;Curitibanos;1
23/02/2022;Rio Negrinho;2
23/02/2022;Campos Novos;2
23/02/2022;Itapoá;2
23/02/2022;Joaçaba;2
24/02/2022;Florianópolis;1
24/02/2022;Itajaí;2
24/02/2022;Chapecó;2
24/02/2022;Lages;2
24/02/2022;Caçador;1
24/02/2022;Araranguá;2
24/02/2022;Indaial;2
24/02/2022;Xanxerê;2
24/02/2022;São Miguel do Oeste;2
24/02/2022;Laguna;1
24/02/2022;Curitibanos;1
24/02/2022;Rio Negrinho;2
24/02/2022;Campos Novos;2
24/02/2022;Itapoá;2
24/02/2022;Joaçaba;2
25/02/2022;Florianópolis;1
25/02/2022;Itajaí;2
25/02/2022;Chapecó;2
25/02/2022;Lages;2
25/02/2022;Caçador;1
25/02/2022;Araranguá;2
25/02/2022;Indaial;2
25/02/2022;Xanxerê;2
25/02/2022;São Miguel do Oeste;2
25/02/2022;Laguna;1
25/02/2022;Curitibanos;1
25/02/2022;Rio Negrinho;2
25/02/2022;Campos Novos;2
25/02/2022;Itapoá;2
25/02/2022;Joaçaba;2
26/02/2022;Florianópolis;2
26/02/2022;Itajaí;1
26/02/2022;Chapecó;2
26/02/2022;Lages;2
26/02/2022;Caçador;2
26/02/2022;Araranguá;2
26/02/2022;Indaial;3
26/02/2022;Xanxerê;2
26/02/2022;São Miguel do Oeste;2
26/02/2022;Laguna;2
26/02/2022;Curitibanos;2
26/02/2022;Rio Negrinho;2
26/02/2022;Campos Novos;2
26/02/2022;Itapoá;2
26/02/2022;Joaçaba;2
27/02/2022;Florianópolis;2
27/02/2022;Itajaí;1
27/02/2022;Chapecó;2
27/02/2022;Lages;2
27/02/2022;Caçador;2
27/02/2022;Araranguá;2
27/02/2022;Indaial;3
27/02/2022;Xanxerê;2
27/02/2022;São Miguel do Oeste;2
27/02/2022;Laguna;2
27/02/2022;Curitibanos;2
27/02/2022;Rio Negrinho;2
27/02/2022;Campos Novos;2
27/02/2022;Itapoá;2
27/02/2022;Joaçaba;2
28/02/2022;Florianópolis;2
28/02/2022;Itajaí;1
28/02/2022;Chapecó;2
28/02/2022;Lages;2
28/02/2022;Caçador;2
28/02/2022;Araranguá;2
28/02/2022;Indaial;3
28/02/2022;Xanxerê;2
28/02/2022;São Miguel do Oeste;2
28/02/2022;Laguna;2
28/02/2022;Curitibanos;2
28/02/2022;Rio Negrinho;2
28/02/2022;Campos Novos;2
28/02/2022;Itapoá;2
28/02/2022;Joaçaba;2
01/03/2022;Florianópolis;2
01/03/2022;Itajaí;1
01/03/2022;Chapecó;2
01/03/2022;Lages;2
01/03/2022;Caçador;2
01/03/2022;Araranguá;2
01/03/2022;Indaial;3
01/03/2022;Xanxerê;2
01/03/2022;São Miguel do Oeste;2
01/03/2022;Laguna;2
01/03/2022;Curitibanos;2
01/03/2022;Rio Negrinho;2
01/03/2022;Campos Novos;2
01/03/2022;Itapoá;2
01/03/2022;Joaçaba;2
02/03/2022;Florianópolis;2
02/03/2022;Itajaí;1
02/03/2022;Chapecó;2
02/03/2022;Lages;2
02/03/2022;Caçador;2
02/03/2022;Araranguá;2
02/03/2022;Indaial;3
02/03/2022;Xanxerê;2
02/03/2022;São Miguel do Oeste;2
02/03/2022;Laguna;2
02/03/2022;Curitibanos;2
02/03/2022;Rio Negrinho;2
02/03/2022;Campos Novos;2
02/03/2022;Itapoá;2
02/03/2022;Joaçaba;2
03/03/2022;Florianópolis;2
03/03/2022;Itajaí;1
03/03/2022;Chapecó;2
03/03/2022;Lages;2
03/03/2022;Caçador;2
03/03/2022;Araranguá;2
03/03/2022;Indaial;3
03/03/2022;Xanxerê;2
03/03/2022;São Miguel do Oeste;2
03/03/2022;Laguna;2
03/03/2022;Curitibanos;2
03/03/2022;Rio Negrinho;2
03/03/2022;Campos Novos;2
03/03/2022;Itapoá;2
03/03/2022;Joaçaba;2
04/03/2022;Florianópolis;2
04/03/2022;Itajaí;1
04/03/2022;Chapecó;2
04/03/2022;Lages;2
04/03/2022;Caçador;2
04/03/2022;Araranguá;2
04/03/2022;Indaial;3
04/03/2022;Xanxerê;2
04/03/2022;São Miguel do Oeste;2
04/03/2022;Laguna;2
04/03/2022;Curitibanos;2
04/03/2022;Rio Negrinho;2
04/03/2022;Campos Novos;2
04/03/2022;Itapoá;2
04/03/2022;Joaçaba;2
05/03/2022;Florianópolis;2
05/03/2022;Itajaí;1
05/03/2022;Chapecó;2
05/03/2022;Lages;2
05/03/2022;Caçador;2
05/03/2022;Araranguá;2
05/03/2022;Indaial;2
05/03/2022;Xanxerê;2
05/03/2022;São Miguel do Oeste;2
05/03/2022;Laguna;1
05/03/2022;Curitibanos;2
05/03/2022;Rio Negrinho;2
05/03/2022;Campos Novos;2
05/03/2022;Itapoá;2
05/03/2022;Joaçaba;2
06/03/2022;Florianópolis;2
06/03/2022;Itajaí;1
06/03/2022;Chapecó;2
06/03/2022;Lages;2
06/03/2022;Caçador;2
06/03/2022;Araranguá;2
06/03/2022;Indaial;2
06/03/2022;Xanxerê;2
06/03/2022;São Miguel do Oeste;2
06/03/2022;Laguna;1
06/03/2022;Curitibanos;2
06/03/2022;Rio Negrinho;2
06/03/2022;Campos Novos;2
06/03/2022;Itapoá;2
06/03/2022;Joaçaba;2
07/03/2022;Florianópolis;2
07/03/2022;Itajaí;1
07/03/2022;Chapecó;2
07/03/2022;Lages;2
07/03/2022;Caçador;2
07/03/2022;Araranguá;2
07/03/2022;Indaial;2
07/03/2022;Xanxerê;2
07/03/2022;São Miguel do Oeste;2
07/03/2022;Laguna;1
07/03/2022;Curitibanos;2
07/03/2022;Rio Negrinho;2
07/03/2022;Campos Novos;2
07/03/2022;Itapoá;2
07/03/2022;Joaçaba;2
08/03/2022;Florianópolis;2
08/03/2022;Itajaí;1
08/03/2022;Chapecó;2
08/03/2022;Lages;2
08/03/2022;Caçador;2
08/03/2022;Araranguá;2
08/03/2022;Indaial;2
08/03/2022;Xanxerê;2
08/03/2022;São Miguel do Oeste;2
08/03/2022;Laguna;1
08/03/2022;Curitibanos;2
08/03/2022;Rio Negrinho;2
08/03/2022;Campos Novos;2
08/03/2022;Itapoá;2
08/03/2022;Joaçaba;2
09/03/2022;Florianópolis;2
09/03/2022;Itajaí;1
09/03/2022;Chapecó;2
09/03/2022;Lages;2
09/03/2022;Caçador;2
09/03/2022;Araranguá;2
09/03/2022;Indaial;2
09/03/2022;Xanxerê;2
09/03/2022;São Miguel do Oeste;2
09/03/2022;Laguna;1
09/03/2022;Curitibanos;2
09/03/2022;Rio Negrinho;2
09/03/2022;Campos Novos;2
09/03/2022;Itapoá;2
09/03/2022;Joaçaba;2
10/03/2022;Florianópolis;2
10/03/2022;Itajaí;1
10/03/2022;Chapecó;2
10/03/2022;Lages;2
10/03/2022;Caçador;2
10/03/2022;Araranguá;2
10/03/2022;Indaial;2
10/03/2022;Xanxerê;2
10/03/2022;São Miguel do Oeste;2
10/03/2022;Laguna;1
10/03/2022;Curitibanos;2
10/03/2022;Rio Negrinho;2
10/03/2022;Campos Novos;2
10/03/2022;Itapoá;2
10/03/2022;Joaçaba;2
11/03/2022;Florianópolis;2
11/03/2022;Itajaí;1
11/03/2022;Chapecó;2
11/03/2022;Lages;2
11/03/2022;Caçador;2
11/03/2022;Araranguá;2
11/03/2022;Indaial;2
11/03/2022;Xanxerê;2
11/03/2022;São Miguel do Oeste;2
11/03/2022;Laguna;1
11/03/2022;Curitibanos;2
11/03/2022;Rio Negrinho;2
11/03/2022;Campos Novos;2
11/03/2022;Itapoá;2
11/03/2022;Joaçaba;2
12/03/2022;Florianópolis;1
12/03/2022;Itajaí;1
12/03/2022;Chapecó;2
12/03/2022;Lages;2
12/03/2022;Caçador;2
12/03/2022;Araranguá;1
12/03/2022;Indaial;2
12/03/2022;Xanxerê;1
12/03/2022;São Miguel do Oeste;2
12/03/2022;Laguna;1
12/03/2022;Curitibanos;2
12/03/2022;Rio Negrinho;2
12/03/2022;Campos Novos;2
12/03/2022;Itapoá;2
12/03/2022;Joaçaba;2
13/03/2022;Florianópolis;1
13/03/2022;Itajaí;1
13/03/2022;Chapecó;2
13/03/2022;Lages;2
13/03/2022;Caçador;2
13/03/2022;Araranguá;1
13/03/2022;Indaial;2
13/03/2022;Xanxerê;1
13/03/2022;São Miguel do Oeste;2
13/03/2022;Laguna;1
13/03/2022;Curitibanos;2
13/03/2022;Rio Negrinho;2
13/03/2022;Campos Novos;2
13/03/2022;Itapoá;2
13/03/2022;Joaçaba;2
14/03/2022;Florianópolis;1
14/03/2022;Itajaí;1
14/03/2022;Chapecó;2
14/03/2022;Lages;2
14/03/2022;Caçador;2
14/03/2022;Araranguá;1
14/03/2022;Indaial;2
14/03/2022;Xanxerê;1
14/03/2022;São Miguel do Oeste;2
14/03/2022;Laguna;1
14/03/2022;Curitibanos;2
14/03/2022;Rio Negrinho;2
14/03/2022;Campos Novos;2
14/03/2022;Itapoá;2
14/03/2022;Joaçaba;2
15/03/2022;Florianópolis;1
15/03/2022;Itajaí;1
15/03/2022;Chapecó;2
15/03/2022;Lages;2
15/03/2022;Caçador;2
15/03/2022;Araranguá;1
15/03/2022;Indaial;2
15/03/2022;Xanxerê;1
15/03/2022;São Miguel do Oeste;2
15/03/2022;Laguna;1
15/03/2022;Curitibanos;2
15/03/2022;Rio Negrinho;2
15/03/2022;Campos Novos;2
15/03/2022;Itapoá;2
15/03/2022;Joaçaba;2
16/03/2022;Florianópolis;1
16/03/2022;Itajaí;1
16/03/2022;Chapecó;2
16/03/2022;Lages;2
16/03/2022;Caçador;2
16/03/2022;Araranguá;1
16/03/2022;Indaial;2
16/03/2022;Xanxerê;1
16/03/2022;São Miguel do Oeste;2
16/03/2022;Laguna;1
16/03/2022;Curitibanos;2
16/03/2022;Rio Negrinho;2
16/03/2022;Campos Novos;2
16/03/2022;Itapoá;2
16/03/2022;Joaçaba;2
17/03/2022;Florianópolis;1
17/03/2022;Itajaí;1
17/03/2022;Chapecó;2
17/03/2022;Lages;2
17/03/2022;Caçador;2
17/03/2022;Araranguá;1
17/03/2022;Indaial;2
17/03/2022;Xanxerê;1
17/03/2022;São Miguel do Oeste;2
17/03/2022;Laguna;1
17/03/2022;Curitibanos;2
17/03/2022;Rio Negrinho;2
17/03/2022;Campos Novos;2
17/03/2022;Itapoá;2
17/03/2022;Joaçaba;2
18/03/2022;Florianópolis;1
18/03/2022;Itajaí;1
18/03/2022;Chapecó;2
18/03/2022;Lages;2
18/03/2022;Caçador;2
18/03/2022;Araranguá;1
18/03/2022;Indaial;2
18/03/2022;Xanxerê;1
18/03/2022;São Miguel do Oeste;2
18/03/2022;Laguna;1
18/03/2022;Curitibanos;2
18/03/2022;Rio Negrinho;2
18/03/2022;Campos Novos;2
18/03/2022;Itapoá;2
18/03/2022;Joaçaba;2
19/03/2022;Florianópolis;1
19/03/2022;Itajaí;1
19/03/2022;Chapecó;1
19/03/2022;Lages;1
19/03/2022;Caçador;1
19/03/2022;Araranguá;1
19/03/2022;Indaial;1
19/03/2022;Xanxerê;1
19/03/2022;São Miguel do Oeste;1
19/03/2022;Laguna;1
19/03/2022;Curitibanos;1
19/03/2022;Rio Negrinho;1
19/03/2022;Campos Novos;1
19/03/2022;Itapoá;2
19/03/2022;Joaçaba;1
20/03/2022;Florianópolis;1
20/03/2022;Itajaí;1
20/03/2022;Chapecó;1
20/03/2022;Lages;1
20/03/2022;Caçador;1
20/03/2022;Araranguá;1
20/03/2022;Indaial;1
20/03/2022;Xanxerê;1
20/03/2022;São Miguel do Oeste;1
20/03/2022;Laguna;1
20/03/2022;Curitibanos;1
20/03/2022;Rio Negrinho;1
20/03/2022;Campos Novos;1
20/03/2022;Itapoá;2
20/03/2022;Joaçaba;1
21/03/2022;Florianópolis;1
21/03/2022;Itajaí;1
21/03/2022;Chapecó;1
21/03/2022;Lages;1
21/03/2022;Caçador;1
21/03/2022;Araranguá;1
21/03/2022;Indaial;1
21/03/2022;Xanxerê;1
21/03/2022;São Miguel do Oeste;1
21/03/2022;Laguna;1
21/03/2022;Curitibanos;1
21/03/2022;Rio Negrinho;1
21/03/2022;Campos Novos;1
21/03/2022;Itapoá;2
21/03/2022;Joaçaba;1
22/03/2022;Florianópolis;1
22/03/2022;Itajaí;1
22/03/2022;Chapecó;1
22/03/2022;Lages;1
22/03/2022;Caçador;1
22/03/2022;Araranguá;1
22/03/2022;Indaial;1
22/03/2022;Xanxerê;1
22/03/2022;São Miguel do Oeste;1
22/03/2022;Laguna;1
22/03/2022;Curitibanos;1
22/03/2022;Rio Negrinho;1
22/03/2022;Campos Novos;1
22/03/2022;Itapoá;2
22/03/2022;Joaçaba;1
23/03/2022;Florianópolis;1
23/03/2022;Itajaí;1
23/03/2022;Chapecó;1
23/03/2022;Lages;1
23/03/2022;Caçador;1
23/03/2022;Araranguá;1
23/03/2022;Indaial;1
23/03/2022;Xanxerê;1
23/03/2022;São Miguel do Oeste;1
23/03/2022;Laguna;1
23/03/2022;Curitibanos;1
23/03/2022;Rio Negrinho;1
23/03/2022;Campos Novos;1
23/03/2022;Itapoá;2
23/03/2022;Joaçaba;1
24/03/2022;Florianópolis;1
24/03/2022;Itajaí;1
24/03/2022;Chapecó;1
24/03/2022;Lages;1
24/03/2022;Caçador;1
24/03/2022;Araranguá;1
24/03/2022;Indaial;1
24/03/2022;Xanxerê;1
24/03/2022;São Miguel do Oeste;1
24/03/2022;Laguna;1
24/03/2022;Curitibanos;1
24/03/2022;Rio Negrinho;1
24/03/2022;Campos Novos;1
24/03/2022;Itapoá;2
24/03/2022;Joaçaba;1
25/03/2022;Florianópolis;1
25/03/2022;Itajaí;1
25/03/2022;Chapecó;1
25/03/2022;Lages;1
25/03/2022;Caçador;1
25/03/2022;Araranguá;1
25/03/2022;Indaial;1
25/03/2022;Xanxerê;1
25/03/2022;São Miguel do Oeste;1
25/03/2022;Laguna;1
25/03/2022;Curitibanos;1
25/03/2022;Rio Negrinho;1
25/03/2022;Campos Novos;1
25/03/2022;Itapoá;2
25/03/2022;Joaçaba;1
26/03/2022;Florianópolis;1
26/03/2022;Itajaí;1
26/03/2022;Chapecó;1
26/03/2022;Lages;1
26/03/2022;Caçador;1
26/03/2022;Araranguá;1
26/03/2022;Indaial;1
26/03/2022;Xanxerê;1
26/03/2022;São Miguel do Oeste;1
26/03/2022;Laguna;1
26/03/2022;Curitibanos;1
26/03/2022;Rio Negrinho;1
26/03/2022;Campos Novos;1
26/03/2022;Itapoá;2
26/03/2022;Joaçaba;1
27/03/2022;Florianópolis;1
27/03/2022;Itajaí;1
27/03/2022;Chapecó;1
27/03/2022;Lages;1
27/03/2022;Caçador;1
27/03/2022;Araranguá;1
27/03/2022;Indaial;1
27/03/2022;Xanxerê;1
27/03/2022;São Miguel do Oeste;1
27/03/2022;Laguna;1
27/03/2022;Curitibanos;1
27/03/2022;Rio Negrinho;1
27/03/2022;Campos Novos;1
27/03/2022;Itapoá;2
27/03/2022;Joaçaba;1
28/03/2022;Florianópolis;1
28/03/2022;Itajaí;1
28/03/2022;Chapecó;1
28/03/2022;Lages;1
28/03/2022;Caçador;1
28/03/2022;Araranguá;1
28/03/2022;Indaial;1
28/03/2022;Xanxerê;1
28/03/2022;São Miguel do Oeste;1
28/03/2022;Laguna;1
28/03/2022;Curitibanos;1
28/03/2022;Rio Negrinho;1
28/03/2022;Campos Novos;1
28/03/2022;Itapoá;2
28/03/2022;Joaçaba;1
29/03/2022;Florianópolis;1
29/03/2022;Itajaí;1
29/03/2022;Chapecó;1
29/03/2022;Lages;1
29/03/2022;Caçador;1
29/03/2022;Araranguá;1
29/03/2022;Indaial;1
29/03/2022;Xanxerê;1
29/03/2022;São Miguel do Oeste;1
29/03/2022;Laguna;1
29/03/2022;Curitibanos;1
29/03/2022;Rio Negrinho;1
29/03/2022;Campos Novos;1
29/03/2022;Itapoá;2
29/03/2022;Joaçaba;1
30/03/2022;Florianópolis;1
30/03/2022;Itajaí;1
30/03/2022;Chapecó;1
30/03/2022;Lages;1
30/03/2022;Caçador;1
30/03/2022;Araranguá;1
30/03/2022;Indaial;1
30/03/2022;Xanxerê;1
30/03/2022;São Miguel do Oeste;1
30/03/2022;Laguna;1
30/03/2022;Curitibanos;1
30/03/2022;Rio Negrinho;1
30/03/2022;Campos Novos;1
30/03/2022;Itapoá;2
30/03/2022;Joaçaba;1
31/03/2022;Florianópolis;1
31/03/2022;Itajaí;1
31/03/2022;Chapecó;1
31/03/2022;Lages;1
31/03/2022;Caçador;1
31/03/2022;Araranguá;1
31/03/2022;Indaial;1
31/03/2022;Xanxerê;1
31/03/2022;São Miguel do Oeste;1
31/03/2022;Laguna;1
31/03/2022;Curitibanos;1
31/03/2022;Rio Negrinho;1
31/03/2022;Campos Novos;1
31/03/2022;Itapoá;2
31/03/2022;Joaçaba;1
01/04/2022;Florianópolis;1
01/04/2022;Itajaí;1
01/04/2022;Chapecó;1
01/04/2022;Lages;1
01/04/2022;Caçador;1
01/04/2022;Araranguá;1
01/04/2022;Indaial;1
01/04/2022;Xanxerê;1
01/04/2022;São Miguel do Oeste;1
01/04/2022;Laguna;1
01/04/2022;Curitibanos;1
01/04/2022;Rio Negrinho;1
01/04/2022;Campos Novos;1
01/04/2022;Itapoá;2
01/04/2022;Joaçaba;1
02/04/2022;Florianópolis;
02/04/2022;Itajaí;
02/04/2022;Chapecó;
02/04/2022;Lages;
02/04/2022;Caçador;
02/04/2022;Araranguá;
02/04/2022;Indaial;
02/04/2022;Xanxerê;
02/04/2022;São Miguel do Oeste;
02/04/2022;Laguna;
02/04/2022;Curitibanos;
02/04/2022;Rio Negrinho;
02/04/2022;Campos Novos;
02/04/2022;Itapoá;
02/04/2022;Joaçaba;
03/04/2022;Florianópolis;
03/04/2022;Itajaí;
03/04/2022;Chapecó;
03/04/2022;Lages;
03/04/2022;Caçador;
03/04/2022;Araranguá;
03/04/2022;Indaial;
03/04/2022;Xanxerê;
03/04/2022;São Miguel do Oeste;
03/04/2022;Laguna;
03/04/2022;Curitibanos;
03/04/2022;Rio Negrinho;
03/04/2022;Campos Novos;
03/04/2022;Itapoá;
03/04/2022;Joaçaba;
04/04/2022;Florianópolis;
04/04/2022;Itajaí;
04/04/2022;Chapecó;
04/04/2022;Lages;
04/04/2022;Caçador;
04/04/2022;Araranguá;
04/04/2022;Indaial;
04/04/2022;Xanxerê;
04/04/2022;São Miguel do Oeste;
04/04/2022;Laguna;
04/04/2022;Curitibanos;
04/04/2022;Rio Negrinho;
04/04/2022;Campos Novos;
04/04/2022;Itapoá;
04/04/2022;Joaçaba;
05/04/2022;Florianópolis;
05/04/2022;Itajaí;
05/04/2022;Chapecó;
05/04/2022;Lages;
05/04/2022;Caçador;
05/04/2022;Araranguá;
05/04/2022;Indaial;
05/04/2022;Xanxerê;
05/04/2022;São Miguel do Oeste;
05/04/2022;Laguna;
05/04/2022;Curitibanos;
05/04/2022;Rio Negrinho;
05/04/2022;Campos Novos;
05/04/2022;Itapoá;
05/04/2022;Joaçaba;
06/04/2022;Florianópolis;
06/04/2022;Itajaí;
06/04/2022;Chapecó;
06/04/2022;Lages;
06/04/2022;Caçador;
06/04/2022;Araranguá;
06/04/2022;Indaial;
06/04/2022;Xanxerê;
06/04/2022;São Miguel do Oeste;
06/04/2022;Laguna;
06/04/2022;Curitibanos;
06/04/2022;Rio Negrinho;
06/04/2022;Campos Novos;
06/04/2022;Itapoá;
06/04/2022;Joaçaba;
07/04/2022;Florianópolis;
07/04/2022;Itajaí;
07/04/2022;Chapecó;
07/04/2022;Lages;
07/04/2022;Caçador;
07/04/2022;Araranguá;
07/04/2022;Indaial;
07/04/2022;Xanxerê;
07/04/2022;São Miguel do Oeste;
07/04/2022;Laguna;
07/04/2022;Curitibanos;
07/04/2022;Rio Negrinho;
07/04/2022;Campos Novos;
07/04/2022;Itapoá;
07/04/2022;Joaçaba;
08/04/2022;Florianópolis;
08/04/2022;Itajaí;
08/04/2022;Chapecó;
08/04/2022;Lages;
08/04/2022;Caçador;
08/04/2022;Araranguá;
08/04/2022;Indaial;
08/04/2022;Xanxerê;
08/04/2022;São Miguel do Oeste;
08/04/2022;Laguna;
08/04/2022;Curitibanos;
08/04/2022;Rio Negrinho;
08/04/2022;Campos Novos;
08/04/2022;Itapoá;
08/04/2022;Joaçaba;
09/04/2022;Florianópolis;
09/04/2022;Itajaí;
09/04/2022;Chapecó;
09/04/2022;Lages;
09/04/2022;Caçador;
09/04/2022;Araranguá;
09/04/2022;Indaial;
09/04/2022;Xanxerê;
09/04/2022;São Miguel do Oeste;
09/04/2022;Laguna;
09/04/2022;Curitibanos;
09/04/2022;Rio Negrinho;
09/04/2022;Campos Novos;
09/04/2022;Itapoá;
09/04/2022;Joaçaba;
10/04/2022;Florianópolis;
10/04/2022;Itajaí;
10/04/2022;Chapecó;
10/04/2022;Lages;
10/04/2022;Caçador;
10/04/2022;Araranguá;
10/04/2022;Indaial;
10/04/2022;Xanxerê;
10/04/2022;São Miguel do Oeste;
10/04/2022;Laguna;
10/04/2022;Curitibanos;
10/04/2022;Rio Negrinho;
10/04/2022;Campos Novos;
10/04/2022;Itapoá;
10/04/2022;Joaçaba;
11/04/2022;Florianópolis;
11/04/2022;Itajaí;
11/04/2022;Chapecó;
11/04/2022;Lages;
11/04/2022;Caçador;
11/04/2022;Araranguá;
11/04/2022;Indaial;
11/04/2022;Xanxerê;
11/04/2022;São Miguel do Oeste;
11/04/2022;Laguna;
11/04/2022;Curitibanos;
11/04/2022;Rio Negrinho;
11/04/2022;Campos Novos;
11/04/2022;Itapoá;
11/04/2022;Joaçaba;
12/04/2022;Florianópolis;
12/04/2022;Itajaí;
12/04/2022;Chapecó;
12/04/2022;Lages;
12/04/2022;Caçador;
12/04/2022;Araranguá;
12/04/2022;Indaial;
12/04/2022;Xanxerê;
12/04/2022;São Miguel do Oeste;
12/04/2022;Laguna;
12/04/2022;Curitibanos;
12/04/2022;Rio Negrinho;
12/04/2022;Campos Novos;
12/04/2022;Itapoá;
12/04/2022;Joaçaba;
13/04/2022;Florianópolis;
13/04/2022;Itajaí;
13/04/2022;Chapecó;
13/04/2022;Lages;
13/04/2022;Caçador;
13/04/2022;Araranguá;
13/04/2022;Indaial;
13/04/2022;Xanxerê;
13/04/2022;São Miguel do Oeste;
13/04/2022;Laguna;
13/04/2022;Curitibanos;
13/04/2022;Rio Negrinho;
13/04/2022;Campos Novos;
13/04/2022;Itapoá;
13/04/2022;Joaçaba;
14/04/2022;Florianópolis;
14/04/2022;Itajaí;
14/04/2022;Chapecó;
14/04/2022;Lages;
14/04/2022;Caçador;
14/04/2022;Araranguá;
14/04/2022;Indaial;
14/04/2022;Xanxerê;
14/04/2022;São Miguel do Oeste;
14/04/2022;Laguna;
14/04/2022;Curitibanos;
14/04/2022;Rio Negrinho;
14/04/2022;Campos Novos;
14/04/2022;Itapoá;
14/04/2022;Joaçaba;
15/04/2022;Florianópolis;
15/04/2022;Itajaí;
15/04/2022;Chapecó;
15/04/2022;Lages;
15/04/2022;Caçador;
15/04/2022;Araranguá;
15/04/2022;Indaial;
15/04/2022;Xanxerê;
15/04/2022;São Miguel do Oeste;
15/04/2022;Laguna;
15/04/2022;Curitibanos;
15/04/2022;Rio Negrinho;
15/04/2022;Campos Novos;
15/04/2022;Itapoá;
15/04/2022;Joaçaba;
16/04/2022;Florianópolis;
16/04/2022;Itajaí;
16/04/2022;Chapecó;
16/04/2022;Lages;
16/04/2022;Caçador;
16/04/2022;Araranguá;
16/04/2022;Indaial;
16/04/2022;Xanxerê;
16/04/2022;São Miguel do Oeste;
16/04/2022;Laguna;
16/04/2022;Curitibanos;
16/04/2022;Rio Negrinho;
16/04/2022;Campos Novos;
16/04/2022;Itapoá;
16/04/2022;Joaçaba;
17/04/2022;Florianópolis;
17/04/2022;Itajaí;
17/04/2022;Chapecó;
17/04/2022;Lages;
17/04/2022;Caçador;
17/04/2022;Araranguá;
17/04/2022;Indaial;
17/04/2022;Xanxerê;
17/04/2022;São Miguel do Oeste;
17/04/2022;Laguna;
17/04/2022;Curitibanos;
17/04/2022;Rio Negrinho;
17/04/2022;Campos Novos;
17/04/2022;Itapoá;
17/04/2022;Joaçaba;
18/04/2022;Florianópolis;
18/04/2022;Itajaí;
18/04/2022;Chapecó;
18/04/2022;Lages;
18/04/2022;Caçador;
18/04/2022;Araranguá;
18/04/2022;Indaial;
18/04/2022;Xanxerê;
18/04/2022;São Miguel do Oeste;
18/04/2022;Laguna;
18/04/2022;Curitibanos;
18/04/2022;Rio Negrinho;
18/04/2022;Campos Novos;
18/04/2022;Itapoá;
18/04/2022;Joaçaba;
19/04/2022;Florianópolis;
19/04/2022;Itajaí;
19/04/2022;Chapecó;
19/04/2022;Lages;
19/04/2022;Caçador;
19/04/2022;Araranguá;
19/04/2022;Indaial;
19/04/2022;Xanxerê;
19/04/2022;São Miguel do Oeste;
19/04/2022;Laguna;
19/04/2022;Curitibanos;
19/04/2022;Rio Negrinho;
19/04/2022;Campos Novos;
19/04/2022;Itapoá;
19/04/2022;Joaçaba;
20/04/2022;Florianópolis;
20/04/2022;Itajaí;
20/04/2022;Chapecó;
20/04/2022;Lages;
20/04/2022;Caçador;
20/04/2022;Araranguá;
20/04/2022;Indaial;
20/04/2022;Xanxerê;
20/04/2022;São Miguel do Oeste;
20/04/2022;Laguna;
20/04/2022;Curitibanos;
20/04/2022;Rio Negrinho;
20/04/2022;Campos Novos;
20/04/2022;Itapoá;
20/04/2022;Joaçaba;
21/04/2022;Florianópolis;
21/04/2022;Itajaí;
21/04/2022;Chapecó;
21/04/2022;Lages;
21/04/2022;Caçador;
21/04/2022;Araranguá;
21/04/2022;Indaial;
21/04/2022;Xanxerê;
21/04/2022;São Miguel do Oeste;
21/04/2022;Laguna;
21/04/2022;Curitibanos;
21/04/2022;Rio Negrinho;
21/04/2022;Campos Novos;
21/04/2022;Itapoá;
21/04/2022;Joaçaba;
22/04/2022;Florianópolis;
22/04/2022;Itajaí;
22/04/2022;Chapecó;
22/04/2022;Lages;
22/04/2022;Caçador;
22/04/2022;Araranguá;
22/04/2022;Indaial;
22/04/2022;Xanxerê;
22/04/2022;São Miguel do Oeste;
22/04/2022;Laguna;
22/04/2022;Curitibanos;
22/04/2022;Rio Negrinho;
22/04/2022;Campos Novos;
22/04/2022;Itapoá;
22/04/2022;Joaçaba;
23/04/2022;Florianópolis;
23/04/2022;Itajaí;
23/04/2022;Chapecó;
23/04/2022;Lages;
23/04/2022;Caçador;
23/04/2022;Araranguá;
23/04/2022;Indaial;
23/04/2022;Xanxerê;
23/04/2022;São Miguel do Oeste;
23/04/2022;Laguna;
23/04/2022;Curitibanos;
23/04/2022;Rio Negrinho;
23/04/2022;Campos Novos;
23/04/2022;Itapoá;
23/04/2022;Joaçaba;
24/04/2022;Florianópolis;
24/04/2022;Itajaí;
24/04/2022;Chapecó;
24/04/2022;Lages;
24/04/2022;Caçador;
24/04/2022;Araranguá;
24/04/2022;Indaial;
24/04/2022;Xanxerê;
24/04/2022;São Miguel do Oeste;
24/04/2022;Laguna;
24/04/2022;Curitibanos;
24/04/2022;Rio Negrinho;
24/04/2022;Campos Novos;
24/04/2022;Itapoá;
24/04/2022;Joaçaba;
25/04/2022;Florianópolis;
25/04/2022;Itajaí;
25/04/2022;Chapecó;
25/04/2022;Lages;
25/04/2022;Caçador;
25/04/2022;Araranguá;
25/04/2022;Indaial;
25/04/2022;Xanxerê;
25/04/2022;São Miguel do Oeste;
25/04/2022;Laguna;
25/04/2022;Curitibanos;
25/04/2022;Rio Negrinho;
25/04/2022;Campos Novos;
25/04/2022;Itapoá;
25/04/2022;Joaçaba;
26/04/2022;Florianópolis;
26/04/2022;Itajaí;
26/04/2022;Chapecó;
26/04/2022;Lages;
26/04/2022;Caçador;
26/04/2022;Araranguá;
26/04/2022;Indaial;
26/04/2022;Xanxerê;
26/04/2022;São Miguel do Oeste;
26/04/2022;Laguna;
26/04/2022;Curitibanos;
26/04/2022;Rio Negrinho;
26/04/2022;Campos Novos;
26/04/2022;Itapoá;
26/04/2022;Joaçaba;
27/04/2022;Florianópolis;
27/04/2022;Itajaí;
27/04/2022;Chapecó;
27/04/2022;Lages;
27/04/2022;Caçador;
27/04/2022;Araranguá;
27/04/2022;Indaial;
27/04/2022;Xanxerê;
27/04/2022;São Miguel do Oeste;
27/04/2022;Laguna;
27/04/2022;Curitibanos;
27/04/2022;Rio Negrinho;
27/04/2022;Campos Novos;
27/04/2022;Itapoá;
27/04/2022;Joaçaba;
28/04/2022;Florianópolis;
28/04/2022;Itajaí;
28/04/2022;Chapecó;
28/04/2022;Lages;
28/04/2022;Caçador;
28/04/2022;Araranguá;
28/04/2022;Indaial;
28/04/2022;Xanxerê;
28/04/2022;São Miguel do Oeste;
28/04/2022;Laguna;
28/04/2022;Curitibanos;
28/04/2022;Rio Negrinho;
28/04/2022;Campos Novos;
28/04/2022;Itapoá;
28/04/2022;Joaçaba;
29/04/2022;Florianópolis;
29/04/2022;Itajaí;
29/04/2022;Chapecó;
29/04/2022;Lages;
29/04/2022;Caçador;
29/04/2022;Araranguá;
29/04/2022;Indaial;
29/04/2022;Xanxerê;
29/04/2022;São Miguel do Oeste;
29/04/2022;Laguna;
29/04/2022;Curitibanos;
29/04/2022;Rio Negrinho;
29/04/2022;Campos Novos;
29/04/2022;Itapoá;
29/04/2022;Joaçaba;
30/04/2022;Florianópolis;
30/04/2022;Itajaí;
30/04/2022;Chapecó;
30/04/2022;Lages;
30/04/2022;Caçador;
30/04/2022;Araranguá;
30/04/2022;Indaial;
30/04/2022;Xanxerê;
30/04/2022;São Miguel do Oeste;
30/04/2022;Laguna;
30/04/2022;Curitibanos;
30/04/2022;Rio Negrinho;
30/04/2022;Campos Novos;
30/04/2022;Itapoá;
30/04/2022;Joaçaba;
01/05/2022;Florianópolis;
01/05/2022;Itajaí;
01/05/2022;Chapecó;
01/05/2022;Lages;
01/05/2022;Caçador;
01/05/2022;Araranguá;
01/05/2022;Indaial;
01/05/2022;Xanxerê;
01/05/2022;São Miguel do Oeste;
01/05/2022;Laguna;
01/05/2022;Curitibanos;
01/05/2022;Rio Negrinho;
01/05/2022;Campos Novos;
01/05/2022;Itapoá;
01/05/2022;Joaçaba;
02/05/2022;Florianópolis;
02/05/2022;Itajaí;
02/05/2022;Chapecó;
02/05/2022;Lages;
02/05/2022;Caçador;
02/05/2022;Araranguá;
02/05/2022;Indaial;
02/05/2022;Xanxerê;
02/05/2022;São Miguel do Oeste;
02/05/2022;Laguna;
02/05/2022;Curitibanos;
02/05/2022;Rio Negrinho;
02/05/2022;Campos Novos;
02/05/2022;Itapoá;
02/05/2022;Joaçaba;
03/05/2022;Florianópolis;
03/05/2022;Itajaí;
03/05/2022;Chapecó;
03/05/2022;Lages;
03/05/2022;Caçador;
03/05/2022;Araranguá;
03/05/2022;Indaial;
03/05/2022;Xanxerê;
03/05/2022;São Miguel do Oeste;
03/05/2022;Laguna;
03/05/2022;Curitibanos;
03/05/2022;Rio Negrinho;
03/05/2022;Campos Novos;
03/05/2022;Itapoá;
03/05/2022;Joaçaba;
04/05/2022;Florianópolis;
04/05/2022;Itajaí;
04/05/2022;Chapecó;
04/05/2022;Lages;
04/05/2022;Caçador;
04/05/2022;Araranguá;
04/05/2022;Indaial;
04/05/2022;Xanxerê;
04/05/2022;São Miguel do Oeste;
04/05/2022;Laguna;
04/05/2022;Curitibanos;
04/05/2022;Rio Negrinho;
04/05/2022;Campos Novos;
04/05/2022;Itapoá;
04/05/2022;Joaçaba;
05/05/2022;Florianópolis;
05/05/2022;Itajaí;
05/05/2022;Chapecó;
05/05/2022;Lages;
05/05/2022;Caçador;
05/05/2022;Araranguá;
05/05/2022;Indaial;
05/05/2022;Xanxerê;
05/05/2022;São Miguel do Oeste;
05/05/2022;Laguna;
05/05/2022;Curitibanos;
05/05/2022;Rio Negrinho;
05/05/2022;Campos Novos;
05/05/2022;Itapoá;
05/05/2022;Joaçaba;
06/05/2022;Florianópolis;
06/05/2022;Itajaí;
06/05/2022;Chapecó;
06/05/2022;Lages;
06/05/2022;Caçador;
06/05/2022;Araranguá;
06/05/2022;Indaial;
06/05/2022;Xanxerê;
06/05/2022;São Miguel do Oeste;
06/05/2022;Laguna;
06/05/2022;Curitibanos;
06/05/2022;Rio Negrinho;
06/05/2022;Campos Novos;
06/05/2022;Itapoá;
06/05/2022;Joaçaba;
07/05/2022;Florianópolis;
07/05/2022;Itajaí;
07/05/2022;Chapecó;
07/05/2022;Lages;
07/05/2022;Caçador;
07/05/2022;Araranguá;
07/05/2022;Indaial;
07/05/2022;Xanxerê;
07/05/2022;São Miguel do Oeste;
07/05/2022;Laguna;
07/05/2022;Curitibanos;
07/05/2022;Rio Negrinho;
07/05/2022;Campos Novos;
07/05/2022;Itapoá;
07/05/2022;Joaçaba;
08/05/2022;Florianópolis;
08/05/2022;Itajaí;
08/05/2022;Chapecó;
08/05/2022;Lages;
08/05/2022;Caçador;
08/05/2022;Araranguá;
08/05/2022;Indaial;
08/05/2022;Xanxerê;
08/05/2022;São Miguel do Oeste;
08/05/2022;Laguna;
08/05/2022;Curitibanos;
08/05/2022;Rio Negrinho;
08/05/2022;Campos Novos;
08/05/2022;Itapoá;
08/05/2022;Joaçaba;
09/05/2022;Florianópolis;
09/05/2022;Itajaí;
09/05/2022;Chapecó;
09/05/2022;Lages;
09/05/2022;Caçador;
09/05/2022;Araranguá;
09/05/2022;Indaial;
09/05/2022;Xanxerê;
09/05/2022;São Miguel do Oeste;
09/05/2022;Laguna;
09/05/2022;Curitibanos;
09/05/2022;Rio Negrinho;
09/05/2022;Campos Novos;
09/05/2022;Itapoá;
09/05/2022;Joaçaba;
10/05/2022;Florianópolis;
10/05/2022;Itajaí;
10/05/2022;Chapecó;
10/05/2022;Lages;
10/05/2022;Caçador;
10/05/2022;Araranguá;
10/05/2022;Indaial;
10/05/2022;Xanxerê;
10/05/2022;São Miguel do Oeste;
10/05/2022;Laguna;
10/05/2022;Curitibanos;
10/05/2022;Rio Negrinho;
10/05/2022;Campos Novos;
10/05/2022;Itapoá;
10/05/2022;Joaçaba;
11/05/2022;Florianópolis;
11/05/2022;Itajaí;
11/05/2022;Chapecó;
11/05/2022;Lages;
11/05/2022;Caçador;
11/05/2022;Araranguá;
11/05/2022;Indaial;
11/05/2022;Xanxerê;
11/05/2022;São Miguel do Oeste;
11/05/2022;Laguna;
11/05/2022;Curitibanos;
11/05/2022;Rio Negrinho;
11/05/2022;Campos Novos;
11/05/2022;Itapoá;
11/05/2022;Joaçaba;
12/05/2022;Florianópolis;
12/05/2022;Itajaí;
12/05/2022;Chapecó;
12/05/2022;Lages;
12/05/2022;Caçador;
12/05/2022;Araranguá;
12/05/2022;Indaial;
12/05/2022;Xanxerê;
12/05/2022;São Miguel do Oeste;
12/05/2022;Laguna;
12/05/2022;Curitibanos;
12/05/2022;Rio Negrinho;
12/05/2022;Campos Novos;
12/05/2022;Itapoá;
12/05/2022;Joaçaba;
13/05/2022;Florianópolis;
13/05/2022;Itajaí;
13/05/2022;Chapecó;
13/05/2022;Lages;
13/05/2022;Caçador;
13/05/2022;Araranguá;
13/05/2022;Indaial;
13/05/2022;Xanxerê;
13/05/2022;São Miguel do Oeste;
13/05/2022;Laguna;
13/05/2022;Curitibanos;
13/05/2022;Rio Negrinho;
13/05/2022;Campos Novos;
13/05/2022;Itapoá;
13/05/2022;Joaçaba;
14/05/2022;Florianópolis;
14/05/2022;Itajaí;
14/05/2022;Chapecó;
14/05/2022;Lages;
14/05/2022;Caçador;
14/05/2022;Araranguá;
14/05/2022;Indaial;
14/05/2022;Xanxerê;
14/05/2022;São Miguel do Oeste;
14/05/2022;Laguna;
14/05/2022;Curitibanos;
14/05/2022;Rio Negrinho;
14/05/2022;Campos Novos;
14/05/2022;Itapoá;
14/05/2022;Joaçaba;
15/05/2022;Florianópolis;
15/05/2022;Itajaí;
15/05/2022;Chapecó;
15/05/2022;Lages;
15/05/2022;Caçador;
15/05/2022;Araranguá;
15/05/2022;Indaial;
15/05/2022;Xanxerê;
15/05/2022;São Miguel do Oeste;
15/05/2022;Laguna;
15/05/2022;Curitibanos;
15/05/2022;Rio Negrinho;
15/05/2022;Campos Novos;
15/05/2022;Itapoá;
15/05/2022;Joaçaba;
16/05/2022;Florianópolis;
16/05/2022;Itajaí;
16/05/2022;Chapecó;
16/05/2022;Lages;
16/05/2022;Caçador;
16/05/2022;Araranguá;
16/05/2022;Indaial;
16/05/2022;Xanxerê;
16/05/2022;São Miguel do Oeste;
16/05/2022;Laguna;
16/05/2022;Curitibanos;
16/05/2022;Rio Negrinho;
16/05/2022;Campos Novos;
16/05/2022;Itapoá;
16/05/2022;Joaçaba;
17/05/2022;Florianópolis;
17/05/2022;Itajaí;
17/05/2022;Chapecó;
17/05/2022;Lages;
17/05/2022;Caçador;
17/05/2022;Araranguá;
17/05/2022;Indaial;
17/05/2022;Xanxerê;
17/05/2022;São Miguel do Oeste;
17/05/2022;Laguna;
17/05/2022;Curitibanos;
17/05/2022;Rio Negrinho;
17/05/2022;Campos Novos;
17/05/2022;Itapoá;
17/05/2022;Joaçaba;
18/05/2022;Florianópolis;
18/05/2022;Itajaí;
18/05/2022;Chapecó;
18/05/2022;Lages;
18/05/2022;Caçador;
18/05/2022;Araranguá;
18/05/2022;Indaial;
18/05/2022;Xanxerê;
18/05/2022;São Miguel do Oeste;
18/05/2022;Laguna;
18/05/2022;Curitibanos;
18/05/2022;Rio Negrinho;
18/05/2022;Campos Novos;
18/05/2022;Itapoá;
18/05/2022;Joaçaba;
19/05/2022;Florianópolis;
19/05/2022;Itajaí;
19/05/2022;Chapecó;
19/05/2022;Lages;
19/05/2022;Caçador;
19/05/2022;Araranguá;
19/05/2022;Indaial;
19/05/2022;Xanxerê;
19/05/2022;São Miguel do Oeste;
19/05/2022;Laguna;
19/05/2022;Curitibanos;
19/05/2022;Rio Negrinho;
19/05/2022;Campos Novos;
19/05/2022;Itapoá;
19/05/2022;Joaçaba;
20/05/2022;Florianópolis;
20/05/2022;Itajaí;
20/05/2022;Chapecó;
20/05/2022;Lages;
20/05/2022;Caçador;
20/05/2022;Araranguá;
20/05/2022;Indaial;
20/05/2022;Xanxerê;
20/05/2022;São Miguel do Oeste;
20/05/2022;Laguna;
20/05/2022;Curitibanos;
20/05/2022;Rio Negrinho;
20/05/2022;Campos Novos;
20/05/2022;Itapoá;
20/05/2022;Joaçaba;
21/05/2022;Florianópolis;
21/05/2022;Itajaí;
21/05/2022;Chapecó;
21/05/2022;Lages;
21/05/2022;Caçador;
21/05/2022;Araranguá;
21/05/2022;Indaial;
21/05/2022;Xanxerê;
21/05/2022;São Miguel do Oeste;
21/05/2022;Laguna;
21/05/2022;Curitibanos;
21/05/2022;Rio Negrinho;
21/05/2022;Campos Novos;
21/05/2022;Itapoá;
21/05/2022;Joaçaba;
22/05/2022;Florianópolis;
22/05/2022;Itajaí;
22/05/2022;Chapecó;
22/05/2022;Lages;
22/05/2022;Caçador;
22/05/2022;Araranguá;
22/05/2022;Indaial;
22/05/2022;Xanxerê;
22/05/2022;São Miguel do Oeste;
22/05/2022;Laguna;
22/05/2022;Curitibanos;
22/05/2022;Rio Negrinho;
22/05/2022;Campos Novos;
22/05/2022;Itapoá;
22/05/2022;Joaçaba;
23/05/2022;Florianópolis;
23/05/2022;Itajaí;
23/05/2022;Chapecó;
23/05/2022;Lages;
23/05/2022;Caçador;
23/05/2022;Araranguá;
23/05/2022;Indaial;
23/05/2022;Xanxerê;
23/05/2022;São Miguel do Oeste;
23/05/2022;Laguna;
23/05/2022;Curitibanos;
23/05/2022;Rio Negrinho;
23/05/2022;Campos Novos;
23/05/2022;Itapoá;
23/05/2022;Joaçaba;
24/05/2022;Florianópolis;
24/05/2022;Itajaí;
24/05/2022;Chapecó;
24/05/2022;Lages;
24/05/2022;Caçador;
24/05/2022;Araranguá;
24/05/2022;Indaial;
24/05/2022;Xanxerê;
24/05/2022;São Miguel do Oeste;
24/05/2022;Laguna;
24/05/2022;Curitibanos;
24/05/2022;Rio Negrinho;
24/05/2022;Campos Novos;
24/05/2022;Itapoá;
24/05/2022;Joaçaba;
25/05/2022;Florianópolis;
25/05/2022;Itajaí;
25/05/2022;Chapecó;
25/05/2022;Lages;
25/05/2022;Caçador;
25/05/2022;Araranguá;
25/05/2022;Indaial;
25/05/2022;Xanxerê;
25/05/2022;São Miguel do Oeste;
25/05/2022;Laguna;
25/05/2022;Curitibanos;
25/05/2022;Rio Negrinho;
25/05/2022;Campos Novos;
25/05/2022;Itapoá;
25/05/2022;Joaçaba;
26/05/2022;Florianópolis;
26/05/2022;Itajaí;
26/05/2022;Chapecó;
26/05/2022;Lages;
26/05/2022;Caçador;
26/05/2022;Araranguá;
26/05/2022;Indaial;
26/05/2022;Xanxerê;
26/05/2022;São Miguel do Oeste;
26/05/2022;Laguna;
26/05/2022;Curitibanos;
26/05/2022;Rio Negrinho;
26/05/2022;Campos Novos;
26/05/2022;Itapoá;
26/05/2022;Joaçaba;
27/05/2022;Florianópolis;
27/05/2022;Itajaí;
27/05/2022;Chapecó;
27/05/2022;Lages;
27/05/2022;Caçador;
27/05/2022;Araranguá;
27/05/2022;Indaial;
27/05/2022;Xanxerê;
27/05/2022;São Miguel do Oeste;
27/05/2022;Laguna;
27/05/2022;Curitibanos;
27/05/2022;Rio Negrinho;
27/05/2022;Campos Novos;
27/05/2022;Itapoá;
27/05/2022;Joaçaba;
28/05/2022;Florianópolis;
28/05/2022;Itajaí;
28/05/2022;Chapecó;
28/05/2022;Lages;
28/05/2022;Caçador;
28/05/2022;Araranguá;
28/05/2022;Indaial;
28/05/2022;Xanxerê;
28/05/2022;São Miguel do Oeste;
28/05/2022;Laguna;
28/05/2022;Curitibanos;
28/05/2022;Rio Negrinho;
28/05/2022;Campos Novos;
28/05/2022;Itapoá;
28/05/2022;Joaçaba;
29/05/2022;Florianópolis;
29/05/2022;Itajaí;
29/05/2022;Chapecó;
29/05/2022;Lages;
29/05/2022;Caçador;
29/05/2022;Araranguá;
29/05/2022;Indaial;
29/05/2022;Xanxerê;
29/05/2022;São Miguel do Oeste;
29/05/2022;Laguna;
29/05/2022;Curitibanos;
29/05/2022;Rio Negrinho;
29/05/2022;Campos Novos;
29/05/2022;Itapoá;
29/05/2022;Joaçaba;
30/05/2022;Florianópolis;
30/05/2022;Itajaí;
30/05/2022;Chapecó;
30/05/2022;Lages;
30/05/2022;Caçador;
30/05/2022;Araranguá;
30/05/2022;Indaial;
30/05/2022;Xanxerê;
30/05/2022;São Miguel do Oeste;
30/05/2022;Laguna;
30/05/2022;Curitibanos;
30/05/2022;Rio Negrinho;
30/05/2022;Campos Novos;
30/05/2022;Itapoá;
30/05/2022;Joaçaba;
31/05/2022;Florianópolis;
31/05/2022;Itajaí;
31/05/2022;Chapecó;
31/05/2022;Lages;
31/05/2022;Caçador;
31/05/2022;Araranguá;
31/05/2022;Indaial;
31/05/2022;Xanxerê;
31/05/2022;São Miguel do Oeste;
31/05/2022;Laguna;
31/05/2022;Curitibanos;
31/05/2022;Rio Negrinho;
31/05/2022;Campos Novos;
31/05/2022;Itapoá;
31/05/2022;Joaçaba;
01/06/2022;Florianópolis;
01/06/2022;Itajaí;
01/06/2022;Chapecó;
01/06/2022;Lages;
01/06/2022;Caçador;
01/06/2022;Araranguá;
01/06/2022;Indaial;
01/06/2022;Xanxerê;
01/06/2022;São Miguel do Oeste;
01/06/2022;Laguna;
01/06/2022;Curitibanos;
01/06/2022;Rio Negrinho;
01/06/2022;Campos Novos;
01/06/2022;Itapoá;
01/06/2022;Joaçaba;
02/06/2022;Florianópolis;
02/06/2022;Itajaí;
02/06/2022;Chapecó;
02/06/2022;Lages;
02/06/2022;Caçador;
02/06/2022;Araranguá;
02/06/2022;Indaial;
02/06/2022;Xanxerê;
02/06/2022;São Miguel do Oeste;
02/06/2022;Laguna;
02/06/2022;Curitibanos;
02/06/2022;Rio Negrinho;
02/06/2022;Campos Novos;
02/06/2022;Itapoá;
02/06/2022;Joaçaba;
03/06/2022;Florianópolis;
03/06/2022;Itajaí;
03/06/2022;Chapecó;
03/06/2022;Lages;
03/06/2022;Caçador;
03/06/2022;Araranguá;
03/06/2022;Indaial;
03/06/2022;Xanxerê;
03/06/2022;São Miguel do Oeste;
03/06/2022;Laguna;
03/06/2022;Curitibanos;
03/06/2022;Rio Negrinho;
03/06/2022;Campos Novos;
03/06/2022;Itapoá;
03/06/2022;Joaçaba;
04/06/2022;Florianópolis;
04/06/2022;Itajaí;
04/06/2022;Chapecó;
04/06/2022;Lages;
04/06/2022;Caçador;
04/06/2022;Araranguá;
04/06/2022;Indaial;
04/06/2022;Xanxerê;
04/06/2022;São Miguel do Oeste;
04/06/2022;Laguna;
04/06/2022;Curitibanos;
04/06/2022;Rio Negrinho;
04/06/2022;Campos Novos;
04/06/2022;Itapoá;
04/06/2022;Joaçaba;
05/06/2022;Florianópolis;
05/06/2022;Itajaí;
05/06/2022;Chapecó;
05/06/2022;Lages;
05/06/2022;Caçador;
05/06/2022;Araranguá;
05/06/2022;Indaial;
05/06/2022;Xanxerê;
05/06/2022;São Miguel do Oeste;
05/06/2022;Laguna;
05/06/2022;Curitibanos;
05/06/2022;Rio Negrinho;
05/06/2022;Campos Novos;
05/06/2022;Itapoá;
05/06/2022;Joaçaba;
06/06/2022;Florianópolis;
06/06/2022;Itajaí;
06/06/2022;Chapecó;
06/06/2022;Lages;
06/06/2022;Caçador;
06/06/2022;Araranguá;
06/06/2022;Indaial;
06/06/2022;Xanxerê;
06/06/2022;São Miguel do Oeste;
06/06/2022;Laguna;
06/06/2022;Curitibanos;
06/06/2022;Rio Negrinho;
06/06/2022;Campos Novos;
06/06/2022;Itapoá;
06/06/2022;Joaçaba;
07/06/2022;Florianópolis;
07/06/2022;Itajaí;
07/06/2022;Chapecó;
07/06/2022;Lages;
07/06/2022;Caçador;
07/06/2022;Araranguá;
07/06/2022;Indaial;
07/06/2022;Xanxerê;
07/06/2022;São Miguel do Oeste;
07/06/2022;Laguna;
07/06/2022;Curitibanos;
07/06/2022;Rio Negrinho;
07/06/2022;Campos Novos;
07/06/2022;Itapoá;
07/06/2022;Joaçaba;
08/06/2022;Florianópolis;
08/06/2022;Itajaí;
08/06/2022;Chapecó;
08/06/2022;Lages;
08/06/2022;Caçador;
08/06/2022;Araranguá;
08/06/2022;Indaial;
08/06/2022;Xanxerê;
08/06/2022;São Miguel do Oeste;
08/06/2022;Laguna;
08/06/2022;Curitibanos;
08/06/2022;Rio Negrinho;
08/06/2022;Campos Novos;
08/06/2022;Itapoá;
08/06/2022;Joaçaba;
09/06/2022;Florianópolis;
09/06/2022;Itajaí;
09/06/2022;Chapecó;
09/06/2022;Lages;
09/06/2022;Caçador;
09/06/2022;Araranguá;
09/06/2022;Indaial;
09/06/2022;Xanxerê;
09/06/2022;São Miguel do Oeste;
09/06/2022;Laguna;
09/06/2022;Curitibanos;
09/06/2022;Rio Negrinho;
09/06/2022;Campos Novos;
09/06/2022;Itapoá;
09/06/2022;Joaçaba;
10/06/2022;Florianópolis;
10/06/2022;Itajaí;
10/06/2022;Chapecó;
10/06/2022;Lages;
10/06/2022;Caçador;
10/06/2022;Araranguá;
10/06/2022;Indaial;
10/06/2022;Xanxerê;
10/06/2022;São Miguel do Oeste;
10/06/2022;Laguna;
10/06/2022;Curitibanos;
10/06/2022;Rio Negrinho;
10/06/2022;Campos Novos;
10/06/2022;Itapoá;
10/06/2022;Joaçaba;
11/06/2022;Florianópolis;
11/06/2022;Itajaí;
11/06/2022;Chapecó;
11/06/2022;Lages;
11/06/2022;Caçador;
11/06/2022;Araranguá;
11/06/2022;Indaial;
11/06/2022;Xanxerê;
11/06/2022;São Miguel do Oeste;
11/06/2022;Laguna;
11/06/2022;Curitibanos;
11/06/2022;Rio Negrinho;
11/06/2022;Campos Novos;
11/06/2022;Itapoá;
11/06/2022;Joaçaba;
12/06/2022;Florianópolis;
12/06/2022;Itajaí;
12/06/2022;Chapecó;
12/06/2022;Lages;
12/06/2022;Caçador;
12/06/2022;Araranguá;
12/06/2022;Indaial;
12/06/2022;Xanxerê;
12/06/2022;São Miguel do Oeste;
12/06/2022;Laguna;
12/06/2022;Curitibanos;
12/06/2022;Rio Negrinho;
12/06/2022;Campos Novos;
12/06/2022;Itapoá;
12/06/2022;Joaçaba;
13/06/2022;Florianópolis;
13/06/2022;Itajaí;
13/06/2022;Chapecó;
13/06/2022;Lages;
13/06/2022;Caçador;
13/06/2022;Araranguá;
13/06/2022;Indaial;
13/06/2022;Xanxerê;
13/06/2022;São Miguel do Oeste;
13/06/2022;Laguna;
13/06/2022;Curitibanos;
13/06/2022;Rio Negrinho;
13/06/2022;Campos Novos;
13/06/2022;Itapoá;
13/06/2022;Joaçaba;
14/06/2022;Florianópolis;
14/06/2022;Itajaí;
14/06/2022;Chapecó;
14/06/2022;Lages;
14/06/2022;Caçador;
14/06/2022;Araranguá;
14/06/2022;Indaial;
14/06/2022;Xanxerê;
14/06/2022;São Miguel do Oeste;
14/06/2022;Laguna;
14/06/2022;Curitibanos;
14/06/2022;Rio Negrinho;
14/06/2022;Campos Novos;
14/06/2022;Itapoá;
14/06/2022;Joaçaba;
15/06/2022;Florianópolis;
15/06/2022;Itajaí;
15/06/2022;Chapecó;
15/06/2022;Lages;
15/06/2022;Caçador;
15/06/2022;Araranguá;
15/06/2022;Indaial;
15/06/2022;Xanxerê;
15/06/2022;São Miguel do Oeste;
15/06/2022;Laguna;
15/06/2022;Curitibanos;
15/06/2022;Rio Negrinho;
15/06/2022;Campos Novos;
15/06/2022;Itapoá;
15/06/2022;Joaçaba;
16/06/2022;Florianópolis;
16/06/2022;Itajaí;
16/06/2022;Chapecó;
16/06/2022;Lages;
16/06/2022;Caçador;
16/06/2022;Araranguá;
16/06/2022;Indaial;
16/06/2022;Xanxerê;
16/06/2022;São Miguel do Oeste;
16/06/2022;Laguna;
16/06/2022;Curitibanos;
16/06/2022;Rio Negrinho;
16/06/2022;Campos Novos;
16/06/2022;Itapoá;
16/06/2022;Joaçaba;
17/06/2022;Florianópolis;
17/06/2022;Itajaí;
17/06/2022;Chapecó;
17/06/2022;Lages;
17/06/2022;Caçador;
17/06/2022;Araranguá;
17/06/2022;Indaial;
17/06/2022;Xanxerê;
17/06/2022;São Miguel do Oeste;
17/06/2022;Laguna;
17/06/2022;Curitibanos;
17/06/2022;Rio Negrinho;
17/06/2022;Campos Novos;
17/06/2022;Itapoá;
17/06/2022;Joaçaba;
18/06/2022;Florianópolis;
18/06/2022;Itajaí;
18/06/2022;Chapecó;
18/06/2022;Lages;
18/06/2022;Caçador;
18/06/2022;Araranguá;
18/06/2022;Indaial;
18/06/2022;Xanxerê;
18/06/2022;São Miguel do Oeste;
18/06/2022;Laguna;
18/06/2022;Curitibanos;
18/06/2022;Rio Negrinho;
18/06/2022;Campos Novos;
18/06/2022;Itapoá;
18/06/2022;Joaçaba;
19/06/2022;Florianópolis;
19/06/2022;Itajaí;
19/06/2022;Chapecó;
19/06/2022;Lages;
19/06/2022;Caçador;
19/06/2022;Araranguá;
19/06/2022;Indaial;
19/06/2022;Xanxerê;
19/06/2022;São Miguel do Oeste;
19/06/2022;Laguna;
19/06/2022;Curitibanos;
19/06/2022;Rio Negrinho;
19/06/2022;Campos Novos;
19/06/2022;Itapoá;
19/06/2022;Joaçaba;
20/06/2022;Florianópolis;
20/06/2022;Itajaí;
20/06/2022;Chapecó;
20/06/2022;Lages;
20/06/2022;Caçador;
20/06/2022;Araranguá;
20/06/2022;Indaial;
20/06/2022;Xanxerê;
20/06/2022;São Miguel do Oeste;
20/06/2022;Laguna;
20/06/2022;Curitibanos;
20/06/2022;Rio Negrinho;
20/06/2022;Campos Novos;
20/06/2022;Itapoá;
20/06/2022;Joaçaba;
21/06/2022;Florianópolis;
21/06/2022;Itajaí;
21/06/2022;Chapecó;
21/06/2022;Lages;
21/06/2022;Caçador;
21/06/2022;Araranguá;
21/06/2022;Indaial;
21/06/2022;Xanxerê;
21/06/2022;São Miguel do Oeste;
21/06/2022;Laguna;
21/06/2022;Curitibanos;
21/06/2022;Rio Negrinho;
21/06/2022;Campos Novos;
21/06/2022;Itapoá;
21/06/2022;Joaçaba;
22/06/2022;Florianópolis;
22/06/2022;Itajaí;
22/06/2022;Chapecó;
22/06/2022;Lages;
22/06/2022;Caçador;
22/06/2022;Araranguá;
22/06/2022;Indaial;
22/06/2022;Xanxerê;
22/06/2022;São Miguel do Oeste;
22/06/2022;Laguna;
22/06/2022;Curitibanos;
22/06/2022;Rio Negrinho;
22/06/2022;Campos Novos;
22/06/2022;Itapoá;
22/06/2022;Joaçaba;
23/06/2022;Florianópolis;
23/06/2022;Itajaí;
23/06/2022;Chapecó;
23/06/2022;Lages;
23/06/2022;Caçador;
23/06/2022;Araranguá;
23/06/2022;Indaial;
23/06/2022;Xanxerê;
23/06/2022;São Miguel do Oeste;
23/06/2022;Laguna;
23/06/2022;Curitibanos;
23/06/2022;Rio Negrinho;
23/06/2022;Campos Novos;
23/06/2022;Itapoá;
23/06/2022;Joaçaba;
24/06/2022;Florianópolis;
24/06/2022;Itajaí;
24/06/2022;Chapecó;
24/06/2022;Lages;
24/06/2022;Caçador;
24/06/2022;Araranguá;
24/06/2022;Indaial;
24/06/2022;Xanxerê;
24/06/2022;São Miguel do Oeste;
24/06/2022;Laguna;
24/06/2022;Curitibanos;
24/06/2022;Rio Negrinho;
24/06/2022;Campos Novos;
24/06/2022;Itapoá;
24/06/2022;Joaçaba;
25/06/2022;Florianópolis;
25/06/2022;Itajaí;
25/06/2022;Chapecó;
25/06/2022;Lages;
25/06/2022;Caçador;
25/06/2022;Araranguá;
25/06/2022;Indaial;
25/06/2022;Xanxerê;
25/06/2022;São Miguel do Oeste;
25/06/2022;Laguna;
25/06/2022;Curitibanos;
25/06/2022;Rio Negrinho;
25/06/2022;Campos Novos;
25/06/2022;Itapoá;
25/06/2022;Joaçaba;
26/06/2022;Florianópolis;
26/06/2022;Itajaí;
26/06/2022;Chapecó;
26/06/2022;Lages;
26/06/2022;Caçador;
26/06/2022;Araranguá;
26/06/2022;Indaial;
26/06/2022;Xanxerê;
26/06/2022;São Miguel do Oeste;
26/06/2022;Laguna;
26/06/2022;Curitibanos;
26/06/2022;Rio Negrinho;
26/06/2022;Campos Novos;
26/06/2022;Itapoá;
26/06/2022;Joaçaba;
27/06/2022;Florianópolis;
27/06/2022;Itajaí;
27/06/2022;Chapecó;
27/06/2022;Lages;
27/06/2022;Caçador;
27/06/2022;Araranguá;
27/06/2022;Indaial;
27/06/2022;Xanxerê;
27/06/2022;São Miguel do Oeste;
27/06/2022;Laguna;
27/06/2022;Curitibanos;
27/06/2022;Rio Negrinho;
27/06/2022;Campos Novos;
27/06/2022;Itapoá;
27/06/2022;Joaçaba;
28/06/2022;Florianópolis;
28/06/2022;Itajaí;
28/06/2022;Chapecó;
28/06/2022;Lages;
28/06/2022;Caçador;
28/06/2022;Araranguá;
28/06/2022;Indaial;
28/06/2022;Xanxerê;
28/06/2022;São Miguel do Oeste;
28/06/2022;Laguna;
28/06/2022;Curitibanos;
28/06/2022;Rio Negrinho;
28/06/2022;Campos Novos;
28/06/2022;Itapoá;
28/06/2022;Joaçaba;
29/06/2022;Florianópolis;
29/06/2022;Itajaí;
29/06/2022;Chapecó;
29/06/2022;Lages;
29/06/2022;Caçador;
29/06/2022;Araranguá;
29/06/2022;Indaial;
29/06/2022;Xanxerê;
29/06/2022;São Miguel do Oeste;
29/06/2022;Laguna;
29/06/2022;Curitibanos;
29/06/2022;Rio Negrinho;
29/06/2022;Campos Novos;
29/06/2022;Itapoá;
29/06/2022;Joaçaba;
30/06/2022;Florianópolis;
30/06/2022;Itajaí;
30/06/2022;Chapecó;
30/06/2022;Lages;
30/06/2022;Caçador;
30/06/2022;Araranguá;
30/06/2022;Indaial;
30/06/2022;Xanxerê;
30/06/2022;São Miguel do Oeste;
30/06/2022;Laguna;
30/06/2022;Curitibanos;
30/06/2022;Rio Negrinho;
30/06/2022;Campos Novos;
30/06/2022;Itapoá;
30/06/2022;Joaçaba;
01/07/2022;Florianópolis;
01/07/2022;Itajaí;
01/07/2022;Chapecó;
01/07/2022;Lages;
01/07/2022;Caçador;
01/07/2022;Araranguá;
01/07/2022;Indaial;
01/07/2022;Xanxerê;
01/07/2022;São Miguel do Oeste;
01/07/2022;Laguna;
01/07/2022;Curitibanos;
01/07/2022;Rio Negrinho;
01/07/2022;Campos Novos;
01/07/2022;Itapoá;
01/07/2022;Joaçaba;
02/07/2022;Florianópolis;
02/07/2022;Itajaí;
02/07/2022;Chapecó;
02/07/2022;Lages;
02/07/2022;Caçador;
02/07/2022;Araranguá;
02/07/2022;Indaial;
02/07/2022;Xanxerê;
02/07/2022;São Miguel do Oeste;
02/07/2022;Laguna;
02/07/2022;Curitibanos;
02/07/2022;Rio Negrinho;
02/07/2022;Campos Novos;
02/07/2022;Itapoá;
02/07/2022;Joaçaba;
03/07/2022;Florianópolis;
03/07/2022;Itajaí;
03/07/2022;Chapecó;
03/07/2022;Lages;
03/07/2022;Caçador;
03/07/2022;Araranguá;
03/07/2022;Indaial;
03/07/2022;Xanxerê;
03/07/2022;São Miguel do Oeste;
03/07/2022;Laguna;
03/07/2022;Curitibanos;
03/07/2022;Rio Negrinho;
03/07/2022;Campos Novos;
03/07/2022;Itapoá;
03/07/2022;Joaçaba;
04/07/2022;Florianópolis;
04/07/2022;Itajaí;
04/07/2022;Chapecó;
04/07/2022;Lages;
04/07/2022;Caçador;
04/07/2022;Araranguá;
04/07/2022;Indaial;
04/07/2022;Xanxerê;
04/07/2022;São Miguel do Oeste;
04/07/2022;Laguna;
04/07/2022;Curitibanos;
04/07/2022;Rio Negrinho;
04/07/2022;Campos Novos;
04/07/2022;Itapoá;
04/07/2022;Joaçaba;
05/07/2022;Florianópolis;
05/07/2022;Itajaí;
05/07/2022;Chapecó;
05/07/2022;Lages;
05/07/2022;Caçador;
05/07/2022;Araranguá;
05/07/2022;Indaial;
05/07/2022;Xanxerê;
05/07/2022;São Miguel do Oeste;
05/07/2022;Laguna;
05/07/2022;Curitibanos;
05/07/2022;Rio Negrinho;
05/07/2022;Campos Novos;
05/07/2022;Itapoá;
05/07/2022;Joaçaba;
06/07/2022;Florianópolis;
06/07/2022;Itajaí;
06/07/2022;Chapecó;
06/07/2022;Lages;
06/07/2022;Caçador;
06/07/2022;Araranguá;
06/07/2022;Indaial;
06/07/2022;Xanxerê;
06/07/2022;São Miguel do Oeste;
06/07/2022;Laguna;
06/07/2022;Curitibanos;
06/07/2022;Rio Negrinho;
06/07/2022;Campos Novos;
06/07/2022;Itapoá;
06/07/2022;Joaçaba;
07/07/2022;Florianópolis;
07/07/2022;Itajaí;
07/07/2022;Chapecó;
07/07/2022;Lages;
07/07/2022;Caçador;
07/07/2022;Araranguá;
07/07/2022;Indaial;
07/07/2022;Xanxerê;
07/07/2022;São Miguel do Oeste;
07/07/2022;Laguna;
07/07/2022;Curitibanos;
07/07/2022;Rio Negrinho;
07/07/2022;Campos Novos;
07/07/2022;Itapoá;
07/07/2022;Joaçaba;
08/07/2022;Florianópolis;
08/07/2022;Itajaí;
08/07/2022;Chapecó;
08/07/2022;Lages;
08/07/2022;Caçador;
08/07/2022;Araranguá;
08/07/2022;Indaial;
08/07/2022;Xanxerê;
08/07/2022;São Miguel do Oeste;
08/07/2022;Laguna;
08/07/2022;Curitibanos;
08/07/2022;Rio Negrinho;
08/07/2022;Campos Novos;
08/07/2022;Itapoá;
08/07/2022;Joaçaba;
09/07/2022;Florianópolis;
09/07/2022;Itajaí;
09/07/2022;Chapecó;
09/07/2022;Lages;
09/07/2022;Caçador;
09/07/2022;Araranguá;
09/07/2022;Indaial;
09/07/2022;Xanxerê;
09/07/2022;São Miguel do Oeste;
09/07/2022;Laguna;
09/07/2022;Curitibanos;
09/07/2022;Rio Negrinho;
09/07/2022;Campos Novos;
09/07/2022;Itapoá;
09/07/2022;Joaçaba;
10/07/2022;Florianópolis;
10/07/2022;Itajaí;
10/07/2022;Chapecó;
10/07/2022;Lages;
10/07/2022;Caçador;
10/07/2022;Araranguá;
10/07/2022;Indaial;
10/07/2022;Xanxerê;
10/07/2022;São Miguel do Oeste;
10/07/2022;Laguna;
10/07/2022;Curitibanos;
10/07/2022;Rio Negrinho;
10/07/2022;Campos Novos;
10/07/2022;Itapoá;
10/07/2022;Joaçaba;
11/07/2022;Florianópolis;
11/07/2022;Itajaí;
11/07/2022;Chapecó;
11/07/2022;Lages;
11/07/2022;Caçador;
11/07/2022;Araranguá;
11/07/2022;Indaial;
11/07/2022;Xanxerê;
11/07/2022;São Miguel do Oeste;
11/07/2022;Laguna;
11/07/2022;Curitibanos;
11/07/2022;Rio Negrinho;
11/07/2022;Campos Novos;
11/07/2022;Itapoá;
11/07/2022;Joaçaba;
12/07/2022;Florianópolis;
12/07/2022;Itajaí;
12/07/2022;Chapecó;
12/07/2022;Lages;
12/07/2022;Caçador;
12/07/2022;Araranguá;
12/07/2022;Indaial;
12/07/2022;Xanxerê;
12/07/2022;São Miguel do Oeste;
12/07/2022;Laguna;
12/07/2022;Curitibanos;
12/07/2022;Rio Negrinho;
12/07/2022;Campos Novos;
12/07/2022;Itapoá;
12/07/2022;Joaçaba;
13/07/2022;Florianópolis;
13/07/2022;Itajaí;
13/07/2022;Chapecó;
13/07/2022;Lages;
13/07/2022;Caçador;
13/07/2022;Araranguá;
13/07/2022;Indaial;
13/07/2022;Xanxerê;
13/07/2022;São Miguel do Oeste;
13/07/2022;Laguna;
13/07/2022;Curitibanos;
13/07/2022;Rio Negrinho;
13/07/2022;Campos Novos;
13/07/2022;Itapoá;
13/07/2022;Joaçaba;
14/07/2022;Florianópolis;
14/07/2022;Itajaí;
14/07/2022;Chapecó;
14/07/2022;Lages;
14/07/2022;Caçador;
14/07/2022;Araranguá;
14/07/2022;Indaial;
14/07/2022;Xanxerê;
14/07/2022;São Miguel do Oeste;
14/07/2022;Laguna;
14/07/2022;Curitibanos;
14/07/2022;Rio Negrinho;
14/07/2022;Campos Novos;
14/07/2022;Itapoá;
14/07/2022;Joaçaba;
15/07/2022;Florianópolis;
15/07/2022;Itajaí;
15/07/2022;Chapecó;
15/07/2022;Lages;
15/07/2022;Caçador;
15/07/2022;Araranguá;
15/07/2022;Indaial;
15/07/2022;Xanxerê;
15/07/2022;São Miguel do Oeste;
15/07/2022;Laguna;
15/07/2022;Curitibanos;
15/07/2022;Rio Negrinho;
15/07/2022;Campos Novos;
15/07/2022;Itapoá;
15/07/2022;Joaçaba;
16/07/2022;Florianópolis;
16/07/2022;Itajaí;
16/07/2022;Chapecó;
16/07/2022;Lages;
16/07/2022;Caçador;
16/07/2022;Araranguá;
16/07/2022;Indaial;
16/07/2022;Xanxerê;
16/07/2022;São Miguel do Oeste;
16/07/2022;Laguna;
16/07/2022;Curitibanos;
16/07/2022;Rio Negrinho;
16/07/2022;Campos Novos;
16/07/2022;Itapoá;
16/07/2022;Joaçaba;
17/07/2022;Florianópolis;
17/07/2022;Itajaí;
17/07/2022;Chapecó;
17/07/2022;Lages;
17/07/2022;Caçador;
17/07/2022;Araranguá;
17/07/2022;Indaial;
17/07/2022;Xanxerê;
17/07/2022;São Miguel do Oeste;
17/07/2022;Laguna;
17/07/2022;Curitibanos;
17/07/2022;Rio Negrinho;
17/07/2022;Campos Novos;
17/07/2022;Itapoá;
17/07/2022;Joaçaba;
18/07/2022;Florianópolis;
18/07/2022;Itajaí;
18/07/2022;Chapecó;
18/07/2022;Lages;
18/07/2022;Caçador;
18/07/2022;Araranguá;
18/07/2022;Indaial;
18/07/2022;Xanxerê;
18/07/2022;São Miguel do Oeste;
18/07/2022;Laguna;
18/07/2022;Curitibanos;
18/07/2022;Rio Negrinho;
18/07/2022;Campos Novos;
18/07/2022;Itapoá;
18/07/2022;Joaçaba;
19/07/2022;Florianópolis;
19/07/2022;Itajaí;
19/07/2022;Chapecó;
19/07/2022;Lages;
19/07/2022;Caçador;
19/07/2022;Araranguá;
19/07/2022;Indaial;
19/07/2022;Xanxerê;
19/07/2022;São Miguel do Oeste;
19/07/2022;Laguna;
19/07/2022;Curitibanos;
19/07/2022;Rio Negrinho;
19/07/2022;Campos Novos;
19/07/2022;Itapoá;
19/07/2022;Joaçaba;
20/07/2022;Florianópolis;
20/07/2022;Itajaí;
20/07/2022;Chapecó;
20/07/2022;Lages;
20/07/2022;Caçador;
20/07/2022;Araranguá;
20/07/2022;Indaial;
20/07/2022;Xanxerê;
20/07/2022;São Miguel do Oeste;
20/07/2022;Laguna;
20/07/2022;Curitibanos;
20/07/2022;Rio Negrinho;
20/07/2022;Campos Novos;
20/07/2022;Itapoá;
20/07/2022;Joaçaba;
21/07/2022;Florianópolis;
21/07/2022;Itajaí;
21/07/2022;Chapecó;
21/07/2022;Lages;
21/07/2022;Caçador;
21/07/2022;Araranguá;
21/07/2022;Indaial;
21/07/2022;Xanxerê;
21/07/2022;São Miguel do Oeste;
21/07/2022;Laguna;
21/07/2022;Curitibanos;
21/07/2022;Rio Negrinho;
21/07/2022;Campos Novos;
21/07/2022;Itapoá;
21/07/2022;Joaçaba;
22/07/2022;Florianópolis;
22/07/2022;Itajaí;
22/07/2022;Chapecó;
22/07/2022;Lages;
22/07/2022;Caçador;
22/07/2022;Araranguá;
22/07/2022;Indaial;
22/07/2022;Xanxerê;
22/07/2022;São Miguel do Oeste;
22/07/2022;Laguna;
22/07/2022;Curitibanos;
22/07/2022;Rio Negrinho;
22/07/2022;Campos Novos;
22/07/2022;Itapoá;
22/07/2022;Joaçaba;
23/07/2022;Florianópolis;
23/07/2022;Itajaí;
23/07/2022;Chapecó;
23/07/2022;Lages;
23/07/2022;Caçador;
23/07/2022;Araranguá;
23/07/2022;Indaial;
23/07/2022;Xanxerê;
23/07/2022;São Miguel do Oeste;
23/07/2022;Laguna;
23/07/2022;Curitibanos;
23/07/2022;Rio Negrinho;
23/07/2022;Campos Novos;
23/07/2022;Itapoá;
23/07/2022;Joaçaba;
24/07/2022;Florianópolis;
24/07/2022;Itajaí;
24/07/2022;Chapecó;
24/07/2022;Lages;
24/07/2022;Caçador;
24/07/2022;Araranguá;
24/07/2022;Indaial;
24/07/2022;Xanxerê;
24/07/2022;São Miguel do Oeste;
24/07/2022;Laguna;
24/07/2022;Curitibanos;
24/07/2022;Rio Negrinho;
24/07/2022;Campos Novos;
24/07/2022;Itapoá;
24/07/2022;Joaçaba;
25/07/2022;Florianópolis;
25/07/2022;Itajaí;
25/07/2022;Chapecó;
25/07/2022;Lages;
25/07/2022;Caçador;
25/07/2022;Araranguá;
25/07/2022;Indaial;
25/07/2022;Xanxerê;
25/07/2022;São Miguel do Oeste;
25/07/2022;Laguna;
25/07/2022;Curitibanos;
25/07/2022;Rio Negrinho;
25/07/2022;Campos Novos;
25/07/2022;Itapoá;
25/07/2022;Joaçaba;
26/07/2022;Florianópolis;
26/07/2022;Itajaí;
26/07/2022;Chapecó;
26/07/2022;Lages;
26/07/2022;Caçador;
26/07/2022;Araranguá;
26/07/2022;Indaial;
26/07/2022;Xanxerê;
26/07/2022;São Miguel do Oeste;
26/07/2022;Laguna;
26/07/2022;Curitibanos;
26/07/2022;Rio Negrinho;
26/07/2022;Campos Novos;
26/07/2022;Itapoá;
26/07/2022;Joaçaba;
27/07/2022;Florianópolis;
27/07/2022;Itajaí;
27/07/2022;Chapecó;
27/07/2022;Lages;
27/07/2022;Caçador;
27/07/2022;Araranguá;
27/07/2022;Indaial;
27/07/2022;Xanxerê;
27/07/2022;São Miguel do Oeste;
27/07/2022;Laguna;
27/07/2022;Curitibanos;
27/07/2022;Rio Negrinho;
27/07/2022;Campos Novos;
27/07/2022;Itapoá;
27/07/2022;Joaçaba;
28/07/2022;Florianópolis;
28/07/2022;Itajaí;
28/07/2022;Chapecó;
28/07/2022;Lages;
28/07/2022;Caçador;
28/07/2022;Araranguá;
28/07/2022;Indaial;
28/07/2022;Xanxerê;
28/07/2022;São Miguel do Oeste;
28/07/2022;Laguna;
28/07/2022;Curitibanos;
28/07/2022;Rio Negrinho;
28/07/2022;Campos Novos;
28/07/2022;Itapoá;
28/07/2022;Joaçaba;
29/07/2022;Florianópolis;
29/07/2022;Itajaí;
29/07/2022;Chapecó;
29/07/2022;Lages;
29/07/2022;Caçador;
29/07/2022;Araranguá;
29/07/2022;Indaial;
29/07/2022;Xanxerê;
29/07/2022;São Miguel do Oeste;
29/07/2022;Laguna;
29/07/2022;Curitibanos;
29/07/2022;Rio Negrinho;
29/07/2022;Campos Novos;
29/07/2022;Itapoá;
29/07/2022;Joaçaba;
30/07/2022;Florianópolis;
30/07/2022;Itajaí;
30/07/2022;Chapecó;
30/07/2022;Lages;
30/07/2022;Caçador;
30/07/2022;Araranguá;
30/07/2022;Indaial;
30/07/2022;Xanxerê;
30/07/2022;São Miguel do Oeste;
30/07/2022;Laguna;
30/07/2022;Curitibanos;
30/07/2022;Rio Negrinho;
30/07/2022;Campos Novos;
30/07/2022;Itapoá;
30/07/2022;Joaçaba;
31/07/2022;Florianópolis;
31/07/2022;Itajaí;
31/07/2022;Chapecó;
31/07/2022;Lages;
31/07/2022;Caçador;
31/07/2022;Araranguá;
31/07/2022;Indaial;
31/07/2022;Xanxerê;
31/07/2022;São Miguel do Oeste;
31/07/2022;Laguna;
31/07/2022;Curitibanos;
31/07/2022;Rio Negrinho;
31/07/2022;Campos Novos;
31/07/2022;Itapoá;
31/07/2022;Joaçaba;
01/08/2022;Florianópolis;
01/08/2022;Itajaí;
01/08/2022;Chapecó;
01/08/2022;Lages;
01/08/2022;Caçador;
01/08/2022;Araranguá;
01/08/2022;Indaial;
01/08/2022;Xanxerê;
01/08/2022;São Miguel do Oeste;
01/08/2022;Laguna;
01/08/2022;Curitibanos;
01/08/2022;Rio Negrinho;
01/08/2022;Campos Novos;
01/08/2022;Itapoá;
01/08/2022;Joaçaba;
02/08/2022;Florianópolis;
02/08/2022;Itajaí;
02/08/2022;Chapecó;
02/08/2022;Lages;
02/08/2022;Caçador;
02/08/2022;Araranguá;
02/08/2022;Indaial;
02/08/2022;Xanxerê;
02/08/2022;São Miguel do Oeste;
02/08/2022;Laguna;
02/08/2022;Curitibanos;
02/08/2022;Rio Negrinho;
02/08/2022;Campos Novos;
02/08/2022;Itapoá;
02/08/2022;Joaçaba;
03/08/2022;Florianópolis;
03/08/2022;Itajaí;
03/08/2022;Chapecó;
03/08/2022;Lages;
03/08/2022;Caçador;
03/08/2022;Araranguá;
03/08/2022;Indaial;
03/08/2022;Xanxerê;
03/08/2022;São Miguel do Oeste;
03/08/2022;Laguna;
03/08/2022;Curitibanos;
03/08/2022;Rio Negrinho;
03/08/2022;Campos Novos;
03/08/2022;Itapoá;
03/08/2022;Joaçaba;
04/08/2022;Florianópolis;
04/08/2022;Itajaí;
04/08/2022;Chapecó;
04/08/2022;Lages;
04/08/2022;Caçador;
04/08/2022;Araranguá;
04/08/2022;Indaial;
04/08/2022;Xanxerê;
04/08/2022;São Miguel do Oeste;
04/08/2022;Laguna;
04/08/2022;Curitibanos;
04/08/2022;Rio Negrinho;
04/08/2022;Campos Novos;
04/08/2022;Itapoá;
04/08/2022;Joaçaba;
05/08/2022;Florianópolis;
05/08/2022;Itajaí;
05/08/2022;Chapecó;
05/08/2022;Lages;
05/08/2022;Caçador;
05/08/2022;Araranguá;
05/08/2022;Indaial;
05/08/2022;Xanxerê;
05/08/2022;São Miguel do Oeste;
05/08/2022;Laguna;
05/08/2022;Curitibanos;
05/08/2022;Rio Negrinho;
05/08/2022;Campos Novos;
05/08/2022;Itapoá;
05/08/2022;Joaçaba;
06/08/2022;Florianópolis;
06/08/2022;Itajaí;
06/08/2022;Chapecó;
06/08/2022;Lages;
06/08/2022;Caçador;
06/08/2022;Araranguá;
06/08/2022;Indaial;
06/08/2022;Xanxerê;
06/08/2022;São Miguel do Oeste;
06/08/2022;Laguna;
06/08/2022;Curitibanos;
06/08/2022;Rio Negrinho;
06/08/2022;Campos Novos;
06/08/2022;Itapoá;
06/08/2022;Joaçaba;
07/08/2022;Florianópolis;
07/08/2022;Itajaí;
07/08/2022;Chapecó;
07/08/2022;Lages;
07/08/2022;Caçador;
07/08/2022;Araranguá;
07/08/2022;Indaial;
07/08/2022;Xanxerê;
07/08/2022;São Miguel do Oeste;
07/08/2022;Laguna;
07/08/2022;Curitibanos;
07/08/2022;Rio Negrinho;
07/08/2022;Campos Novos;
07/08/2022;Itapoá;
07/08/2022;Joaçaba;
08/08/2022;Florianópolis;
08/08/2022;Itajaí;
08/08/2022;Chapecó;
08/08/2022;Lages;
08/08/2022;Caçador;
08/08/2022;Araranguá;
08/08/2022;Indaial;
08/08/2022;Xanxerê;
08/08/2022;São Miguel do Oeste;
08/08/2022;Laguna;
08/08/2022;Curitibanos;
08/08/2022;Rio Negrinho;
08/08/2022;Campos Novos;
08/08/2022;Itapoá;
08/08/2022;Joaçaba;
09/08/2022;Florianópolis;
09/08/2022;Itajaí;
09/08/2022;Chapecó;
09/08/2022;Lages;
09/08/2022;Caçador;
09/08/2022;Araranguá;
09/08/2022;Indaial;
09/08/2022;Xanxerê;
09/08/2022;São Miguel do Oeste;
09/08/2022;Laguna;
09/08/2022;Curitibanos;
09/08/2022;Rio Negrinho;
09/08/2022;Campos Novos;
09/08/2022;Itapoá;
09/08/2022;Joaçaba;
10/08/2022;Florianópolis;
10/08/2022;Itajaí;
10/08/2022;Chapecó;
10/08/2022;Lages;
10/08/2022;Caçador;
10/08/2022;Araranguá;
10/08/2022;Indaial;
10/08/2022;Xanxerê;
10/08/2022;São Miguel do Oeste;
10/08/2022;Laguna;
10/08/2022;Curitibanos;
10/08/2022;Rio Negrinho;
10/08/2022;Campos Novos;
10/08/2022;Itapoá;
10/08/2022;Joaçaba;
11/08/2022;Florianópolis;
11/08/2022;Itajaí;
11/08/2022;Chapecó;
11/08/2022;Lages;
11/08/2022;Caçador;
11/08/2022;Araranguá;
11/08/2022;Indaial;
11/08/2022;Xanxerê;
11/08/2022;São Miguel do Oeste;
11/08/2022;Laguna;
11/08/2022;Curitibanos;
11/08/2022;Rio Negrinho;
11/08/2022;Campos Novos;
11/08/2022;Itapoá;
11/08/2022;Joaçaba;
12/08/2022;Florianópolis;
12/08/2022;Itajaí;
12/08/2022;Chapecó;
12/08/2022;Lages;
12/08/2022;Caçador;
12/08/2022;Araranguá;
12/08/2022;Indaial;
12/08/2022;Xanxerê;
12/08/2022;São Miguel do Oeste;
12/08/2022;Laguna;
12/08/2022;Curitibanos;
12/08/2022;Rio Negrinho;
12/08/2022;Campos Novos;
12/08/2022;Itapoá;
12/08/2022;Joaçaba;
13/08/2022;Florianópolis;
13/08/2022;Itajaí;
13/08/2022;Chapecó;
13/08/2022;Lages;
13/08/2022;Caçador;
13/08/2022;Araranguá;
13/08/2022;Indaial;
13/08/2022;Xanxerê;
13/08/2022;São Miguel do Oeste;
13/08/2022;Laguna;
13/08/2022;Curitibanos;
13/08/2022;Rio Negrinho;
13/08/2022;Campos Novos;
13/08/2022;Itapoá;
13/08/2022;Joaçaba;
14/08/2022;Florianópolis;
14/08/2022;Itajaí;
14/08/2022;Chapecó;
14/08/2022;Lages;
14/08/2022;Caçador;
14/08/2022;Araranguá;
14/08/2022;Indaial;
14/08/2022;Xanxerê;
14/08/2022;São Miguel do Oeste;
14/08/2022;Laguna;
14/08/2022;Curitibanos;
14/08/2022;Rio Negrinho;
14/08/2022;Campos Novos;
14/08/2022;Itapoá;
14/08/2022;Joaçaba;
15/08/2022;Florianópolis;
15/08/2022;Itajaí;
15/08/2022;Chapecó;
15/08/2022;Lages;
15/08/2022;Caçador;
15/08/2022;Araranguá;
15/08/2022;Indaial;
15/08/2022;Xanxerê;
15/08/2022;São Miguel do Oeste;
15/08/2022;Laguna;
15/08/2022;Curitibanos;
15/08/2022;Rio Negrinho;
15/08/2022;Campos Novos;
15/08/2022;Itapoá;
15/08/2022;Joaçaba;
16/08/2022;Florianópolis;
16/08/2022;Itajaí;
16/08/2022;Chapecó;
16/08/2022;Lages;
16/08/2022;Caçador;
16/08/2022;Araranguá;
16/08/2022;Indaial;
16/08/2022;Xanxerê;
16/08/2022;São Miguel do Oeste;
16/08/2022;Laguna;
16/08/2022;Curitibanos;
16/08/2022;Rio Negrinho;
16/08/2022;Campos Novos;
16/08/2022;Itapoá;
16/08/2022;Joaçaba;
17/08/2022;Florianópolis;
17/08/2022;Itajaí;
17/08/2022;Chapecó;
17/08/2022;Lages;
17/08/2022;Caçador;
17/08/2022;Araranguá;
17/08/2022;Indaial;
17/08/2022;Xanxerê;
17/08/2022;São Miguel do Oeste;
17/08/2022;Laguna;
17/08/2022;Curitibanos;
17/08/2022;Rio Negrinho;
17/08/2022;Campos Novos;
17/08/2022;Itapoá;
17/08/2022;Joaçaba;
18/08/2022;Florianópolis;
18/08/2022;Itajaí;
18/08/2022;Chapecó;
18/08/2022;Lages;
18/08/2022;Caçador;
18/08/2022;Araranguá;
18/08/2022;Indaial;
18/08/2022;Xanxerê;
18/08/2022;São Miguel do Oeste;
18/08/2022;Laguna;
18/08/2022;Curitibanos;
18/08/2022;Rio Negrinho;
18/08/2022;Campos Novos;
18/08/2022;Itapoá;
18/08/2022;Joaçaba;
19/08/2022;Florianópolis;
19/08/2022;Itajaí;
19/08/2022;Chapecó;
19/08/2022;Lages;
19/08/2022;Caçador;
19/08/2022;Araranguá;
19/08/2022;Indaial;
19/08/2022;Xanxerê;
19/08/2022;São Miguel do Oeste;
19/08/2022;Laguna;
19/08/2022;Curitibanos;
19/08/2022;Rio Negrinho;
19/08/2022;Campos Novos;
19/08/2022;Itapoá;
19/08/2022;Joaçaba;
20/08/2022;Florianópolis;
20/08/2022;Itajaí;
20/08/2022;Chapecó;
20/08/2022;Lages;
20/08/2022;Caçador;
20/08/2022;Araranguá;
20/08/2022;Indaial;
20/08/2022;Xanxerê;
20/08/2022;São Miguel do Oeste;
20/08/2022;Laguna;
20/08/2022;Curitibanos;
20/08/2022;Rio Negrinho;
20/08/2022;Campos Novos;
20/08/2022;Itapoá;
20/08/2022;Joaçaba;
21/08/2022;Florianópolis;
21/08/2022;Itajaí;
21/08/2022;Chapecó;
21/08/2022;Lages;
21/08/2022;Caçador;
21/08/2022;Araranguá;
21/08/2022;Indaial;
21/08/2022;Xanxerê;
21/08/2022;São Miguel do Oeste;
21/08/2022;Laguna;
21/08/2022;Curitibanos;
21/08/2022;Rio Negrinho;
21/08/2022;Campos Novos;
21/08/2022;Itapoá;
21/08/2022;Joaçaba;
22/08/2022;Florianópolis;
22/08/2022;Itajaí;
22/08/2022;Chapecó;
22/08/2022;Lages;
22/08/2022;Caçador;
22/08/2022;Araranguá;
22/08/2022;Indaial;
22/08/2022;Xanxerê;
22/08/2022;São Miguel do Oeste;
22/08/2022;Laguna;
22/08/2022;Curitibanos;
22/08/2022;Rio Negrinho;
22/08/2022;Campos Novos;
22/08/2022;Itapoá;
22/08/2022;Joaçaba;
23/08/2022;Florianópolis;
23/08/2022;Itajaí;
23/08/2022;Chapecó;
23/08/2022;Lages;
23/08/2022;Caçador;
23/08/2022;Araranguá;
23/08/2022;Indaial;
23/08/2022;Xanxerê;
23/08/2022;São Miguel do Oeste;
23/08/2022;Laguna;
23/08/2022;Curitibanos;
23/08/2022;Rio Negrinho;
23/08/2022;Campos Novos;
23/08/2022;Itapoá;
23/08/2022;Joaçaba;
24/08/2022;Florianópolis;
24/08/2022;Itajaí;
24/08/2022;Chapecó;
24/08/2022;Lages;
24/08/2022;Caçador;
24/08/2022;Araranguá;
24/08/2022;Indaial;
24/08/2022;Xanxerê;
24/08/2022;São Miguel do Oeste;
24/08/2022;Laguna;
24/08/2022;Curitibanos;
24/08/2022;Rio Negrinho;
24/08/2022;Campos Novos;
24/08/2022;Itapoá;
24/08/2022;Joaçaba;
25/08/2022;Florianópolis;
25/08/2022;Itajaí;
25/08/2022;Chapecó;
25/08/2022;Lages;
25/08/2022;Caçador;
25/08/2022;Araranguá;
25/08/2022;Indaial;
25/08/2022;Xanxerê;
25/08/2022;São Miguel do Oeste;
25/08/2022;Laguna;
25/08/2022;Curitibanos;
25/08/2022;Rio Negrinho;
25/08/2022;Campos Novos;
25/08/2022;Itapoá;
25/08/2022;Joaçaba;
26/08/2022;Florianópolis;
26/08/2022;Itajaí;
26/08/2022;Chapecó;
26/08/2022;Lages;
26/08/2022;Caçador;
26/08/2022;Araranguá;
26/08/2022;Indaial;
26/08/2022;Xanxerê;
26/08/2022;São Miguel do Oeste;
26/08/2022;Laguna;
26/08/2022;Curitibanos;
26/08/2022;Rio Negrinho;
26/08/2022;Campos Novos;
26/08/2022;Itapoá;
26/08/2022;Joaçaba;
27/08/2022;Florianópolis;
27/08/2022;Itajaí;
27/08/2022;Chapecó;
27/08/2022;Lages;
27/08/2022;Caçador;
27/08/2022;Araranguá;
27/08/2022;Indaial;
27/08/2022;Xanxerê;
27/08/2022;São Miguel do Oeste;
27/08/2022;Laguna;
27/08/2022;Curitibanos;
27/08/2022;Rio Negrinho;
27/08/2022;Campos Novos;
27/08/2022;Itapoá;
27/08/2022;Joaçaba;
28/08/2022;Florianópolis;
28/08/2022;Itajaí;
28/08/2022;Chapecó;
28/08/2022;Lages;
28/08/2022;Caçador;
28/08/2022;Araranguá;
28/08/2022;Indaial;
28/08/2022;Xanxerê;
28/08/2022;São Miguel do Oeste;
28/08/2022;Laguna;
28/08/2022;Curitibanos;
28/08/2022;Rio Negrinho;
28/08/2022;Campos Novos;
28/08/2022;Itapoá;
28/08/2022;Joaçaba;
29/08/2022;Florianópolis;
29/08/2022;Itajaí;
29/08/2022;Chapecó;
29/08/2022;Lages;
29/08/2022;Caçador;
29/08/2022;Araranguá;
29/08/2022;Indaial;
29/08/2022;Xanxerê;
29/08/2022;São Miguel do Oeste;
29/08/2022;Laguna;
29/08/2022;Curitibanos;
29/08/2022;Rio Negrinho;
29/08/2022;Campos Novos;
29/08/2022;Itapoá;
29/08/2022;Joaçaba;
30/08/2022;Florianópolis;
30/08/2022;Itajaí;
30/08/2022;Chapecó;
30/08/2022;Lages;
30/08/2022;Caçador;
30/08/2022;Araranguá;
30/08/2022;Indaial;
30/08/2022;Xanxerê;
30/08/2022;São Miguel do Oeste;
30/08/2022;Laguna;
30/08/2022;Curitibanos;
30/08/2022;Rio Negrinho;
30/08/2022;Campos Novos;
30/08/2022;Itapoá;
30/08/2022;Joaçaba;
31/08/2022;Florianópolis;
31/08/2022;Itajaí;
31/08/2022;Chapecó;
31/08/2022;Lages;
31/08/2022;Caçador;
31/08/2022;Araranguá;
31/08/2022;Indaial;
31/08/2022;Xanxerê;
31/08/2022;São Miguel do Oeste;
31/08/2022;Laguna;
31/08/2022;Curitibanos;
31/08/2022;Rio Negrinho;
31/08/2022;Campos Novos;
31/08/2022;Itapoá;
31/08/2022;Joaçaba;
01/09/2022;Florianópolis;
01/09/2022;Itajaí;
01/09/2022;Chapecó;
01/09/2022;Lages;
01/09/2022;Caçador;
01/09/2022;Araranguá;
01/09/2022;Indaial;
01/09/2022;Xanxerê;
01/09/2022;São Miguel do Oeste;
01/09/2022;Laguna;
01/09/2022;Curitibanos;
01/09/2022;Rio Negrinho;
01/09/2022;Campos Novos;
01/09/2022;Itapoá;
01/09/2022;Joaçaba;
02/09/2022;Florianópolis;
02/09/2022;Itajaí;
02/09/2022;Chapecó;
02/09/2022;Lages;
02/09/2022;Caçador;
02/09/2022;Araranguá;
02/09/2022;Indaial;
02/09/2022;Xanxerê;
02/09/2022;São Miguel do Oeste;
02/09/2022;Laguna;
02/09/2022;Curitibanos;
02/09/2022;Rio Negrinho;
02/09/2022;Campos Novos;
02/09/2022;Itapoá;
02/09/2022;Joaçaba;
03/09/2022;Florianópolis;
03/09/2022;Itajaí;
03/09/2022;Chapecó;
03/09/2022;Lages;
03/09/2022;Caçador;
03/09/2022;Araranguá;
03/09/2022;Indaial;
03/09/2022;Xanxerê;
03/09/2022;São Miguel do Oeste;
03/09/2022;Laguna;
03/09/2022;Curitibanos;
03/09/2022;Rio Negrinho;
03/09/2022;Campos Novos;
03/09/2022;Itapoá;
03/09/2022;Joaçaba;
04/09/2022;Florianópolis;
04/09/2022;Itajaí;
04/09/2022;Chapecó;
04/09/2022;Lages;
04/09/2022;Caçador;
04/09/2022;Araranguá;
04/09/2022;Indaial;
04/09/2022;Xanxerê;
04/09/2022;São Miguel do Oeste;
04/09/2022;Laguna;
04/09/2022;Curitibanos;
04/09/2022;Rio Negrinho;
04/09/2022;Campos Novos;
04/09/2022;Itapoá;
04/09/2022;Joaçaba;
05/09/2022;Florianópolis;
05/09/2022;Itajaí;
05/09/2022;Chapecó;
05/09/2022;Lages;
05/09/2022;Caçador;
05/09/2022;Araranguá;
05/09/2022;Indaial;
05/09/2022;Xanxerê;
05/09/2022;São Miguel do Oeste;
05/09/2022;Laguna;
05/09/2022;Curitibanos;
05/09/2022;Rio Negrinho;
05/09/2022;Campos Novos;
05/09/2022;Itapoá;
05/09/2022;Joaçaba;
06/09/2022;Florianópolis;
06/09/2022;Itajaí;
06/09/2022;Chapecó;
06/09/2022;Lages;
06/09/2022;Caçador;
06/09/2022;Araranguá;
06/09/2022;Indaial;
06/09/2022;Xanxerê;
06/09/2022;São Miguel do Oeste;
06/09/2022;Laguna;
06/09/2022;Curitibanos;
06/09/2022;Rio Negrinho;
06/09/2022;Campos Novos;
06/09/2022;Itapoá;
06/09/2022;Joaçaba;
07/09/2022;Florianópolis;
07/09/2022;Itajaí;
07/09/2022;Chapecó;
07/09/2022;Lages;
07/09/2022;Caçador;
07/09/2022;Araranguá;
07/09/2022;Indaial;
07/09/2022;Xanxerê;
07/09/2022;São Miguel do Oeste;
07/09/2022;Laguna;
07/09/2022;Curitibanos;
07/09/2022;Rio Negrinho;
07/09/2022;Campos Novos;
07/09/2022;Itapoá;
07/09/2022;Joaçaba;
08/09/2022;Florianópolis;
08/09/2022;Itajaí;
08/09/2022;Chapecó;
08/09/2022;Lages;
08/09/2022;Caçador;
08/09/2022;Araranguá;
08/09/2022;Indaial;
08/09/2022;Xanxerê;
08/09/2022;São Miguel do Oeste;
08/09/2022;Laguna;
08/09/2022;Curitibanos;
08/09/2022;Rio Negrinho;
08/09/2022;Campos Novos;
08/09/2022;Itapoá;
08/09/2022;Joaçaba;
09/09/2022;Florianópolis;
09/09/2022;Itajaí;
09/09/2022;Chapecó;
09/09/2022;Lages;
09/09/2022;Caçador;
09/09/2022;Araranguá;
09/09/2022;Indaial;
09/09/2022;Xanxerê;
09/09/2022;São Miguel do Oeste;
09/09/2022;Laguna;
09/09/2022;Curitibanos;
09/09/2022;Rio Negrinho;
09/09/2022;Campos Novos;
09/09/2022;Itapoá;
09/09/2022;Joaçaba;
10/09/2022;Florianópolis;
10/09/2022;Itajaí;
10/09/2022;Chapecó;
10/09/2022;Lages;
10/09/2022;Caçador;
10/09/2022;Araranguá;
10/09/2022;Indaial;
10/09/2022;Xanxerê;
10/09/2022;São Miguel do Oeste;
10/09/2022;Laguna;
10/09/2022;Curitibanos;
10/09/2022;Rio Negrinho;
10/09/2022;Campos Novos;
10/09/2022;Itapoá;
10/09/2022;Joaçaba;
11/09/2022;Florianópolis;
11/09/2022;Itajaí;
11/09/2022;Chapecó;
11/09/2022;Lages;
11/09/2022;Caçador;
11/09/2022;Araranguá;
11/09/2022;Indaial;
11/09/2022;Xanxerê;
11/09/2022;São Miguel do Oeste;
11/09/2022;Laguna;
11/09/2022;Curitibanos;
11/09/2022;Rio Negrinho;
11/09/2022;Campos Novos;
11/09/2022;Itapoá;
11/09/2022;Joaçaba;
12/09/2022;Florianópolis;
12/09/2022;Itajaí;
12/09/2022;Chapecó;
12/09/2022;Lages;
12/09/2022;Caçador;
12/09/2022;Araranguá;
12/09/2022;Indaial;
12/09/2022;Xanxerê;
12/09/2022;São Miguel do Oeste;
12/09/2022;Laguna;
12/09/2022;Curitibanos;
12/09/2022;Rio Negrinho;
12/09/2022;Campos Novos;
12/09/2022;Itapoá;
12/09/2022;Joaçaba;
13/09/2022;Florianópolis;
13/09/2022;Itajaí;
13/09/2022;Chapecó;
13/09/2022;Lages;
13/09/2022;Caçador;
13/09/2022;Araranguá;
13/09/2022;Indaial;
13/09/2022;Xanxerê;
13/09/2022;São Miguel do Oeste;
13/09/2022;Laguna;
13/09/2022;Curitibanos;
13/09/2022;Rio Negrinho;
13/09/2022;Campos Novos;
13/09/2022;Itapoá;
13/09/2022;Joaçaba;
14/09/2022;Florianópolis;
14/09/2022;Itajaí;
14/09/2022;Chapecó;
14/09/2022;Lages;
14/09/2022;Caçador;
14/09/2022;Araranguá;
14/09/2022;Indaial;
14/09/2022;Xanxerê;
14/09/2022;São Miguel do Oeste;
14/09/2022;Laguna;
14/09/2022;Curitibanos;
14/09/2022;Rio Negrinho;
14/09/2022;Campos Novos;
14/09/2022;Itapoá;
14/09/2022;Joaçaba;
15/09/2022;Florianópolis;
15/09/2022;Itajaí;
15/09/2022;Chapecó;
15/09/2022;Lages;
15/09/2022;Caçador;
15/09/2022;Araranguá;
15/09/2022;Indaial;
15/09/2022;Xanxerê;
15/09/2022;São Miguel do Oeste;
15/09/2022;Laguna;
15/09/2022;Curitibanos;
15/09/2022;Rio Negrinho;
15/09/2022;Campos Novos;
15/09/2022;Itapoá;
15/09/2022;Joaçaba;
16/09/2022;Florianópolis;
16/09/2022;Itajaí;
16/09/2022;Chapecó;
16/09/2022;Lages;
16/09/2022;Caçador;
16/09/2022;Araranguá;
16/09/2022;Indaial;
16/09/2022;Xanxerê;
16/09/2022;São Miguel do Oeste;
16/09/2022;Laguna;
16/09/2022;Curitibanos;
16/09/2022;Rio Negrinho;
16/09/2022;Campos Novos;
16/09/2022;Itapoá;
16/09/2022;Joaçaba;
17/09/2022;Florianópolis;
17/09/2022;Itajaí;
17/09/2022;Chapecó;
17/09/2022;Lages;
17/09/2022;Caçador;
17/09/2022;Araranguá;
17/09/2022;Indaial;
17/09/2022;Xanxerê;
17/09/2022;São Miguel do Oeste;
17/09/2022;Laguna;
17/09/2022;Curitibanos;
17/09/2022;Rio Negrinho;
17/09/2022;Campos Novos;
17/09/2022;Itapoá;
17/09/2022;Joaçaba;
18/09/2022;Florianópolis;
18/09/2022;Itajaí;
18/09/2022;Chapecó;
18/09/2022;Lages;
18/09/2022;Caçador;
18/09/2022;Araranguá;
18/09/2022;Indaial;
18/09/2022;Xanxerê;
18/09/2022;São Miguel do Oeste;
18/09/2022;Laguna;
18/09/2022;Curitibanos;
18/09/2022;Rio Negrinho;
18/09/2022;Campos Novos;
18/09/2022;Itapoá;
18/09/2022;Joaçaba;
19/09/2022;Florianópolis;
19/09/2022;Itajaí;
19/09/2022;Chapecó;
19/09/2022;Lages;
19/09/2022;Caçador;
19/09/2022;Araranguá;
19/09/2022;Indaial;
19/09/2022;Xanxerê;
19/09/2022;São Miguel do Oeste;
19/09/2022;Laguna;
19/09/2022;Curitibanos;
19/09/2022;Rio Negrinho;
19/09/2022;Campos Novos;
19/09/2022;Itapoá;
19/09/2022;Joaçaba;
20/09/2022;Florianópolis;
20/09/2022;Itajaí;
20/09/2022;Chapecó;
20/09/2022;Lages;
20/09/2022;Caçador;
20/09/2022;Araranguá;
20/09/2022;Indaial;
20/09/2022;Xanxerê;
20/09/2022;São Miguel do Oeste;
20/09/2022;Laguna;
20/09/2022;Curitibanos;
20/09/2022;Rio Negrinho;
20/09/2022;Campos Novos;
20/09/2022;Itapoá;
20/09/2022;Joaçaba;
21/09/2022;Florianópolis;
21/09/2022;Itajaí;
21/09/2022;Chapecó;
21/09/2022;Lages;
21/09/2022;Caçador;
21/09/2022;Araranguá;
21/09/2022;Indaial;
21/09/2022;Xanxerê;
21/09/2022;São Miguel do Oeste;
21/09/2022;Laguna;
21/09/2022;Curitibanos;
21/09/2022;Rio Negrinho;
21/09/2022;Campos Novos;
21/09/2022;Itapoá;
21/09/2022;Joaçaba;
22/09/2022;Florianópolis;
22/09/2022;Itajaí;
22/09/2022;Chapecó;
22/09/2022;Lages;
22/09/2022;Caçador;
22/09/2022;Araranguá;
22/09/2022;Indaial;
22/09/2022;Xanxerê;
22/09/2022;São Miguel do Oeste;
22/09/2022;Laguna;
22/09/2022;Curitibanos;
22/09/2022;Rio Negrinho;
22/09/2022;Campos Novos;
22/09/2022;Itapoá;
22/09/2022;Joaçaba;
23/09/2022;Florianópolis;
23/09/2022;Itajaí;
23/09/2022;Chapecó;
23/09/2022;Lages;
23/09/2022;Caçador;
23/09/2022;Araranguá;
23/09/2022;Indaial;
23/09/2022;Xanxerê;
23/09/2022;São Miguel do Oeste;
23/09/2022;Laguna;
23/09/2022;Curitibanos;
23/09/2022;Rio Negrinho;
23/09/2022;Campos Novos;
23/09/2022;Itapoá;
23/09/2022;Joaçaba;
24/09/2022;Florianópolis;
24/09/2022;Itajaí;
24/09/2022;Chapecó;
24/09/2022;Lages;
24/09/2022;Caçador;
24/09/2022;Araranguá;
24/09/2022;Indaial;
24/09/2022;Xanxerê;
24/09/2022;São Miguel do Oeste;
24/09/2022;Laguna;
24/09/2022;Curitibanos;
24/09/2022;Rio Negrinho;
24/09/2022;Campos Novos;
24/09/2022;Itapoá;
24/09/2022;Joaçaba;
25/09/2022;Florianópolis;
25/09/2022;Itajaí;
25/09/2022;Chapecó;
25/09/2022;Lages;
25/09/2022;Caçador;
25/09/2022;Araranguá;
25/09/2022;Indaial;
25/09/2022;Xanxerê;
25/09/2022;São Miguel do Oeste;
25/09/2022;Laguna;
25/09/2022;Curitibanos;
25/09/2022;Rio Negrinho;
25/09/2022;Campos Novos;
25/09/2022;Itapoá;
25/09/2022;Joaçaba;
26/09/2022;Florianópolis;
26/09/2022;Itajaí;
26/09/2022;Chapecó;
26/09/2022;Lages;
26/09/2022;Caçador;
26/09/2022;Araranguá;
26/09/2022;Indaial;
26/09/2022;Xanxerê;
26/09/2022;São Miguel do Oeste;
26/09/2022;Laguna;
26/09/2022;Curitibanos;
26/09/2022;Rio Negrinho;
26/09/2022;Campos Novos;
26/09/2022;Itapoá;
26/09/2022;Joaçaba;
27/09/2022;Florianópolis;
27/09/2022;Itajaí;
27/09/2022;Chapecó;
27/09/2022;Lages;
27/09/2022;Caçador;
27/09/2022;Araranguá;
27/09/2022;Indaial;
27/09/2022;Xanxerê;
27/09/2022;São Miguel do Oeste;
27/09/2022;Laguna;
27/09/2022;Curitibanos;
27/09/2022;Rio Negrinho;
27/09/2022;Campos Novos;
27/09/2022;Itapoá;
27/09/2022;Joaçaba;
28/09/2022;Florianópolis;
28/09/2022;Itajaí;
28/09/2022;Chapecó;
28/09/2022;Lages;
28/09/2022;Caçador;
28/09/2022;Araranguá;
28/09/2022;Indaial;
28/09/2022;Xanxerê;
28/09/2022;São Miguel do Oeste;
28/09/2022;Laguna;
28/09/2022;Curitibanos;
28/09/2022;Rio Negrinho;
28/09/2022;Campos Novos;
28/09/2022;Itapoá;
28/09/2022;Joaçaba;
29/09/2022;Florianópolis;
29/09/2022;Itajaí;
29/09/2022;Chapecó;
29/09/2022;Lages;
29/09/2022;Caçador;
29/09/2022;Araranguá;
29/09/2022;Indaial;
29/09/2022;Xanxerê;
29/09/2022;São Miguel do Oeste;
29/09/2022;Laguna;
29/09/2022;Curitibanos;
29/09/2022;Rio Negrinho;
29/09/2022;Campos Novos;
29/09/2022;Itapoá;
29/09/2022;Joaçaba;
30/09/2022;Florianópolis;
30/09/2022;Itajaí;
30/09/2022;Chapecó;
30/09/2022;Lages;
30/09/2022;Caçador;
30/09/2022;Araranguá;
30/09/2022;Indaial;
30/09/2022;Xanxerê;
30/09/2022;São Miguel do Oeste;
30/09/2022;Laguna;
30/09/2022;Curitibanos;
30/09/2022;Rio Negrinho;
30/09/2022;Campos Novos;
30/09/2022;Itapoá;
30/09/2022;Joaçaba;
01/10/2022;Florianópolis;
01/10/2022;Itajaí;
01/10/2022;Chapecó;
01/10/2022;Lages;
01/10/2022;Caçador;
01/10/2022;Araranguá;
01/10/2022;Indaial;
01/10/2022;Xanxerê;
01/10/2022;São Miguel do Oeste;
01/10/2022;Laguna;
01/10/2022;Curitibanos;
01/10/2022;Rio Negrinho;
01/10/2022;Campos Novos;
01/10/2022;Itapoá;
01/10/2022;Joaçaba;
02/10/2022;Florianópolis;
02/10/2022;Itajaí;
02/10/2022;Chapecó;
02/10/2022;Lages;
02/10/2022;Caçador;
02/10/2022;Araranguá;
02/10/2022;Indaial;
02/10/2022;Xanxerê;
02/10/2022;São Miguel do Oeste;
02/10/2022;Laguna;
02/10/2022;Curitibanos;
02/10/2022;Rio Negrinho;
02/10/2022;Campos Novos;
02/10/2022;Itapoá;
02/10/2022;Joaçaba;
03/10/2022;Florianópolis;
03/10/2022;Itajaí;
03/10/2022;Chapecó;
03/10/2022;Lages;
03/10/2022;Caçador;
03/10/2022;Araranguá;
03/10/2022;Indaial;
03/10/2022;Xanxerê;
03/10/2022;São Miguel do Oeste;
03/10/2022;Laguna;
03/10/2022;Curitibanos;
03/10/2022;Rio Negrinho;
03/10/2022;Campos Novos;
03/10/2022;Itapoá;
03/10/2022;Joaçaba;
04/10/2022;Florianópolis;
04/10/2022;Itajaí;
04/10/2022;Chapecó;
04/10/2022;Lages;
04/10/2022;Caçador;
04/10/2022;Araranguá;
04/10/2022;Indaial;
04/10/2022;Xanxerê;
04/10/2022;São Miguel do Oeste;
04/10/2022;Laguna;
04/10/2022;Curitibanos;
04/10/2022;Rio Negrinho;
04/10/2022;Campos Novos;
04/10/2022;Itapoá;
04/10/2022;Joaçaba;
05/10/2022;Florianópolis;
05/10/2022;Itajaí;
05/10/2022;Chapecó;
05/10/2022;Lages;
05/10/2022;Caçador;
05/10/2022;Araranguá;
05/10/2022;Indaial;
05/10/2022;Xanxerê;
05/10/2022;São Miguel do Oeste;
05/10/2022;Laguna;
05/10/2022;Curitibanos;
05/10/2022;Rio Negrinho;
05/10/2022;Campos Novos;
05/10/2022;Itapoá;
05/10/2022;Joaçaba;
06/10/2022;Florianópolis;
06/10/2022;Itajaí;
06/10/2022;Chapecó;
06/10/2022;Lages;
06/10/2022;Caçador;
06/10/2022;Araranguá;
06/10/2022;Indaial;
06/10/2022;Xanxerê;
06/10/2022;São Miguel do Oeste;
06/10/2022;Laguna;
06/10/2022;Curitibanos;
06/10/2022;Rio Negrinho;
06/10/2022;Campos Novos;
06/10/2022;Itapoá;
06/10/2022;Joaçaba;
07/10/2022;Florianópolis;
07/10/2022;Itajaí;
07/10/2022;Chapecó;
07/10/2022;Lages;
07/10/2022;Caçador;
07/10/2022;Araranguá;
07/10/2022;Indaial;
07/10/2022;Xanxerê;
07/10/2022;São Miguel do Oeste;
07/10/2022;Laguna;
07/10/2022;Curitibanos;
07/10/2022;Rio Negrinho;
07/10/2022;Campos Novos;
07/10/2022;Itapoá;
07/10/2022;Joaçaba;
08/10/2022;Florianópolis;
08/10/2022;Itajaí;
08/10/2022;Chapecó;
08/10/2022;Lages;
08/10/2022;Caçador;
08/10/2022;Araranguá;
08/10/2022;Indaial;
08/10/2022;Xanxerê;
08/10/2022;São Miguel do Oeste;
08/10/2022;Laguna;
08/10/2022;Curitibanos;
08/10/2022;Rio Negrinho;
08/10/2022;Campos Novos;
08/10/2022;Itapoá;
08/10/2022;Joaçaba;
09/10/2022;Florianópolis;
09/10/2022;Itajaí;
09/10/2022;Chapecó;
09/10/2022;Lages;
09/10/2022;Caçador;
09/10/2022;Araranguá;
09/10/2022;Indaial;
09/10/2022;Xanxerê;
09/10/2022;São Miguel do Oeste;
09/10/2022;Laguna;
09/10/2022;Curitibanos;
09/10/2022;Rio Negrinho;
09/10/2022;Campos Novos;
09/10/2022;Itapoá;
09/10/2022;Joaçaba;
10/10/2022;Florianópolis;
10/10/2022;Itajaí;
10/10/2022;Chapecó;
10/10/2022;Lages;
10/10/2022;Caçador;
10/10/2022;Araranguá;
10/10/2022;Indaial;
10/10/2022;Xanxerê;
10/10/2022;São Miguel do Oeste;
10/10/2022;Laguna;
10/10/2022;Curitibanos;
10/10/2022;Rio Negrinho;
10/10/2022;Campos Novos;
10/10/2022;Itapoá;
10/10/2022;Joaçaba;
11/10/2022;Florianópolis;
11/10/2022;Itajaí;
11/10/2022;Chapecó;
11/10/2022;Lages;
11/10/2022;Caçador;
11/10/2022;Araranguá;
11/10/2022;Indaial;
11/10/2022;Xanxerê;
11/10/2022;São Miguel do Oeste;
11/10/2022;Laguna;
11/10/2022;Curitibanos;
11/10/2022;Rio Negrinho;
11/10/2022;Campos Novos;
11/10/2022;Itapoá;
11/10/2022;Joaçaba;
12/10/2022;Florianópolis;
12/10/2022;Itajaí;
12/10/2022;Chapecó;
12/10/2022;Lages;
12/10/2022;Caçador;
12/10/2022;Araranguá;
12/10/2022;Indaial;
12/10/2022;Xanxerê;
12/10/2022;São Miguel do Oeste;
12/10/2022;Laguna;
12/10/2022;Curitibanos;
12/10/2022;Rio Negrinho;
12/10/2022;Campos Novos;
12/10/2022;Itapoá;
12/10/2022;Joaçaba;
13/10/2022;Florianópolis;
13/10/2022;Itajaí;
13/10/2022;Chapecó;
13/10/2022;Lages;
13/10/2022;Caçador;
13/10/2022;Araranguá;
13/10/2022;Indaial;
13/10/2022;Xanxerê;
13/10/2022;São Miguel do Oeste;
13/10/2022;Laguna;
13/10/2022;Curitibanos;
13/10/2022;Rio Negrinho;
13/10/2022;Campos Novos;
13/10/2022;Itapoá;
13/10/2022;Joaçaba;
14/10/2022;Florianópolis;
14/10/2022;Itajaí;
14/10/2022;Chapecó;
14/10/2022;Lages;
14/10/2022;Caçador;
14/10/2022;Araranguá;
14/10/2022;Indaial;
14/10/2022;Xanxerê;
14/10/2022;São Miguel do Oeste;
14/10/2022;Laguna;
14/10/2022;Curitibanos;
14/10/2022;Rio Negrinho;
14/10/2022;Campos Novos;
14/10/2022;Itapoá;
14/10/2022;Joaçaba;
15/10/2022;Florianópolis;
15/10/2022;Itajaí;
15/10/2022;Chapecó;
15/10/2022;Lages;
15/10/2022;Caçador;
15/10/2022;Araranguá;
15/10/2022;Indaial;
15/10/2022;Xanxerê;
15/10/2022;São Miguel do Oeste;
15/10/2022;Laguna;
15/10/2022;Curitibanos;
15/10/2022;Rio Negrinho;
15/10/2022;Campos Novos;
15/10/2022;Itapoá;
15/10/2022;Joaçaba;
16/10/2022;Florianópolis;
16/10/2022;Itajaí;
16/10/2022;Chapecó;
16/10/2022;Lages;
16/10/2022;Caçador;
16/10/2022;Araranguá;
16/10/2022;Indaial;
16/10/2022;Xanxerê;
16/10/2022;São Miguel do Oeste;
16/10/2022;Laguna;
16/10/2022;Curitibanos;
16/10/2022;Rio Negrinho;
16/10/2022;Campos Novos;
16/10/2022;Itapoá;
16/10/2022;Joaçaba;
17/10/2022;Florianópolis;
17/10/2022;Itajaí;
17/10/2022;Chapecó;
17/10/2022;Lages;
17/10/2022;Caçador;
17/10/2022;Araranguá;
17/10/2022;Indaial;
17/10/2022;Xanxerê;
17/10/2022;São Miguel do Oeste;
17/10/2022;Laguna;
17/10/2022;Curitibanos;
17/10/2022;Rio Negrinho;
17/10/2022;Campos Novos;
17/10/2022;Itapoá;
17/10/2022;Joaçaba;
18/10/2022;Florianópolis;
18/10/2022;Itajaí;
18/10/2022;Chapecó;
18/10/2022;Lages;
18/10/2022;Caçador;
18/10/2022;Araranguá;
18/10/2022;Indaial;
18/10/2022;Xanxerê;
18/10/2022;São Miguel do Oeste;
18/10/2022;Laguna;
18/10/2022;Curitibanos;
18/10/2022;Rio Negrinho;
18/10/2022;Campos Novos;
18/10/2022;Itapoá;
18/10/2022;Joaçaba;
19/10/2022;Florianópolis;
19/10/2022;Itajaí;
19/10/2022;Chapecó;
19/10/2022;Lages;
19/10/2022;Caçador;
19/10/2022;Araranguá;
19/10/2022;Indaial;
19/10/2022;Xanxerê;
19/10/2022;São Miguel do Oeste;
19/10/2022;Laguna;
19/10/2022;Curitibanos;
19/10/2022;Rio Negrinho;
19/10/2022;Campos Novos;
19/10/2022;Itapoá;
19/10/2022;Joaçaba;
20/10/2022;Florianópolis;
20/10/2022;Itajaí;
20/10/2022;Chapecó;
20/10/2022;Lages;
20/10/2022;Caçador;
20/10/2022;Araranguá;
20/10/2022;Indaial;
20/10/2022;Xanxerê;
20/10/2022;São Miguel do Oeste;
20/10/2022;Laguna;
20/10/2022;Curitibanos;
20/10/2022;Rio Negrinho;
20/10/2022;Campos Novos;
20/10/2022;Itapoá;
20/10/2022;Joaçaba;
21/10/2022;Florianópolis;
21/10/2022;Itajaí;
21/10/2022;Chapecó;
21/10/2022;Lages;
21/10/2022;Caçador;
21/10/2022;Araranguá;
21/10/2022;Indaial;
21/10/2022;Xanxerê;
21/10/2022;São Miguel do Oeste;
21/10/2022;Laguna;
21/10/2022;Curitibanos;
21/10/2022;Rio Negrinho;
21/10/2022;Campos Novos;
21/10/2022;Itapoá;
21/10/2022;Joaçaba;
22/10/2022;Florianópolis;
22/10/2022;Itajaí;
22/10/2022;Chapecó;
22/10/2022;Lages;
22/10/2022;Caçador;
22/10/2022;Araranguá;
22/10/2022;Indaial;
22/10/2022;Xanxerê;
22/10/2022;São Miguel do Oeste;
22/10/2022;Laguna;
22/10/2022;Curitibanos;
22/10/2022;Rio Negrinho;
22/10/2022;Campos Novos;
22/10/2022;Itapoá;
22/10/2022;Joaçaba;
23/10/2022;Florianópolis;
23/10/2022;Itajaí;
23/10/2022;Chapecó;
23/10/2022;Lages;
23/10/2022;Caçador;
23/10/2022;Araranguá;
23/10/2022;Indaial;
23/10/2022;Xanxerê;
23/10/2022;São Miguel do Oeste;
23/10/2022;Laguna;
23/10/2022;Curitibanos;
23/10/2022;Rio Negrinho;
23/10/2022;Campos Novos;
23/10/2022;Itapoá;
23/10/2022;Joaçaba;
24/10/2022;Florianópolis;
24/10/2022;Itajaí;
24/10/2022;Chapecó;
24/10/2022;Lages;
24/10/2022;Caçador;
24/10/2022;Araranguá;
24/10/2022;Indaial;
24/10/2022;Xanxerê;
24/10/2022;São Miguel do Oeste;
24/10/2022;Laguna;
24/10/2022;Curitibanos;
24/10/2022;Rio Negrinho;
24/10/2022;Campos Novos;
24/10/2022;Itapoá;
24/10/2022;Joaçaba;
25/10/2022;Florianópolis;
25/10/2022;Itajaí;
25/10/2022;Chapecó;
25/10/2022;Lages;
25/10/2022;Caçador;
25/10/2022;Araranguá;
25/10/2022;Indaial;
25/10/2022;Xanxerê;
25/10/2022;São Miguel do Oeste;
25/10/2022;Laguna;
25/10/2022;Curitibanos;
25/10/2022;Rio Negrinho;
25/10/2022;Campos Novos;
25/10/2022;Itapoá;
25/10/2022;Joaçaba;
26/10/2022;Florianópolis;
26/10/2022;Itajaí;
26/10/2022;Chapecó;
26/10/2022;Lages;
26/10/2022;Caçador;
26/10/2022;Araranguá;
26/10/2022;Indaial;
26/10/2022;Xanxerê;
26/10/2022;São Miguel do Oeste;
26/10/2022;Laguna;
26/10/2022;Curitibanos;
26/10/2022;Rio Negrinho;
26/10/2022;Campos Novos;
26/10/2022;Itapoá;
26/10/2022;Joaçaba;
27/10/2022;Florianópolis;
27/10/2022;Itajaí;
27/10/2022;Chapecó;
27/10/2022;Lages;
27/10/2022;Caçador;
27/10/2022;Araranguá;
27/10/2022;Indaial;
27/10/2022;Xanxerê;
27/10/2022;São Miguel do Oeste;
27/10/2022;Laguna;
27/10/2022;Curitibanos;
27/10/2022;Rio Negrinho;
27/10/2022;Campos Novos;
27/10/2022;Itapoá;
27/10/2022;Joaçaba;
28/10/2022;Florianópolis;
28/10/2022;Itajaí;
28/10/2022;Chapecó;
28/10/2022;Lages;
28/10/2022;Caçador;
28/10/2022;Araranguá;
28/10/2022;Indaial;
28/10/2022;Xanxerê;
28/10/2022;São Miguel do Oeste;
28/10/2022;Laguna;
28/10/2022;Curitibanos;
28/10/2022;Rio Negrinho;
28/10/2022;Campos Novos;
28/10/2022;Itapoá;
28/10/2022;Joaçaba;
29/10/2022;Florianópolis;
29/10/2022;Itajaí;
29/10/2022;Chapecó;
29/10/2022;Lages;
29/10/2022;Caçador;
29/10/2022;Araranguá;
29/10/2022;Indaial;
29/10/2022;Xanxerê;
29/10/2022;São Miguel do Oeste;
29/10/2022;Laguna;
29/10/2022;Curitibanos;
29/10/2022;Rio Negrinho;
29/10/2022;Campos Novos;
29/10/2022;Itapoá;
29/10/2022;Joaçaba;
30/10/2022;Florianópolis;
30/10/2022;Itajaí;
30/10/2022;Chapecó;
30/10/2022;Lages;
30/10/2022;Caçador;
30/10/2022;Araranguá;
30/10/2022;Indaial;
30/10/2022;Xanxerê;
30/10/2022;São Miguel do Oeste;
30/10/2022;Laguna;
30/10/2022;Curitibanos;
30/10/2022;Rio Negrinho;
30/10/2022;Campos Novos;
30/10/2022;Itapoá;
30/10/2022;Joaçaba;
31/10/2022;Florianópolis;
31/10/2022;Itajaí;
31/10/2022;Chapecó;
31/10/2022;Lages;
31/10/2022;Caçador;
31/10/2022;Araranguá;
31/10/2022;Indaial;
31/10/2022;Xanxerê;
31/10/2022;São Miguel do Oeste;
31/10/2022;Laguna;
31/10/2022;Curitibanos;
31/10/2022;Rio Negrinho;
31/10/2022;Campos Novos;
31/10/2022;Itapoá;
31/10/2022;Joaçaba;
01/11/2022;Florianópolis;
01/11/2022;Itajaí;
01/11/2022;Chapecó;
01/11/2022;Lages;
01/11/2022;Caçador;
01/11/2022;Araranguá;
01/11/2022;Indaial;
01/11/2022;Xanxerê;
01/11/2022;São Miguel do Oeste;
01/11/2022;Laguna;
01/11/2022;Curitibanos;
01/11/2022;Rio Negrinho;
01/11/2022;Campos Novos;
01/11/2022;Itapoá;
01/11/2022;Joaçaba;
02/11/2022;Florianópolis;
02/11/2022;Itajaí;
02/11/2022;Chapecó;
02/11/2022;Lages;
02/11/2022;Caçador;
02/11/2022;Araranguá;
02/11/2022;Indaial;
02/11/2022;Xanxerê;
02/11/2022;São Miguel do Oeste;
02/11/2022;Laguna;
02/11/2022;Curitibanos;
02/11/2022;Rio Negrinho;
02/11/2022;Campos Novos;
02/11/2022;Itapoá;
02/11/2022;Joaçaba;
03/11/2022;Florianópolis;
03/11/2022;Itajaí;
03/11/2022;Chapecó;
03/11/2022;Lages;
03/11/2022;Caçador;
03/11/2022;Araranguá;
03/11/2022;Indaial;
03/11/2022;Xanxerê;
03/11/2022;São Miguel do Oeste;
03/11/2022;Laguna;
03/11/2022;Curitibanos;
03/11/2022;Rio Negrinho;
03/11/2022;Campos Novos;
03/11/2022;Itapoá;
03/11/2022;Joaçaba;
04/11/2022;Florianópolis;
04/11/2022;Itajaí;
04/11/2022;Chapecó;
04/11/2022;Lages;
04/11/2022;Caçador;
04/11/2022;Araranguá;
04/11/2022;Indaial;
04/11/2022;Xanxerê;
04/11/2022;São Miguel do Oeste;
04/11/2022;Laguna;
04/11/2022;Curitibanos;
04/11/2022;Rio Negrinho;
04/11/2022;Campos Novos;
04/11/2022;Itapoá;
04/11/2022;Joaçaba;
05/11/2022;Florianópolis;
05/11/2022;Itajaí;
05/11/2022;Chapecó;
05/11/2022;Lages;
05/11/2022;Caçador;
05/11/2022;Araranguá;
05/11/2022;Indaial;
05/11/2022;Xanxerê;
05/11/2022;São Miguel do Oeste;
05/11/2022;Laguna;
05/11/2022;Curitibanos;
05/11/2022;Rio Negrinho;
05/11/2022;Campos Novos;
05/11/2022;Itapoá;
05/11/2022;Joaçaba;
06/11/2022;Florianópolis;
06/11/2022;Itajaí;
06/11/2022;Chapecó;
06/11/2022;Lages;
06/11/2022;Caçador;
06/11/2022;Araranguá;
06/11/2022;Indaial;
06/11/2022;Xanxerê;
06/11/2022;São Miguel do Oeste;
06/11/2022;Laguna;
06/11/2022;Curitibanos;
06/11/2022;Rio Negrinho;
06/11/2022;Campos Novos;
06/11/2022;Itapoá;
06/11/2022;Joaçaba;
07/11/2022;Florianópolis;
07/11/2022;Itajaí;
07/11/2022;Chapecó;
07/11/2022;Lages;
07/11/2022;Caçador;
07/11/2022;Araranguá;
07/11/2022;Indaial;
07/11/2022;Xanxerê;
07/11/2022;São Miguel do Oeste;
07/11/2022;Laguna;
07/11/2022;Curitibanos;
07/11/2022;Rio Negrinho;
07/11/2022;Campos Novos;
07/11/2022;Itapoá;
07/11/2022;Joaçaba;
08/11/2022;Florianópolis;
08/11/2022;Itajaí;
08/11/2022;Chapecó;
08/11/2022;Lages;
08/11/2022;Caçador;
08/11/2022;Araranguá;
08/11/2022;Indaial;
08/11/2022;Xanxerê;
08/11/2022;São Miguel do Oeste;
08/11/2022;Laguna;
08/11/2022;Curitibanos;
08/11/2022;Rio Negrinho;
08/11/2022;Campos Novos;
08/11/2022;Itapoá;
08/11/2022;Joaçaba;
09/11/2022;Florianópolis;
09/11/2022;Itajaí;
09/11/2022;Chapecó;
09/11/2022;Lages;
09/11/2022;Caçador;
09/11/2022;Araranguá;
09/11/2022;Indaial;
09/11/2022;Xanxerê;
09/11/2022;São Miguel do Oeste;
09/11/2022;Laguna;
09/11/2022;Curitibanos;
09/11/2022;Rio Negrinho;
09/11/2022;Campos Novos;
09/11/2022;Itapoá;
09/11/2022;Joaçaba;
10/11/2022;Florianópolis;
10/11/2022;Itajaí;
10/11/2022;Chapecó;
10/11/2022;Lages;
10/11/2022;Caçador;
10/11/2022;Araranguá;
10/11/2022;Indaial;
10/11/2022;Xanxerê;
10/11/2022;São Miguel do Oeste;
10/11/2022;Laguna;
10/11/2022;Curitibanos;
10/11/2022;Rio Negrinho;
10/11/2022;Campos Novos;
10/11/2022;Itapoá;
10/11/2022;Joaçaba;
11/11/2022;Florianópolis;
11/11/2022;Itajaí;
11/11/2022;Chapecó;
11/11/2022;Lages;
11/11/2022;Caçador;
11/11/2022;Araranguá;
11/11/2022;Indaial;
11/11/2022;Xanxerê;
11/11/2022;São Miguel do Oeste;
11/11/2022;Laguna;
11/11/2022;Curitibanos;
11/11/2022;Rio Negrinho;
11/11/2022;Campos Novos;
11/11/2022;Itapoá;
11/11/2022;Joaçaba;
12/11/2022;Florianópolis;
12/11/2022;Itajaí;
12/11/2022;Chapecó;
12/11/2022;Lages;
12/11/2022;Caçador;
12/11/2022;Araranguá;
12/11/2022;Indaial;
12/11/2022;Xanxerê;
12/11/2022;São Miguel do Oeste;
12/11/2022;Laguna;
12/11/2022;Curitibanos;
12/11/2022;Rio Negrinho;
12/11/2022;Campos Novos;
12/11/2022;Itapoá;
12/11/2022;Joaçaba;
13/11/2022;Florianópolis;
13/11/2022;Itajaí;
13/11/2022;Chapecó;
13/11/2022;Lages;
13/11/2022;Caçador;
13/11/2022;Araranguá;
13/11/2022;Indaial;
13/11/2022;Xanxerê;
13/11/2022;São Miguel do Oeste;
13/11/2022;Laguna;
13/11/2022;Curitibanos;
13/11/2022;Rio Negrinho;
13/11/2022;Campos Novos;
13/11/2022;Itapoá;
13/11/2022;Joaçaba;
14/11/2022;Florianópolis;
14/11/2022;Itajaí;
14/11/2022;Chapecó;
14/11/2022;Lages;
14/11/2022;Caçador;
14/11/2022;Araranguá;
14/11/2022;Indaial;
14/11/2022;Xanxerê;
14/11/2022;São Miguel do Oeste;
14/11/2022;Laguna;
14/11/2022;Curitibanos;
14/11/2022;Rio Negrinho;
14/11/2022;Campos Novos;
14/11/2022;Itapoá;
14/11/2022;Joaçaba;
15/11/2022;Florianópolis;
15/11/2022;Itajaí;
15/11/2022;Chapecó;
15/11/2022;Lages;
15/11/2022;Caçador;
15/11/2022;Araranguá;
15/11/2022;Indaial;
15/11/2022;Xanxerê;
15/11/2022;São Miguel do Oeste;
15/11/2022;Laguna;
15/11/2022;Curitibanos;
15/11/2022;Rio Negrinho;
15/11/2022;Campos Novos;
15/11/2022;Itapoá;
15/11/2022;Joaçaba;
16/11/2022;Florianópolis;
16/11/2022;Itajaí;
16/11/2022;Chapecó;
16/11/2022;Lages;
16/11/2022;Caçador;
16/11/2022;Araranguá;
16/11/2022;Indaial;
16/11/2022;Xanxerê;
16/11/2022;São Miguel do Oeste;
16/11/2022;Laguna;
16/11/2022;Curitibanos;
16/11/2022;Rio Negrinho;
16/11/2022;Campos Novos;
16/11/2022;Itapoá;
16/11/2022;Joaçaba;
17/11/2022;Florianópolis;
17/11/2022;Itajaí;
17/11/2022;Chapecó;
17/11/2022;Lages;
17/11/2022;Caçador;
17/11/2022;Araranguá;
17/11/2022;Indaial;
17/11/2022;Xanxerê;
17/11/2022;São Miguel do Oeste;
17/11/2022;Laguna;
17/11/2022;Curitibanos;
17/11/2022;Rio Negrinho;
17/11/2022;Campos Novos;
17/11/2022;Itapoá;
17/11/2022;Joaçaba;
18/11/2022;Florianópolis;
18/11/2022;Itajaí;
18/11/2022;Chapecó;
18/11/2022;Lages;
18/11/2022;Caçador;
18/11/2022;Araranguá;
18/11/2022;Indaial;
18/11/2022;Xanxerê;
18/11/2022;São Miguel do Oeste;
18/11/2022;Laguna;
18/11/2022;Curitibanos;
18/11/2022;Rio Negrinho;
18/11/2022;Campos Novos;
18/11/2022;Itapoá;
18/11/2022;Joaçaba;
19/11/2022;Florianópolis;
19/11/2022;Itajaí;
19/11/2022;Chapecó;
19/11/2022;Lages;
19/11/2022;Caçador;
19/11/2022;Araranguá;
19/11/2022;Indaial;
19/11/2022;Xanxerê;
19/11/2022;São Miguel do Oeste;
19/11/2022;Laguna;
19/11/2022;Curitibanos;
19/11/2022;Rio Negrinho;
19/11/2022;Campos Novos;
19/11/2022;Itapoá;
19/11/2022;Joaçaba;
20/11/2022;Florianópolis;
20/11/2022;Itajaí;
20/11/2022;Chapecó;
20/11/2022;Lages;
20/11/2022;Caçador;
20/11/2022;Araranguá;
20/11/2022;Indaial;
20/11/2022;Xanxerê;
20/11/2022;São Miguel do Oeste;
20/11/2022;Laguna;
20/11/2022;Curitibanos;
20/11/2022;Rio Negrinho;
20/11/2022;Campos Novos;
20/11/2022;Itapoá;
20/11/2022;Joaçaba;
21/11/2022;Florianópolis;
21/11/2022;Itajaí;
21/11/2022;Chapecó;
21/11/2022;Lages;
21/11/2022;Caçador;
21/11/2022;Araranguá;
21/11/2022;Indaial;
21/11/2022;Xanxerê;
21/11/2022;São Miguel do Oeste;
21/11/2022;Laguna;
21/11/2022;Curitibanos;
21/11/2022;Rio Negrinho;
21/11/2022;Campos Novos;
21/11/2022;Itapoá;
21/11/2022;Joaçaba;
22/11/2022;Florianópolis;
22/11/2022;Itajaí;
22/11/2022;Chapecó;
22/11/2022;Lages;
22/11/2022;Caçador;
22/11/2022;Araranguá;
22/11/2022;Indaial;
22/11/2022;Xanxerê;
22/11/2022;São Miguel do Oeste;
22/11/2022;Laguna;
22/11/2022;Curitibanos;
22/11/2022;Rio Negrinho;
22/11/2022;Campos Novos;
22/11/2022;Itapoá;
22/11/2022;Joaçaba;
23/11/2022;Florianópolis;
23/11/2022;Itajaí;
23/11/2022;Chapecó;
23/11/2022;Lages;
23/11/2022;Caçador;
23/11/2022;Araranguá;
23/11/2022;Indaial;
23/11/2022;Xanxerê;
23/11/2022;São Miguel do Oeste;
23/11/2022;Laguna;
23/11/2022;Curitibanos;
23/11/2022;Rio Negrinho;
23/11/2022;Campos Novos;
23/11/2022;Itapoá;
23/11/2022;Joaçaba;
24/11/2022;Florianópolis;
24/11/2022;Itajaí;
24/11/2022;Chapecó;
24/11/2022;Lages;
24/11/2022;Caçador;
24/11/2022;Araranguá;
24/11/2022;Indaial;
24/11/2022;Xanxerê;
24/11/2022;São Miguel do Oeste;
24/11/2022;Laguna;
24/11/2022;Curitibanos;
24/11/2022;Rio Negrinho;
24/11/2022;Campos Novos;
24/11/2022;Itapoá;
24/11/2022;Joaçaba;
25/11/2022;Florianópolis;
25/11/2022;Itajaí;
25/11/2022;Chapecó;
25/11/2022;Lages;
25/11/2022;Caçador;
25/11/2022;Araranguá;
25/11/2022;Indaial;
25/11/2022;Xanxerê;
25/11/2022;São Miguel do Oeste;
25/11/2022;Laguna;
25/11/2022;Curitibanos;
25/11/2022;Rio Negrinho;
25/11/2022;Campos Novos;
25/11/2022;Itapoá;
25/11/2022;Joaçaba;
26/11/2022;Florianópolis;
26/11/2022;Itajaí;
26/11/2022;Chapecó;
26/11/2022;Lages;
26/11/2022;Caçador;
26/11/2022;Araranguá;
26/11/2022;Indaial;
26/11/2022;Xanxerê;
26/11/2022;São Miguel do Oeste;
26/11/2022;Laguna;
26/11/2022;Curitibanos;
26/11/2022;Rio Negrinho;
26/11/2022;Campos Novos;
26/11/2022;Itapoá;
26/11/2022;Joaçaba;
27/11/2022;Florianópolis;
27/11/2022;Itajaí;
27/11/2022;Chapecó;
27/11/2022;Lages;
27/11/2022;Caçador;
27/11/2022;Araranguá;
27/11/2022;Indaial;
27/11/2022;Xanxerê;
27/11/2022;São Miguel do Oeste;
27/11/2022;Laguna;
27/11/2022;Curitibanos;
27/11/2022;Rio Negrinho;
27/11/2022;Campos Novos;
27/11/2022;Itapoá;
27/11/2022;Joaçaba;
28/11/2022;Florianópolis;
28/11/2022;Itajaí;
28/11/2022;Chapecó;
28/11/2022;Lages;
28/11/2022;Caçador;
28/11/2022;Araranguá;
28/11/2022;Indaial;
28/11/2022;Xanxerê;
28/11/2022;São Miguel do Oeste;
28/11/2022;Laguna;
28/11/2022;Curitibanos;
28/11/2022;Rio Negrinho;
28/11/2022;Campos Novos;
28/11/2022;Itapoá;
28/11/2022;Joaçaba;
29/11/2022;Florianópolis;
29/11/2022;Itajaí;
29/11/2022;Chapecó;
29/11/2022;Lages;
29/11/2022;Caçador;
29/11/2022;Araranguá;
29/11/2022;Indaial;
29/11/2022;Xanxerê;
29/11/2022;São Miguel do Oeste;
29/11/2022;Laguna;
29/11/2022;Curitibanos;
29/11/2022;Rio Negrinho;
29/11/2022;Campos Novos;
29/11/2022;Itapoá;
29/11/2022;Joaçaba;
30/11/2022;Florianópolis;
30/11/2022;Itajaí;
30/11/2022;Chapecó;
30/11/2022;Lages;
30/11/2022;Caçador;
30/11/2022;Araranguá;
30/11/2022;Indaial;
30/11/2022;Xanxerê;
30/11/2022;São Miguel do Oeste;
30/11/2022;Laguna;
30/11/2022;Curitibanos;
30/11/2022;Rio Negrinho;
30/11/2022;Campos Novos;
30/11/2022;Itapoá;
30/11/2022;Joaçaba;
01/12/2022;Florianópolis;
01/12/2022;Itajaí;
01/12/2022;Chapecó;
01/12/2022;Lages;
01/12/2022;Caçador;
01/12/2022;Araranguá;
01/12/2022;Indaial;
01/12/2022;Xanxerê;
01/12/2022;São Miguel do Oeste;
01/12/2022;Laguna;
01/12/2022;Curitibanos;
01/12/2022;Rio Negrinho;
01/12/2022;Campos Novos;
01/12/2022;Itapoá;
01/12/2022;Joaçaba;
02/12/2022;Florianópolis;
02/12/2022;Itajaí;
02/12/2022;Chapecó;
02/12/2022;Lages;
02/12/2022;Caçador;
02/12/2022;Araranguá;
02/12/2022;Indaial;
02/12/2022;Xanxerê;
02/12/2022;São Miguel do Oeste;
02/12/2022;Laguna;
02/12/2022;Curitibanos;
02/12/2022;Rio Negrinho;
02/12/2022;Campos Novos;
02/12/2022;Itapoá;
02/12/2022;Joaçaba;
03/12/2022;Florianópolis;
03/12/2022;Itajaí;
03/12/2022;Chapecó;
03/12/2022;Lages;
03/12/2022;Caçador;
03/12/2022;Araranguá;
03/12/2022;Indaial;
03/12/2022;Xanxerê;
03/12/2022;São Miguel do Oeste;
03/12/2022;Laguna;
03/12/2022;Curitibanos;
03/12/2022;Rio Negrinho;
03/12/2022;Campos Novos;
03/12/2022;Itapoá;
03/12/2022;Joaçaba;
04/12/2022;Florianópolis;
04/12/2022;Itajaí;
04/12/2022;Chapecó;
04/12/2022;Lages;
04/12/2022;Caçador;
04/12/2022;Araranguá;
04/12/2022;Indaial;
04/12/2022;Xanxerê;
04/12/2022;São Miguel do Oeste;
04/12/2022;Laguna;
04/12/2022;Curitibanos;
04/12/2022;Rio Negrinho;
04/12/2022;Campos Novos;
04/12/2022;Itapoá;
04/12/2022;Joaçaba;
05/12/2022;Florianópolis;
05/12/2022;Itajaí;
05/12/2022;Chapecó;
05/12/2022;Lages;
05/12/2022;Caçador;
05/12/2022;Araranguá;
05/12/2022;Indaial;
05/12/2022;Xanxerê;
05/12/2022;São Miguel do Oeste;
05/12/2022;Laguna;
05/12/2022;Curitibanos;
05/12/2022;Rio Negrinho;
05/12/2022;Campos Novos;
05/12/2022;Itapoá;
05/12/2022;Joaçaba;
06/12/2022;Florianópolis;
06/12/2022;Itajaí;
06/12/2022;Chapecó;
06/12/2022;Lages;
06/12/2022;Caçador;
06/12/2022;Araranguá;
06/12/2022;Indaial;
06/12/2022;Xanxerê;
06/12/2022;São Miguel do Oeste;
06/12/2022;Laguna;
06/12/2022;Curitibanos;
06/12/2022;Rio Negrinho;
06/12/2022;Campos Novos;
06/12/2022;Itapoá;
06/12/2022;Joaçaba;
07/12/2022;Florianópolis;
07/12/2022;Itajaí;
07/12/2022;Chapecó;
07/12/2022;Lages;
07/12/2022;Caçador;
07/12/2022;Araranguá;
07/12/2022;Indaial;
07/12/2022;Xanxerê;
07/12/2022;São Miguel do Oeste;
07/12/2022;Laguna;
07/12/2022;Curitibanos;
07/12/2022;Rio Negrinho;
07/12/2022;Campos Novos;
07/12/2022;Itapoá;
07/12/2022;Joaçaba;
08/12/2022;Florianópolis;
08/12/2022;Itajaí;
08/12/2022;Chapecó;
08/12/2022;Lages;
08/12/2022;Caçador;
08/12/2022;Araranguá;
08/12/2022;Indaial;
08/12/2022;Xanxerê;
08/12/2022;São Miguel do Oeste;
08/12/2022;Laguna;
08/12/2022;Curitibanos;
08/12/2022;Rio Negrinho;
08/12/2022;Campos Novos;
08/12/2022;Itapoá;
08/12/2022;Joaçaba;
09/12/2022;Florianópolis;
09/12/2022;Itajaí;
09/12/2022;Chapecó;
09/12/2022;Lages;
09/12/2022;Caçador;
09/12/2022;Araranguá;
09/12/2022;Indaial;
09/12/2022;Xanxerê;
09/12/2022;São Miguel do Oeste;
09/12/2022;Laguna;
09/12/2022;Curitibanos;
09/12/2022;Rio Negrinho;
09/12/2022;Campos Novos;
09/12/2022;Itapoá;
09/12/2022;Joaçaba;
10/12/2022;Florianópolis;
10/12/2022;Itajaí;
10/12/2022;Chapecó;
10/12/2022;Lages;
10/12/2022;Caçador;
10/12/2022;Araranguá;
10/12/2022;Indaial;
10/12/2022;Xanxerê;
10/12/2022;São Miguel do Oeste;
10/12/2022;Laguna;
10/12/2022;Curitibanos;
10/12/2022;Rio Negrinho;
10/12/2022;Campos Novos;
10/12/2022;Itapoá;
10/12/2022;Joaçaba;
11/12/2022;Florianópolis;
11/12/2022;Itajaí;
11/12/2022;Chapecó;
11/12/2022;Lages;
11/12/2022;Caçador;
11/12/2022;Araranguá;
11/12/2022;Indaial;
11/12/2022;Xanxerê;
11/12/2022;São Miguel do Oeste;
11/12/2022;Laguna;
11/12/2022;Curitibanos;
11/12/2022;Rio Negrinho;
11/12/2022;Campos Novos;
11/12/2022;Itapoá;
11/12/2022;Joaçaba;
12/12/2022;Florianópolis;
12/12/2022;Itajaí;
12/12/2022;Chapecó;
12/12/2022;Lages;
12/12/2022;Caçador;
12/12/2022;Araranguá;
12/12/2022;Indaial;
12/12/2022;Xanxerê;
12/12/2022;São Miguel do Oeste;
12/12/2022;Laguna;
12/12/2022;Curitibanos;
12/12/2022;Rio Negrinho;
12/12/2022;Campos Novos;
12/12/2022;Itapoá;
12/12/2022;Joaçaba;
13/12/2022;Florianópolis;
13/12/2022;Itajaí;
13/12/2022;Chapecó;
13/12/2022;Lages;
13/12/2022;Caçador;
13/12/2022;Araranguá;
13/12/2022;Indaial;
13/12/2022;Xanxerê;
13/12/2022;São Miguel do Oeste;
13/12/2022;Laguna;
13/12/2022;Curitibanos;
13/12/2022;Rio Negrinho;
13/12/2022;Campos Novos;
13/12/2022;Itapoá;
13/12/2022;Joaçaba;
14/12/2022;Florianópolis;
14/12/2022;Itajaí;
14/12/2022;Chapecó;
14/12/2022;Lages;
14/12/2022;Caçador;
14/12/2022;Araranguá;
14/12/2022;Indaial;
14/12/2022;Xanxerê;
14/12/2022;São Miguel do Oeste;
14/12/2022;Laguna;
14/12/2022;Curitibanos;
14/12/2022;Rio Negrinho;
14/12/2022;Campos Novos;
14/12/2022;Itapoá;
14/12/2022;Joaçaba;
15/12/2022;Florianópolis;
15/12/2022;Itajaí;
15/12/2022;Chapecó;
15/12/2022;Lages;
15/12/2022;Caçador;
15/12/2022;Araranguá;
15/12/2022;Indaial;
15/12/2022;Xanxerê;
15/12/2022;São Miguel do Oeste;
15/12/2022;Laguna;
15/12/2022;Curitibanos;
15/12/2022;Rio Negrinho;
15/12/2022;Campos Novos;
15/12/2022;Itapoá;
15/12/2022;Joaçaba;
16/12/2022;Florianópolis;
16/12/2022;Itajaí;
16/12/2022;Chapecó;
16/12/2022;Lages;
16/12/2022;Caçador;
16/12/2022;Araranguá;
16/12/2022;Indaial;
16/12/2022;Xanxerê;
16/12/2022;São Miguel do Oeste;
16/12/2022;Laguna;
16/12/2022;Curitibanos;
16/12/2022;Rio Negrinho;
16/12/2022;Campos Novos;
16/12/2022;Itapoá;
16/12/2022;Joaçaba;
17/12/2022;Florianópolis;
17/12/2022;Itajaí;
17/12/2022;Chapecó;
17/12/2022;Lages;
17/12/2022;Caçador;
17/12/2022;Araranguá;
17/12/2022;Indaial;
17/12/2022;Xanxerê;
17/12/2022;São Miguel do Oeste;
17/12/2022;Laguna;
17/12/2022;Curitibanos;
17/12/2022;Rio Negrinho;
17/12/2022;Campos Novos;
17/12/2022;Itapoá;
17/12/2022;Joaçaba;
18/12/2022;Florianópolis;
18/12/2022;Itajaí;
18/12/2022;Chapecó;
18/12/2022;Lages;
18/12/2022;Caçador;
18/12/2022;Araranguá;
18/12/2022;Indaial;
18/12/2022;Xanxerê;
18/12/2022;São Miguel do Oeste;
18/12/2022;Laguna;
18/12/2022;Curitibanos;
18/12/2022;Rio Negrinho;
18/12/2022;Campos Novos;
18/12/2022;Itapoá;
18/12/2022;Joaçaba;
19/12/2022;Florianópolis;
19/12/2022;Itajaí;
19/12/2022;Chapecó;
19/12/2022;Lages;
19/12/2022;Caçador;
19/12/2022;Araranguá;
19/12/2022;Indaial;
19/12/2022;Xanxerê;
19/12/2022;São Miguel do Oeste;
19/12/2022;Laguna;
19/12/2022;Curitibanos;
19/12/2022;Rio Negrinho;
19/12/2022;Campos Novos;
19/12/2022;Itapoá;
19/12/2022;Joaçaba;
20/12/2022;Florianópolis;
20/12/2022;Itajaí;
20/12/2022;Chapecó;
20/12/2022;Lages;
20/12/2022;Caçador;
20/12/2022;Araranguá;
20/12/2022;Indaial;
20/12/2022;Xanxerê;
20/12/2022;São Miguel do Oeste;
20/12/2022;Laguna;
20/12/2022;Curitibanos;
20/12/2022;Rio Negrinho;
20/12/2022;Campos Novos;
20/12/2022;Itapoá;
20/12/2022;Joaçaba;
21/12/2022;Florianópolis;
21/12/2022;Itajaí;
21/12/2022;Chapecó;
21/12/2022;Lages;
21/12/2022;Caçador;
21/12/2022;Araranguá;
21/12/2022;Indaial;
21/12/2022;Xanxerê;
21/12/2022;São Miguel do Oeste;
21/12/2022;Laguna;
21/12/2022;Curitibanos;
21/12/2022;Rio Negrinho;
21/12/2022;Campos Novos;
21/12/2022;Itapoá;
21/12/2022;Joaçaba;
22/12/2022;Florianópolis;
22/12/2022;Itajaí;
22/12/2022;Chapecó;
22/12/2022;Lages;
22/12/2022;Caçador;
22/12/2022;Araranguá;
22/12/2022;Indaial;
22/12/2022;Xanxerê;
22/12/2022;São Miguel do Oeste;
22/12/2022;Laguna;
22/12/2022;Curitibanos;
22/12/2022;Rio Negrinho;
22/12/2022;Campos Novos;
22/12/2022;Itapoá;
22/12/2022;Joaçaba;
23/12/2022;Florianópolis;
23/12/2022;Itajaí;
23/12/2022;Chapecó;
23/12/2022;Lages;
23/12/2022;Caçador;
23/12/2022;Araranguá;
23/12/2022;Indaial;
23/12/2022;Xanxerê;
23/12/2022;São Miguel do Oeste;
23/12/2022;Laguna;
23/12/2022;Curitibanos;
23/12/2022;Rio Negrinho;
23/12/2022;Campos Novos;
23/12/2022;Itapoá;
23/12/2022;Joaçaba;
24/12/2022;Florianópolis;
24/12/2022;Itajaí;
24/12/2022;Chapecó;
24/12/2022;Lages;
24/12/2022;Caçador;
24/12/2022;Araranguá;
24/12/2022;Indaial;
24/12/2022;Xanxerê;
24/12/2022;São Miguel do Oeste;
24/12/2022;Laguna;
24/12/2022;Curitibanos;
24/12/2022;Rio Negrinho;
24/12/2022;Campos Novos;
24/12/2022;Itapoá;
24/12/2022;Joaçaba;
25/12/2022;Florianópolis;
25/12/2022;Itajaí;
25/12/2022;Chapecó;
25/12/2022;Lages;
25/12/2022;Caçador;
25/12/2022;Araranguá;
25/12/2022;Indaial;
25/12/2022;Xanxerê;
25/12/2022;São Miguel do Oeste;
25/12/2022;Laguna;
25/12/2022;Curitibanos;
25/12/2022;Rio Negrinho;
25/12/2022;Campos Novos;
25/12/2022;Itapoá;
25/12/2022;Joaçaba;
26/12/2022;Florianópolis;
26/12/2022;Itajaí;
26/12/2022;Chapecó;
26/12/2022;Lages;
26/12/2022;Caçador;
26/12/2022;Araranguá;
26/12/2022;Indaial;
26/12/2022;Xanxerê;
26/12/2022;São Miguel do Oeste;
26/12/2022;Laguna;
26/12/2022;Curitibanos;
26/12/2022;Rio Negrinho;
26/12/2022;Campos Novos;
26/12/2022;Itapoá;
26/12/2022;Joaçaba;
27/12/2022;Florianópolis;
27/12/2022;Itajaí;
27/12/2022;Chapecó;
27/12/2022;Lages;
27/12/2022;Caçador;
27/12/2022;Araranguá;
27/12/2022;Indaial;
27/12/2022;Xanxerê;
27/12/2022;São Miguel do Oeste;
27/12/2022;Laguna;
27/12/2022;Curitibanos;
27/12/2022;Rio Negrinho;
27/12/2022;Campos Novos;
27/12/2022;Itapoá;
27/12/2022;Joaçaba;
28/12/2022;Florianópolis;
28/12/2022;Itajaí;
28/12/2022;Chapecó;
28/12/2022;Lages;
28/12/2022;Caçador;
28/12/2022;Araranguá;
28/12/2022;Indaial;
28/12/2022;Xanxerê;
28/12/2022;São Miguel do Oeste;
28/12/2022;Laguna;
28/12/2022;Curitibanos;
28/12/2022;Rio Negrinho;
28/12/2022;Campos Novos;
28/12/2022;Itapoá;
28/12/2022;Joaçaba;
29/12/2022;Florianópolis;
29/12/2022;Itajaí;
29/12/2022;Chapecó;
29/12/2022;Lages;
29/12/2022;Caçador;
29/12/2022;Araranguá;
29/12/2022;Indaial;
29/12/2022;Xanxerê;
29/12/2022;São Miguel do Oeste;
29/12/2022;Laguna;
29/12/2022;Curitibanos;
29/12/2022;Rio Negrinho;
29/12/2022;Campos Novos;
29/12/2022;Itapoá;
29/12/2022;Joaçaba;
30/12/2022;Florianópolis;
30/12/2022;Itajaí;
30/12/2022;Chapecó;
30/12/2022;Lages;
30/12/2022;Caçador;
30/12/2022;Araranguá;
30/12/2022;Indaial;
30/12/2022;Xanxerê;
30/12/2022;São Miguel do Oeste;
30/12/2022;Laguna;
30/12/2022;Curitibanos;
30/12/2022;Rio Negrinho;
30/12/2022;Campos Novos;
30/12/2022;Itapoá;
30/12/2022;Joaçaba;
31/12/2022;Florianópolis;
31/12/2022;Itajaí;
31/12/2022;Chapecó;
31/12/2022;Lages;
31/12/2022;Caçador;
31/12/2022;Araranguá;
31/12/2022;Indaial;
31/12/2022;Xanxerê;
31/12/2022;São Miguel do Oeste;
31/12/2022;Laguna;
31/12/2022;Curitibanos;
31/12/2022;Rio Negrinho;
31/12/2022;Campos Novos;
31/12/2022;Itapoá;
31/12/2022;Joaçaba;
01/01/2023;Florianópolis;
01/01/2023;Itajaí;
01/01/2023;Chapecó;
01/01/2023;Lages;
01/01/2023;Caçador;
01/01/2023;Araranguá;
01/01/2023;Indaial;
01/01/2023;Xanxerê;
01/01/2023;São Miguel do Oeste;
01/01/2023;Laguna;
01/01/2023;Curitibanos;
01/01/2023;Rio Negrinho;
01/01/2023;Campos Novos;
01/01/2023;Itapoá;
01/01/2023;Joaçaba;
02/01/2023;Florianópolis;
02/01/2023;Itajaí;
02/01/2023;Chapecó;
02/01/2023;Lages;
02/01/2023;Caçador;
02/01/2023;Araranguá;
02/01/2023;Indaial;
02/01/2023;Xanxerê;
02/01/2023;São Miguel do Oeste;
02/01/2023;Laguna;
02/01/2023;Curitibanos;
02/01/2023;Rio Negrinho;
02/01/2023;Campos Novos;
02/01/2023;Itapoá;
02/01/2023;Joaçaba;
03/01/2023;Florianópolis;
03/01/2023;Itajaí;
03/01/2023;Chapecó;
03/01/2023;Lages;
03/01/2023;Caçador;
03/01/2023;Araranguá;
03/01/2023;Indaial;
03/01/2023;Xanxerê;
03/01/2023;São Miguel do Oeste;
03/01/2023;Laguna;
03/01/2023;Curitibanos;
03/01/2023;Rio Negrinho;
03/01/2023;Campos Novos;
03/01/2023;Itapoá;
03/01/2023;Joaçaba;
04/01/2023;Florianópolis;
04/01/2023;Itajaí;
04/01/2023;Chapecó;
04/01/2023;Lages;
04/01/2023;Caçador;
04/01/2023;Araranguá;
04/01/2023;Indaial;
04/01/2023;Xanxerê;
04/01/2023;São Miguel do Oeste;
04/01/2023;Laguna;
04/01/2023;Curitibanos;
04/01/2023;Rio Negrinho;
04/01/2023;Campos Novos;
04/01/2023;Itapoá;
04/01/2023;Joaçaba;
05/01/2023;Florianópolis;
05/01/2023;Itajaí;
05/01/2023;Chapecó;
05/01/2023;Lages;
05/01/2023;Caçador;
05/01/2023;Araranguá;
05/01/2023;Indaial;
05/01/2023;Xanxerê;
05/01/2023;São Miguel do Oeste;
05/01/2023;Laguna;
05/01/2023;Curitibanos;
05/01/2023;Rio Negrinho;
05/01/2023;Campos Novos;
05/01/2023;Itapoá;
05/01/2023;Joaçaba;
06/01/2023;Florianópolis;
06/01/2023;Itajaí;
06/01/2023;Chapecó;
06/01/2023;Lages;
06/01/2023;Caçador;
06/01/2023;Araranguá;
06/01/2023;Indaial;
06/01/2023;Xanxerê;
06/01/2023;São Miguel do Oeste;
06/01/2023;Laguna;
06/01/2023;Curitibanos;
06/01/2023;Rio Negrinho;
06/01/2023;Campos Novos;
06/01/2023;Itapoá;
06/01/2023;Joaçaba;
07/01/2023;Florianópolis;
07/01/2023;Itajaí;
07/01/2023;Chapecó;
07/01/2023;Lages;
07/01/2023;Caçador;
07/01/2023;Araranguá;
07/01/2023;Indaial;
07/01/2023;Xanxerê;
07/01/2023;São Miguel do Oeste;
07/01/2023;Laguna;
07/01/2023;Curitibanos;
07/01/2023;Rio Negrinho;
07/01/2023;Campos Novos;
07/01/2023;Itapoá;
07/01/2023;Joaçaba;
08/01/2023;Florianópolis;
08/01/2023;Itajaí;
08/01/2023;Chapecó;
08/01/2023;Lages;
08/01/2023;Caçador;
08/01/2023;Araranguá;
08/01/2023;Indaial;
08/01/2023;Xanxerê;
08/01/2023;São Miguel do Oeste;
08/01/2023;Laguna;
08/01/2023;Curitibanos;
08/01/2023;Rio Negrinho;
08/01/2023;Campos Novos;
08/01/2023;Itapoá;
08/01/2023;Joaçaba;
09/01/2023;Florianópolis;
09/01/2023;Itajaí;
09/01/2023;Chapecó;
09/01/2023;Lages;
09/01/2023;Caçador;
09/01/2023;Araranguá;
09/01/2023;Indaial;
09/01/2023;Xanxerê;
09/01/2023;São Miguel do Oeste;
09/01/2023;Laguna;
09/01/2023;Curitibanos;
09/01/2023;Rio Negrinho;
09/01/2023;Campos Novos;
09/01/2023;Itapoá;
09/01/2023;Joaçaba;
10/01/2023;Florianópolis;
10/01/2023;Itajaí;
10/01/2023;Chapecó;
10/01/2023;Lages;
10/01/2023;Caçador;
10/01/2023;Araranguá;
10/01/2023;Indaial;
10/01/2023;Xanxerê;
10/01/2023;São Miguel do Oeste;
10/01/2023;Laguna;
10/01/2023;Curitibanos;
10/01/2023;Rio Negrinho;
10/01/2023;Campos Novos;
10/01/2023;Itapoá;
10/01/2023;Joaçaba;
11/01/2023;Florianópolis;
11/01/2023;Itajaí;
11/01/2023;Chapecó;
11/01/2023;Lages;
11/01/2023;Caçador;
11/01/2023;Araranguá;
11/01/2023;Indaial;
11/01/2023;Xanxerê;
11/01/2023;São Miguel do Oeste;
11/01/2023;Laguna;
11/01/2023;Curitibanos;
11/01/2023;Rio Negrinho;
11/01/2023;Campos Novos;
11/01/2023;Itapoá;
11/01/2023;Joaçaba;
12/01/2023;Florianópolis;
12/01/2023;Itajaí;
12/01/2023;Chapecó;
12/01/2023;Lages;
12/01/2023;Caçador;
12/01/2023;Araranguá;
12/01/2023;Indaial;
12/01/2023;Xanxerê;
12/01/2023;São Miguel do Oeste;
12/01/2023;Laguna;
12/01/2023;Curitibanos;
12/01/2023;Rio Negrinho;
12/01/2023;Campos Novos;
12/01/2023;Itapoá;
12/01/2023;Joaçaba;
13/01/2023;Florianópolis;
13/01/2023;Itajaí;
13/01/2023;Chapecó;
13/01/2023;Lages;
13/01/2023;Caçador;
13/01/2023;Araranguá;
13/01/2023;Indaial;
13/01/2023;Xanxerê;
13/01/2023;São Miguel do Oeste;
13/01/2023;Laguna;
13/01/2023;Curitibanos;
13/01/2023;Rio Negrinho;
13/01/2023;Campos Novos;
13/01/2023;Itapoá;
13/01/2023;Joaçaba;
14/01/2023;Florianópolis;
14/01/2023;Itajaí;
14/01/2023;Chapecó;
14/01/2023;Lages;
14/01/2023;Caçador;
14/01/2023;Araranguá;
14/01/2023;Indaial;
14/01/2023;Xanxerê;
14/01/2023;São Miguel do Oeste;
14/01/2023;Laguna;
14/01/2023;Curitibanos;
14/01/2023;Rio Negrinho;
14/01/2023;Campos Novos;
14/01/2023;Itapoá;
14/01/2023;Joaçaba;
15/01/2023;Florianópolis;
15/01/2023;Itajaí;
15/01/2023;Chapecó;
15/01/2023;Lages;
15/01/2023;Caçador;
15/01/2023;Araranguá;
15/01/2023;Indaial;
15/01/2023;Xanxerê;
15/01/2023;São Miguel do Oeste;
15/01/2023;Laguna;
15/01/2023;Curitibanos;
15/01/2023;Rio Negrinho;
15/01/2023;Campos Novos;
15/01/2023;Itapoá;
15/01/2023;Joaçaba;
16/01/2023;Florianópolis;
16/01/2023;Itajaí;
16/01/2023;Chapecó;
16/01/2023;Lages;
16/01/2023;Caçador;
16/01/2023;Araranguá;
16/01/2023;Indaial;
16/01/2023;Xanxerê;
16/01/2023;São Miguel do Oeste;
16/01/2023;Laguna;
16/01/2023;Curitibanos;
16/01/2023;Rio Negrinho;
16/01/2023;Campos Novos;
16/01/2023;Itapoá;
16/01/2023;Joaçaba;
17/01/2023;Florianópolis;
17/01/2023;Itajaí;
17/01/2023;Chapecó;
17/01/2023;Lages;
17/01/2023;Caçador;
17/01/2023;Araranguá;
17/01/2023;Indaial;
17/01/2023;Xanxerê;
17/01/2023;São Miguel do Oeste;
17/01/2023;Laguna;
17/01/2023;Curitibanos;
17/01/2023;Rio Negrinho;
17/01/2023;Campos Novos;
17/01/2023;Itapoá;
17/01/2023;Joaçaba;
18/01/2023;Florianópolis;
18/01/2023;Itajaí;
18/01/2023;Chapecó;
18/01/2023;Lages;
18/01/2023;Caçador;
18/01/2023;Araranguá;
18/01/2023;Indaial;
18/01/2023;Xanxerê;
18/01/2023;São Miguel do Oeste;
18/01/2023;Laguna;
18/01/2023;Curitibanos;
18/01/2023;Rio Negrinho;
18/01/2023;Campos Novos;
18/01/2023;Itapoá;
18/01/2023;Joaçaba;
19/01/2023;Florianópolis;
19/01/2023;Itajaí;
19/01/2023;Chapecó;
19/01/2023;Lages;
19/01/2023;Caçador;
19/01/2023;Araranguá;
19/01/2023;Indaial;
19/01/2023;Xanxerê;
19/01/2023;São Miguel do Oeste;
19/01/2023;Laguna;
19/01/2023;Curitibanos;
19/01/2023;Rio Negrinho;
19/01/2023;Campos Novos;
19/01/2023;Itapoá;
19/01/2023;Joaçaba;
20/01/2023;Florianópolis;
20/01/2023;Itajaí;
20/01/2023;Chapecó;
20/01/2023;Lages;
20/01/2023;Caçador;
20/01/2023;Araranguá;
20/01/2023;Indaial;
20/01/2023;Xanxerê;
20/01/2023;São Miguel do Oeste;
20/01/2023;Laguna;
20/01/2023;Curitibanos;
20/01/2023;Rio Negrinho;
20/01/2023;Campos Novos;
20/01/2023;Itapoá;
20/01/2023;Joaçaba;
21/01/2023;Florianópolis;
21/01/2023;Itajaí;
21/01/2023;Chapecó;
21/01/2023;Lages;
21/01/2023;Caçador;
21/01/2023;Araranguá;
21/01/2023;Indaial;
21/01/2023;Xanxerê;
21/01/2023;São Miguel do Oeste;
21/01/2023;Laguna;
21/01/2023;Curitibanos;
21/01/2023;Rio Negrinho;
21/01/2023;Campos Novos;
21/01/2023;Itapoá;
21/01/2023;Joaçaba;
22/01/2023;Florianópolis;
22/01/2023;Itajaí;
22/01/2023;Chapecó;
22/01/2023;Lages;
22/01/2023;Caçador;
22/01/2023;Araranguá;
22/01/2023;Indaial;
22/01/2023;Xanxerê;
22/01/2023;São Miguel do Oeste;
22/01/2023;Laguna;
22/01/2023;Curitibanos;
22/01/2023;Rio Negrinho;
22/01/2023;Campos Novos;
22/01/2023;Itapoá;
22/01/2023;Joaçaba;
23/01/2023;Florianópolis;
23/01/2023;Itajaí;
23/01/2023;Chapecó;
23/01/2023;Lages;
23/01/2023;Caçador;
23/01/2023;Araranguá;
23/01/2023;Indaial;
23/01/2023;Xanxerê;
23/01/2023;São Miguel do Oeste;
23/01/2023;Laguna;
23/01/2023;Curitibanos;
23/01/2023;Rio Negrinho;
23/01/2023;Campos Novos;
23/01/2023;Itapoá;
23/01/2023;Joaçaba;
24/01/2023;Florianópolis;
24/01/2023;Itajaí;
24/01/2023;Chapecó;
24/01/2023;Lages;
24/01/2023;Caçador;
24/01/2023;Araranguá;
24/01/2023;Indaial;
24/01/2023;Xanxerê;
24/01/2023;São Miguel do Oeste;
24/01/2023;Laguna;
24/01/2023;Curitibanos;
24/01/2023;Rio Negrinho;
24/01/2023;Campos Novos;
24/01/2023;Itapoá;
24/01/2023;Joaçaba;
25/01/2023;Florianópolis;
25/01/2023;Itajaí;
25/01/2023;Chapecó;
25/01/2023;Lages;
25/01/2023;Caçador;
25/01/2023;Araranguá;
25/01/2023;Indaial;
25/01/2023;Xanxerê;
25/01/2023;São Miguel do Oeste;
25/01/2023;Laguna;
25/01/2023;Curitibanos;
25/01/2023;Rio Negrinho;
25/01/2023;Campos Novos;
25/01/2023;Itapoá;
25/01/2023;Joaçaba;
26/01/2023;Florianópolis;
26/01/2023;Itajaí;
26/01/2023;Chapecó;
26/01/2023;Lages;
26/01/2023;Caçador;
26/01/2023;Araranguá;
26/01/2023;Indaial;
26/01/2023;Xanxerê;
26/01/2023;São Miguel do Oeste;
26/01/2023;Laguna;
26/01/2023;Curitibanos;
26/01/2023;Rio Negrinho;
26/01/2023;Campos Novos;
26/01/2023;Itapoá;
26/01/2023;Joaçaba;
27/01/2023;Florianópolis;
27/01/2023;Itajaí;
27/01/2023;Chapecó;
27/01/2023;Lages;
27/01/2023;Caçador;
27/01/2023;Araranguá;
27/01/2023;Indaial;
27/01/2023;Xanxerê;
27/01/2023;São Miguel do Oeste;
27/01/2023;Laguna;
27/01/2023;Curitibanos;
27/01/2023;Rio Negrinho;
27/01/2023;Campos Novos;
27/01/2023;Itapoá;
27/01/2023;Joaçaba;
28/01/2023;Florianópolis;
28/01/2023;Itajaí;
28/01/2023;Chapecó;
28/01/2023;Lages;
28/01/2023;Caçador;
28/01/2023;Araranguá;
28/01/2023;Indaial;
28/01/2023;Xanxerê;
28/01/2023;São Miguel do Oeste;
28/01/2023;Laguna;
28/01/2023;Curitibanos;
28/01/2023;Rio Negrinho;
28/01/2023;Campos Novos;
28/01/2023;Itapoá;
28/01/2023;Joaçaba;
29/01/2023;Florianópolis;
29/01/2023;Itajaí;
29/01/2023;Chapecó;
29/01/2023;Lages;
29/01/2023;Caçador;
29/01/2023;Araranguá;
29/01/2023;Indaial;
29/01/2023;Xanxerê;
29/01/2023;São Miguel do Oeste;
29/01/2023;Laguna;
29/01/2023;Curitibanos;
29/01/2023;Rio Negrinho;
29/01/2023;Campos Novos;
29/01/2023;Itapoá;
29/01/2023;Joaçaba;
30/01/2023;Florianópolis;
30/01/2023;Itajaí;
30/01/2023;Chapecó;
30/01/2023;Lages;
30/01/2023;Caçador;
30/01/2023;Araranguá;
30/01/2023;Indaial;
30/01/2023;Xanxerê;
30/01/2023;São Miguel do Oeste;
30/01/2023;Laguna;
30/01/2023;Curitibanos;
30/01/2023;Rio Negrinho;
30/01/2023;Campos Novos;
30/01/2023;Itapoá;
30/01/2023;Joaçaba;
31/01/2023;Florianópolis;
31/01/2023;Itajaí;
31/01/2023;Chapecó;
31/01/2023;Lages;
31/01/2023;Caçador;
31/01/2023;Araranguá;
31/01/2023;Indaial;
31/01/2023;Xanxerê;
31/01/2023;São Miguel do Oeste;
31/01/2023;Laguna;
31/01/2023;Curitibanos;
31/01/2023;Rio Negrinho;
31/01/2023;Campos Novos;
31/01/2023;Itapoá;
31/01/2023;Joaçaba;
01/02/2023;Florianópolis;
01/02/2023;Itajaí;
01/02/2023;Chapecó;
01/02/2023;Lages;
01/02/2023;Caçador;
01/02/2023;Araranguá;
01/02/2023;Indaial;
01/02/2023;Xanxerê;
01/02/2023;São Miguel do Oeste;
01/02/2023;Laguna;
01/02/2023;Curitibanos;
01/02/2023;Rio Negrinho;
01/02/2023;Campos Novos;
01/02/2023;Itapoá;
01/02/2023;Joaçaba;
02/02/2023;Florianópolis;
02/02/2023;Itajaí;
02/02/2023;Chapecó;
02/02/2023;Lages;
02/02/2023;Caçador;
02/02/2023;Araranguá;
02/02/2023;Indaial;
02/02/2023;Xanxerê;
02/02/2023;São Miguel do Oeste;
02/02/2023;Laguna;
02/02/2023;Curitibanos;
02/02/2023;Rio Negrinho;
02/02/2023;Campos Novos;
02/02/2023;Itapoá;
02/02/2023;Joaçaba;
03/02/2023;Florianópolis;
03/02/2023;Itajaí;
03/02/2023;Chapecó;
03/02/2023;Lages;
03/02/2023;Caçador;
03/02/2023;Araranguá;
03/02/2023;Indaial;
03/02/2023;Xanxerê;
03/02/2023;São Miguel do Oeste;
03/02/2023;Laguna;
03/02/2023;Curitibanos;
03/02/2023;Rio Negrinho;
03/02/2023;Campos Novos;
03/02/2023;Itapoá;
03/02/2023;Joaçaba;
04/02/2023;Florianópolis;
04/02/2023;Itajaí;
04/02/2023;Chapecó;
04/02/2023;Lages;
04/02/2023;Caçador;
04/02/2023;Araranguá;
04/02/2023;Indaial;
04/02/2023;Xanxerê;
04/02/2023;São Miguel do Oeste;
04/02/2023;Laguna;
04/02/2023;Curitibanos;
04/02/2023;Rio Negrinho;
04/02/2023;Campos Novos;
04/02/2023;Itapoá;
04/02/2023;Joaçaba;
05/02/2023;Florianópolis;
05/02/2023;Itajaí;
05/02/2023;Chapecó;
05/02/2023;Lages;
05/02/2023;Caçador;
05/02/2023;Araranguá;
05/02/2023;Indaial;
05/02/2023;Xanxerê;
05/02/2023;São Miguel do Oeste;
05/02/2023;Laguna;
05/02/2023;Curitibanos;
05/02/2023;Rio Negrinho;
05/02/2023;Campos Novos;
05/02/2023;Itapoá;
05/02/2023;Joaçaba;
06/02/2023;Florianópolis;
06/02/2023;Itajaí;
06/02/2023;Chapecó;
06/02/2023;Lages;
06/02/2023;Caçador;
06/02/2023;Araranguá;
06/02/2023;Indaial;
06/02/2023;Xanxerê;
06/02/2023;São Miguel do Oeste;
06/02/2023;Laguna;
06/02/2023;Curitibanos;
06/02/2023;Rio Negrinho;
06/02/2023;Campos Novos;
06/02/2023;Itapoá;
06/02/2023;Joaçaba;
07/02/2023;Florianópolis;
07/02/2023;Itajaí;
07/02/2023;Chapecó;
07/02/2023;Lages;
07/02/2023;Caçador;
07/02/2023;Araranguá;
07/02/2023;Indaial;
07/02/2023;Xanxerê;
07/02/2023;São Miguel do Oeste;
07/02/2023;Laguna;
07/02/2023;Curitibanos;
07/02/2023;Rio Negrinho;
07/02/2023;Campos Novos;
07/02/2023;Itapoá;
07/02/2023;Joaçaba;
08/02/2023;Florianópolis;
08/02/2023;Itajaí;
08/02/2023;Chapecó;
08/02/2023;Lages;
08/02/2023;Caçador;
08/02/2023;Araranguá;
08/02/2023;Indaial;
08/02/2023;Xanxerê;
08/02/2023;São Miguel do Oeste;
08/02/2023;Laguna;
08/02/2023;Curitibanos;
08/02/2023;Rio Negrinho;
08/02/2023;Campos Novos;
08/02/2023;Itapoá;
08/02/2023;Joaçaba;
09/02/2023;Florianópolis;
09/02/2023;Itajaí;
09/02/2023;Chapecó;
09/02/2023;Lages;
09/02/2023;Caçador;
09/02/2023;Araranguá;
09/02/2023;Indaial;
09/02/2023;Xanxerê;
09/02/2023;São Miguel do Oeste;
09/02/2023;Laguna;
09/02/2023;Curitibanos;
09/02/2023;Rio Negrinho;
09/02/2023;Campos Novos;
09/02/2023;Itapoá;
09/02/2023;Joaçaba;
10/02/2023;Florianópolis;
10/02/2023;Itajaí;
10/02/2023;Chapecó;
10/02/2023;Lages;
10/02/2023;Caçador;
10/02/2023;Araranguá;
10/02/2023;Indaial;
10/02/2023;Xanxerê;
10/02/2023;São Miguel do Oeste;
10/02/2023;Laguna;
10/02/2023;Curitibanos;
10/02/2023;Rio Negrinho;
10/02/2023;Campos Novos;
10/02/2023;Itapoá;
10/02/2023;Joaçaba;
11/02/2023;Florianópolis;
11/02/2023;Itajaí;
11/02/2023;Chapecó;
11/02/2023;Lages;
11/02/2023;Caçador;
11/02/2023;Araranguá;
11/02/2023;Indaial;
11/02/2023;Xanxerê;
11/02/2023;São Miguel do Oeste;
11/02/2023;Laguna;
11/02/2023;Curitibanos;
11/02/2023;Rio Negrinho;
11/02/2023;Campos Novos;
11/02/2023;Itapoá;
11/02/2023;Joaçaba;
12/02/2023;Florianópolis;
12/02/2023;Itajaí;
12/02/2023;Chapecó;
12/02/2023;Lages;
12/02/2023;Caçador;
12/02/2023;Araranguá;
12/02/2023;Indaial;
12/02/2023;Xanxerê;
12/02/2023;São Miguel do Oeste;
12/02/2023;Laguna;
12/02/2023;Curitibanos;
12/02/2023;Rio Negrinho;
12/02/2023;Campos Novos;
12/02/2023;Itapoá;
12/02/2023;Joaçaba;
13/02/2023;Florianópolis;
13/02/2023;Itajaí;
13/02/2023;Chapecó;
13/02/2023;Lages;
13/02/2023;Caçador;
13/02/2023;Araranguá;
13/02/2023;Indaial;
13/02/2023;Xanxerê;
13/02/2023;São Miguel do Oeste;
13/02/2023;Laguna;
13/02/2023;Curitibanos;
13/02/2023;Rio Negrinho;
13/02/2023;Campos Novos;
13/02/2023;Itapoá;
13/02/2023;Joaçaba;
14/02/2023;Florianópolis;
14/02/2023;Itajaí;
14/02/2023;Chapecó;
14/02/2023;Lages;
14/02/2023;Caçador;
14/02/2023;Araranguá;
14/02/2023;Indaial;
14/02/2023;Xanxerê;
14/02/2023;São Miguel do Oeste;
14/02/2023;Laguna;
14/02/2023;Curitibanos;
14/02/2023;Rio Negrinho;
14/02/2023;Campos Novos;
14/02/2023;Itapoá;
14/02/2023;Joaçaba;
15/02/2023;Florianópolis;
15/02/2023;Itajaí;
15/02/2023;Chapecó;
15/02/2023;Lages;
15/02/2023;Caçador;
15/02/2023;Araranguá;
15/02/2023;Indaial;
15/02/2023;Xanxerê;
15/02/2023;São Miguel do Oeste;
15/02/2023;Laguna;
15/02/2023;Curitibanos;
15/02/2023;Rio Negrinho;
15/02/2023;Campos Novos;
15/02/2023;Itapoá;
15/02/2023;Joaçaba;
16/02/2023;Florianópolis;
16/02/2023;Itajaí;
16/02/2023;Chapecó;
16/02/2023;Lages;
16/02/2023;Caçador;
16/02/2023;Araranguá;
16/02/2023;Indaial;
16/02/2023;Xanxerê;
16/02/2023;São Miguel do Oeste;
16/02/2023;Laguna;
16/02/2023;Curitibanos;
16/02/2023;Rio Negrinho;
16/02/2023;Campos Novos;
16/02/2023;Itapoá;
16/02/2023;Joaçaba;
17/02/2023;Florianópolis;
17/02/2023;Itajaí;
17/02/2023;Chapecó;
17/02/2023;Lages;
17/02/2023;Caçador;
17/02/2023;Araranguá;
17/02/2023;Indaial;
17/02/2023;Xanxerê;
17/02/2023;São Miguel do Oeste;
17/02/2023;Laguna;
17/02/2023;Curitibanos;
17/02/2023;Rio Negrinho;
17/02/2023;Campos Novos;
17/02/2023;Itapoá;
17/02/2023;Joaçaba;
18/02/2023;Florianópolis;
18/02/2023;Itajaí;
18/02/2023;Chapecó;
18/02/2023;Lages;
18/02/2023;Caçador;
18/02/2023;Araranguá;
18/02/2023;Indaial;
18/02/2023;Xanxerê;
18/02/2023;São Miguel do Oeste;
18/02/2023;Laguna;
18/02/2023;Curitibanos;
18/02/2023;Rio Negrinho;
18/02/2023;Campos Novos;
18/02/2023;Itapoá;
18/02/2023;Joaçaba;
19/02/2023;Florianópolis;
19/02/2023;Itajaí;
19/02/2023;Chapecó;
19/02/2023;Lages;
19/02/2023;Caçador;
19/02/2023;Araranguá;
19/02/2023;Indaial;
19/02/2023;Xanxerê;
19/02/2023;São Miguel do Oeste;
19/02/2023;Laguna;
19/02/2023;Curitibanos;
19/02/2023;Rio Negrinho;
19/02/2023;Campos Novos;
19/02/2023;Itapoá;
19/02/2023;Joaçaba;
20/02/2023;Florianópolis;
20/02/2023;Itajaí;
20/02/2023;Chapecó;
20/02/2023;Lages;
20/02/2023;Caçador;
20/02/2023;Araranguá;
20/02/2023;Indaial;
20/02/2023;Xanxerê;
20/02/2023;São Miguel do Oeste;
20/02/2023;Laguna;
20/02/2023;Curitibanos;
20/02/2023;Rio Negrinho;
20/02/2023;Campos Novos;
20/02/2023;Itapoá;
20/02/2023;Joaçaba;
21/02/2023;Florianópolis;
21/02/2023;Itajaí;
21/02/2023;Chapecó;
21/02/2023;Lages;
21/02/2023;Caçador;
21/02/2023;Araranguá;
21/02/2023;Indaial;
21/02/2023;Xanxerê;
21/02/2023;São Miguel do Oeste;
21/02/2023;Laguna;
21/02/2023;Curitibanos;
21/02/2023;Rio Negrinho;
21/02/2023;Campos Novos;
21/02/2023;Itapoá;
21/02/2023;Joaçaba;
22/02/2023;Florianópolis;
22/02/2023;Itajaí;
22/02/2023;Chapecó;
22/02/2023;Lages;
22/02/2023;Caçador;
22/02/2023;Araranguá;
22/02/2023;Indaial;
22/02/2023;Xanxerê;
22/02/2023;São Miguel do Oeste;
22/02/2023;Laguna;
22/02/2023;Curitibanos;
22/02/2023;Rio Negrinho;
22/02/2023;Campos Novos;
22/02/2023;Itapoá;
22/02/2023;Joaçaba;
23/02/2023;Florianópolis;
23/02/2023;Itajaí;
23/02/2023;Chapecó;
23/02/2023;Lages;
23/02/2023;Caçador;
23/02/2023;Araranguá;
23/02/2023;Indaial;
23/02/2023;Xanxerê;
23/02/2023;São Miguel do Oeste;
23/02/2023;Laguna;
23/02/2023;Curitibanos;
23/02/2023;Rio Negrinho;
23/02/2023;Campos Novos;
23/02/2023;Itapoá;
23/02/2023;Joaçaba;
24/02/2023;Florianópolis;
24/02/2023;Itajaí;
24/02/2023;Chapecó;
24/02/2023;Lages;
24/02/2023;Caçador;
24/02/2023;Araranguá;
24/02/2023;Indaial;
24/02/2023;Xanxerê;
24/02/2023;São Miguel do Oeste;
24/02/2023;Laguna;
24/02/2023;Curitibanos;
24/02/2023;Rio Negrinho;
24/02/2023;Campos Novos;
24/02/2023;Itapoá;
24/02/2023;Joaçaba;
25/02/2023;Florianópolis;
25/02/2023;Itajaí;
25/02/2023;Chapecó;
25/02/2023;Lages;
25/02/2023;Caçador;
25/02/2023;Araranguá;
25/02/2023;Indaial;
25/02/2023;Xanxerê;
25/02/2023;São Miguel do Oeste;
25/02/2023;Laguna;
25/02/2023;Curitibanos;
25/02/2023;Rio Negrinho;
25/02/2023;Campos Novos;
25/02/2023;Itapoá;
25/02/2023;Joaçaba;
26/02/2023;Florianópolis;
26/02/2023;Itajaí;
26/02/2023;Chapecó;
26/02/2023;Lages;
26/02/2023;Caçador;
26/02/2023;Araranguá;
26/02/2023;Indaial;
26/02/2023;Xanxerê;
26/02/2023;São Miguel do Oeste;
26/02/2023;Laguna;
26/02/2023;Curitibanos;
26/02/2023;Rio Negrinho;
26/02/2023;Campos Novos;
26/02/2023;Itapoá;
26/02/2023;Joaçaba;
27/02/2023;Florianópolis;
27/02/2023;Itajaí;
27/02/2023;Chapecó;
27/02/2023;Lages;
27/02/2023;Caçador;
27/02/2023;Araranguá;
27/02/2023;Indaial;
27/02/2023;Xanxerê;
27/02/2023;São Miguel do Oeste;
27/02/2023;Laguna;
27/02/2023;Curitibanos;
27/02/2023;Rio Negrinho;
27/02/2023;Campos Novos;
27/02/2023;Itapoá;
27/02/2023;Joaçaba;
28/02/2023;Florianópolis;
28/02/2023;Itajaí;
28/02/2023;Chapecó;
28/02/2023;Lages;
28/02/2023;Caçador;
28/02/2023;Araranguá;
28/02/2023;Indaial;
28/02/2023;Xanxerê;
28/02/2023;São Miguel do Oeste;
28/02/2023;Laguna;
28/02/2023;Curitibanos;
28/02/2023;Rio Negrinho;
28/02/2023;Campos Novos;
28/02/2023;Itapoá;
28/02/2023;Joaçaba;
01/03/2023;Florianópolis;
01/03/2023;Itajaí;
01/03/2023;Chapecó;
01/03/2023;Lages;
01/03/2023;Caçador;
01/03/2023;Araranguá;
01/03/2023;Indaial;
01/03/2023;Xanxerê;
01/03/2023;São Miguel do Oeste;
01/03/2023;Laguna;
01/03/2023;Curitibanos;
01/03/2023;Rio Negrinho;
01/03/2023;Campos Novos;
01/03/2023;Itapoá;
01/03/2023;Joaçaba;
02/03/2023;Florianópolis;
02/03/2023;Itajaí;
02/03/2023;Chapecó;
02/03/2023;Lages;
02/03/2023;Caçador;
02/03/2023;Araranguá;
02/03/2023;Indaial;
02/03/2023;Xanxerê;
02/03/2023;São Miguel do Oeste;
02/03/2023;Laguna;
02/03/2023;Curitibanos;
02/03/2023;Rio Negrinho;
02/03/2023;Campos Novos;
02/03/2023;Itapoá;
02/03/2023;Joaçaba;
03/03/2023;Florianópolis;
03/03/2023;Itajaí;
03/03/2023;Chapecó;
03/03/2023;Lages;
03/03/2023;Caçador;
03/03/2023;Araranguá;
03/03/2023;Indaial;
03/03/2023;Xanxerê;
03/03/2023;São Miguel do Oeste;
03/03/2023;Laguna;
03/03/2023;Curitibanos;
03/03/2023;Rio Negrinho;
03/03/2023;Campos Novos;
03/03/2023;Itapoá;
03/03/2023;Joaçaba;
04/03/2023;Florianópolis;
04/03/2023;Itajaí;
04/03/2023;Chapecó;
04/03/2023;Lages;
04/03/2023;Caçador;
04/03/2023;Araranguá;
04/03/2023;Indaial;
04/03/2023;Xanxerê;
04/03/2023;São Miguel do Oeste;
04/03/2023;Laguna;
04/03/2023;Curitibanos;
04/03/2023;Rio Negrinho;
04/03/2023;Campos Novos;
04/03/2023;Itapoá;
04/03/2023;Joaçaba;
05/03/2023;Florianópolis;
05/03/2023;Itajaí;
05/03/2023;Chapecó;
05/03/2023;Lages;
05/03/2023;Caçador;
05/03/2023;Araranguá;
05/03/2023;Indaial;
05/03/2023;Xanxerê;
05/03/2023;São Miguel do Oeste;
05/03/2023;Laguna;
05/03/2023;Curitibanos;
05/03/2023;Rio Negrinho;
05/03/2023;Campos Novos;
05/03/2023;Itapoá;
05/03/2023;Joaçaba;
06/03/2023;Florianópolis;
06/03/2023;Itajaí;
06/03/2023;Chapecó;
06/03/2023;Lages;
06/03/2023;Caçador;
06/03/2023;Araranguá;
06/03/2023;Indaial;
06/03/2023;Xanxerê;
06/03/2023;São Miguel do Oeste;
06/03/2023;Laguna;
06/03/2023;Curitibanos;
06/03/2023;Rio Negrinho;
06/03/2023;Campos Novos;
06/03/2023;Itapoá;
06/03/2023;Joaçaba;
07/03/2023;Florianópolis;
07/03/2023;Itajaí;
07/03/2023;Chapecó;
07/03/2023;Lages;
07/03/2023;Caçador;
07/03/2023;Araranguá;
07/03/2023;Indaial;
07/03/2023;Xanxerê;
07/03/2023;São Miguel do Oeste;
07/03/2023;Laguna;
07/03/2023;Curitibanos;
07/03/2023;Rio Negrinho;
07/03/2023;Campos Novos;
07/03/2023;Itapoá;
07/03/2023;Joaçaba;
08/03/2023;Florianópolis;
08/03/2023;Itajaí;
08/03/2023;Chapecó;
08/03/2023;Lages;
08/03/2023;Caçador;
08/03/2023;Araranguá;
08/03/2023;Indaial;
08/03/2023;Xanxerê;
08/03/2023;São Miguel do Oeste;
08/03/2023;Laguna;
08/03/2023;Curitibanos;
08/03/2023;Rio Negrinho;
08/03/2023;Campos Novos;
08/03/2023;Itapoá;
08/03/2023;Joaçaba;
09/03/2023;Florianópolis;
09/03/2023;Itajaí;
09/03/2023;Chapecó;
09/03/2023;Lages;
09/03/2023;Caçador;
09/03/2023;Araranguá;
09/03/2023;Indaial;
09/03/2023;Xanxerê;
09/03/2023;São Miguel do Oeste;
09/03/2023;Laguna;
09/03/2023;Curitibanos;
09/03/2023;Rio Negrinho;
09/03/2023;Campos Novos;
09/03/2023;Itapoá;
09/03/2023;Joaçaba;
10/03/2023;Florianópolis;
10/03/2023;Itajaí;
10/03/2023;Chapecó;
10/03/2023;Lages;
10/03/2023;Caçador;
10/03/2023;Araranguá;
10/03/2023;Indaial;
10/03/2023;Xanxerê;
10/03/2023;São Miguel do Oeste;
10/03/2023;Laguna;
10/03/2023;Curitibanos;
10/03/2023;Rio Negrinho;
10/03/2023;Campos Novos;
10/03/2023;Itapoá;
10/03/2023;Joaçaba;
11/03/2023;Florianópolis;
11/03/2023;Itajaí;
11/03/2023;Chapecó;
11/03/2023;Lages;
11/03/2023;Caçador;
11/03/2023;Araranguá;
11/03/2023;Indaial;
11/03/2023;Xanxerê;
11/03/2023;São Miguel do Oeste;
11/03/2023;Laguna;
11/03/2023;Curitibanos;
11/03/2023;Rio Negrinho;
11/03/2023;Campos Novos;
11/03/2023;Itapoá;
11/03/2023;Joaçaba;
12/03/2023;Florianópolis;
12/03/2023;Itajaí;
12/03/2023;Chapecó;
12/03/2023;Lages;
12/03/2023;Caçador;
12/03/2023;Araranguá;
12/03/2023;Indaial;
12/03/2023;Xanxerê;
12/03/2023;São Miguel do Oeste;
12/03/2023;Laguna;
12/03/2023;Curitibanos;
12/03/2023;Rio Negrinho;
12/03/2023;Campos Novos;
12/03/2023;Itapoá;
12/03/2023;Joaçaba;
13/03/2023;Florianópolis;
13/03/2023;Itajaí;
13/03/2023;Chapecó;
13/03/2023;Lages;
13/03/2023;Caçador;
13/03/2023;Araranguá;
13/03/2023;Indaial;
13/03/2023;Xanxerê;
13/03/2023;São Miguel do Oeste;
13/03/2023;Laguna;
13/03/2023;Curitibanos;
13/03/2023;Rio Negrinho;
13/03/2023;Campos Novos;
13/03/2023;Itapoá;
13/03/2023;Joaçaba;
14/03/2023;Florianópolis;
14/03/2023;Itajaí;
14/03/2023;Chapecó;
14/03/2023;Lages;
14/03/2023;Caçador;
14/03/2023;Araranguá;
14/03/2023;Indaial;
14/03/2023;Xanxerê;
14/03/2023;São Miguel do Oeste;
14/03/2023;Laguna;
14/03/2023;Curitibanos;
14/03/2023;Rio Negrinho;
14/03/2023;Campos Novos;
14/03/2023;Itapoá;
14/03/2023;Joaçaba;
15/03/2023;Florianópolis;
15/03/2023;Itajaí;
15/03/2023;Chapecó;
15/03/2023;Lages;
15/03/2023;Caçador;
15/03/2023;Araranguá;
15/03/2023;Indaial;
15/03/2023;Xanxerê;
15/03/2023;São Miguel do Oeste;
15/03/2023;Laguna;
15/03/2023;Curitibanos;
15/03/2023;Rio Negrinho;
15/03/2023;Campos Novos;
15/03/2023;Itapoá;
15/03/2023;Joaçaba;
16/03/2023;Florianópolis;
16/03/2023;Itajaí;
16/03/2023;Chapecó;
16/03/2023;Lages;
16/03/2023;Caçador;
16/03/2023;Araranguá;
16/03/2023;Indaial;
16/03/2023;Xanxerê;
16/03/2023;São Miguel do Oeste;
16/03/2023;Laguna;
16/03/2023;Curitibanos;
16/03/2023;Rio Negrinho;
16/03/2023;Campos Novos;
16/03/2023;Itapoá;
16/03/2023;Joaçaba;
17/03/2023;Florianópolis;
17/03/2023;Itajaí;
17/03/2023;Chapecó;
17/03/2023;Lages;
17/03/2023;Caçador;
17/03/2023;Araranguá;
17/03/2023;Indaial;
17/03/2023;Xanxerê;
17/03/2023;São Miguel do Oeste;
17/03/2023;Laguna;
17/03/2023;Curitibanos;
17/03/2023;Rio Negrinho;
17/03/2023;Campos Novos;
17/03/2023;Itapoá;
17/03/2023;Joaçaba;
18/03/2023;Florianópolis;
18/03/2023;Itajaí;
18/03/2023;Chapecó;
18/03/2023;Lages;
18/03/2023;Caçador;
18/03/2023;Araranguá;
18/03/2023;Indaial;
18/03/2023;Xanxerê;
18/03/2023;São Miguel do Oeste;
18/03/2023;Laguna;
18/03/2023;Curitibanos;
18/03/2023;Rio Negrinho;
18/03/2023;Campos Novos;
18/03/2023;Itapoá;
18/03/2023;Joaçaba;
19/03/2023;Florianópolis;
19/03/2023;Itajaí;
19/03/2023;Chapecó;
19/03/2023;Lages;
19/03/2023;Caçador;
19/03/2023;Araranguá;
19/03/2023;Indaial;
19/03/2023;Xanxerê;
19/03/2023;São Miguel do Oeste;
19/03/2023;Laguna;
19/03/2023;Curitibanos;
19/03/2023;Rio Negrinho;
19/03/2023;Campos Novos;
19/03/2023;Itapoá;
19/03/2023;Joaçaba;
20/03/2023;Florianópolis;
20/03/2023;Itajaí;
20/03/2023;Chapecó;
20/03/2023;Lages;
20/03/2023;Caçador;
20/03/2023;Araranguá;
20/03/2023;Indaial;
20/03/2023;Xanxerê;
20/03/2023;São Miguel do Oeste;
20/03/2023;Laguna;
20/03/2023;Curitibanos;
20/03/2023;Rio Negrinho;
20/03/2023;Campos Novos;
20/03/2023;Itapoá;
20/03/2023;Joaçaba;
21/03/2023;Florianópolis;
21/03/2023;Itajaí;
21/03/2023;Chapecó;
21/03/2023;Lages;
21/03/2023;Caçador;
21/03/2023;Araranguá;
21/03/2023;Indaial;
21/03/2023;Xanxerê;
21/03/2023;São Miguel do Oeste;
21/03/2023;Laguna;
21/03/2023;Curitibanos;
21/03/2023;Rio Negrinho;
21/03/2023;Campos Novos;
21/03/2023;Itapoá;
21/03/2023;Joaçaba;
22/03/2023;Florianópolis;
22/03/2023;Itajaí;
22/03/2023;Chapecó;
22/03/2023;Lages;
22/03/2023;Caçador;
22/03/2023;Araranguá;
22/03/2023;Indaial;
22/03/2023;Xanxerê;
22/03/2023;São Miguel do Oeste;
22/03/2023;Laguna;
22/03/2023;Curitibanos;
22/03/2023;Rio Negrinho;
22/03/2023;Campos Novos;
22/03/2023;Itapoá;
22/03/2023;Joaçaba;
23/03/2023;Florianópolis;
23/03/2023;Itajaí;
23/03/2023;Chapecó;
23/03/2023;Lages;
23/03/2023;Caçador;
23/03/2023;Araranguá;
23/03/2023;Indaial;
23/03/2023;Xanxerê;
23/03/2023;São Miguel do Oeste;
23/03/2023;Laguna;
23/03/2023;Curitibanos;
23/03/2023;Rio Negrinho;
23/03/2023;Campos Novos;
23/03/2023;Itapoá;
23/03/2023;Joaçaba;
24/03/2023;Florianópolis;
24/03/2023;Itajaí;
24/03/2023;Chapecó;
24/03/2023;Lages;
24/03/2023;Caçador;
24/03/2023;Araranguá;
24/03/2023;Indaial;
24/03/2023;Xanxerê;
24/03/2023;São Miguel do Oeste;
24/03/2023;Laguna;
24/03/2023;Curitibanos;
24/03/2023;Rio Negrinho;
24/03/2023;Campos Novos;
24/03/2023;Itapoá;
24/03/2023;Joaçaba;
25/03/2023;Florianópolis;
25/03/2023;Itajaí;
25/03/2023;Chapecó;
25/03/2023;Lages;
25/03/2023;Caçador;
25/03/2023;Araranguá;
25/03/2023;Indaial;
25/03/2023;Xanxerê;
25/03/2023;São Miguel do Oeste;
25/03/2023;Laguna;
25/03/2023;Curitibanos;
25/03/2023;Rio Negrinho;
25/03/2023;Campos Novos;
25/03/2023;Itapoá;
25/03/2023;Joaçaba;
26/03/2023;Florianópolis;
26/03/2023;Itajaí;
26/03/2023;Chapecó;
26/03/2023;Lages;
26/03/2023;Caçador;
26/03/2023;Araranguá;
26/03/2023;Indaial;
26/03/2023;Xanxerê;
26/03/2023;São Miguel do Oeste;
26/03/2023;Laguna;
26/03/2023;Curitibanos;
26/03/2023;Rio Negrinho;
26/03/2023;Campos Novos;
26/03/2023;Itapoá;
26/03/2023;Joaçaba;
27/03/2023;Florianópolis;
27/03/2023;Itajaí;
27/03/2023;Chapecó;
27/03/2023;Lages;
27/03/2023;Caçador;
27/03/2023;Araranguá;
27/03/2023;Indaial;
27/03/2023;Xanxerê;
27/03/2023;São Miguel do Oeste;
27/03/2023;Laguna;
27/03/2023;Curitibanos;
27/03/2023;Rio Negrinho;
27/03/2023;Campos Novos;
27/03/2023;Itapoá;
27/03/2023;Joaçaba;
28/03/2023;Florianópolis;
28/03/2023;Itajaí;
28/03/2023;Chapecó;
28/03/2023;Lages;
28/03/2023;Caçador;
28/03/2023;Araranguá;
28/03/2023;Indaial;
28/03/2023;Xanxerê;
28/03/2023;São Miguel do Oeste;
28/03/2023;Laguna;
28/03/2023;Curitibanos;
28/03/2023;Rio Negrinho;
28/03/2023;Campos Novos;
28/03/2023;Itapoá;
28/03/2023;Joaçaba;
29/03/2023;Florianópolis;
29/03/2023;Itajaí;
29/03/2023;Chapecó;
29/03/2023;Lages;
29/03/2023;Caçador;
29/03/2023;Araranguá;
29/03/2023;Indaial;
29/03/2023;Xanxerê;
29/03/2023;São Miguel do Oeste;
29/03/2023;Laguna;
29/03/2023;Curitibanos;
29/03/2023;Rio Negrinho;
29/03/2023;Campos Novos;
29/03/2023;Itapoá;
29/03/2023;Joaçaba;
30/03/2023;Florianópolis;
30/03/2023;Itajaí;
30/03/2023;Chapecó;
30/03/2023;Lages;
30/03/2023;Caçador;
30/03/2023;Araranguá;
30/03/2023;Indaial;
30/03/2023;Xanxerê;
30/03/2023;São Miguel do Oeste;
30/03/2023;Laguna;
30/03/2023;Curitibanos;
30/03/2023;Rio Negrinho;
30/03/2023;Campos Novos;
30/03/2023;Itapoá;
30/03/2023;Joaçaba;
31/03/2023;Florianópolis;
31/03/2023;Itajaí;
31/03/2023;Chapecó;
31/03/2023;Lages;
31/03/2023;Caçador;
31/03/2023;Araranguá;
31/03/2023;Indaial;
31/03/2023;Xanxerê;
31/03/2023;São Miguel do Oeste;
31/03/2023;Laguna;
31/03/2023;Curitibanos;
31/03/2023;Rio Negrinho;
31/03/2023;Campos Novos;
31/03/2023;Itapoá;
31/03/2023;Joaçaba;
01/04/2023;Florianópolis;
01/04/2023;Itajaí;
01/04/2023;Chapecó;
01/04/2023;Lages;
01/04/2023;Caçador;
01/04/2023;Araranguá;
01/04/2023;Indaial;
01/04/2023;Xanxerê;
01/04/2023;São Miguel do Oeste;
01/04/2023;Laguna;
01/04/2023;Curitibanos;
01/04/2023;Rio Negrinho;
01/04/2023;Campos Novos;
01/04/2023;Itapoá;
01/04/2023;Joaçaba;
02/04/2023;Florianópolis;
02/04/2023;Itajaí;
02/04/2023;Chapecó;
02/04/2023;Lages;
02/04/2023;Caçador;
02/04/2023;Araranguá;
02/04/2023;Indaial;
02/04/2023;Xanxerê;
02/04/2023;São Miguel do Oeste;
02/04/2023;Laguna;
02/04/2023;Curitibanos;
02/04/2023;Rio Negrinho;
02/04/2023;Campos Novos;
02/04/2023;Itapoá;
02/04/2023;Joaçaba;
03/04/2023;Florianópolis;
03/04/2023;Itajaí;
03/04/2023;Chapecó;
03/04/2023;Lages;
03/04/2023;Caçador;
03/04/2023;Araranguá;
03/04/2023;Indaial;
03/04/2023;Xanxerê;
03/04/2023;São Miguel do Oeste;
03/04/2023;Laguna;
03/04/2023;Curitibanos;
03/04/2023;Rio Negrinho;
03/04/2023;Campos Novos;
03/04/2023;Itapoá;
03/04/2023;Joaçaba;
04/04/2023;Florianópolis;
04/04/2023;Itajaí;
04/04/2023;Chapecó;
04/04/2023;Lages;
04/04/2023;Caçador;
04/04/2023;Araranguá;
04/04/2023;Indaial;
04/04/2023;Xanxerê;
04/04/2023;São Miguel do Oeste;
04/04/2023;Laguna;
04/04/2023;Curitibanos;
04/04/2023;Rio Negrinho;
04/04/2023;Campos Novos;
04/04/2023;Itapoá;
04/04/2023;Joaçaba;
05/04/2023;Florianópolis;
05/04/2023;Itajaí;
05/04/2023;Chapecó;
05/04/2023;Lages;
05/04/2023;Caçador;
05/04/2023;Araranguá;
05/04/2023;Indaial;
05/04/2023;Xanxerê;
05/04/2023;São Miguel do Oeste;
05/04/2023;Laguna;
05/04/2023;Curitibanos;
05/04/2023;Rio Negrinho;
05/04/2023;Campos Novos;
05/04/2023;Itapoá;
05/04/2023;Joaçaba;
06/04/2023;Florianópolis;
06/04/2023;Itajaí;
06/04/2023;Chapecó;
06/04/2023;Lages;
06/04/2023;Caçador;
06/04/2023;Araranguá;
06/04/2023;Indaial;
06/04/2023;Xanxerê;
06/04/2023;São Miguel do Oeste;
06/04/2023;Laguna;
06/04/2023;Curitibanos;
06/04/2023;Rio Negrinho;
06/04/2023;Campos Novos;
06/04/2023;Itapoá;
06/04/2023;Joaçaba;
07/04/2023;Florianópolis;
07/04/2023;Itajaí;
07/04/2023;Chapecó;
07/04/2023;Lages;
07/04/2023;Caçador;
07/04/2023;Araranguá;
07/04/2023;Indaial;
07/04/2023;Xanxerê;
07/04/2023;São Miguel do Oeste;
07/04/2023;Laguna;
07/04/2023;Curitibanos;
07/04/2023;Rio Negrinho;
07/04/2023;Campos Novos;
07/04/2023;Itapoá;
07/04/2023;Joaçaba;
08/04/2023;Florianópolis;
08/04/2023;Itajaí;
08/04/2023;Chapecó;
08/04/2023;Lages;
08/04/2023;Caçador;
08/04/2023;Araranguá;
08/04/2023;Indaial;
08/04/2023;Xanxerê;
08/04/2023;São Miguel do Oeste;
08/04/2023;Laguna;
08/04/2023;Curitibanos;
08/04/2023;Rio Negrinho;
08/04/2023;Campos Novos;
08/04/2023;Itapoá;
08/04/2023;Joaçaba;
09/04/2023;Florianópolis;
09/04/2023;Itajaí;
09/04/2023;Chapecó;
09/04/2023;Lages;
09/04/2023;Caçador;
09/04/2023;Araranguá;
09/04/2023;Indaial;
09/04/2023;Xanxerê;
09/04/2023;São Miguel do Oeste;
09/04/2023;Laguna;
09/04/2023;Curitibanos;
09/04/2023;Rio Negrinho;
09/04/2023;Campos Novos;
09/04/2023;Itapoá;
09/04/2023;Joaçaba;
10/04/2023;Florianópolis;
10/04/2023;Itajaí;
10/04/2023;Chapecó;
10/04/2023;Lages;
10/04/2023;Caçador;
10/04/2023;Araranguá;
10/04/2023;Indaial;
10/04/2023;Xanxerê;
10/04/2023;São Miguel do Oeste;
10/04/2023;Laguna;
10/04/2023;Curitibanos;
10/04/2023;Rio Negrinho;
10/04/2023;Campos Novos;
10/04/2023;Itapoá;
10/04/2023;Joaçaba;
11/04/2023;Florianópolis;
11/04/2023;Itajaí;
11/04/2023;Chapecó;
11/04/2023;Lages;
11/04/2023;Caçador;
11/04/2023;Araranguá;
11/04/2023;Indaial;
11/04/2023;Xanxerê;
11/04/2023;São Miguel do Oeste;
11/04/2023;Laguna;
11/04/2023;Curitibanos;
11/04/2023;Rio Negrinho;
11/04/2023;Campos Novos;
11/04/2023;Itapoá;
11/04/2023;Joaçaba;
12/04/2023;Florianópolis;
12/04/2023;Itajaí;
12/04/2023;Chapecó;
12/04/2023;Lages;
12/04/2023;Caçador;
12/04/2023;Araranguá;
12/04/2023;Indaial;
12/04/2023;Xanxerê;
12/04/2023;São Miguel do Oeste;
12/04/2023;Laguna;
12/04/2023;Curitibanos;
12/04/2023;Rio Negrinho;
12/04/2023;Campos Novos;
12/04/2023;Itapoá;
12/04/2023;Joaçaba;
13/04/2023;Florianópolis;
13/04/2023;Itajaí;
13/04/2023;Chapecó;
13/04/2023;Lages;
13/04/2023;Caçador;
13/04/2023;Araranguá;
13/04/2023;Indaial;
13/04/2023;Xanxerê;
13/04/2023;São Miguel do Oeste;
13/04/2023;Laguna;
13/04/2023;Curitibanos;
13/04/2023;Rio Negrinho;
13/04/2023;Campos Novos;
13/04/2023;Itapoá;
13/04/2023;Joaçaba;
14/04/2023;Florianópolis;
14/04/2023;Itajaí;
14/04/2023;Chapecó;
14/04/2023;Lages;
14/04/2023;Caçador;
14/04/2023;Araranguá;
14/04/2023;Indaial;
14/04/2023;Xanxerê;
14/04/2023;São Miguel do Oeste;
14/04/2023;Laguna;
14/04/2023;Curitibanos;
14/04/2023;Rio Negrinho;
14/04/2023;Campos Novos;
14/04/2023;Itapoá;
14/04/2023;Joaçaba;
15/04/2023;Florianópolis;
15/04/2023;Itajaí;
15/04/2023;Chapecó;
15/04/2023;Lages;
15/04/2023;Caçador;
15/04/2023;Araranguá;
15/04/2023;Indaial;
15/04/2023;Xanxerê;
15/04/2023;São Miguel do Oeste;
15/04/2023;Laguna;
15/04/2023;Curitibanos;
15/04/2023;Rio Negrinho;
15/04/2023;Campos Novos;
15/04/2023;Itapoá;
15/04/2023;Joaçaba;
16/04/2023;Florianópolis;
16/04/2023;Itajaí;
16/04/2023;Chapecó;
16/04/2023;Lages;
16/04/2023;Caçador;
16/04/2023;Araranguá;
16/04/2023;Indaial;
16/04/2023;Xanxerê;
16/04/2023;São Miguel do Oeste;
16/04/2023;Laguna;
16/04/2023;Curitibanos;
16/04/2023;Rio Negrinho;
16/04/2023;Campos Novos;
16/04/2023;Itapoá;
16/04/2023;Joaçaba;
17/04/2023;Florianópolis;
17/04/2023;Itajaí;
17/04/2023;Chapecó;
17/04/2023;Lages;
17/04/2023;Caçador;
17/04/2023;Araranguá;
17/04/2023;Indaial;
17/04/2023;Xanxerê;
17/04/2023;São Miguel do Oeste;
17/04/2023;Laguna;
17/04/2023;Curitibanos;
17/04/2023;Rio Negrinho;
17/04/2023;Campos Novos;
17/04/2023;Itapoá;
17/04/2023;Joaçaba;
18/04/2023;Florianópolis;
18/04/2023;Itajaí;
18/04/2023;Chapecó;
18/04/2023;Lages;
18/04/2023;Caçador;
18/04/2023;Araranguá;
18/04/2023;Indaial;
18/04/2023;Xanxerê;
18/04/2023;São Miguel do Oeste;
18/04/2023;Laguna;
18/04/2023;Curitibanos;
18/04/2023;Rio Negrinho;
18/04/2023;Campos Novos;
18/04/2023;Itapoá;
18/04/2023;Joaçaba;
19/04/2023;Florianópolis;
19/04/2023;Itajaí;
19/04/2023;Chapecó;
19/04/2023;Lages;
19/04/2023;Caçador;
19/04/2023;Araranguá;
19/04/2023;Indaial;
19/04/2023;Xanxerê;
19/04/2023;São Miguel do Oeste;
19/04/2023;Laguna;
19/04/2023;Curitibanos;
19/04/2023;Rio Negrinho;
19/04/2023;Campos Novos;
19/04/2023;Itapoá;
19/04/2023;Joaçaba;
20/04/2023;Florianópolis;
20/04/2023;Itajaí;
20/04/2023;Chapecó;
20/04/2023;Lages;
20/04/2023;Caçador;
20/04/2023;Araranguá;
20/04/2023;Indaial;
20/04/2023;Xanxerê;
20/04/2023;São Miguel do Oeste;
20/04/2023;Laguna;
20/04/2023;Curitibanos;
20/04/2023;Rio Negrinho;
20/04/2023;Campos Novos;
20/04/2023;Itapoá;
20/04/2023;Joaçaba;
21/04/2023;Florianópolis;
21/04/2023;Itajaí;
21/04/2023;Chapecó;
21/04/2023;Lages;
21/04/2023;Caçador;
21/04/2023;Araranguá;
21/04/2023;Indaial;
21/04/2023;Xanxerê;
21/04/2023;São Miguel do Oeste;
21/04/2023;Laguna;
21/04/2023;Curitibanos;
21/04/2023;Rio Negrinho;
21/04/2023;Campos Novos;
21/04/2023;Itapoá;
21/04/2023;Joaçaba;
22/04/2023;Florianópolis;
22/04/2023;Itajaí;
22/04/2023;Chapecó;
22/04/2023;Lages;
22/04/2023;Caçador;
22/04/2023;Araranguá;
22/04/2023;Indaial;
22/04/2023;Xanxerê;
22/04/2023;São Miguel do Oeste;
22/04/2023;Laguna;
22/04/2023;Curitibanos;
22/04/2023;Rio Negrinho;
22/04/2023;Campos Novos;
22/04/2023;Itapoá;
22/04/2023;Joaçaba;
23/04/2023;Florianópolis;
23/04/2023;Itajaí;
23/04/2023;Chapecó;
23/04/2023;Lages;
23/04/2023;Caçador;
23/04/2023;Araranguá;
23/04/2023;Indaial;
23/04/2023;Xanxerê;
23/04/2023;São Miguel do Oeste;
23/04/2023;Laguna;
23/04/2023;Curitibanos;
23/04/2023;Rio Negrinho;
23/04/2023;Campos Novos;
23/04/2023;Itapoá;
23/04/2023;Joaçaba;
24/04/2023;Florianópolis;
24/04/2023;Itajaí;
24/04/2023;Chapecó;
24/04/2023;Lages;
24/04/2023;Caçador;
24/04/2023;Araranguá;
24/04/2023;Indaial;
24/04/2023;Xanxerê;
24/04/2023;São Miguel do Oeste;
24/04/2023;Laguna;
24/04/2023;Curitibanos;
24/04/2023;Rio Negrinho;
24/04/2023;Campos Novos;
24/04/2023;Itapoá;
24/04/2023;Joaçaba;
25/04/2023;Florianópolis;
25/04/2023;Itajaí;
25/04/2023;Chapecó;
25/04/2023;Lages;
25/04/2023;Caçador;
25/04/2023;Araranguá;
25/04/2023;Indaial;
25/04/2023;Xanxerê;
25/04/2023;São Miguel do Oeste;
25/04/2023;Laguna;
25/04/2023;Curitibanos;
25/04/2023;Rio Negrinho;
25/04/2023;Campos Novos;
25/04/2023;Itapoá;
25/04/2023;Joaçaba;
26/04/2023;Florianópolis;
26/04/2023;Itajaí;
26/04/2023;Chapecó;
26/04/2023;Lages;
26/04/2023;Caçador;
26/04/2023;Araranguá;
26/04/2023;Indaial;
26/04/2023;Xanxerê;
26/04/2023;São Miguel do Oeste;
26/04/2023;Laguna;
26/04/2023;Curitibanos;
26/04/2023;Rio Negrinho;
26/04/2023;Campos Novos;
26/04/2023;Itapoá;
26/04/2023;Joaçaba;
27/04/2023;Florianópolis;
27/04/2023;Itajaí;
27/04/2023;Chapecó;
27/04/2023;Lages;
27/04/2023;Caçador;
27/04/2023;Araranguá;
27/04/2023;Indaial;
27/04/2023;Xanxerê;
27/04/2023;São Miguel do Oeste;
27/04/2023;Laguna;
27/04/2023;Curitibanos;
27/04/2023;Rio Negrinho;
27/04/2023;Campos Novos;
27/04/2023;Itapoá;
27/04/2023;Joaçaba;
28/04/2023;Florianópolis;
28/04/2023;Itajaí;
28/04/2023;Chapecó;
28/04/2023;Lages;
28/04/2023;Caçador;
28/04/2023;Araranguá;
28/04/2023;Indaial;
28/04/2023;Xanxerê;
28/04/2023;São Miguel do Oeste;
28/04/2023;Laguna;
28/04/2023;Curitibanos;
28/04/2023;Rio Negrinho;
28/04/2023;Campos Novos;
28/04/2023;Itapoá;
28/04/2023;Joaçaba;
29/04/2023;Florianópolis;
29/04/2023;Itajaí;
29/04/2023;Chapecó;
29/04/2023;Lages;
29/04/2023;Caçador;
29/04/2023;Araranguá;
29/04/2023;Indaial;
29/04/2023;Xanxerê;
29/04/2023;São Miguel do Oeste;
29/04/2023;Laguna;
29/04/2023;Curitibanos;
29/04/2023;Rio Negrinho;
29/04/2023;Campos Novos;
29/04/2023;Itapoá;
29/04/2023;Joaçaba;
30/04/2023;Florianópolis;
30/04/2023;Itajaí;
30/04/2023;Chapecó;
30/04/2023;Lages;
30/04/2023;Caçador;
30/04/2023;Araranguá;
30/04/2023;Indaial;
30/04/2023;Xanxerê;
30/04/2023;São Miguel do Oeste;
30/04/2023;Laguna;
30/04/2023;Curitibanos;
30/04/2023;Rio Negrinho;
30/04/2023;Campos Novos;
30/04/2023;Itapoá;
30/04/2023;Joaçaba;
01/05/2023;Florianópolis;
01/05/2023;Itajaí;
01/05/2023;Chapecó;
01/05/2023;Lages;
01/05/2023;Caçador;
01/05/2023;Araranguá;
01/05/2023;Indaial;
01/05/2023;Xanxerê;
01/05/2023;São Miguel do Oeste;
01/05/2023;Laguna;
01/05/2023;Curitibanos;
01/05/2023;Rio Negrinho;
01/05/2023;Campos Novos;
01/05/2023;Itapoá;
01/05/2023;Joaçaba;
02/05/2023;Florianópolis;
02/05/2023;Itajaí;
02/05/2023;Chapecó;
02/05/2023;Lages;
02/05/2023;Caçador;
02/05/2023;Araranguá;
02/05/2023;Indaial;
02/05/2023;Xanxerê;
02/05/2023;São Miguel do Oeste;
02/05/2023;Laguna;
02/05/2023;Curitibanos;
02/05/2023;Rio Negrinho;
02/05/2023;Campos Novos;
02/05/2023;Itapoá;
02/05/2023;Joaçaba;
03/05/2023;Florianópolis;
03/05/2023;Itajaí;
03/05/2023;Chapecó;
03/05/2023;Lages;
03/05/2023;Caçador;
03/05/2023;Araranguá;
03/05/2023;Indaial;
03/05/2023;Xanxerê;
03/05/2023;São Miguel do Oeste;
03/05/2023;Laguna;
03/05/2023;Curitibanos;
03/05/2023;Rio Negrinho;
03/05/2023;Campos Novos;
03/05/2023;Itapoá;
03/05/2023;Joaçaba;
04/05/2023;Florianópolis;
04/05/2023;Itajaí;
04/05/2023;Chapecó;
04/05/2023;Lages;
04/05/2023;Caçador;
04/05/2023;Araranguá;
04/05/2023;Indaial;
04/05/2023;Xanxerê;
04/05/2023;São Miguel do Oeste;
04/05/2023;Laguna;
04/05/2023;Curitibanos;
04/05/2023;Rio Negrinho;
04/05/2023;Campos Novos;
04/05/2023;Itapoá;
04/05/2023;Joaçaba;
05/05/2023;Florianópolis;
05/05/2023;Itajaí;
05/05/2023;Chapecó;
05/05/2023;Lages;
05/05/2023;Caçador;
05/05/2023;Araranguá;
05/05/2023;Indaial;
05/05/2023;Xanxerê;
05/05/2023;São Miguel do Oeste;
05/05/2023;Laguna;
05/05/2023;Curitibanos;
05/05/2023;Rio Negrinho;
05/05/2023;Campos Novos;
05/05/2023;Itapoá;
05/05/2023;Joaçaba;
06/05/2023;Florianópolis;
06/05/2023;Itajaí;
06/05/2023;Chapecó;
06/05/2023;Lages;
06/05/2023;Caçador;
06/05/2023;Araranguá;
06/05/2023;Indaial;
06/05/2023;Xanxerê;
06/05/2023;São Miguel do Oeste;
06/05/2023;Laguna;
06/05/2023;Curitibanos;
06/05/2023;Rio Negrinho;
06/05/2023;Campos Novos;
06/05/2023;Itapoá;
06/05/2023;Joaçaba;
07/05/2023;Florianópolis;
07/05/2023;Itajaí;
07/05/2023;Chapecó;
07/05/2023;Lages;
07/05/2023;Caçador;
07/05/2023;Araranguá;
07/05/2023;Indaial;
07/05/2023;Xanxerê;
07/05/2023;São Miguel do Oeste;
07/05/2023;Laguna;
07/05/2023;Curitibanos;
07/05/2023;Rio Negrinho;
07/05/2023;Campos Novos;
07/05/2023;Itapoá;
07/05/2023;Joaçaba;
08/05/2023;Florianópolis;
08/05/2023;Itajaí;
08/05/2023;Chapecó;
08/05/2023;Lages;
08/05/2023;Caçador;
08/05/2023;Araranguá;
08/05/2023;Indaial;
08/05/2023;Xanxerê;
08/05/2023;São Miguel do Oeste;
08/05/2023;Laguna;
08/05/2023;Curitibanos;
08/05/2023;Rio Negrinho;
08/05/2023;Campos Novos;
08/05/2023;Itapoá;
08/05/2023;Joaçaba;
09/05/2023;Florianópolis;
09/05/2023;Itajaí;
09/05/2023;Chapecó;
09/05/2023;Lages;
09/05/2023;Caçador;
09/05/2023;Araranguá;
09/05/2023;Indaial;
09/05/2023;Xanxerê;
09/05/2023;São Miguel do Oeste;
09/05/2023;Laguna;
09/05/2023;Curitibanos;
09/05/2023;Rio Negrinho;
09/05/2023;Campos Novos;
09/05/2023;Itapoá;
09/05/2023;Joaçaba;
10/05/2023;Florianópolis;
10/05/2023;Itajaí;
10/05/2023;Chapecó;
10/05/2023;Lages;
10/05/2023;Caçador;
10/05/2023;Araranguá;
10/05/2023;Indaial;
10/05/2023;Xanxerê;
10/05/2023;São Miguel do Oeste;
10/05/2023;Laguna;
10/05/2023;Curitibanos;
10/05/2023;Rio Negrinho;
10/05/2023;Campos Novos;
10/05/2023;Itapoá;
10/05/2023;Joaçaba;
11/05/2023;Florianópolis;
11/05/2023;Itajaí;
11/05/2023;Chapecó;
11/05/2023;Lages;
11/05/2023;Caçador;
11/05/2023;Araranguá;
11/05/2023;Indaial;
11/05/2023;Xanxerê;
11/05/2023;São Miguel do Oeste;
11/05/2023;Laguna;
11/05/2023;Curitibanos;
11/05/2023;Rio Negrinho;
11/05/2023;Campos Novos;
11/05/2023;Itapoá;
11/05/2023;Joaçaba;
12/05/2023;Florianópolis;
12/05/2023;Itajaí;
12/05/2023;Chapecó;
12/05/2023;Lages;
12/05/2023;Caçador;
12/05/2023;Araranguá;
12/05/2023;Indaial;
12/05/2023;Xanxerê;
12/05/2023;São Miguel do Oeste;
12/05/2023;Laguna;
12/05/2023;Curitibanos;
12/05/2023;Rio Negrinho;
12/05/2023;Campos Novos;
12/05/2023;Itapoá;
12/05/2023;Joaçaba;
13/05/2023;Florianópolis;
13/05/2023;Itajaí;
13/05/2023;Chapecó;
13/05/2023;Lages;
13/05/2023;Caçador;
13/05/2023;Araranguá;
13/05/2023;Indaial;
13/05/2023;Xanxerê;
13/05/2023;São Miguel do Oeste;
13/05/2023;Laguna;
13/05/2023;Curitibanos;
13/05/2023;Rio Negrinho;
13/05/2023;Campos Novos;
13/05/2023;Itapoá;
13/05/2023;Joaçaba;
14/05/2023;Florianópolis;
14/05/2023;Itajaí;
14/05/2023;Chapecó;
14/05/2023;Lages;
14/05/2023;Caçador;
14/05/2023;Araranguá;
14/05/2023;Indaial;
14/05/2023;Xanxerê;
14/05/2023;São Miguel do Oeste;
14/05/2023;Laguna;
14/05/2023;Curitibanos;
14/05/2023;Rio Negrinho;
14/05/2023;Campos Novos;
14/05/2023;Itapoá;
14/05/2023;Joaçaba;
15/05/2023;Florianópolis;
15/05/2023;Itajaí;
15/05/2023;Chapecó;
15/05/2023;Lages;
15/05/2023;Caçador;
15/05/2023;Araranguá;
15/05/2023;Indaial;
15/05/2023;Xanxerê;
15/05/2023;São Miguel do Oeste;
15/05/2023;Laguna;
15/05/2023;Curitibanos;
15/05/2023;Rio Negrinho;
15/05/2023;Campos Novos;
15/05/2023;Itapoá;
15/05/2023;Joaçaba;
16/05/2023;Florianópolis;
16/05/2023;Itajaí;
16/05/2023;Chapecó;
16/05/2023;Lages;
16/05/2023;Caçador;
16/05/2023;Araranguá;
16/05/2023;Indaial;
16/05/2023;Xanxerê;
16/05/2023;São Miguel do Oeste;
16/05/2023;Laguna;
16/05/2023;Curitibanos;
16/05/2023;Rio Negrinho;
16/05/2023;Campos Novos;
16/05/2023;Itapoá;
16/05/2023;Joaçaba;
17/05/2023;Florianópolis;
17/05/2023;Itajaí;
17/05/2023;Chapecó;
17/05/2023;Lages;
17/05/2023;Caçador;
17/05/2023;Araranguá;
17/05/2023;Indaial;
17/05/2023;Xanxerê;
17/05/2023;São Miguel do Oeste;
17/05/2023;Laguna;
17/05/2023;Curitibanos;
17/05/2023;Rio Negrinho;
17/05/2023;Campos Novos;
17/05/2023;Itapoá;
17/05/2023;Joaçaba;
18/05/2023;Florianópolis;
18/05/2023;Itajaí;
18/05/2023;Chapecó;
18/05/2023;Lages;
18/05/2023;Caçador;
18/05/2023;Araranguá;
18/05/2023;Indaial;
18/05/2023;Xanxerê;
18/05/2023;São Miguel do Oeste;
18/05/2023;Laguna;
18/05/2023;Curitibanos;
18/05/2023;Rio Negrinho;
18/05/2023;Campos Novos;
18/05/2023;Itapoá;
18/05/2023;Joaçaba;
19/05/2023;Florianópolis;
19/05/2023;Itajaí;
19/05/2023;Chapecó;
19/05/2023;Lages;
19/05/2023;Caçador;
19/05/2023;Araranguá;
19/05/2023;Indaial;
19/05/2023;Xanxerê;
19/05/2023;São Miguel do Oeste;
19/05/2023;Laguna;
19/05/2023;Curitibanos;
19/05/2023;Rio Negrinho;
19/05/2023;Campos Novos;
19/05/2023;Itapoá;
19/05/2023;Joaçaba;
20/05/2023;Florianópolis;
20/05/2023;Itajaí;
20/05/2023;Chapecó;
20/05/2023;Lages;
20/05/2023;Caçador;
20/05/2023;Araranguá;
20/05/2023;Indaial;
20/05/2023;Xanxerê;
20/05/2023;São Miguel do Oeste;
20/05/2023;Laguna;
20/05/2023;Curitibanos;
20/05/2023;Rio Negrinho;
20/05/2023;Campos Novos;
20/05/2023;Itapoá;
20/05/2023;Joaçaba;
21/05/2023;Florianópolis;
21/05/2023;Itajaí;
21/05/2023;Chapecó;
21/05/2023;Lages;
21/05/2023;Caçador;
21/05/2023;Araranguá;
21/05/2023;Indaial;
21/05/2023;Xanxerê;
21/05/2023;São Miguel do Oeste;
21/05/2023;Laguna;
21/05/2023;Curitibanos;
21/05/2023;Rio Negrinho;
21/05/2023;Campos Novos;
21/05/2023;Itapoá;
21/05/2023;Joaçaba;
22/05/2023;Florianópolis;
22/05/2023;Itajaí;
22/05/2023;Chapecó;
22/05/2023;Lages;
22/05/2023;Caçador;
22/05/2023;Araranguá;
22/05/2023;Indaial;
22/05/2023;Xanxerê;
22/05/2023;São Miguel do Oeste;
22/05/2023;Laguna;
22/05/2023;Curitibanos;
22/05/2023;Rio Negrinho;
22/05/2023;Campos Novos;
22/05/2023;Itapoá;
22/05/2023;Joaçaba;
23/05/2023;Florianópolis;
23/05/2023;Itajaí;
23/05/2023;Chapecó;
23/05/2023;Lages;
23/05/2023;Caçador;
23/05/2023;Araranguá;
23/05/2023;Indaial;
23/05/2023;Xanxerê;
23/05/2023;São Miguel do Oeste;
23/05/2023;Laguna;
23/05/2023;Curitibanos;
23/05/2023;Rio Negrinho;
23/05/2023;Campos Novos;
23/05/2023;Itapoá;
23/05/2023;Joaçaba;
24/05/2023;Florianópolis;
24/05/2023;Itajaí;
24/05/2023;Chapecó;
24/05/2023;Lages;
24/05/2023;Caçador;
24/05/2023;Araranguá;
24/05/2023;Indaial;
24/05/2023;Xanxerê;
24/05/2023;São Miguel do Oeste;
24/05/2023;Laguna;
24/05/2023;Curitibanos;
24/05/2023;Rio Negrinho;
24/05/2023;Campos Novos;
24/05/2023;Itapoá;
24/05/2023;Joaçaba;
25/05/2023;Florianópolis;
25/05/2023;Itajaí;
25/05/2023;Chapecó;
25/05/2023;Lages;
25/05/2023;Caçador;
25/05/2023;Araranguá;
25/05/2023;Indaial;
25/05/2023;Xanxerê;
25/05/2023;São Miguel do Oeste;
25/05/2023;Laguna;
25/05/2023;Curitibanos;
25/05/2023;Rio Negrinho;
25/05/2023;Campos Novos;
25/05/2023;Itapoá;
25/05/2023;Joaçaba;
26/05/2023;Florianópolis;
26/05/2023;Itajaí;
26/05/2023;Chapecó;
26/05/2023;Lages;
26/05/2023;Caçador;
26/05/2023;Araranguá;
26/05/2023;Indaial;
26/05/2023;Xanxerê;
26/05/2023;São Miguel do Oeste;
26/05/2023;Laguna;
26/05/2023;Curitibanos;
26/05/2023;Rio Negrinho;
26/05/2023;Campos Novos;
26/05/2023;Itapoá;
26/05/2023;Joaçaba;
27/05/2023;Florianópolis;
27/05/2023;Itajaí;
27/05/2023;Chapecó;
27/05/2023;Lages;
27/05/2023;Caçador;
27/05/2023;Araranguá;
27/05/2023;Indaial;
27/05/2023;Xanxerê;
27/05/2023;São Miguel do Oeste;
27/05/2023;Laguna;
27/05/2023;Curitibanos;
27/05/2023;Rio Negrinho;
27/05/2023;Campos Novos;
27/05/2023;Itapoá;
27/05/2023;Joaçaba;
28/05/2023;Florianópolis;
28/05/2023;Itajaí;
28/05/2023;Chapecó;
28/05/2023;Lages;
28/05/2023;Caçador;
28/05/2023;Araranguá;
28/05/2023;Indaial;
28/05/2023;Xanxerê;
28/05/2023;São Miguel do Oeste;
28/05/2023;Laguna;
28/05/2023;Curitibanos;
28/05/2023;Rio Negrinho;
28/05/2023;Campos Novos;
28/05/2023;Itapoá;
28/05/2023;Joaçaba;
29/05/2023;Florianópolis;
29/05/2023;Itajaí;
29/05/2023;Chapecó;
29/05/2023;Lages;
29/05/2023;Caçador;
29/05/2023;Araranguá;
29/05/2023;Indaial;
29/05/2023;Xanxerê;
29/05/2023;São Miguel do Oeste;
29/05/2023;Laguna;
29/05/2023;Curitibanos;
29/05/2023;Rio Negrinho;
29/05/2023;Campos Novos;
29/05/2023;Itapoá;
29/05/2023;Joaçaba;
30/05/2023;Florianópolis;
30/05/2023;Itajaí;
30/05/2023;Chapecó;
30/05/2023;Lages;
30/05/2023;Caçador;
30/05/2023;Araranguá;
30/05/2023;Indaial;
30/05/2023;Xanxerê;
30/05/2023;São Miguel do Oeste;
30/05/2023;Laguna;
30/05/2023;Curitibanos;
30/05/2023;Rio Negrinho;
30/05/2023;Campos Novos;
30/05/2023;Itapoá;
30/05/2023;Joaçaba;
31/05/2023;Florianópolis;
31/05/2023;Itajaí;
31/05/2023;Chapecó;
31/05/2023;Lages;
31/05/2023;Caçador;
31/05/2023;Araranguá;
31/05/2023;Indaial;
31/05/2023;Xanxerê;
31/05/2023;São Miguel do Oeste;
31/05/2023;Laguna;
31/05/2023;Curitibanos;
31/05/2023;Rio Negrinho;
31/05/2023;Campos Novos;
31/05/2023;Itapoá;
31/05/2023;Joaçaba;
01/06/2023;Florianópolis;
01/06/2023;Itajaí;
01/06/2023;Chapecó;
01/06/2023;Lages;
01/06/2023;Caçador;
01/06/2023;Araranguá;
01/06/2023;Indaial;
01/06/2023;Xanxerê;
01/06/2023;São Miguel do Oeste;
01/06/2023;Laguna;
01/06/2023;Curitibanos;
01/06/2023;Rio Negrinho;
01/06/2023;Campos Novos;
01/06/2023;Itapoá;
01/06/2023;Joaçaba;
02/06/2023;Florianópolis;
02/06/2023;Itajaí;
02/06/2023;Chapecó;
02/06/2023;Lages;
02/06/2023;Caçador;
02/06/2023;Araranguá;
02/06/2023;Indaial;
02/06/2023;Xanxerê;
02/06/2023;São Miguel do Oeste;
02/06/2023;Laguna;
02/06/2023;Curitibanos;
02/06/2023;Rio Negrinho;
02/06/2023;Campos Novos;
02/06/2023;Itapoá;
02/06/2023;Joaçaba;
03/06/2023;Florianópolis;
03/06/2023;Itajaí;
03/06/2023;Chapecó;
03/06/2023;Lages;
03/06/2023;Caçador;
03/06/2023;Araranguá;
03/06/2023;Indaial;
03/06/2023;Xanxerê;
03/06/2023;São Miguel do Oeste;
03/06/2023;Laguna;
03/06/2023;Curitibanos;
03/06/2023;Rio Negrinho;
03/06/2023;Campos Novos;
03/06/2023;Itapoá;
03/06/2023;Joaçaba;
04/06/2023;Florianópolis;
04/06/2023;Itajaí;
04/06/2023;Chapecó;
04/06/2023;Lages;
04/06/2023;Caçador;
04/06/2023;Araranguá;
04/06/2023;Indaial;
04/06/2023;Xanxerê;
04/06/2023;São Miguel do Oeste;
04/06/2023;Laguna;
04/06/2023;Curitibanos;
04/06/2023;Rio Negrinho;
04/06/2023;Campos Novos;
04/06/2023;Itapoá;
04/06/2023;Joaçaba;
05/06/2023;Florianópolis;
05/06/2023;Itajaí;
05/06/2023;Chapecó;
05/06/2023;Lages;
05/06/2023;Caçador;
05/06/2023;Araranguá;
05/06/2023;Indaial;
05/06/2023;Xanxerê;
05/06/2023;São Miguel do Oeste;
05/06/2023;Laguna;
05/06/2023;Curitibanos;
05/06/2023;Rio Negrinho;
05/06/2023;Campos Novos;
05/06/2023;Itapoá;
05/06/2023;Joaçaba;
06/06/2023;Florianópolis;
06/06/2023;Itajaí;
06/06/2023;Chapecó;
06/06/2023;Lages;
06/06/2023;Caçador;
06/06/2023;Araranguá;
06/06/2023;Indaial;
06/06/2023;Xanxerê;
06/06/2023;São Miguel do Oeste;
06/06/2023;Laguna;
06/06/2023;Curitibanos;
06/06/2023;Rio Negrinho;
06/06/2023;Campos Novos;
06/06/2023;Itapoá;
06/06/2023;Joaçaba;
07/06/2023;Florianópolis;
07/06/2023;Itajaí;
07/06/2023;Chapecó;
07/06/2023;Lages;
07/06/2023;Caçador;
07/06/2023;Araranguá;
07/06/2023;Indaial;
07/06/2023;Xanxerê;
07/06/2023;São Miguel do Oeste;
07/06/2023;Laguna;
07/06/2023;Curitibanos;
07/06/2023;Rio Negrinho;
07/06/2023;Campos Novos;
07/06/2023;Itapoá;
07/06/2023;Joaçaba;
08/06/2023;Florianópolis;
08/06/2023;Itajaí;
08/06/2023;Chapecó;
08/06/2023;Lages;
08/06/2023;Caçador;
08/06/2023;Araranguá;
08/06/2023;Indaial;
08/06/2023;Xanxerê;
08/06/2023;São Miguel do Oeste;
08/06/2023;Laguna;
08/06/2023;Curitibanos;
08/06/2023;Rio Negrinho;
08/06/2023;Campos Novos;
08/06/2023;Itapoá;
08/06/2023;Joaçaba;
09/06/2023;Florianópolis;
09/06/2023;Itajaí;
09/06/2023;Chapecó;
09/06/2023;Lages;
09/06/2023;Caçador;
09/06/2023;Araranguá;
09/06/2023;Indaial;
09/06/2023;Xanxerê;
09/06/2023;São Miguel do Oeste;
09/06/2023;Laguna;
09/06/2023;Curitibanos;
09/06/2023;Rio Negrinho;
09/06/2023;Campos Novos;
09/06/2023;Itapoá;
09/06/2023;Joaçaba;
10/06/2023;Florianópolis;
10/06/2023;Itajaí;
10/06/2023;Chapecó;
10/06/2023;Lages;
10/06/2023;Caçador;
10/06/2023;Araranguá;
10/06/2023;Indaial;
10/06/2023;Xanxerê;
10/06/2023;São Miguel do Oeste;
10/06/2023;Laguna;
10/06/2023;Curitibanos;
10/06/2023;Rio Negrinho;
10/06/2023;Campos Novos;
10/06/2023;Itapoá;
10/06/2023;Joaçaba;
11/06/2023;Florianópolis;
11/06/2023;Itajaí;
11/06/2023;Chapecó;
11/06/2023;Lages;
11/06/2023;Caçador;
11/06/2023;Araranguá;
11/06/2023;Indaial;
11/06/2023;Xanxerê;
11/06/2023;São Miguel do Oeste;
11/06/2023;Laguna;
11/06/2023;Curitibanos;
11/06/2023;Rio Negrinho;
11/06/2023;Campos Novos;
11/06/2023;Itapoá;
11/06/2023;Joaçaba;
12/06/2023;Florianópolis;
12/06/2023;Itajaí;
12/06/2023;Chapecó;
12/06/2023;Lages;
12/06/2023;Caçador;
12/06/2023;Araranguá;
12/06/2023;Indaial;
12/06/2023;Xanxerê;
12/06/2023;São Miguel do Oeste;
12/06/2023;Laguna;
12/06/2023;Curitibanos;
12/06/2023;Rio Negrinho;
12/06/2023;Campos Novos;
12/06/2023;Itapoá;
12/06/2023;Joaçaba;
13/06/2023;Florianópolis;
13/06/2023;Itajaí;
13/06/2023;Chapecó;
13/06/2023;Lages;
13/06/2023;Caçador;
13/06/2023;Araranguá;
13/06/2023;Indaial;
13/06/2023;Xanxerê;
13/06/2023;São Miguel do Oeste;
13/06/2023;Laguna;
13/06/2023;Curitibanos;
13/06/2023;Rio Negrinho;
13/06/2023;Campos Novos;
13/06/2023;Itapoá;
13/06/2023;Joaçaba;
14/06/2023;Florianópolis;
14/06/2023;Itajaí;
14/06/2023;Chapecó;
14/06/2023;Lages;
14/06/2023;Caçador;
14/06/2023;Araranguá;
14/06/2023;Indaial;
14/06/2023;Xanxerê;
14/06/2023;São Miguel do Oeste;
14/06/2023;Laguna;
14/06/2023;Curitibanos;
14/06/2023;Rio Negrinho;
14/06/2023;Campos Novos;
14/06/2023;Itapoá;
14/06/2023;Joaçaba;
15/06/2023;Florianópolis;
15/06/2023;Itajaí;
15/06/2023;Chapecó;
15/06/2023;Lages;
15/06/2023;Caçador;
15/06/2023;Araranguá;
15/06/2023;Indaial;
15/06/2023;Xanxerê;
15/06/2023;São Miguel do Oeste;
15/06/2023;Laguna;
15/06/2023;Curitibanos;
15/06/2023;Rio Negrinho;
15/06/2023;Campos Novos;
15/06/2023;Itapoá;
15/06/2023;Joaçaba;
16/06/2023;Florianópolis;
16/06/2023;Itajaí;
16/06/2023;Chapecó;
16/06/2023;Lages;
16/06/2023;Caçador;
16/06/2023;Araranguá;
16/06/2023;Indaial;
16/06/2023;Xanxerê;
16/06/2023;São Miguel do Oeste;
16/06/2023;Laguna;
16/06/2023;Curitibanos;
16/06/2023;Rio Negrinho;
16/06/2023;Campos Novos;
16/06/2023;Itapoá;
16/06/2023;Joaçaba;
17/06/2023;Florianópolis;
17/06/2023;Itajaí;
17/06/2023;Chapecó;
17/06/2023;Lages;
17/06/2023;Caçador;
17/06/2023;Araranguá;
17/06/2023;Indaial;
17/06/2023;Xanxerê;
17/06/2023;São Miguel do Oeste;
17/06/2023;Laguna;
17/06/2023;Curitibanos;
17/06/2023;Rio Negrinho;
17/06/2023;Campos Novos;
17/06/2023;Itapoá;
17/06/2023;Joaçaba;
18/06/2023;Florianópolis;
18/06/2023;Itajaí;
18/06/2023;Chapecó;
18/06/2023;Lages;
18/06/2023;Caçador;
18/06/2023;Araranguá;
18/06/2023;Indaial;
18/06/2023;Xanxerê;
18/06/2023;São Miguel do Oeste;
18/06/2023;Laguna;
18/06/2023;Curitibanos;
18/06/2023;Rio Negrinho;
18/06/2023;Campos Novos;
18/06/2023;Itapoá;
18/06/2023;Joaçaba;
19/06/2023;Florianópolis;
19/06/2023;Itajaí;
19/06/2023;Chapecó;
19/06/2023;Lages;
19/06/2023;Caçador;
19/06/2023;Araranguá;
19/06/2023;Indaial;
19/06/2023;Xanxerê;
19/06/2023;São Miguel do Oeste;
19/06/2023;Laguna;
19/06/2023;Curitibanos;
19/06/2023;Rio Negrinho;
19/06/2023;Campos Novos;
19/06/2023;Itapoá;
19/06/2023;Joaçaba;
20/06/2023;Florianópolis;
20/06/2023;Itajaí;
20/06/2023;Chapecó;
20/06/2023;Lages;
20/06/2023;Caçador;
20/06/2023;Araranguá;
20/06/2023;Indaial;
20/06/2023;Xanxerê;
20/06/2023;São Miguel do Oeste;
20/06/2023;Laguna;
20/06/2023;Curitibanos;
20/06/2023;Rio Negrinho;
20/06/2023;Campos Novos;
20/06/2023;Itapoá;
20/06/2023;Joaçaba;
21/06/2023;Florianópolis;
21/06/2023;Itajaí;
21/06/2023;Chapecó;
21/06/2023;Lages;
21/06/2023;Caçador;
21/06/2023;Araranguá;
21/06/2023;Indaial;
21/06/2023;Xanxerê;
21/06/2023;São Miguel do Oeste;
21/06/2023;Laguna;
21/06/2023;Curitibanos;
21/06/2023;Rio Negrinho;
21/06/2023;Campos Novos;
21/06/2023;Itapoá;
21/06/2023;Joaçaba;
22/06/2023;Florianópolis;
22/06/2023;Itajaí;
22/06/2023;Chapecó;
22/06/2023;Lages;
22/06/2023;Caçador;
22/06/2023;Araranguá;
22/06/2023;Indaial;
22/06/2023;Xanxerê;
22/06/2023;São Miguel do Oeste;
22/06/2023;Laguna;
22/06/2023;Curitibanos;
22/06/2023;Rio Negrinho;
22/06/2023;Campos Novos;
22/06/2023;Itapoá;
22/06/2023;Joaçaba;
23/06/2023;Florianópolis;
23/06/2023;Itajaí;
23/06/2023;Chapecó;
23/06/2023;Lages;
23/06/2023;Caçador;
23/06/2023;Araranguá;
23/06/2023;Indaial;
23/06/2023;Xanxerê;
23/06/2023;São Miguel do Oeste;
23/06/2023;Laguna;
23/06/2023;Curitibanos;
23/06/2023;Rio Negrinho;
23/06/2023;Campos Novos;
23/06/2023;Itapoá;
23/06/2023;Joaçaba;
24/06/2023;Florianópolis;
24/06/2023;Itajaí;
24/06/2023;Chapecó;
24/06/2023;Lages;
24/06/2023;Caçador;
24/06/2023;Araranguá;
24/06/2023;Indaial;
24/06/2023;Xanxerê;
24/06/2023;São Miguel do Oeste;
24/06/2023;Laguna;
24/06/2023;Curitibanos;
24/06/2023;Rio Negrinho;
24/06/2023;Campos Novos;
24/06/2023;Itapoá;
24/06/2023;Joaçaba;
25/06/2023;Florianópolis;
25/06/2023;Itajaí;
25/06/2023;Chapecó;
25/06/2023;Lages;
25/06/2023;Caçador;
25/06/2023;Araranguá;
25/06/2023;Indaial;
25/06/2023;Xanxerê;
25/06/2023;São Miguel do Oeste;
25/06/2023;Laguna;
25/06/2023;Curitibanos;
25/06/2023;Rio Negrinho;
25/06/2023;Campos Novos;
25/06/2023;Itapoá;
25/06/2023;Joaçaba;
26/06/2023;Florianópolis;
26/06/2023;Itajaí;
26/06/2023;Chapecó;
26/06/2023;Lages;
26/06/2023;Caçador;
26/06/2023;Araranguá;
26/06/2023;Indaial;
26/06/2023;Xanxerê;
26/06/2023;São Miguel do Oeste;
26/06/2023;Laguna;
26/06/2023;Curitibanos;
26/06/2023;Rio Negrinho;
26/06/2023;Campos Novos;
26/06/2023;Itapoá;
26/06/2023;Joaçaba;
27/06/2023;Florianópolis;
27/06/2023;Itajaí;
27/06/2023;Chapecó;
27/06/2023;Lages;
27/06/2023;Caçador;
27/06/2023;Araranguá;
27/06/2023;Indaial;
27/06/2023;Xanxerê;
27/06/2023;São Miguel do Oeste;
27/06/2023;Laguna;
27/06/2023;Curitibanos;
27/06/2023;Rio Negrinho;
27/06/2023;Campos Novos;
27/06/2023;Itapoá;
27/06/2023;Joaçaba;
28/06/2023;Florianópolis;
28/06/2023;Itajaí;
28/06/2023;Chapecó;
28/06/2023;Lages;
28/06/2023;Caçador;
28/06/2023;Araranguá;
28/06/2023;Indaial;
28/06/2023;Xanxerê;
28/06/2023;São Miguel do Oeste;
28/06/2023;Laguna;
28/06/2023;Curitibanos;
28/06/2023;Rio Negrinho;
28/06/2023;Campos Novos;
28/06/2023;Itapoá;
28/06/2023;Joaçaba;
29/06/2023;Florianópolis;
29/06/2023;Itajaí;
29/06/2023;Chapecó;
29/06/2023;Lages;
29/06/2023;Caçador;
29/06/2023;Araranguá;
29/06/2023;Indaial;
29/06/2023;Xanxerê;
29/06/2023;São Miguel do Oeste;
29/06/2023;Laguna;
29/06/2023;Curitibanos;
29/06/2023;Rio Negrinho;
29/06/2023;Campos Novos;
29/06/2023;Itapoá;
29/06/2023;Joaçaba;
30/06/2023;Florianópolis;
30/06/2023;Itajaí;
30/06/2023;Chapecó;
30/06/2023;Lages;
30/06/2023;Caçador;
30/06/2023;Araranguá;
30/06/2023;Indaial;
30/06/2023;Xanxerê;
30/06/2023;São Miguel do Oeste;
30/06/2023;Laguna;
30/06/2023;Curitibanos;
30/06/2023;Rio Negrinho;
30/06/2023;Campos Novos;
30/06/2023;Itapoá;
30/06/2023;Joaçaba;
01/07/2023;Florianópolis;
01/07/2023;Itajaí;
01/07/2023;Chapecó;
01/07/2023;Lages;
01/07/2023;Caçador;
01/07/2023;Araranguá;
01/07/2023;Indaial;
01/07/2023;Xanxerê;
01/07/2023;São Miguel do Oeste;
01/07/2023;Laguna;
01/07/2023;Curitibanos;
01/07/2023;Rio Negrinho;
01/07/2023;Campos Novos;
01/07/2023;Itapoá;
01/07/2023;Joaçaba;
02/07/2023;Florianópolis;
02/07/2023;Itajaí;
02/07/2023;Chapecó;
02/07/2023;Lages;
02/07/2023;Caçador;
02/07/2023;Araranguá;
02/07/2023;Indaial;
02/07/2023;Xanxerê;
02/07/2023;São Miguel do Oeste;
02/07/2023;Laguna;
02/07/2023;Curitibanos;
02/07/2023;Rio Negrinho;
02/07/2023;Campos Novos;
02/07/2023;Itapoá;
02/07/2023;Joaçaba;
03/07/2023;Florianópolis;
03/07/2023;Itajaí;
03/07/2023;Chapecó;
03/07/2023;Lages;
03/07/2023;Caçador;
03/07/2023;Araranguá;
03/07/2023;Indaial;
03/07/2023;Xanxerê;
03/07/2023;São Miguel do Oeste;
03/07/2023;Laguna;
03/07/2023;Curitibanos;
03/07/2023;Rio Negrinho;
03/07/2023;Campos Novos;
03/07/2023;Itapoá;
03/07/2023;Joaçaba;
04/07/2023;Florianópolis;
04/07/2023;Itajaí;
04/07/2023;Chapecó;
04/07/2023;Lages;
04/07/2023;Caçador;
04/07/2023;Araranguá;
04/07/2023;Indaial;
04/07/2023;Xanxerê;
04/07/2023;São Miguel do Oeste;
04/07/2023;Laguna;
04/07/2023;Curitibanos;
04/07/2023;Rio Negrinho;
04/07/2023;Campos Novos;
04/07/2023;Itapoá;
04/07/2023;Joaçaba;
05/07/2023;Florianópolis;
05/07/2023;Itajaí;
05/07/2023;Chapecó;
05/07/2023;Lages;
05/07/2023;Caçador;
05/07/2023;Araranguá;
05/07/2023;Indaial;
05/07/2023;Xanxerê;
05/07/2023;São Miguel do Oeste;
05/07/2023;Laguna;
05/07/2023;Curitibanos;
05/07/2023;Rio Negrinho;
05/07/2023;Campos Novos;
05/07/2023;Itapoá;
05/07/2023;Joaçaba;
06/07/2023;Florianópolis;
06/07/2023;Itajaí;
06/07/2023;Chapecó;
06/07/2023;Lages;
06/07/2023;Caçador;
06/07/2023;Araranguá;
06/07/2023;Indaial;
06/07/2023;Xanxerê;
06/07/2023;São Miguel do Oeste;
06/07/2023;Laguna;
06/07/2023;Curitibanos;
06/07/2023;Rio Negrinho;
06/07/2023;Campos Novos;
06/07/2023;Itapoá;
06/07/2023;Joaçaba;
07/07/2023;Florianópolis;
07/07/2023;Itajaí;
07/07/2023;Chapecó;
07/07/2023;Lages;
07/07/2023;Caçador;
07/07/2023;Araranguá;
07/07/2023;Indaial;
07/07/2023;Xanxerê;
07/07/2023;São Miguel do Oeste;
07/07/2023;Laguna;
07/07/2023;Curitibanos;
07/07/2023;Rio Negrinho;
07/07/2023;Campos Novos;
07/07/2023;Itapoá;
07/07/2023;Joaçaba;
08/07/2023;Florianópolis;
08/07/2023;Itajaí;
08/07/2023;Chapecó;
08/07/2023;Lages;
08/07/2023;Caçador;
08/07/2023;Araranguá;
08/07/2023;Indaial;
08/07/2023;Xanxerê;
08/07/2023;São Miguel do Oeste;
08/07/2023;Laguna;
08/07/2023;Curitibanos;
08/07/2023;Rio Negrinho;
08/07/2023;Campos Novos;
08/07/2023;Itapoá;
08/07/2023;Joaçaba;
09/07/2023;Florianópolis;
09/07/2023;Itajaí;
09/07/2023;Chapecó;
09/07/2023;Lages;
09/07/2023;Caçador;
09/07/2023;Araranguá;
09/07/2023;Indaial;
09/07/2023;Xanxerê;
09/07/2023;São Miguel do Oeste;
09/07/2023;Laguna;
09/07/2023;Curitibanos;
09/07/2023;Rio Negrinho;
09/07/2023;Campos Novos;
09/07/2023;Itapoá;
09/07/2023;Joaçaba;
10/07/2023;Florianópolis;
10/07/2023;Itajaí;
10/07/2023;Chapecó;
10/07/2023;Lages;
10/07/2023;Caçador;
10/07/2023;Araranguá;
10/07/2023;Indaial;
10/07/2023;Xanxerê;
10/07/2023;São Miguel do Oeste;
10/07/2023;Laguna;
10/07/2023;Curitibanos;
10/07/2023;Rio Negrinho;
10/07/2023;Campos Novos;
10/07/2023;Itapoá;
10/07/2023;Joaçaba;
11/07/2023;Florianópolis;
11/07/2023;Itajaí;
11/07/2023;Chapecó;
11/07/2023;Lages;
11/07/2023;Caçador;
11/07/2023;Araranguá;
11/07/2023;Indaial;
11/07/2023;Xanxerê;
11/07/2023;São Miguel do Oeste;
11/07/2023;Laguna;
11/07/2023;Curitibanos;
11/07/2023;Rio Negrinho;
11/07/2023;Campos Novos;
11/07/2023;Itapoá;
11/07/2023;Joaçaba;
12/07/2023;Florianópolis;
12/07/2023;Itajaí;
12/07/2023;Chapecó;
12/07/2023;Lages;
12/07/2023;Caçador;
12/07/2023;Araranguá;
12/07/2023;Indaial;
12/07/2023;Xanxerê;
12/07/2023;São Miguel do Oeste;
12/07/2023;Laguna;
12/07/2023;Curitibanos;
12/07/2023;Rio Negrinho;
12/07/2023;Campos Novos;
12/07/2023;Itapoá;
12/07/2023;Joaçaba;
13/07/2023;Florianópolis;
13/07/2023;Itajaí;
13/07/2023;Chapecó;
13/07/2023;Lages;
13/07/2023;Caçador;
13/07/2023;Araranguá;
13/07/2023;Indaial;
13/07/2023;Xanxerê;
13/07/2023;São Miguel do Oeste;
13/07/2023;Laguna;
13/07/2023;Curitibanos;
13/07/2023;Rio Negrinho;
13/07/2023;Campos Novos;
13/07/2023;Itapoá;
13/07/2023;Joaçaba;
14/07/2023;Florianópolis;
14/07/2023;Itajaí;
14/07/2023;Chapecó;
14/07/2023;Lages;
14/07/2023;Caçador;
14/07/2023;Araranguá;
14/07/2023;Indaial;
14/07/2023;Xanxerê;
14/07/2023;São Miguel do Oeste;
14/07/2023;Laguna;
14/07/2023;Curitibanos;
14/07/2023;Rio Negrinho;
14/07/2023;Campos Novos;
14/07/2023;Itapoá;
14/07/2023;Joaçaba;
15/07/2023;Florianópolis;
15/07/2023;Itajaí;
15/07/2023;Chapecó;
15/07/2023;Lages;
15/07/2023;Caçador;
15/07/2023;Araranguá;
15/07/2023;Indaial;
15/07/2023;Xanxerê;
15/07/2023;São Miguel do Oeste;
15/07/2023;Laguna;
15/07/2023;Curitibanos;
15/07/2023;Rio Negrinho;
15/07/2023;Campos Novos;
15/07/2023;Itapoá;
15/07/2023;Joaçaba;
16/07/2023;Florianópolis;
16/07/2023;Itajaí;
16/07/2023;Chapecó;
16/07/2023;Lages;
16/07/2023;Caçador;
16/07/2023;Araranguá;
16/07/2023;Indaial;
16/07/2023;Xanxerê;
16/07/2023;São Miguel do Oeste;
16/07/2023;Laguna;
16/07/2023;Curitibanos;
16/07/2023;Rio Negrinho;
16/07/2023;Campos Novos;
16/07/2023;Itapoá;
16/07/2023;Joaçaba;
17/07/2023;Florianópolis;
17/07/2023;Itajaí;
17/07/2023;Chapecó;
17/07/2023;Lages;
17/07/2023;Caçador;
17/07/2023;Araranguá;
17/07/2023;Indaial;
17/07/2023;Xanxerê;
17/07/2023;São Miguel do Oeste;
17/07/2023;Laguna;
17/07/2023;Curitibanos;
17/07/2023;Rio Negrinho;
17/07/2023;Campos Novos;
17/07/2023;Itapoá;
17/07/2023;Joaçaba;
18/07/2023;Florianópolis;
18/07/2023;Itajaí;
18/07/2023;Chapecó;
18/07/2023;Lages;
18/07/2023;Caçador;
18/07/2023;Araranguá;
18/07/2023;Indaial;
18/07/2023;Xanxerê;
18/07/2023;São Miguel do Oeste;
18/07/2023;Laguna;
18/07/2023;Curitibanos;
18/07/2023;Rio Negrinho;
18/07/2023;Campos Novos;
18/07/2023;Itapoá;
18/07/2023;Joaçaba;
19/07/2023;Florianópolis;
19/07/2023;Itajaí;
19/07/2023;Chapecó;
19/07/2023;Lages;
19/07/2023;Caçador;
19/07/2023;Araranguá;
19/07/2023;Indaial;
19/07/2023;Xanxerê;
19/07/2023;São Miguel do Oeste;
19/07/2023;Laguna;
19/07/2023;Curitibanos;
19/07/2023;Rio Negrinho;
19/07/2023;Campos Novos;
19/07/2023;Itapoá;
19/07/2023;Joaçaba;
20/07/2023;Florianópolis;
20/07/2023;Itajaí;
20/07/2023;Chapecó;
20/07/2023;Lages;
20/07/2023;Caçador;
20/07/2023;Araranguá;
20/07/2023;Indaial;
20/07/2023;Xanxerê;
20/07/2023;São Miguel do Oeste;
20/07/2023;Laguna;
20/07/2023;Curitibanos;
20/07/2023;Rio Negrinho;
20/07/2023;Campos Novos;
20/07/2023;Itapoá;
20/07/2023;Joaçaba;
21/07/2023;Florianópolis;
21/07/2023;Itajaí;
21/07/2023;Chapecó;
21/07/2023;Lages;
21/07/2023;Caçador;
21/07/2023;Araranguá;
21/07/2023;Indaial;
21/07/2023;Xanxerê;
21/07/2023;São Miguel do Oeste;
21/07/2023;Laguna;
21/07/2023;Curitibanos;
21/07/2023;Rio Negrinho;
21/07/2023;Campos Novos;
21/07/2023;Itapoá;
21/07/2023;Joaçaba;
22/07/2023;Florianópolis;
22/07/2023;Itajaí;
22/07/2023;Chapecó;
22/07/2023;Lages;
22/07/2023;Caçador;
22/07/2023;Araranguá;
22/07/2023;Indaial;
22/07/2023;Xanxerê;
22/07/2023;São Miguel do Oeste;
22/07/2023;Laguna;
22/07/2023;Curitibanos;
22/07/2023;Rio Negrinho;
22/07/2023;Campos Novos;
22/07/2023;Itapoá;
22/07/2023;Joaçaba;
23/07/2023;Florianópolis;
23/07/2023;Itajaí;
23/07/2023;Chapecó;
23/07/2023;Lages;
23/07/2023;Caçador;
23/07/2023;Araranguá;
23/07/2023;Indaial;
23/07/2023;Xanxerê;
23/07/2023;São Miguel do Oeste;
23/07/2023;Laguna;
23/07/2023;Curitibanos;
23/07/2023;Rio Negrinho;
23/07/2023;Campos Novos;
23/07/2023;Itapoá;
23/07/2023;Joaçaba;
24/07/2023;Florianópolis;
24/07/2023;Itajaí;
24/07/2023;Chapecó;
24/07/2023;Lages;
24/07/2023;Caçador;
24/07/2023;Araranguá;
24/07/2023;Indaial;
24/07/2023;Xanxerê;
24/07/2023;São Miguel do Oeste;
24/07/2023;Laguna;
24/07/2023;Curitibanos;
24/07/2023;Rio Negrinho;
24/07/2023;Campos Novos;
24/07/2023;Itapoá;
24/07/2023;Joaçaba;
25/07/2023;Florianópolis;
25/07/2023;Itajaí;
25/07/2023;Chapecó;
25/07/2023;Lages;
25/07/2023;Caçador;
25/07/2023;Araranguá;
25/07/2023;Indaial;
25/07/2023;Xanxerê;
25/07/2023;São Miguel do Oeste;
25/07/2023;Laguna;
25/07/2023;Curitibanos;
25/07/2023;Rio Negrinho;
25/07/2023;Campos Novos;
25/07/2023;Itapoá;
25/07/2023;Joaçaba;
26/07/2023;Florianópolis;
26/07/2023;Itajaí;
26/07/2023;Chapecó;
26/07/2023;Lages;
26/07/2023;Caçador;
26/07/2023;Araranguá;
26/07/2023;Indaial;
26/07/2023;Xanxerê;
26/07/2023;São Miguel do Oeste;
26/07/2023;Laguna;
26/07/2023;Curitibanos;
26/07/2023;Rio Negrinho;
26/07/2023;Campos Novos;
26/07/2023;Itapoá;
26/07/2023;Joaçaba;
27/07/2023;Florianópolis;
27/07/2023;Itajaí;
27/07/2023;Chapecó;
27/07/2023;Lages;
27/07/2023;Caçador;
27/07/2023;Araranguá;
27/07/2023;Indaial;
27/07/2023;Xanxerê;
27/07/2023;São Miguel do Oeste;
27/07/2023;Laguna;
27/07/2023;Curitibanos;
27/07/2023;Rio Negrinho;
27/07/2023;Campos Novos;
27/07/2023;Itapoá;
27/07/2023;Joaçaba;
28/07/2023;Florianópolis;
28/07/2023;Itajaí;
28/07/2023;Chapecó;
28/07/2023;Lages;
28/07/2023;Caçador;
28/07/2023;Araranguá;
28/07/2023;Indaial;
28/07/2023;Xanxerê;
28/07/2023;São Miguel do Oeste;
28/07/2023;Laguna;
28/07/2023;Curitibanos;
28/07/2023;Rio Negrinho;
28/07/2023;Campos Novos;
28/07/2023;Itapoá;
28/07/2023;Joaçaba;
29/07/2023;Florianópolis;
29/07/2023;Itajaí;
29/07/2023;Chapecó;
29/07/2023;Lages;
29/07/2023;Caçador;
29/07/2023;Araranguá;
29/07/2023;Indaial;
29/07/2023;Xanxerê;
29/07/2023;São Miguel do Oeste;
29/07/2023;Laguna;
29/07/2023;Curitibanos;
29/07/2023;Rio Negrinho;
29/07/2023;Campos Novos;
29/07/2023;Itapoá;
29/07/2023;Joaçaba;
30/07/2023;Florianópolis;
30/07/2023;Itajaí;
30/07/2023;Chapecó;
30/07/2023;Lages;
30/07/2023;Caçador;
30/07/2023;Araranguá;
30/07/2023;Indaial;
30/07/2023;Xanxerê;
30/07/2023;São Miguel do Oeste;
30/07/2023;Laguna;
30/07/2023;Curitibanos;
30/07/2023;Rio Negrinho;
30/07/2023;Campos Novos;
30/07/2023;Itapoá;
30/07/2023;Joaçaba;
31/07/2023;Florianópolis;
31/07/2023;Itajaí;
31/07/2023;Chapecó;
31/07/2023;Lages;
31/07/2023;Caçador;
31/07/2023;Araranguá;
31/07/2023;Indaial;
31/07/2023;Xanxerê;
31/07/2023;São Miguel do Oeste;
31/07/2023;Laguna;
31/07/2023;Curitibanos;
31/07/2023;Rio Negrinho;
31/07/2023;Campos Novos;
31/07/2023;Itapoá;
31/07/2023;Joaçaba;
01/08/2023;Florianópolis;
01/08/2023;Itajaí;
01/08/2023;Chapecó;
01/08/2023;Lages;
01/08/2023;Caçador;
01/08/2023;Araranguá;
01/08/2023;Indaial;
01/08/2023;Xanxerê;
01/08/2023;São Miguel do Oeste;
01/08/2023;Laguna;
01/08/2023;Curitibanos;
01/08/2023;Rio Negrinho;
01/08/2023;Campos Novos;
01/08/2023;Itapoá;
01/08/2023;Joaçaba;
02/08/2023;Florianópolis;
02/08/2023;Itajaí;
02/08/2023;Chapecó;
02/08/2023;Lages;
02/08/2023;Caçador;
02/08/2023;Araranguá;
02/08/2023;Indaial;
02/08/2023;Xanxerê;
02/08/2023;São Miguel do Oeste;
02/08/2023;Laguna;
02/08/2023;Curitibanos;
02/08/2023;Rio Negrinho;
02/08/2023;Campos Novos;
02/08/2023;Itapoá;
02/08/2023;Joaçaba;
03/08/2023;Florianópolis;
03/08/2023;Itajaí;
03/08/2023;Chapecó;
03/08/2023;Lages;
03/08/2023;Caçador;
03/08/2023;Araranguá;
03/08/2023;Indaial;
03/08/2023;Xanxerê;
03/08/2023;São Miguel do Oeste;
03/08/2023;Laguna;
03/08/2023;Curitibanos;
03/08/2023;Rio Negrinho;
03/08/2023;Campos Novos;
03/08/2023;Itapoá;
03/08/2023;Joaçaba;
04/08/2023;Florianópolis;
04/08/2023;Itajaí;
04/08/2023;Chapecó;
04/08/2023;Lages;
04/08/2023;Caçador;
04/08/2023;Araranguá;
04/08/2023;Indaial;
04/08/2023;Xanxerê;
04/08/2023;São Miguel do Oeste;
04/08/2023;Laguna;
04/08/2023;Curitibanos;
04/08/2023;Rio Negrinho;
04/08/2023;Campos Novos;
04/08/2023;Itapoá;
04/08/2023;Joaçaba;
05/08/2023;Florianópolis;
05/08/2023;Itajaí;
05/08/2023;Chapecó;
05/08/2023;Lages;
05/08/2023;Caçador;
05/08/2023;Araranguá;
05/08/2023;Indaial;
05/08/2023;Xanxerê;
05/08/2023;São Miguel do Oeste;
05/08/2023;Laguna;
05/08/2023;Curitibanos;
05/08/2023;Rio Negrinho;
05/08/2023;Campos Novos;
05/08/2023;Itapoá;
05/08/2023;Joaçaba;
06/08/2023;Florianópolis;
06/08/2023;Itajaí;
06/08/2023;Chapecó;
06/08/2023;Lages;
06/08/2023;Caçador;
06/08/2023;Araranguá;
06/08/2023;Indaial;
06/08/2023;Xanxerê;
06/08/2023;São Miguel do Oeste;
06/08/2023;Laguna;
06/08/2023;Curitibanos;
06/08/2023;Rio Negrinho;
06/08/2023;Campos Novos;
06/08/2023;Itapoá;
06/08/2023;Joaçaba;
07/08/2023;Florianópolis;
07/08/2023;Itajaí;
07/08/2023;Chapecó;
07/08/2023;Lages;
07/08/2023;Caçador;
07/08/2023;Araranguá;
07/08/2023;Indaial;
07/08/2023;Xanxerê;
07/08/2023;São Miguel do Oeste;
07/08/2023;Laguna;
07/08/2023;Curitibanos;
07/08/2023;Rio Negrinho;
07/08/2023;Campos Novos;
07/08/2023;Itapoá;
07/08/2023;Joaçaba;
08/08/2023;Florianópolis;
08/08/2023;Itajaí;
08/08/2023;Chapecó;
08/08/2023;Lages;
08/08/2023;Caçador;
08/08/2023;Araranguá;
08/08/2023;Indaial;
08/08/2023;Xanxerê;
08/08/2023;São Miguel do Oeste;
08/08/2023;Laguna;
08/08/2023;Curitibanos;
08/08/2023;Rio Negrinho;
08/08/2023;Campos Novos;
08/08/2023;Itapoá;
08/08/2023;Joaçaba;
09/08/2023;Florianópolis;
09/08/2023;Itajaí;
09/08/2023;Chapecó;
09/08/2023;Lages;
09/08/2023;Caçador;
09/08/2023;Araranguá;
09/08/2023;Indaial;
09/08/2023;Xanxerê;
09/08/2023;São Miguel do Oeste;
09/08/2023;Laguna;
09/08/2023;Curitibanos;
09/08/2023;Rio Negrinho;
09/08/2023;Campos Novos;
09/08/2023;Itapoá;
09/08/2023;Joaçaba;
10/08/2023;Florianópolis;
10/08/2023;Itajaí;
10/08/2023;Chapecó;
10/08/2023;Lages;
10/08/2023;Caçador;
10/08/2023;Araranguá;
10/08/2023;Indaial;
10/08/2023;Xanxerê;
10/08/2023;São Miguel do Oeste;
10/08/2023;Laguna;
10/08/2023;Curitibanos;
10/08/2023;Rio Negrinho;
10/08/2023;Campos Novos;
10/08/2023;Itapoá;
10/08/2023;Joaçaba;
11/08/2023;Florianópolis;
11/08/2023;Itajaí;
11/08/2023;Chapecó;
11/08/2023;Lages;
11/08/2023;Caçador;
11/08/2023;Araranguá;
11/08/2023;Indaial;
11/08/2023;Xanxerê;
11/08/2023;São Miguel do Oeste;
11/08/2023;Laguna;
11/08/2023;Curitibanos;
11/08/2023;Rio Negrinho;
11/08/2023;Campos Novos;
11/08/2023;Itapoá;
11/08/2023;Joaçaba;
12/08/2023;Florianópolis;
12/08/2023;Itajaí;
12/08/2023;Chapecó;
12/08/2023;Lages;
12/08/2023;Caçador;
12/08/2023;Araranguá;
12/08/2023;Indaial;
12/08/2023;Xanxerê;
12/08/2023;São Miguel do Oeste;
12/08/2023;Laguna;
12/08/2023;Curitibanos;
12/08/2023;Rio Negrinho;
12/08/2023;Campos Novos;
12/08/2023;Itapoá;
12/08/2023;Joaçaba;
13/08/2023;Florianópolis;
13/08/2023;Itajaí;
13/08/2023;Chapecó;
13/08/2023;Lages;
13/08/2023;Caçador;
13/08/2023;Araranguá;
13/08/2023;Indaial;
13/08/2023;Xanxerê;
13/08/2023;São Miguel do Oeste;
13/08/2023;Laguna;
13/08/2023;Curitibanos;
13/08/2023;Rio Negrinho;
13/08/2023;Campos Novos;
13/08/2023;Itapoá;
13/08/2023;Joaçaba;
14/08/2023;Florianópolis;
14/08/2023;Itajaí;
14/08/2023;Chapecó;
14/08/2023;Lages;
14/08/2023;Caçador;
14/08/2023;Araranguá;
14/08/2023;Indaial;
14/08/2023;Xanxerê;
14/08/2023;São Miguel do Oeste;
14/08/2023;Laguna;
14/08/2023;Curitibanos;
14/08/2023;Rio Negrinho;
14/08/2023;Campos Novos;
14/08/2023;Itapoá;
14/08/2023;Joaçaba;
15/08/2023;Florianópolis;
15/08/2023;Itajaí;
15/08/2023;Chapecó;
15/08/2023;Lages;
15/08/2023;Caçador;
15/08/2023;Araranguá;
15/08/2023;Indaial;
15/08/2023;Xanxerê;
15/08/2023;São Miguel do Oeste;
15/08/2023;Laguna;
15/08/2023;Curitibanos;
15/08/2023;Rio Negrinho;
15/08/2023;Campos Novos;
15/08/2023;Itapoá;
15/08/2023;Joaçaba;
16/08/2023;Florianópolis;
16/08/2023;Itajaí;
16/08/2023;Chapecó;
16/08/2023;Lages;
16/08/2023;Caçador;
16/08/2023;Araranguá;
16/08/2023;Indaial;
16/08/2023;Xanxerê;
16/08/2023;São Miguel do Oeste;
16/08/2023;Laguna;
16/08/2023;Curitibanos;
16/08/2023;Rio Negrinho;
16/08/2023;Campos Novos;
16/08/2023;Itapoá;
16/08/2023;Joaçaba;
17/08/2023;Florianópolis;
17/08/2023;Itajaí;
17/08/2023;Chapecó;
17/08/2023;Lages;
17/08/2023;Caçador;
17/08/2023;Araranguá;
17/08/2023;Indaial;
17/08/2023;Xanxerê;
17/08/2023;São Miguel do Oeste;
17/08/2023;Laguna;
17/08/2023;Curitibanos;
17/08/2023;Rio Negrinho;
17/08/2023;Campos Novos;
17/08/2023;Itapoá;
17/08/2023;Joaçaba;
18/08/2023;Florianópolis;
18/08/2023;Itajaí;
18/08/2023;Chapecó;
18/08/2023;Lages;
18/08/2023;Caçador;
18/08/2023;Araranguá;
18/08/2023;Indaial;
18/08/2023;Xanxerê;
18/08/2023;São Miguel do Oeste;
18/08/2023;Laguna;
18/08/2023;Curitibanos;
18/08/2023;Rio Negrinho;
18/08/2023;Campos Novos;
18/08/2023;Itapoá;
18/08/2023;Joaçaba;
19/08/2023;Florianópolis;
19/08/2023;Itajaí;
19/08/2023;Chapecó;
19/08/2023;Lages;
19/08/2023;Caçador;
19/08/2023;Araranguá;
19/08/2023;Indaial;
19/08/2023;Xanxerê;
19/08/2023;São Miguel do Oeste;
19/08/2023;Laguna;
19/08/2023;Curitibanos;
19/08/2023;Rio Negrinho;
19/08/2023;Campos Novos;
19/08/2023;Itapoá;
19/08/2023;Joaçaba;
20/08/2023;Florianópolis;
20/08/2023;Itajaí;
20/08/2023;Chapecó;
20/08/2023;Lages;
20/08/2023;Caçador;
20/08/2023;Araranguá;
20/08/2023;Indaial;
20/08/2023;Xanxerê;
20/08/2023;São Miguel do Oeste;
20/08/2023;Laguna;
20/08/2023;Curitibanos;
20/08/2023;Rio Negrinho;
20/08/2023;Campos Novos;
20/08/2023;Itapoá;
20/08/2023;Joaçaba;
21/08/2023;Florianópolis;
21/08/2023;Itajaí;
21/08/2023;Chapecó;
21/08/2023;Lages;
21/08/2023;Caçador;
21/08/2023;Araranguá;
21/08/2023;Indaial;
21/08/2023;Xanxerê;
21/08/2023;São Miguel do Oeste;
21/08/2023;Laguna;
21/08/2023;Curitibanos;
21/08/2023;Rio Negrinho;
21/08/2023;Campos Novos;
21/08/2023;Itapoá;
21/08/2023;Joaçaba;
22/08/2023;Florianópolis;
22/08/2023;Itajaí;
22/08/2023;Chapecó;
22/08/2023;Lages;
22/08/2023;Caçador;
22/08/2023;Araranguá;
22/08/2023;Indaial;
22/08/2023;Xanxerê;
22/08/2023;São Miguel do Oeste;
22/08/2023;Laguna;
22/08/2023;Curitibanos;
22/08/2023;Rio Negrinho;
22/08/2023;Campos Novos;
22/08/2023;Itapoá;
22/08/2023;Joaçaba;
23/08/2023;Florianópolis;
23/08/2023;Itajaí;
23/08/2023;Chapecó;
23/08/2023;Lages;
23/08/2023;Caçador;
23/08/2023;Araranguá;
23/08/2023;Indaial;
23/08/2023;Xanxerê;
23/08/2023;São Miguel do Oeste;
23/08/2023;Laguna;
23/08/2023;Curitibanos;
23/08/2023;Rio Negrinho;
23/08/2023;Campos Novos;
23/08/2023;Itapoá;
23/08/2023;Joaçaba;
24/08/2023;Florianópolis;
24/08/2023;Itajaí;
24/08/2023;Chapecó;
24/08/2023;Lages;
24/08/2023;Caçador;
24/08/2023;Araranguá;
24/08/2023;Indaial;
24/08/2023;Xanxerê;
24/08/2023;São Miguel do Oeste;
24/08/2023;Laguna;
24/08/2023;Curitibanos;
24/08/2023;Rio Negrinho;
24/08/2023;Campos Novos;
24/08/2023;Itapoá;
24/08/2023;Joaçaba;
25/08/2023;Florianópolis;
25/08/2023;Itajaí;
25/08/2023;Chapecó;
25/08/2023;Lages;
25/08/2023;Caçador;
25/08/2023;Araranguá;
25/08/2023;Indaial;
25/08/2023;Xanxerê;
25/08/2023;São Miguel do Oeste;
25/08/2023;Laguna;
25/08/2023;Curitibanos;
25/08/2023;Rio Negrinho;
25/08/2023;Campos Novos;
25/08/2023;Itapoá;
25/08/2023;Joaçaba;
26/08/2023;Florianópolis;
26/08/2023;Itajaí;
26/08/2023;Chapecó;
26/08/2023;Lages;
26/08/2023;Caçador;
26/08/2023;Araranguá;
26/08/2023;Indaial;
26/08/2023;Xanxerê;
26/08/2023;São Miguel do Oeste;
26/08/2023;Laguna;
26/08/2023;Curitibanos;
26/08/2023;Rio Negrinho;
26/08/2023;Campos Novos;
26/08/2023;Itapoá;
26/08/2023;Joaçaba;
27/08/2023;Florianópolis;
27/08/2023;Itajaí;
27/08/2023;Chapecó;
27/08/2023;Lages;
27/08/2023;Caçador;
27/08/2023;Araranguá;
27/08/2023;Indaial;
27/08/2023;Xanxerê;
27/08/2023;São Miguel do Oeste;
27/08/2023;Laguna;
27/08/2023;Curitibanos;
27/08/2023;Rio Negrinho;
27/08/2023;Campos Novos;
27/08/2023;Itapoá;
27/08/2023;Joaçaba;
28/08/2023;Florianópolis;
28/08/2023;Itajaí;
28/08/2023;Chapecó;
28/08/2023;Lages;
28/08/2023;Caçador;
28/08/2023;Araranguá;
28/08/2023;Indaial;
28/08/2023;Xanxerê;
28/08/2023;São Miguel do Oeste;
28/08/2023;Laguna;
28/08/2023;Curitibanos;
28/08/2023;Rio Negrinho;
28/08/2023;Campos Novos;
28/08/2023;Itapoá;
28/08/2023;Joaçaba;
29/08/2023;Florianópolis;
29/08/2023;Itajaí;
29/08/2023;Chapecó;
29/08/2023;Lages;
29/08/2023;Caçador;
29/08/2023;Araranguá;
29/08/2023;Indaial;
29/08/2023;Xanxerê;
29/08/2023;São Miguel do Oeste;
29/08/2023;Laguna;
29/08/2023;Curitibanos;
29/08/2023;Rio Negrinho;
29/08/2023;Campos Novos;
29/08/2023;Itapoá;
29/08/2023;Joaçaba;
30/08/2023;Florianópolis;
30/08/2023;Itajaí;
30/08/2023;Chapecó;
30/08/2023;Lages;
30/08/2023;Caçador;
30/08/2023;Araranguá;
30/08/2023;Indaial;
30/08/2023;Xanxerê;
30/08/2023;São Miguel do Oeste;
30/08/2023;Laguna;
30/08/2023;Curitibanos;
30/08/2023;Rio Negrinho;
30/08/2023;Campos Novos;
30/08/2023;Itapoá;
30/08/2023;Joaçaba;
31/08/2023;Florianópolis;
31/08/2023;Itajaí;
31/08/2023;Chapecó;
31/08/2023;Lages;
31/08/2023;Caçador;
31/08/2023;Araranguá;
31/08/2023;Indaial;
31/08/2023;Xanxerê;
31/08/2023;São Miguel do Oeste;
31/08/2023;Laguna;
31/08/2023;Curitibanos;
31/08/2023;Rio Negrinho;
31/08/2023;Campos Novos;
31/08/2023;Itapoá;
31/08/2023;Joaçaba;
01/09/2023;Florianópolis;
01/09/2023;Itajaí;
01/09/2023;Chapecó;
01/09/2023;Lages;
01/09/2023;Caçador;
01/09/2023;Araranguá;
01/09/2023;Indaial;
01/09/2023;Xanxerê;
01/09/2023;São Miguel do Oeste;
01/09/2023;Laguna;
01/09/2023;Curitibanos;
01/09/2023;Rio Negrinho;
01/09/2023;Campos Novos;
01/09/2023;Itapoá;
01/09/2023;Joaçaba;
02/09/2023;Florianópolis;
02/09/2023;Itajaí;
02/09/2023;Chapecó;
02/09/2023;Lages;
02/09/2023;Caçador;
02/09/2023;Araranguá;
02/09/2023;Indaial;
02/09/2023;Xanxerê;
02/09/2023;São Miguel do Oeste;
02/09/2023;Laguna;
02/09/2023;Curitibanos;
02/09/2023;Rio Negrinho;
02/09/2023;Campos Novos;
02/09/2023;Itapoá;
02/09/2023;Joaçaba;
03/09/2023;Florianópolis;
03/09/2023;Itajaí;
03/09/2023;Chapecó;
03/09/2023;Lages;
03/09/2023;Caçador;
03/09/2023;Araranguá;
03/09/2023;Indaial;
03/09/2023;Xanxerê;
03/09/2023;São Miguel do Oeste;
03/09/2023;Laguna;
03/09/2023;Curitibanos;
03/09/2023;Rio Negrinho;
03/09/2023;Campos Novos;
03/09/2023;Itapoá;
03/09/2023;Joaçaba;
04/09/2023;Florianópolis;
04/09/2023;Itajaí;
04/09/2023;Chapecó;
04/09/2023;Lages;
04/09/2023;Caçador;
04/09/2023;Araranguá;
04/09/2023;Indaial;
04/09/2023;Xanxerê;
04/09/2023;São Miguel do Oeste;
04/09/2023;Laguna;
04/09/2023;Curitibanos;
04/09/2023;Rio Negrinho;
04/09/2023;Campos Novos;
04/09/2023;Itapoá;
04/09/2023;Joaçaba;
05/09/2023;Florianópolis;
05/09/2023;Itajaí;
05/09/2023;Chapecó;
05/09/2023;Lages;
05/09/2023;Caçador;
05/09/2023;Araranguá;
05/09/2023;Indaial;
05/09/2023;Xanxerê;
05/09/2023;São Miguel do Oeste;
05/09/2023;Laguna;
05/09/2023;Curitibanos;
05/09/2023;Rio Negrinho;
05/09/2023;Campos Novos;
05/09/2023;Itapoá;
05/09/2023;Joaçaba;
06/09/2023;Florianópolis;
06/09/2023;Itajaí;
06/09/2023;Chapecó;
06/09/2023;Lages;
06/09/2023;Caçador;
06/09/2023;Araranguá;
06/09/2023;Indaial;
06/09/2023;Xanxerê;
06/09/2023;São Miguel do Oeste;
06/09/2023;Laguna;
06/09/2023;Curitibanos;
06/09/2023;Rio Negrinho;
06/09/2023;Campos Novos;
06/09/2023;Itapoá;
06/09/2023;Joaçaba;
07/09/2023;Florianópolis;
07/09/2023;Itajaí;
07/09/2023;Chapecó;
07/09/2023;Lages;
07/09/2023;Caçador;
07/09/2023;Araranguá;
07/09/2023;Indaial;
07/09/2023;Xanxerê;
07/09/2023;São Miguel do Oeste;
07/09/2023;Laguna;
07/09/2023;Curitibanos;
07/09/2023;Rio Negrinho;
07/09/2023;Campos Novos;
07/09/2023;Itapoá;
07/09/2023;Joaçaba;
08/09/2023;Florianópolis;
08/09/2023;Itajaí;
08/09/2023;Chapecó;
08/09/2023;Lages;
08/09/2023;Caçador;
08/09/2023;Araranguá;
08/09/2023;Indaial;
08/09/2023;Xanxerê;
08/09/2023;São Miguel do Oeste;
08/09/2023;Laguna;
08/09/2023;Curitibanos;
08/09/2023;Rio Negrinho;
08/09/2023;Campos Novos;
08/09/2023;Itapoá;
08/09/2023;Joaçaba;
09/09/2023;Florianópolis;
09/09/2023;Itajaí;
09/09/2023;Chapecó;
09/09/2023;Lages;
09/09/2023;Caçador;
09/09/2023;Araranguá;
09/09/2023;Indaial;
09/09/2023;Xanxerê;
09/09/2023;São Miguel do Oeste;
09/09/2023;Laguna;
09/09/2023;Curitibanos;
09/09/2023;Rio Negrinho;
09/09/2023;Campos Novos;
09/09/2023;Itapoá;
09/09/2023;Joaçaba;
10/09/2023;Florianópolis;
10/09/2023;Itajaí;
10/09/2023;Chapecó;
10/09/2023;Lages;
10/09/2023;Caçador;
10/09/2023;Araranguá;
10/09/2023;Indaial;
10/09/2023;Xanxerê;
10/09/2023;São Miguel do Oeste;
10/09/2023;Laguna;
10/09/2023;Curitibanos;
10/09/2023;Rio Negrinho;
10/09/2023;Campos Novos;
10/09/2023;Itapoá;
10/09/2023;Joaçaba;
11/09/2023;Florianópolis;
11/09/2023;Itajaí;
11/09/2023;Chapecó;
11/09/2023;Lages;
11/09/2023;Caçador;
11/09/2023;Araranguá;
11/09/2023;Indaial;
11/09/2023;Xanxerê;
11/09/2023;São Miguel do Oeste;
11/09/2023;Laguna;
11/09/2023;Curitibanos;
11/09/2023;Rio Negrinho;
11/09/2023;Campos Novos;
11/09/2023;Itapoá;
11/09/2023;Joaçaba;
12/09/2023;Florianópolis;
12/09/2023;Itajaí;
12/09/2023;Chapecó;
12/09/2023;Lages;
12/09/2023;Caçador;
12/09/2023;Araranguá;
12/09/2023;Indaial;
12/09/2023;Xanxerê;
12/09/2023;São Miguel do Oeste;
12/09/2023;Laguna;
12/09/2023;Curitibanos;
12/09/2023;Rio Negrinho;
12/09/2023;Campos Novos;
12/09/2023;Itapoá;
12/09/2023;Joaçaba;
13/09/2023;Florianópolis;
13/09/2023;Itajaí;
13/09/2023;Chapecó;
13/09/2023;Lages;
13/09/2023;Caçador;
13/09/2023;Araranguá;
13/09/2023;Indaial;
13/09/2023;Xanxerê;
13/09/2023;São Miguel do Oeste;
13/09/2023;Laguna;
13/09/2023;Curitibanos;
13/09/2023;Rio Negrinho;
13/09/2023;Campos Novos;
13/09/2023;Itapoá;
13/09/2023;Joaçaba;
14/09/2023;Florianópolis;
14/09/2023;Itajaí;
14/09/2023;Chapecó;
14/09/2023;Lages;
14/09/2023;Caçador;
14/09/2023;Araranguá;
14/09/2023;Indaial;
14/09/2023;Xanxerê;
14/09/2023;São Miguel do Oeste;
14/09/2023;Laguna;
14/09/2023;Curitibanos;
14/09/2023;Rio Negrinho;
14/09/2023;Campos Novos;
14/09/2023;Itapoá;
14/09/2023;Joaçaba;
15/09/2023;Florianópolis;
15/09/2023;Itajaí;
15/09/2023;Chapecó;
15/09/2023;Lages;
15/09/2023;Caçador;
15/09/2023;Araranguá;
15/09/2023;Indaial;
15/09/2023;Xanxerê;
15/09/2023;São Miguel do Oeste;
15/09/2023;Laguna;
15/09/2023;Curitibanos;
15/09/2023;Rio Negrinho;
15/09/2023;Campos Novos;
15/09/2023;Itapoá;
15/09/2023;Joaçaba;
16/09/2023;Florianópolis;
16/09/2023;Itajaí;
16/09/2023;Chapecó;
16/09/2023;Lages;
16/09/2023;Caçador;
16/09/2023;Araranguá;
16/09/2023;Indaial;
16/09/2023;Xanxerê;
16/09/2023;São Miguel do Oeste;
16/09/2023;Laguna;
16/09/2023;Curitibanos;
16/09/2023;Rio Negrinho;
16/09/2023;Campos Novos;
16/09/2023;Itapoá;
16/09/2023;Joaçaba;
17/09/2023;Florianópolis;
17/09/2023;Itajaí;
17/09/2023;Chapecó;
17/09/2023;Lages;
17/09/2023;Caçador;
17/09/2023;Araranguá;
17/09/2023;Indaial;
17/09/2023;Xanxerê;
17/09/2023;São Miguel do Oeste;
17/09/2023;Laguna;
17/09/2023;Curitibanos;
17/09/2023;Rio Negrinho;
17/09/2023;Campos Novos;
17/09/2023;Itapoá;
17/09/2023;Joaçaba;
18/09/2023;Florianópolis;
18/09/2023;Itajaí;
18/09/2023;Chapecó;
18/09/2023;Lages;
18/09/2023;Caçador;
18/09/2023;Araranguá;
18/09/2023;Indaial;
18/09/2023;Xanxerê;
18/09/2023;São Miguel do Oeste;
18/09/2023;Laguna;
18/09/2023;Curitibanos;
18/09/2023;Rio Negrinho;
18/09/2023;Campos Novos;
18/09/2023;Itapoá;
18/09/2023;Joaçaba;
19/09/2023;Florianópolis;
19/09/2023;Itajaí;
19/09/2023;Chapecó;
19/09/2023;Lages;
19/09/2023;Caçador;
19/09/2023;Araranguá;
19/09/2023;Indaial;
19/09/2023;Xanxerê;
19/09/2023;São Miguel do Oeste;
19/09/2023;Laguna;
19/09/2023;Curitibanos;
19/09/2023;Rio Negrinho;
19/09/2023;Campos Novos;
19/09/2023;Itapoá;
19/09/2023;Joaçaba;
20/09/2023;Florianópolis;
20/09/2023;Itajaí;
20/09/2023;Chapecó;
20/09/2023;Lages;
20/09/2023;Caçador;
20/09/2023;Araranguá;
20/09/2023;Indaial;
20/09/2023;Xanxerê;
20/09/2023;São Miguel do Oeste;
20/09/2023;Laguna;
20/09/2023;Curitibanos;
20/09/2023;Rio Negrinho;
20/09/2023;Campos Novos;
20/09/2023;Itapoá;
20/09/2023;Joaçaba;
21/09/2023;Florianópolis;
21/09/2023;Itajaí;
21/09/2023;Chapecó;
21/09/2023;Lages;
21/09/2023;Caçador;
21/09/2023;Araranguá;
21/09/2023;Indaial;
21/09/2023;Xanxerê;
21/09/2023;São Miguel do Oeste;
21/09/2023;Laguna;
21/09/2023;Curitibanos;
21/09/2023;Rio Negrinho;
21/09/2023;Campos Novos;
21/09/2023;Itapoá;
21/09/2023;Joaçaba;
22/09/2023;Florianópolis;
22/09/2023;Itajaí;
22/09/2023;Chapecó;
22/09/2023;Lages;
22/09/2023;Caçador;
22/09/2023;Araranguá;
22/09/2023;Indaial;
22/09/2023;Xanxerê;
22/09/2023;São Miguel do Oeste;
22/09/2023;Laguna;
22/09/2023;Curitibanos;
22/09/2023;Rio Negrinho;
22/09/2023;Campos Novos;
22/09/2023;Itapoá;
22/09/2023;Joaçaba;
23/09/2023;Florianópolis;
23/09/2023;Itajaí;
23/09/2023;Chapecó;
23/09/2023;Lages;
23/09/2023;Caçador;
23/09/2023;Araranguá;
23/09/2023;Indaial;
23/09/2023;Xanxerê;
23/09/2023;São Miguel do Oeste;
23/09/2023;Laguna;
23/09/2023;Curitibanos;
23/09/2023;Rio Negrinho;
23/09/2023;Campos Novos;
23/09/2023;Itapoá;
23/09/2023;Joaçaba;
24/09/2023;Florianópolis;
24/09/2023;Itajaí;
24/09/2023;Chapecó;
24/09/2023;Lages;
24/09/2023;Caçador;
24/09/2023;Araranguá;
24/09/2023;Indaial;
24/09/2023;Xanxerê;
24/09/2023;São Miguel do Oeste;
24/09/2023;Laguna;
24/09/2023;Curitibanos;
24/09/2023;Rio Negrinho;
24/09/2023;Campos Novos;
24/09/2023;Itapoá;
24/09/2023;Joaçaba;
25/09/2023;Florianópolis;
25/09/2023;Itajaí;
25/09/2023;Chapecó;
25/09/2023;Lages;
25/09/2023;Caçador;
25/09/2023;Araranguá;
25/09/2023;Indaial;
25/09/2023;Xanxerê;
25/09/2023;São Miguel do Oeste;
25/09/2023;Laguna;
25/09/2023;Curitibanos;
25/09/2023;Rio Negrinho;
25/09/2023;Campos Novos;
25/09/2023;Itapoá;
25/09/2023;Joaçaba;
26/09/2023;Florianópolis;
26/09/2023;Itajaí;
26/09/2023;Chapecó;
26/09/2023;Lages;
26/09/2023;Caçador;
26/09/2023;Araranguá;
26/09/2023;Indaial;
26/09/2023;Xanxerê;
26/09/2023;São Miguel do Oeste;
26/09/2023;Laguna;
26/09/2023;Curitibanos;
26/09/2023;Rio Negrinho;
26/09/2023;Campos Novos;
26/09/2023;Itapoá;
26/09/2023;Joaçaba;
27/09/2023;Florianópolis;
27/09/2023;Itajaí;
27/09/2023;Chapecó;
27/09/2023;Lages;
27/09/2023;Caçador;
27/09/2023;Araranguá;
27/09/2023;Indaial;
27/09/2023;Xanxerê;
27/09/2023;São Miguel do Oeste;
27/09/2023;Laguna;
27/09/2023;Curitibanos;
27/09/2023;Rio Negrinho;
27/09/2023;Campos Novos;
27/09/2023;Itapoá;
27/09/2023;Joaçaba;
28/09/2023;Florianópolis;
28/09/2023;Itajaí;
28/09/2023;Chapecó;
28/09/2023;Lages;
28/09/2023;Caçador;
28/09/2023;Araranguá;
28/09/2023;Indaial;
28/09/2023;Xanxerê;
28/09/2023;São Miguel do Oeste;
28/09/2023;Laguna;
28/09/2023;Curitibanos;
28/09/2023;Rio Negrinho;
28/09/2023;Campos Novos;
28/09/2023;Itapoá;
28/09/2023;Joaçaba;
29/09/2023;Florianópolis;
29/09/2023;Itajaí;
29/09/2023;Chapecó;
29/09/2023;Lages;
29/09/2023;Caçador;
29/09/2023;Araranguá;
29/09/2023;Indaial;
29/09/2023;Xanxerê;
29/09/2023;São Miguel do Oeste;
29/09/2023;Laguna;
29/09/2023;Curitibanos;
29/09/2023;Rio Negrinho;
29/09/2023;Campos Novos;
29/09/2023;Itapoá;
29/09/2023;Joaçaba;
30/09/2023;Florianópolis;
30/09/2023;Itajaí;
30/09/2023;Chapecó;
30/09/2023;Lages;
30/09/2023;Caçador;
30/09/2023;Araranguá;
30/09/2023;Indaial;
30/09/2023;Xanxerê;
30/09/2023;São Miguel do Oeste;
30/09/2023;Laguna;
30/09/2023;Curitibanos;
30/09/2023;Rio Negrinho;
30/09/2023;Campos Novos;
30/09/2023;Itapoá;
30/09/2023;Joaçaba;
01/10/2023;Florianópolis;
01/10/2023;Itajaí;
01/10/2023;Chapecó;
01/10/2023;Lages;
01/10/2023;Caçador;
01/10/2023;Araranguá;
01/10/2023;Indaial;
01/10/2023;Xanxerê;
01/10/2023;São Miguel do Oeste;
01/10/2023;Laguna;
01/10/2023;Curitibanos;
01/10/2023;Rio Negrinho;
01/10/2023;Campos Novos;
01/10/2023;Itapoá;
01/10/2023;Joaçaba;
02/10/2023;Florianópolis;
02/10/2023;Itajaí;
02/10/2023;Chapecó;
02/10/2023;Lages;
02/10/2023;Caçador;
02/10/2023;Araranguá;
02/10/2023;Indaial;
02/10/2023;Xanxerê;
02/10/2023;São Miguel do Oeste;
02/10/2023;Laguna;
02/10/2023;Curitibanos;
02/10/2023;Rio Negrinho;
02/10/2023;Campos Novos;
02/10/2023;Itapoá;
02/10/2023;Joaçaba;
03/10/2023;Florianópolis;
03/10/2023;Itajaí;
03/10/2023;Chapecó;
03/10/2023;Lages;
03/10/2023;Caçador;
03/10/2023;Araranguá;
03/10/2023;Indaial;
03/10/2023;Xanxerê;
03/10/2023;São Miguel do Oeste;
03/10/2023;Laguna;
03/10/2023;Curitibanos;
03/10/2023;Rio Negrinho;
03/10/2023;Campos Novos;
03/10/2023;Itapoá;
03/10/2023;Joaçaba;
04/10/2023;Florianópolis;
04/10/2023;Itajaí;
04/10/2023;Chapecó;
04/10/2023;Lages;
04/10/2023;Caçador;
04/10/2023;Araranguá;
04/10/2023;Indaial;
04/10/2023;Xanxerê;
04/10/2023;São Miguel do Oeste;
04/10/2023;Laguna;
04/10/2023;Curitibanos;
04/10/2023;Rio Negrinho;
04/10/2023;Campos Novos;
04/10/2023;Itapoá;
04/10/2023;Joaçaba;
05/10/2023;Florianópolis;
05/10/2023;Itajaí;
05/10/2023;Chapecó;
05/10/2023;Lages;
05/10/2023;Caçador;
05/10/2023;Araranguá;
05/10/2023;Indaial;
05/10/2023;Xanxerê;
05/10/2023;São Miguel do Oeste;
05/10/2023;Laguna;
05/10/2023;Curitibanos;
05/10/2023;Rio Negrinho;
05/10/2023;Campos Novos;
05/10/2023;Itapoá;
05/10/2023;Joaçaba;
06/10/2023;Florianópolis;
06/10/2023;Itajaí;
06/10/2023;Chapecó;
06/10/2023;Lages;
06/10/2023;Caçador;
06/10/2023;Araranguá;
06/10/2023;Indaial;
06/10/2023;Xanxerê;
06/10/2023;São Miguel do Oeste;
06/10/2023;Laguna;
06/10/2023;Curitibanos;
06/10/2023;Rio Negrinho;
06/10/2023;Campos Novos;
06/10/2023;Itapoá;
06/10/2023;Joaçaba;
07/10/2023;Florianópolis;
07/10/2023;Itajaí;
07/10/2023;Chapecó;
07/10/2023;Lages;
07/10/2023;Caçador;
07/10/2023;Araranguá;
07/10/2023;Indaial;
07/10/2023;Xanxerê;
07/10/2023;São Miguel do Oeste;
07/10/2023;Laguna;
07/10/2023;Curitibanos;
07/10/2023;Rio Negrinho;
07/10/2023;Campos Novos;
07/10/2023;Itapoá;
07/10/2023;Joaçaba;
08/10/2023;Florianópolis;
08/10/2023;Itajaí;
08/10/2023;Chapecó;
08/10/2023;Lages;
08/10/2023;Caçador;
08/10/2023;Araranguá;
08/10/2023;Indaial;
08/10/2023;Xanxerê;
08/10/2023;São Miguel do Oeste;
08/10/2023;Laguna;
08/10/2023;Curitibanos;
08/10/2023;Rio Negrinho;
08/10/2023;Campos Novos;
08/10/2023;Itapoá;
08/10/2023;Joaçaba;
09/10/2023;Florianópolis;
09/10/2023;Itajaí;
09/10/2023;Chapecó;
09/10/2023;Lages;
09/10/2023;Caçador;
09/10/2023;Araranguá;
09/10/2023;Indaial;
09/10/2023;Xanxerê;
09/10/2023;São Miguel do Oeste;
09/10/2023;Laguna;
09/10/2023;Curitibanos;
09/10/2023;Rio Negrinho;
09/10/2023;Campos Novos;
09/10/2023;Itapoá;
09/10/2023;Joaçaba;
10/10/2023;Florianópolis;
10/10/2023;Itajaí;
10/10/2023;Chapecó;
10/10/2023;Lages;
10/10/2023;Caçador;
10/10/2023;Araranguá;
10/10/2023;Indaial;
10/10/2023;Xanxerê;
10/10/2023;São Miguel do Oeste;
10/10/2023;Laguna;
10/10/2023;Curitibanos;
10/10/2023;Rio Negrinho;
10/10/2023;Campos Novos;
10/10/2023;Itapoá;
10/10/2023;Joaçaba;
11/10/2023;Florianópolis;
11/10/2023;Itajaí;
11/10/2023;Chapecó;
11/10/2023;Lages;
11/10/2023;Caçador;
11/10/2023;Araranguá;
11/10/2023;Indaial;
11/10/2023;Xanxerê;
11/10/2023;São Miguel do Oeste;
11/10/2023;Laguna;
11/10/2023;Curitibanos;
11/10/2023;Rio Negrinho;
11/10/2023;Campos Novos;
11/10/2023;Itapoá;
11/10/2023;Joaçaba;
12/10/2023;Florianópolis;
12/10/2023;Itajaí;
12/10/2023;Chapecó;
12/10/2023;Lages;
12/10/2023;Caçador;
12/10/2023;Araranguá;
12/10/2023;Indaial;
12/10/2023;Xanxerê;
12/10/2023;São Miguel do Oeste;
12/10/2023;Laguna;
12/10/2023;Curitibanos;
12/10/2023;Rio Negrinho;
12/10/2023;Campos Novos;
12/10/2023;Itapoá;
12/10/2023;Joaçaba;
13/10/2023;Florianópolis;
13/10/2023;Itajaí;
13/10/2023;Chapecó;
13/10/2023;Lages;
13/10/2023;Caçador;
13/10/2023;Araranguá;
13/10/2023;Indaial;
13/10/2023;Xanxerê;
13/10/2023;São Miguel do Oeste;
13/10/2023;Laguna;
13/10/2023;Curitibanos;
13/10/2023;Rio Negrinho;
13/10/2023;Campos Novos;
13/10/2023;Itapoá;
13/10/2023;Joaçaba;
14/10/2023;Florianópolis;
14/10/2023;Itajaí;
14/10/2023;Chapecó;
14/10/2023;Lages;
14/10/2023;Caçador;
14/10/2023;Araranguá;
14/10/2023;Indaial;
14/10/2023;Xanxerê;
14/10/2023;São Miguel do Oeste;
14/10/2023;Laguna;
14/10/2023;Curitibanos;
14/10/2023;Rio Negrinho;
14/10/2023;Campos Novos;
14/10/2023;Itapoá;
14/10/2023;Joaçaba;
15/10/2023;Florianópolis;
15/10/2023;Itajaí;
15/10/2023;Chapecó;
15/10/2023;Lages;
15/10/2023;Caçador;
15/10/2023;Araranguá;
15/10/2023;Indaial;
15/10/2023;Xanxerê;
15/10/2023;São Miguel do Oeste;
15/10/2023;Laguna;
15/10/2023;Curitibanos;
15/10/2023;Rio Negrinho;
15/10/2023;Campos Novos;
15/10/2023;Itapoá;
15/10/2023;Joaçaba;
16/10/2023;Florianópolis;
16/10/2023;Itajaí;
16/10/2023;Chapecó;
16/10/2023;Lages;
16/10/2023;Caçador;
16/10/2023;Araranguá;
16/10/2023;Indaial;
16/10/2023;Xanxerê;
16/10/2023;São Miguel do Oeste;
16/10/2023;Laguna;
16/10/2023;Curitibanos;
16/10/2023;Rio Negrinho;
16/10/2023;Campos Novos;
16/10/2023;Itapoá;
16/10/2023;Joaçaba;
17/10/2023;Florianópolis;
17/10/2023;Itajaí;
17/10/2023;Chapecó;
17/10/2023;Lages;
17/10/2023;Caçador;
17/10/2023;Araranguá;
17/10/2023;Indaial;
17/10/2023;Xanxerê;
17/10/2023;São Miguel do Oeste;
17/10/2023;Laguna;
17/10/2023;Curitibanos;
17/10/2023;Rio Negrinho;
17/10/2023;Campos Novos;
17/10/2023;Itapoá;
17/10/2023;Joaçaba;
18/10/2023;Florianópolis;
18/10/2023;Itajaí;
18/10/2023;Chapecó;
18/10/2023;Lages;
18/10/2023;Caçador;
18/10/2023;Araranguá;
18/10/2023;Indaial;
18/10/2023;Xanxerê;
18/10/2023;São Miguel do Oeste;
18/10/2023;Laguna;
18/10/2023;Curitibanos;
18/10/2023;Rio Negrinho;
18/10/2023;Campos Novos;
18/10/2023;Itapoá;
18/10/2023;Joaçaba;
19/10/2023;Florianópolis;
19/10/2023;Itajaí;
19/10/2023;Chapecó;
19/10/2023;Lages;
19/10/2023;Caçador;
19/10/2023;Araranguá;
19/10/2023;Indaial;
19/10/2023;Xanxerê;
19/10/2023;São Miguel do Oeste;
19/10/2023;Laguna;
19/10/2023;Curitibanos;
19/10/2023;Rio Negrinho;
19/10/2023;Campos Novos;
19/10/2023;Itapoá;
19/10/2023;Joaçaba;
20/10/2023;Florianópolis;
20/10/2023;Itajaí;
20/10/2023;Chapecó;
20/10/2023;Lages;
20/10/2023;Caçador;
20/10/2023;Araranguá;
20/10/2023;Indaial;
20/10/2023;Xanxerê;
20/10/2023;São Miguel do Oeste;
20/10/2023;Laguna;
20/10/2023;Curitibanos;
20/10/2023;Rio Negrinho;
20/10/2023;Campos Novos;
20/10/2023;Itapoá;
20/10/2023;Joaçaba;
21/10/2023;Florianópolis;
21/10/2023;Itajaí;
21/10/2023;Chapecó;
21/10/2023;Lages;
21/10/2023;Caçador;
21/10/2023;Araranguá;
21/10/2023;Indaial;
21/10/2023;Xanxerê;
21/10/2023;São Miguel do Oeste;
21/10/2023;Laguna;
21/10/2023;Curitibanos;
21/10/2023;Rio Negrinho;
21/10/2023;Campos Novos;
21/10/2023;Itapoá;
21/10/2023;Joaçaba;
22/10/2023;Florianópolis;
22/10/2023;Itajaí;
22/10/2023;Chapecó;
22/10/2023;Lages;
22/10/2023;Caçador;
22/10/2023;Araranguá;
22/10/2023;Indaial;
22/10/2023;Xanxerê;
22/10/2023;São Miguel do Oeste;
22/10/2023;Laguna;
22/10/2023;Curitibanos;
22/10/2023;Rio Negrinho;
22/10/2023;Campos Novos;
22/10/2023;Itapoá;
22/10/2023;Joaçaba;
23/10/2023;Florianópolis;
23/10/2023;Itajaí;
23/10/2023;Chapecó;
23/10/2023;Lages;
23/10/2023;Caçador;
23/10/2023;Araranguá;
23/10/2023;Indaial;
23/10/2023;Xanxerê;
23/10/2023;São Miguel do Oeste;
23/10/2023;Laguna;
23/10/2023;Curitibanos;
23/10/2023;Rio Negrinho;
23/10/2023;Campos Novos;
23/10/2023;Itapoá;
23/10/2023;Joaçaba;
24/10/2023;Florianópolis;
24/10/2023;Itajaí;
24/10/2023;Chapecó;
24/10/2023;Lages;
24/10/2023;Caçador;
24/10/2023;Araranguá;
24/10/2023;Indaial;
24/10/2023;Xanxerê;
24/10/2023;São Miguel do Oeste;
24/10/2023;Laguna;
24/10/2023;Curitibanos;
24/10/2023;Rio Negrinho;
24/10/2023;Campos Novos;
24/10/2023;Itapoá;
24/10/2023;Joaçaba;
25/10/2023;Florianópolis;
25/10/2023;Itajaí;
25/10/2023;Chapecó;
25/10/2023;Lages;
25/10/2023;Caçador;
25/10/2023;Araranguá;
25/10/2023;Indaial;
25/10/2023;Xanxerê;
25/10/2023;São Miguel do Oeste;
25/10/2023;Laguna;
25/10/2023;Curitibanos;
25/10/2023;Rio Negrinho;
25/10/2023;Campos Novos;
25/10/2023;Itapoá;
25/10/2023;Joaçaba;
26/10/2023;Florianópolis;
26/10/2023;Itajaí;
26/10/2023;Chapecó;
26/10/2023;Lages;
26/10/2023;Caçador;
26/10/2023;Araranguá;
26/10/2023;Indaial;
26/10/2023;Xanxerê;
26/10/2023;São Miguel do Oeste;
26/10/2023;Laguna;
26/10/2023;Curitibanos;
26/10/2023;Rio Negrinho;
26/10/2023;Campos Novos;
26/10/2023;Itapoá;
26/10/2023;Joaçaba;
27/10/2023;Florianópolis;
27/10/2023;Itajaí;
27/10/2023;Chapecó;
27/10/2023;Lages;
27/10/2023;Caçador;
27/10/2023;Araranguá;
27/10/2023;Indaial;
27/10/2023;Xanxerê;
27/10/2023;São Miguel do Oeste;
27/10/2023;Laguna;
27/10/2023;Curitibanos;
27/10/2023;Rio Negrinho;
27/10/2023;Campos Novos;
27/10/2023;Itapoá;
27/10/2023;Joaçaba;
28/10/2023;Florianópolis;
28/10/2023;Itajaí;
28/10/2023;Chapecó;
28/10/2023;Lages;
28/10/2023;Caçador;
28/10/2023;Araranguá;
28/10/2023;Indaial;
28/10/2023;Xanxerê;
28/10/2023;São Miguel do Oeste;
28/10/2023;Laguna;
28/10/2023;Curitibanos;
28/10/2023;Rio Negrinho;
28/10/2023;Campos Novos;
28/10/2023;Itapoá;
28/10/2023;Joaçaba;
29/10/2023;Florianópolis;
29/10/2023;Itajaí;
29/10/2023;Chapecó;
29/10/2023;Lages;
29/10/2023;Caçador;
29/10/2023;Araranguá;
29/10/2023;Indaial;
29/10/2023;Xanxerê;
29/10/2023;São Miguel do Oeste;
29/10/2023;Laguna;
29/10/2023;Curitibanos;
29/10/2023;Rio Negrinho;
29/10/2023;Campos Novos;
29/10/2023;Itapoá;
29/10/2023;Joaçaba;
30/10/2023;Florianópolis;
30/10/2023;Itajaí;
30/10/2023;Chapecó;
30/10/2023;Lages;
30/10/2023;Caçador;
30/10/2023;Araranguá;
30/10/2023;Indaial;
30/10/2023;Xanxerê;
30/10/2023;São Miguel do Oeste;
30/10/2023;Laguna;
30/10/2023;Curitibanos;
30/10/2023;Rio Negrinho;
30/10/2023;Campos Novos;
30/10/2023;Itapoá;
30/10/2023;Joaçaba;
31/10/2023;Florianópolis;
31/10/2023;Itajaí;
31/10/2023;Chapecó;
31/10/2023;Lages;
31/10/2023;Caçador;
31/10/2023;Araranguá;
31/10/2023;Indaial;
31/10/2023;Xanxerê;
31/10/2023;São Miguel do Oeste;
31/10/2023;Laguna;
31/10/2023;Curitibanos;
31/10/2023;Rio Negrinho;
31/10/2023;Campos Novos;
31/10/2023;Itapoá;
31/10/2023;Joaçaba;
01/11/2023;Florianópolis;
01/11/2023;Itajaí;
01/11/2023;Chapecó;
01/11/2023;Lages;
01/11/2023;Caçador;
01/11/2023;Araranguá;
01/11/2023;Indaial;
01/11/2023;Xanxerê;
01/11/2023;São Miguel do Oeste;
01/11/2023;Laguna;
01/11/2023;Curitibanos;
01/11/2023;Rio Negrinho;
01/11/2023;Campos Novos;
01/11/2023;Itapoá;
01/11/2023;Joaçaba;
02/11/2023;Florianópolis;
02/11/2023;Itajaí;
02/11/2023;Chapecó;
02/11/2023;Lages;
02/11/2023;Caçador;
02/11/2023;Araranguá;
02/11/2023;Indaial;
02/11/2023;Xanxerê;
02/11/2023;São Miguel do Oeste;
02/11/2023;Laguna;
02/11/2023;Curitibanos;
02/11/2023;Rio Negrinho;
02/11/2023;Campos Novos;
02/11/2023;Itapoá;
02/11/2023;Joaçaba;
03/11/2023;Florianópolis;
03/11/2023;Itajaí;
03/11/2023;Chapecó;
03/11/2023;Lages;
03/11/2023;Caçador;
03/11/2023;Araranguá;
03/11/2023;Indaial;
03/11/2023;Xanxerê;
03/11/2023;São Miguel do Oeste;
03/11/2023;Laguna;
03/11/2023;Curitibanos;
03/11/2023;Rio Negrinho;
03/11/2023;Campos Novos;
03/11/2023;Itapoá;
03/11/2023;Joaçaba;
04/11/2023;Florianópolis;
04/11/2023;Itajaí;
04/11/2023;Chapecó;
04/11/2023;Lages;
04/11/2023;Caçador;
04/11/2023;Araranguá;
04/11/2023;Indaial;
04/11/2023;Xanxerê;
04/11/2023;São Miguel do Oeste;
04/11/2023;Laguna;
04/11/2023;Curitibanos;
04/11/2023;Rio Negrinho;
04/11/2023;Campos Novos;
04/11/2023;Itapoá;
04/11/2023;Joaçaba;
05/11/2023;Florianópolis;
05/11/2023;Itajaí;
05/11/2023;Chapecó;
05/11/2023;Lages;
05/11/2023;Caçador;
05/11/2023;Araranguá;
05/11/2023;Indaial;
05/11/2023;Xanxerê;
05/11/2023;São Miguel do Oeste;
05/11/2023;Laguna;
05/11/2023;Curitibanos;
05/11/2023;Rio Negrinho;
05/11/2023;Campos Novos;
05/11/2023;Itapoá;
05/11/2023;Joaçaba;
06/11/2023;Florianópolis;
06/11/2023;Itajaí;
06/11/2023;Chapecó;
06/11/2023;Lages;
06/11/2023;Caçador;
06/11/2023;Araranguá;
06/11/2023;Indaial;
06/11/2023;Xanxerê;
06/11/2023;São Miguel do Oeste;
06/11/2023;Laguna;
06/11/2023;Curitibanos;
06/11/2023;Rio Negrinho;
06/11/2023;Campos Novos;
06/11/2023;Itapoá;
06/11/2023;Joaçaba;
07/11/2023;Florianópolis;
07/11/2023;Itajaí;
07/11/2023;Chapecó;
07/11/2023;Lages;
07/11/2023;Caçador;
07/11/2023;Araranguá;
07/11/2023;Indaial;
07/11/2023;Xanxerê;
07/11/2023;São Miguel do Oeste;
07/11/2023;Laguna;
07/11/2023;Curitibanos;
07/11/2023;Rio Negrinho;
07/11/2023;Campos Novos;
07/11/2023;Itapoá;
07/11/2023;Joaçaba;
08/11/2023;Florianópolis;
08/11/2023;Itajaí;
08/11/2023;Chapecó;
08/11/2023;Lages;
08/11/2023;Caçador;
08/11/2023;Araranguá;
08/11/2023;Indaial;
08/11/2023;Xanxerê;
08/11/2023;São Miguel do Oeste;
08/11/2023;Laguna;
08/11/2023;Curitibanos;
08/11/2023;Rio Negrinho;
08/11/2023;Campos Novos;
08/11/2023;Itapoá;
08/11/2023;Joaçaba;
09/11/2023;Florianópolis;
09/11/2023;Itajaí;
09/11/2023;Chapecó;
09/11/2023;Lages;
09/11/2023;Caçador;
09/11/2023;Araranguá;
09/11/2023;Indaial;
09/11/2023;Xanxerê;
09/11/2023;São Miguel do Oeste;
09/11/2023;Laguna;
09/11/2023;Curitibanos;
09/11/2023;Rio Negrinho;
09/11/2023;Campos Novos;
09/11/2023;Itapoá;
09/11/2023;Joaçaba;
10/11/2023;Florianópolis;
10/11/2023;Itajaí;
10/11/2023;Chapecó;
10/11/2023;Lages;
10/11/2023;Caçador;
10/11/2023;Araranguá;
10/11/2023;Indaial;
10/11/2023;Xanxerê;
10/11/2023;São Miguel do Oeste;
10/11/2023;Laguna;
10/11/2023;Curitibanos;
10/11/2023;Rio Negrinho;
10/11/2023;Campos Novos;
10/11/2023;Itapoá;
10/11/2023;Joaçaba;
11/11/2023;Florianópolis;
11/11/2023;Itajaí;
11/11/2023;Chapecó;
11/11/2023;Lages;
11/11/2023;Caçador;
11/11/2023;Araranguá;
11/11/2023;Indaial;
11/11/2023;Xanxerê;
11/11/2023;São Miguel do Oeste;
11/11/2023;Laguna;
11/11/2023;Curitibanos;
11/11/2023;Rio Negrinho;
11/11/2023;Campos Novos;
11/11/2023;Itapoá;
11/11/2023;Joaçaba;
12/11/2023;Florianópolis;
12/11/2023;Itajaí;
12/11/2023;Chapecó;
12/11/2023;Lages;
12/11/2023;Caçador;
12/11/2023;Araranguá;
12/11/2023;Indaial;
12/11/2023;Xanxerê;
12/11/2023;São Miguel do Oeste;
12/11/2023;Laguna;
12/11/2023;Curitibanos;
12/11/2023;Rio Negrinho;
12/11/2023;Campos Novos;
12/11/2023;Itapoá;
12/11/2023;Joaçaba;
13/11/2023;Florianópolis;
13/11/2023;Itajaí;
13/11/2023;Chapecó;
13/11/2023;Lages;
13/11/2023;Caçador;
13/11/2023;Araranguá;
13/11/2023;Indaial;
13/11/2023;Xanxerê;
13/11/2023;São Miguel do Oeste;
13/11/2023;Laguna;
13/11/2023;Curitibanos;
13/11/2023;Rio Negrinho;
13/11/2023;Campos Novos;
13/11/2023;Itapoá;
13/11/2023;Joaçaba;
14/11/2023;Florianópolis;
14/11/2023;Itajaí;
14/11/2023;Chapecó;
14/11/2023;Lages;
14/11/2023;Caçador;
14/11/2023;Araranguá;
14/11/2023;Indaial;
14/11/2023;Xanxerê;
14/11/2023;São Miguel do Oeste;
14/11/2023;Laguna;
14/11/2023;Curitibanos;
14/11/2023;Rio Negrinho;
14/11/2023;Campos Novos;
14/11/2023;Itapoá;
14/11/2023;Joaçaba;
15/11/2023;Florianópolis;
15/11/2023;Itajaí;
15/11/2023;Chapecó;
15/11/2023;Lages;
15/11/2023;Caçador;
15/11/2023;Araranguá;
15/11/2023;Indaial;
15/11/2023;Xanxerê;
15/11/2023;São Miguel do Oeste;
15/11/2023;Laguna;
15/11/2023;Curitibanos;
15/11/2023;Rio Negrinho;
15/11/2023;Campos Novos;
15/11/2023;Itapoá;
15/11/2023;Joaçaba;
16/11/2023;Florianópolis;
16/11/2023;Itajaí;
16/11/2023;Chapecó;
16/11/2023;Lages;
16/11/2023;Caçador;
16/11/2023;Araranguá;
16/11/2023;Indaial;
16/11/2023;Xanxerê;
16/11/2023;São Miguel do Oeste;
16/11/2023;Laguna;
16/11/2023;Curitibanos;
16/11/2023;Rio Negrinho;
16/11/2023;Campos Novos;
16/11/2023;Itapoá;
16/11/2023;Joaçaba;
17/11/2023;Florianópolis;
17/11/2023;Itajaí;
17/11/2023;Chapecó;
17/11/2023;Lages;
17/11/2023;Caçador;
17/11/2023;Araranguá;
17/11/2023;Indaial;
17/11/2023;Xanxerê;
17/11/2023;São Miguel do Oeste;
17/11/2023;Laguna;
17/11/2023;Curitibanos;
17/11/2023;Rio Negrinho;
17/11/2023;Campos Novos;
17/11/2023;Itapoá;
17/11/2023;Joaçaba;
18/11/2023;Florianópolis;
18/11/2023;Itajaí;
18/11/2023;Chapecó;
18/11/2023;Lages;
18/11/2023;Caçador;
18/11/2023;Araranguá;
18/11/2023;Indaial;
18/11/2023;Xanxerê;
18/11/2023;São Miguel do Oeste;
18/11/2023;Laguna;
18/11/2023;Curitibanos;
18/11/2023;Rio Negrinho;
18/11/2023;Campos Novos;
18/11/2023;Itapoá;
18/11/2023;Joaçaba;
19/11/2023;Florianópolis;
19/11/2023;Itajaí;
19/11/2023;Chapecó;
19/11/2023;Lages;
19/11/2023;Caçador;
19/11/2023;Araranguá;
19/11/2023;Indaial;
19/11/2023;Xanxerê;
19/11/2023;São Miguel do Oeste;
19/11/2023;Laguna;
19/11/2023;Curitibanos;
19/11/2023;Rio Negrinho;
19/11/2023;Campos Novos;
19/11/2023;Itapoá;
19/11/2023;Joaçaba;
20/11/2023;Florianópolis;
20/11/2023;Itajaí;
20/11/2023;Chapecó;
20/11/2023;Lages;
20/11/2023;Caçador;
20/11/2023;Araranguá;
20/11/2023;Indaial;
20/11/2023;Xanxerê;
20/11/2023;São Miguel do Oeste;
20/11/2023;Laguna;
20/11/2023;Curitibanos;
20/11/2023;Rio Negrinho;
20/11/2023;Campos Novos;
20/11/2023;Itapoá;
20/11/2023;Joaçaba;
21/11/2023;Florianópolis;
21/11/2023;Itajaí;
21/11/2023;Chapecó;
21/11/2023;Lages;
21/11/2023;Caçador;
21/11/2023;Araranguá;
21/11/2023;Indaial;
21/11/2023;Xanxerê;
21/11/2023;São Miguel do Oeste;
21/11/2023;Laguna;
21/11/2023;Curitibanos;
21/11/2023;Rio Negrinho;
21/11/2023;Campos Novos;
21/11/2023;Itapoá;
21/11/2023;Joaçaba;
22/11/2023;Florianópolis;
22/11/2023;Itajaí;
22/11/2023;Chapecó;
22/11/2023;Lages;
22/11/2023;Caçador;
22/11/2023;Araranguá;
22/11/2023;Indaial;
22/11/2023;Xanxerê;
22/11/2023;São Miguel do Oeste;
22/11/2023;Laguna;
22/11/2023;Curitibanos;
22/11/2023;Rio Negrinho;
22/11/2023;Campos Novos;
22/11/2023;Itapoá;
22/11/2023;Joaçaba;
23/11/2023;Florianópolis;
23/11/2023;Itajaí;
23/11/2023;Chapecó;
23/11/2023;Lages;
23/11/2023;Caçador;
23/11/2023;Araranguá;
23/11/2023;Indaial;
23/11/2023;Xanxerê;
23/11/2023;São Miguel do Oeste;
23/11/2023;Laguna;
23/11/2023;Curitibanos;
23/11/2023;Rio Negrinho;
23/11/2023;Campos Novos;
23/11/2023;Itapoá;
23/11/2023;Joaçaba;
24/11/2023;Florianópolis;
24/11/2023;Itajaí;
24/11/2023;Chapecó;
24/11/2023;Lages;
24/11/2023;Caçador;
24/11/2023;Araranguá;
24/11/2023;Indaial;
24/11/2023;Xanxerê;
24/11/2023;São Miguel do Oeste;
24/11/2023;Laguna;
24/11/2023;Curitibanos;
24/11/2023;Rio Negrinho;
24/11/2023;Campos Novos;
24/11/2023;Itapoá;
24/11/2023;Joaçaba;
25/11/2023;Florianópolis;
25/11/2023;Itajaí;
25/11/2023;Chapecó;
25/11/2023;Lages;
25/11/2023;Caçador;
25/11/2023;Araranguá;
25/11/2023;Indaial;
25/11/2023;Xanxerê;
25/11/2023;São Miguel do Oeste;
25/11/2023;Laguna;
25/11/2023;Curitibanos;
25/11/2023;Rio Negrinho;
25/11/2023;Campos Novos;
25/11/2023;Itapoá;
25/11/2023;Joaçaba;
26/11/2023;Florianópolis;
26/11/2023;Itajaí;
26/11/2023;Chapecó;
26/11/2023;Lages;
26/11/2023;Caçador;
26/11/2023;Araranguá;
26/11/2023;Indaial;
26/11/2023;Xanxerê;
26/11/2023;São Miguel do Oeste;
26/11/2023;Laguna;
26/11/2023;Curitibanos;
26/11/2023;Rio Negrinho;
26/11/2023;Campos Novos;
26/11/2023;Itapoá;
26/11/2023;Joaçaba;
27/11/2023;Florianópolis;
27/11/2023;Itajaí;
27/11/2023;Chapecó;
27/11/2023;Lages;
27/11/2023;Caçador;
27/11/2023;Araranguá;
27/11/2023;Indaial;
27/11/2023;Xanxerê;
27/11/2023;São Miguel do Oeste;
27/11/2023;Laguna;
27/11/2023;Curitibanos;
27/11/2023;Rio Negrinho;
27/11/2023;Campos Novos;
27/11/2023;Itapoá;
27/11/2023;Joaçaba;
28/11/2023;Florianópolis;
28/11/2023;Itajaí;
28/11/2023;Chapecó;
28/11/2023;Lages;
28/11/2023;Caçador;
28/11/2023;Araranguá;
28/11/2023;Indaial;
28/11/2023;Xanxerê;
28/11/2023;São Miguel do Oeste;
28/11/2023;Laguna;
28/11/2023;Curitibanos;
28/11/2023;Rio Negrinho;
28/11/2023;Campos Novos;
28/11/2023;Itapoá;
28/11/2023;Joaçaba;
29/11/2023;Florianópolis;
29/11/2023;Itajaí;
29/11/2023;Chapecó;
29/11/2023;Lages;
29/11/2023;Caçador;
29/11/2023;Araranguá;
29/11/2023;Indaial;
29/11/2023;Xanxerê;
29/11/2023;São Miguel do Oeste;
29/11/2023;Laguna;
29/11/2023;Curitibanos;
29/11/2023;Rio Negrinho;
29/11/2023;Campos Novos;
29/11/2023;Itapoá;
29/11/2023;Joaçaba;
30/11/2023;Florianópolis;
30/11/2023;Itajaí;
30/11/2023;Chapecó;
30/11/2023;Lages;
30/11/2023;Caçador;
30/11/2023;Araranguá;
30/11/2023;Indaial;
30/11/2023;Xanxerê;
30/11/2023;São Miguel do Oeste;
30/11/2023;Laguna;
30/11/2023;Curitibanos;
30/11/2023;Rio Negrinho;
30/11/2023;Campos Novos;
30/11/2023;Itapoá;
30/11/2023;Joaçaba;
01/12/2023;Florianópolis;
01/12/2023;Itajaí;
01/12/2023;Chapecó;
01/12/2023;Lages;
01/12/2023;Caçador;
01/12/2023;Araranguá;
01/12/2023;Indaial;
01/12/2023;Xanxerê;
01/12/2023;São Miguel do Oeste;
01/12/2023;Laguna;
01/12/2023;Curitibanos;
01/12/2023;Rio Negrinho;
01/12/2023;Campos Novos;
01/12/2023;Itapoá;
01/12/2023;Joaçaba;
02/12/2023;Florianópolis;
02/12/2023;Itajaí;
02/12/2023;Chapecó;
02/12/2023;Lages;
02/12/2023;Caçador;
02/12/2023;Araranguá;
02/12/2023;Indaial;
02/12/2023;Xanxerê;
02/12/2023;São Miguel do Oeste;
02/12/2023;Laguna;
02/12/2023;Curitibanos;
02/12/2023;Rio Negrinho;
02/12/2023;Campos Novos;
02/12/2023;Itapoá;
02/12/2023;Joaçaba;
03/12/2023;Florianópolis;
03/12/2023;Itajaí;
03/12/2023;Chapecó;
03/12/2023;Lages;
03/12/2023;Caçador;
03/12/2023;Araranguá;
03/12/2023;Indaial;
03/12/2023;Xanxerê;
03/12/2023;São Miguel do Oeste;
03/12/2023;Laguna;
03/12/2023;Curitibanos;
03/12/2023;Rio Negrinho;
03/12/2023;Campos Novos;
03/12/2023;Itapoá;
03/12/2023;Joaçaba;
04/12/2023;Florianópolis;
04/12/2023;Itajaí;
04/12/2023;Chapecó;
04/12/2023;Lages;
04/12/2023;Caçador;
04/12/2023;Araranguá;
04/12/2023;Indaial;
04/12/2023;Xanxerê;
04/12/2023;São Miguel do Oeste;
04/12/2023;Laguna;
04/12/2023;Curitibanos;
04/12/2023;Rio Negrinho;
04/12/2023;Campos Novos;
04/12/2023;Itapoá;
04/12/2023;Joaçaba;
05/12/2023;Florianópolis;
05/12/2023;Itajaí;
05/12/2023;Chapecó;
05/12/2023;Lages;
05/12/2023;Caçador;
05/12/2023;Araranguá;
05/12/2023;Indaial;
05/12/2023;Xanxerê;
05/12/2023;São Miguel do Oeste;
05/12/2023;Laguna;
05/12/2023;Curitibanos;
05/12/2023;Rio Negrinho;
05/12/2023;Campos Novos;
05/12/2023;Itapoá;
05/12/2023;Joaçaba;
06/12/2023;Florianópolis;
06/12/2023;Itajaí;
06/12/2023;Chapecó;
06/12/2023;Lages;
06/12/2023;Caçador;
06/12/2023;Araranguá;
06/12/2023;Indaial;
06/12/2023;Xanxerê;
06/12/2023;São Miguel do Oeste;
06/12/2023;Laguna;
06/12/2023;Curitibanos;
06/12/2023;Rio Negrinho;
06/12/2023;Campos Novos;
06/12/2023;Itapoá;
06/12/2023;Joaçaba;
07/12/2023;Florianópolis;
07/12/2023;Itajaí;
07/12/2023;Chapecó;
07/12/2023;Lages;
07/12/2023;Caçador;
07/12/2023;Araranguá;
07/12/2023;Indaial;
07/12/2023;Xanxerê;
07/12/2023;São Miguel do Oeste;
07/12/2023;Laguna;
07/12/2023;Curitibanos;
07/12/2023;Rio Negrinho;
07/12/2023;Campos Novos;
07/12/2023;Itapoá;
07/12/2023;Joaçaba;
08/12/2023;Florianópolis;
08/12/2023;Itajaí;
08/12/2023;Chapecó;
08/12/2023;Lages;
08/12/2023;Caçador;
08/12/2023;Araranguá;
08/12/2023;Indaial;
08/12/2023;Xanxerê;
08/12/2023;São Miguel do Oeste;
08/12/2023;Laguna;
08/12/2023;Curitibanos;
08/12/2023;Rio Negrinho;
08/12/2023;Campos Novos;
08/12/2023;Itapoá;
08/12/2023;Joaçaba;
09/12/2023;Florianópolis;
09/12/2023;Itajaí;
09/12/2023;Chapecó;
09/12/2023;Lages;
09/12/2023;Caçador;
09/12/2023;Araranguá;
09/12/2023;Indaial;
09/12/2023;Xanxerê;
09/12/2023;São Miguel do Oeste;
09/12/2023;Laguna;
09/12/2023;Curitibanos;
09/12/2023;Rio Negrinho;
09/12/2023;Campos Novos;
09/12/2023;Itapoá;
09/12/2023;Joaçaba;
10/12/2023;Florianópolis;
10/12/2023;Itajaí;
10/12/2023;Chapecó;
10/12/2023;Lages;
10/12/2023;Caçador;
10/12/2023;Araranguá;
10/12/2023;Indaial;
10/12/2023;Xanxerê;
10/12/2023;São Miguel do Oeste;
10/12/2023;Laguna;
10/12/2023;Curitibanos;
10/12/2023;Rio Negrinho;
10/12/2023;Campos Novos;
10/12/2023;Itapoá;
10/12/2023;Joaçaba;
11/12/2023;Florianópolis;
11/12/2023;Itajaí;
11/12/2023;Chapecó;
11/12/2023;Lages;
11/12/2023;Caçador;
11/12/2023;Araranguá;
11/12/2023;Indaial;
11/12/2023;Xanxerê;
11/12/2023;São Miguel do Oeste;
11/12/2023;Laguna;
11/12/2023;Curitibanos;
11/12/2023;Rio Negrinho;
11/12/2023;Campos Novos;
11/12/2023;Itapoá;
11/12/2023;Joaçaba;
12/12/2023;Florianópolis;
12/12/2023;Itajaí;
12/12/2023;Chapecó;
12/12/2023;Lages;
12/12/2023;Caçador;
12/12/2023;Araranguá;
12/12/2023;Indaial;
12/12/2023;Xanxerê;
12/12/2023;São Miguel do Oeste;
12/12/2023;Laguna;
12/12/2023;Curitibanos;
12/12/2023;Rio Negrinho;
12/12/2023;Campos Novos;
12/12/2023;Itapoá;
12/12/2023;Joaçaba;
13/12/2023;Florianópolis;
13/12/2023;Itajaí;
13/12/2023;Chapecó;
13/12/2023;Lages;
13/12/2023;Caçador;
13/12/2023;Araranguá;
13/12/2023;Indaial;
13/12/2023;Xanxerê;
13/12/2023;São Miguel do Oeste;
13/12/2023;Laguna;
13/12/2023;Curitibanos;
13/12/2023;Rio Negrinho;
13/12/2023;Campos Novos;
13/12/2023;Itapoá;
13/12/2023;Joaçaba;
14/12/2023;Florianópolis;
14/12/2023;Itajaí;
14/12/2023;Chapecó;
14/12/2023;Lages;
14/12/2023;Caçador;
14/12/2023;Araranguá;
14/12/2023;Indaial;
14/12/2023;Xanxerê;
14/12/2023;São Miguel do Oeste;
14/12/2023;Laguna;
14/12/2023;Curitibanos;
14/12/2023;Rio Negrinho;
14/12/2023;Campos Novos;
14/12/2023;Itapoá;
14/12/2023;Joaçaba;
15/12/2023;Florianópolis;
15/12/2023;Itajaí;
15/12/2023;Chapecó;
15/12/2023;Lages;
15/12/2023;Caçador;
15/12/2023;Araranguá;
15/12/2023;Indaial;
15/12/2023;Xanxerê;
15/12/2023;São Miguel do Oeste;
15/12/2023;Laguna;
15/12/2023;Curitibanos;
15/12/2023;Rio Negrinho;
15/12/2023;Campos Novos;
15/12/2023;Itapoá;
15/12/2023;Joaçaba;
16/12/2023;Florianópolis;
16/12/2023;Itajaí;
16/12/2023;Chapecó;
16/12/2023;Lages;
16/12/2023;Caçador;
16/12/2023;Araranguá;
16/12/2023;Indaial;
16/12/2023;Xanxerê;
16/12/2023;São Miguel do Oeste;
16/12/2023;Laguna;
16/12/2023;Curitibanos;
16/12/2023;Rio Negrinho;
16/12/2023;Campos Novos;
16/12/2023;Itapoá;
16/12/2023;Joaçaba;
17/12/2023;Florianópolis;
17/12/2023;Itajaí;
17/12/2023;Chapecó;
17/12/2023;Lages;
17/12/2023;Caçador;
17/12/2023;Araranguá;
17/12/2023;Indaial;
17/12/2023;Xanxerê;
17/12/2023;São Miguel do Oeste;
17/12/2023;Laguna;
17/12/2023;Curitibanos;
17/12/2023;Rio Negrinho;
17/12/2023;Campos Novos;
17/12/2023;Itapoá;
17/12/2023;Joaçaba;
18/12/2023;Florianópolis;
18/12/2023;Itajaí;
18/12/2023;Chapecó;
18/12/2023;Lages;
18/12/2023;Caçador;
18/12/2023;Araranguá;
18/12/2023;Indaial;
18/12/2023;Xanxerê;
18/12/2023;São Miguel do Oeste;
18/12/2023;Laguna;
18/12/2023;Curitibanos;
18/12/2023;Rio Negrinho;
18/12/2023;Campos Novos;
18/12/2023;Itapoá;
18/12/2023;Joaçaba;
19/12/2023;Florianópolis;
19/12/2023;Itajaí;
19/12/2023;Chapecó;
19/12/2023;Lages;
19/12/2023;Caçador;
19/12/2023;Araranguá;
19/12/2023;Indaial;
19/12/2023;Xanxerê;
19/12/2023;São Miguel do Oeste;
19/12/2023;Laguna;
19/12/2023;Curitibanos;
19/12/2023;Rio Negrinho;
19/12/2023;Campos Novos;
19/12/2023;Itapoá;
19/12/2023;Joaçaba;
20/12/2023;Florianópolis;
20/12/2023;Itajaí;
20/12/2023;Chapecó;
20/12/2023;Lages;
20/12/2023;Caçador;
20/12/2023;Araranguá;
20/12/2023;Indaial;
20/12/2023;Xanxerê;
20/12/2023;São Miguel do Oeste;
20/12/2023;Laguna;
20/12/2023;Curitibanos;
20/12/2023;Rio Negrinho;
20/12/2023;Campos Novos;
20/12/2023;Itapoá;
20/12/2023;Joaçaba;
21/12/2023;Florianópolis;
21/12/2023;Itajaí;
21/12/2023;Chapecó;
21/12/2023;Lages;
21/12/2023;Caçador;
21/12/2023;Araranguá;
21/12/2023;Indaial;
21/12/2023;Xanxerê;
21/12/2023;São Miguel do Oeste;
21/12/2023;Laguna;
21/12/2023;Curitibanos;
21/12/2023;Rio Negrinho;
21/12/2023;Campos Novos;
21/12/2023;Itapoá;
21/12/2023;Joaçaba;
22/12/2023;Florianópolis;
22/12/2023;Itajaí;
22/12/2023;Chapecó;
22/12/2023;Lages;
22/12/2023;Caçador;
22/12/2023;Araranguá;
22/12/2023;Indaial;
22/12/2023;Xanxerê;
22/12/2023;São Miguel do Oeste;
22/12/2023;Laguna;
22/12/2023;Curitibanos;
22/12/2023;Rio Negrinho;
22/12/2023;Campos Novos;
22/12/2023;Itapoá;
22/12/2023;Joaçaba;
23/12/2023;Florianópolis;
23/12/2023;Itajaí;
23/12/2023;Chapecó;
23/12/2023;Lages;
23/12/2023;Caçador;
23/12/2023;Araranguá;
23/12/2023;Indaial;
23/12/2023;Xanxerê;
23/12/2023;São Miguel do Oeste;
23/12/2023;Laguna;
23/12/2023;Curitibanos;
23/12/2023;Rio Negrinho;
23/12/2023;Campos Novos;
23/12/2023;Itapoá;
23/12/2023;Joaçaba;
24/12/2023;Florianópolis;
24/12/2023;Itajaí;
24/12/2023;Chapecó;
24/12/2023;Lages;
24/12/2023;Caçador;
24/12/2023;Araranguá;
24/12/2023;Indaial;
24/12/2023;Xanxerê;
24/12/2023;São Miguel do Oeste;
24/12/2023;Laguna;
24/12/2023;Curitibanos;
24/12/2023;Rio Negrinho;
24/12/2023;Campos Novos;
24/12/2023;Itapoá;
24/12/2023;Joaçaba;
25/12/2023;Florianópolis;
25/12/2023;Itajaí;
25/12/2023;Chapecó;
25/12/2023;Lages;
25/12/2023;Caçador;
25/12/2023;Araranguá;
25/12/2023;Indaial;
25/12/2023;Xanxerê;
25/12/2023;São Miguel do Oeste;
25/12/2023;Laguna;
25/12/2023;Curitibanos;
25/12/2023;Rio Negrinho;
25/12/2023;Campos Novos;
25/12/2023;Itapoá;
25/12/2023;Joaçaba;
26/12/2023;Florianópolis;
26/12/2023;Itajaí;
26/12/2023;Chapecó;
26/12/2023;Lages;
26/12/2023;Caçador;
26/12/2023;Araranguá;
26/12/2023;Indaial;
26/12/2023;Xanxerê;
26/12/2023;São Miguel do Oeste;
26/12/2023;Laguna;
26/12/2023;Curitibanos;
26/12/2023;Rio Negrinho;
26/12/2023;Campos Novos;
26/12/2023;Itapoá;
26/12/2023;Joaçaba;
27/12/2023;Florianópolis;
27/12/2023;Itajaí;
27/12/2023;Chapecó;
27/12/2023;Lages;
27/12/2023;Caçador;
27/12/2023;Araranguá;
27/12/2023;Indaial;
27/12/2023;Xanxerê;
27/12/2023;São Miguel do Oeste;
27/12/2023;Laguna;
27/12/2023;Curitibanos;
27/12/2023;Rio Negrinho;
27/12/2023;Campos Novos;
27/12/2023;Itapoá;
27/12/2023;Joaçaba;
28/12/2023;Florianópolis;
28/12/2023;Itajaí;
28/12/2023;Chapecó;
28/12/2023;Lages;
28/12/2023;Caçador;
28/12/2023;Araranguá;
28/12/2023;Indaial;
28/12/2023;Xanxerê;
28/12/2023;São Miguel do Oeste;
28/12/2023;Laguna;
28/12/2023;Curitibanos;
28/12/2023;Rio Negrinho;
28/12/2023;Campos Novos;
28/12/2023;Itapoá;
28/12/2023;Joaçaba;
29/12/2023;Florianópolis;
29/12/2023;Itajaí;
29/12/2023;Chapecó;
29/12/2023;Lages;
29/12/2023;Caçador;
29/12/2023;Araranguá;
29/12/2023;Indaial;
29/12/2023;Xanxerê;
29/12/2023;São Miguel do Oeste;
29/12/2023;Laguna;
29/12/2023;Curitibanos;
29/12/2023;Rio Negrinho;
29/12/2023;Campos Novos;
29/12/2023;Itapoá;
29/12/2023;Joaçaba;
30/12/2023;Florianópolis;
30/12/2023;Itajaí;
30/12/2023;Chapecó;
30/12/2023;Lages;
30/12/2023;Caçador;
30/12/2023;Araranguá;
30/12/2023;Indaial;
30/12/2023;Xanxerê;
30/12/2023;São Miguel do Oeste;
30/12/2023;Laguna;
30/12/2023;Curitibanos;
30/12/2023;Rio Negrinho;
30/12/2023;Campos Novos;
30/12/2023;Itapoá;
30/12/2023;Joaçaba;
31/12/2023;Florianópolis;
31/12/2023;Itajaí;
31/12/2023;Chapecó;
31/12/2023;Lages;
31/12/2023;Caçador;
31/12/2023;Araranguá;
31/12/2023;Indaial;
31/12/2023;Xanxerê;
31/12/2023;São Miguel do Oeste;
31/12/2023;Laguna;
31/12/2023;Curitibanos;
31/12/2023;Rio Negrinho;
31/12/2023;Campos Novos;
31/12/2023;Itapoá;
31/12/2023;Joaçaba;
01/01/2024;Florianópolis;
01/01/2024;Itajaí;
01/01/2024;Chapecó;
01/01/2024;Lages;
01/01/2024;Caçador;
01/01/2024;Araranguá;
01/01/2024;Indaial;
01/01/2024;Xanxerê;
01/01/2024;São Miguel do Oeste;
01/01/2024;Laguna;
01/01/2024;Curitibanos;
01/01/2024;Rio Negrinho;
01/01/2024;Campos Novos;
01/01/2024;Itapoá;
01/01/2024;Joaçaba;
02/01/2024;Florianópolis;
02/01/2024;Itajaí;
02/01/2024;Chapecó;
02/01/2024;Lages;
02/01/2024;Caçador;
02/01/2024;Araranguá;
02/01/2024;Indaial;
02/01/2024;Xanxerê;
02/01/2024;São Miguel do Oeste;
02/01/2024;Laguna;
02/01/2024;Curitibanos;
02/01/2024;Rio Negrinho;
02/01/2024;Campos Novos;
02/01/2024;Itapoá;
02/01/2024;Joaçaba;
03/01/2024;Florianópolis;
03/01/2024;Itajaí;
03/01/2024;Chapecó;
03/01/2024;Lages;
03/01/2024;Caçador;
03/01/2024;Araranguá;
03/01/2024;Indaial;
03/01/2024;Xanxerê;
03/01/2024;São Miguel do Oeste;
03/01/2024;Laguna;
03/01/2024;Curitibanos;
03/01/2024;Rio Negrinho;
03/01/2024;Campos Novos;
03/01/2024;Itapoá;
03/01/2024;Joaçaba;
04/01/2024;Florianópolis;
04/01/2024;Itajaí;
04/01/2024;Chapecó;
04/01/2024;Lages;
04/01/2024;Caçador;
04/01/2024;Araranguá;
04/01/2024;Indaial;
04/01/2024;Xanxerê;
04/01/2024;São Miguel do Oeste;
04/01/2024;Laguna;
04/01/2024;Curitibanos;
04/01/2024;Rio Negrinho;
04/01/2024;Campos Novos;
04/01/2024;Itapoá;
04/01/2024;Joaçaba;
05/01/2024;Florianópolis;
05/01/2024;Itajaí;
05/01/2024;Chapecó;
05/01/2024;Lages;
05/01/2024;Caçador;
05/01/2024;Araranguá;
05/01/2024;Indaial;
05/01/2024;Xanxerê;
05/01/2024;São Miguel do Oeste;
05/01/2024;Laguna;
05/01/2024;Curitibanos;
05/01/2024;Rio Negrinho;
05/01/2024;Campos Novos;
05/01/2024;Itapoá;
05/01/2024;Joaçaba;
06/01/2024;Florianópolis;
06/01/2024;Itajaí;
06/01/2024;Chapecó;
06/01/2024;Lages;
06/01/2024;Caçador;
06/01/2024;Araranguá;
06/01/2024;Indaial;
06/01/2024;Xanxerê;
06/01/2024;São Miguel do Oeste;
06/01/2024;Laguna;
06/01/2024;Curitibanos;
06/01/2024;Rio Negrinho;
06/01/2024;Campos Novos;
06/01/2024;Itapoá;
06/01/2024;Joaçaba;
07/01/2024;Florianópolis;
07/01/2024;Itajaí;
07/01/2024;Chapecó;
07/01/2024;Lages;
07/01/2024;Caçador;
07/01/2024;Araranguá;
07/01/2024;Indaial;
07/01/2024;Xanxerê;
07/01/2024;São Miguel do Oeste;
07/01/2024;Laguna;
07/01/2024;Curitibanos;
07/01/2024;Rio Negrinho;
07/01/2024;Campos Novos;
07/01/2024;Itapoá;
07/01/2024;Joaçaba;
08/01/2024;Florianópolis;
08/01/2024;Itajaí;
08/01/2024;Chapecó;
08/01/2024;Lages;
08/01/2024;Caçador;
08/01/2024;Araranguá;
08/01/2024;Indaial;
08/01/2024;Xanxerê;
08/01/2024;São Miguel do Oeste;
08/01/2024;Laguna;
08/01/2024;Curitibanos;
08/01/2024;Rio Negrinho;
08/01/2024;Campos Novos;
08/01/2024;Itapoá;
08/01/2024;Joaçaba;
09/01/2024;Florianópolis;
09/01/2024;Itajaí;
09/01/2024;Chapecó;
09/01/2024;Lages;
09/01/2024;Caçador;
09/01/2024;Araranguá;
09/01/2024;Indaial;
09/01/2024;Xanxerê;
09/01/2024;São Miguel do Oeste;
09/01/2024;Laguna;
09/01/2024;Curitibanos;
09/01/2024;Rio Negrinho;
09/01/2024;Campos Novos;
09/01/2024;Itapoá;
09/01/2024;Joaçaba;
10/01/2024;Florianópolis;
10/01/2024;Itajaí;
10/01/2024;Chapecó;
10/01/2024;Lages;
10/01/2024;Caçador;
10/01/2024;Araranguá;
10/01/2024;Indaial;
10/01/2024;Xanxerê;
10/01/2024;São Miguel do Oeste;
10/01/2024;Laguna;
10/01/2024;Curitibanos;
10/01/2024;Rio Negrinho;
10/01/2024;Campos Novos;
10/01/2024;Itapoá;
10/01/2024;Joaçaba;
11/01/2024;Florianópolis;
11/01/2024;Itajaí;
11/01/2024;Chapecó;
11/01/2024;Lages;
11/01/2024;Caçador;
11/01/2024;Araranguá;
11/01/2024;Indaial;
11/01/2024;Xanxerê;
11/01/2024;São Miguel do Oeste;
11/01/2024;Laguna;
11/01/2024;Curitibanos;
11/01/2024;Rio Negrinho;
11/01/2024;Campos Novos;
11/01/2024;Itapoá;
11/01/2024;Joaçaba;
12/01/2024;Florianópolis;
12/01/2024;Itajaí;
12/01/2024;Chapecó;
12/01/2024;Lages;
12/01/2024;Caçador;
12/01/2024;Araranguá;
12/01/2024;Indaial;
12/01/2024;Xanxerê;
12/01/2024;São Miguel do Oeste;
12/01/2024;Laguna;
12/01/2024;Curitibanos;
12/01/2024;Rio Negrinho;
12/01/2024;Campos Novos;
12/01/2024;Itapoá;
12/01/2024;Joaçaba;
13/01/2024;Florianópolis;
13/01/2024;Itajaí;
13/01/2024;Chapecó;
13/01/2024;Lages;
13/01/2024;Caçador;
13/01/2024;Araranguá;
13/01/2024;Indaial;
13/01/2024;Xanxerê;
13/01/2024;São Miguel do Oeste;
13/01/2024;Laguna;
13/01/2024;Curitibanos;
13/01/2024;Rio Negrinho;
13/01/2024;Campos Novos;
13/01/2024;Itapoá;
13/01/2024;Joaçaba;
14/01/2024;Florianópolis;
14/01/2024;Itajaí;
14/01/2024;Chapecó;
14/01/2024;Lages;
14/01/2024;Caçador;
14/01/2024;Araranguá;
14/01/2024;Indaial;
14/01/2024;Xanxerê;
14/01/2024;São Miguel do Oeste;
14/01/2024;Laguna;
14/01/2024;Curitibanos;
14/01/2024;Rio Negrinho;
14/01/2024;Campos Novos;
14/01/2024;Itapoá;
14/01/2024;Joaçaba;
15/01/2024;Florianópolis;
15/01/2024;Itajaí;
15/01/2024;Chapecó;
15/01/2024;Lages;
15/01/2024;Caçador;
15/01/2024;Araranguá;
15/01/2024;Indaial;
15/01/2024;Xanxerê;
15/01/2024;São Miguel do Oeste;
15/01/2024;Laguna;
15/01/2024;Curitibanos;
15/01/2024;Rio Negrinho;
15/01/2024;Campos Novos;
15/01/2024;Itapoá;
15/01/2024;Joaçaba;
16/01/2024;Florianópolis;
16/01/2024;Itajaí;
16/01/2024;Chapecó;
16/01/2024;Lages;
16/01/2024;Caçador;
16/01/2024;Araranguá;
16/01/2024;Indaial;
16/01/2024;Xanxerê;
16/01/2024;São Miguel do Oeste;
16/01/2024;Laguna;
16/01/2024;Curitibanos;
16/01/2024;Rio Negrinho;
16/01/2024;Campos Novos;
16/01/2024;Itapoá;
16/01/2024;Joaçaba;
17/01/2024;Florianópolis;
17/01/2024;Itajaí;
17/01/2024;Chapecó;
17/01/2024;Lages;
17/01/2024;Caçador;
17/01/2024;Araranguá;
17/01/2024;Indaial;
17/01/2024;Xanxerê;
17/01/2024;São Miguel do Oeste;
17/01/2024;Laguna;
17/01/2024;Curitibanos;
17/01/2024;Rio Negrinho;
17/01/2024;Campos Novos;
17/01/2024;Itapoá;
17/01/2024;Joaçaba;
18/01/2024;Florianópolis;
18/01/2024;Itajaí;
18/01/2024;Chapecó;
18/01/2024;Lages;
18/01/2024;Caçador;
18/01/2024;Araranguá;
18/01/2024;Indaial;
18/01/2024;Xanxerê;
18/01/2024;São Miguel do Oeste;
18/01/2024;Laguna;
18/01/2024;Curitibanos;
18/01/2024;Rio Negrinho;
18/01/2024;Campos Novos;
18/01/2024;Itapoá;
18/01/2024;Joaçaba;
19/01/2024;Florianópolis;
19/01/2024;Itajaí;
19/01/2024;Chapecó;
19/01/2024;Lages;
19/01/2024;Caçador;
19/01/2024;Araranguá;
19/01/2024;Indaial;
19/01/2024;Xanxerê;
19/01/2024;São Miguel do Oeste;
19/01/2024;Laguna;
19/01/2024;Curitibanos;
19/01/2024;Rio Negrinho;
19/01/2024;Campos Novos;
19/01/2024;Itapoá;
19/01/2024;Joaçaba;
20/01/2024;Florianópolis;
20/01/2024;Itajaí;
20/01/2024;Chapecó;
20/01/2024;Lages;
20/01/2024;Caçador;
20/01/2024;Araranguá;
20/01/2024;Indaial;
20/01/2024;Xanxerê;
20/01/2024;São Miguel do Oeste;
20/01/2024;Laguna;
20/01/2024;Curitibanos;
20/01/2024;Rio Negrinho;
20/01/2024;Campos Novos;
20/01/2024;Itapoá;
20/01/2024;Joaçaba;
21/01/2024;Florianópolis;
21/01/2024;Itajaí;
21/01/2024;Chapecó;
21/01/2024;Lages;
21/01/2024;Caçador;
21/01/2024;Araranguá;
21/01/2024;Indaial;
21/01/2024;Xanxerê;
21/01/2024;São Miguel do Oeste;
21/01/2024;Laguna;
21/01/2024;Curitibanos;
21/01/2024;Rio Negrinho;
21/01/2024;Campos Novos;
21/01/2024;Itapoá;
21/01/2024;Joaçaba;
22/01/2024;Florianópolis;
22/01/2024;Itajaí;
22/01/2024;Chapecó;
22/01/2024;Lages;
22/01/2024;Caçador;
22/01/2024;Araranguá;
22/01/2024;Indaial;
22/01/2024;Xanxerê;
22/01/2024;São Miguel do Oeste;
22/01/2024;Laguna;
22/01/2024;Curitibanos;
22/01/2024;Rio Negrinho;
22/01/2024;Campos Novos;
22/01/2024;Itapoá;
22/01/2024;Joaçaba;
23/01/2024;Florianópolis;
23/01/2024;Itajaí;
23/01/2024;Chapecó;
23/01/2024;Lages;
23/01/2024;Caçador;
23/01/2024;Araranguá;
23/01/2024;Indaial;
23/01/2024;Xanxerê;
23/01/2024;São Miguel do Oeste;
23/01/2024;Laguna;
23/01/2024;Curitibanos;
23/01/2024;Rio Negrinho;
23/01/2024;Campos Novos;
23/01/2024;Itapoá;
23/01/2024;Joaçaba;
24/01/2024;Florianópolis;
24/01/2024;Itajaí;
24/01/2024;Chapecó;
24/01/2024;Lages;
24/01/2024;Caçador;
24/01/2024;Araranguá;
24/01/2024;Indaial;
24/01/2024;Xanxerê;
24/01/2024;São Miguel do Oeste;
24/01/2024;Laguna;
24/01/2024;Curitibanos;
24/01/2024;Rio Negrinho;
24/01/2024;Campos Novos;
24/01/2024;Itapoá;
24/01/2024;Joaçaba;
25/01/2024;Florianópolis;
25/01/2024;Itajaí;
25/01/2024;Chapecó;
25/01/2024;Lages;
25/01/2024;Caçador;
25/01/2024;Araranguá;
25/01/2024;Indaial;
25/01/2024;Xanxerê;
25/01/2024;São Miguel do Oeste;
25/01/2024;Laguna;
25/01/2024;Curitibanos;
25/01/2024;Rio Negrinho;
25/01/2024;Campos Novos;
25/01/2024;Itapoá;
25/01/2024;Joaçaba;
26/01/2024;Florianópolis;
26/01/2024;Itajaí;
26/01/2024;Chapecó;
26/01/2024;Lages;
26/01/2024;Caçador;
26/01/2024;Araranguá;
26/01/2024;Indaial;
26/01/2024;Xanxerê;
26/01/2024;São Miguel do Oeste;
26/01/2024;Laguna;
26/01/2024;Curitibanos;
26/01/2024;Rio Negrinho;
26/01/2024;Campos Novos;
26/01/2024;Itapoá;
26/01/2024;Joaçaba;
27/01/2024;Florianópolis;
27/01/2024;Itajaí;
27/01/2024;Chapecó;
27/01/2024;Lages;
27/01/2024;Caçador;
27/01/2024;Araranguá;
27/01/2024;Indaial;
27/01/2024;Xanxerê;
27/01/2024;São Miguel do Oeste;
27/01/2024;Laguna;
27/01/2024;Curitibanos;
27/01/2024;Rio Negrinho;
27/01/2024;Campos Novos;
27/01/2024;Itapoá;
27/01/2024;Joaçaba;
28/01/2024;Florianópolis;
28/01/2024;Itajaí;
28/01/2024;Chapecó;
28/01/2024;Lages;
28/01/2024;Caçador;
28/01/2024;Araranguá;
28/01/2024;Indaial;
28/01/2024;Xanxerê;
28/01/2024;São Miguel do Oeste;
28/01/2024;Laguna;
28/01/2024;Curitibanos;
28/01/2024;Rio Negrinho;
28/01/2024;Campos Novos;
28/01/2024;Itapoá;
28/01/2024;Joaçaba;
29/01/2024;Florianópolis;
29/01/2024;Itajaí;
29/01/2024;Chapecó;
29/01/2024;Lages;
29/01/2024;Caçador;
29/01/2024;Araranguá;
29/01/2024;Indaial;
29/01/2024;Xanxerê;
29/01/2024;São Miguel do Oeste;
29/01/2024;Laguna;
29/01/2024;Curitibanos;
29/01/2024;Rio Negrinho;
29/01/2024;Campos Novos;
29/01/2024;Itapoá;
29/01/2024;Joaçaba;
30/01/2024;Florianópolis;
30/01/2024;Itajaí;
30/01/2024;Chapecó;
30/01/2024;Lages;
30/01/2024;Caçador;
30/01/2024;Araranguá;
30/01/2024;Indaial;
30/01/2024;Xanxerê;
30/01/2024;São Miguel do Oeste;
30/01/2024;Laguna;
30/01/2024;Curitibanos;
30/01/2024;Rio Negrinho;
30/01/2024;Campos Novos;
30/01/2024;Itapoá;
30/01/2024;Joaçaba;
31/01/2024;Florianópolis;
31/01/2024;Itajaí;
31/01/2024;Chapecó;
31/01/2024;Lages;
31/01/2024;Caçador;
31/01/2024;Araranguá;
31/01/2024;Indaial;
31/01/2024;Xanxerê;
31/01/2024;São Miguel do Oeste;
31/01/2024;Laguna;
31/01/2024;Curitibanos;
31/01/2024;Rio Negrinho;
31/01/2024;Campos Novos;
31/01/2024;Itapoá;
31/01/2024;Joaçaba;
01/02/2024;Florianópolis;
01/02/2024;Itajaí;
01/02/2024;Chapecó;
01/02/2024;Lages;
01/02/2024;Caçador;
01/02/2024;Araranguá;
01/02/2024;Indaial;
01/02/2024;Xanxerê;
01/02/2024;São Miguel do Oeste;
01/02/2024;Laguna;
01/02/2024;Curitibanos;
01/02/2024;Rio Negrinho;
01/02/2024;Campos Novos;
01/02/2024;Itapoá;
01/02/2024;Joaçaba;
02/02/2024;Florianópolis;
02/02/2024;Itajaí;
02/02/2024;Chapecó;
02/02/2024;Lages;
02/02/2024;Caçador;
02/02/2024;Araranguá;
02/02/2024;Indaial;
02/02/2024;Xanxerê;
02/02/2024;São Miguel do Oeste;
02/02/2024;Laguna;
02/02/2024;Curitibanos;
02/02/2024;Rio Negrinho;
02/02/2024;Campos Novos;
02/02/2024;Itapoá;
02/02/2024;Joaçaba;
03/02/2024;Florianópolis;
03/02/2024;Itajaí;
03/02/2024;Chapecó;
03/02/2024;Lages;
03/02/2024;Caçador;
03/02/2024;Araranguá;
03/02/2024;Indaial;
03/02/2024;Xanxerê;
03/02/2024;São Miguel do Oeste;
03/02/2024;Laguna;
03/02/2024;Curitibanos;
03/02/2024;Rio Negrinho;
03/02/2024;Campos Novos;
03/02/2024;Itapoá;
03/02/2024;Joaçaba;
04/02/2024;Florianópolis;
04/02/2024;Itajaí;
04/02/2024;Chapecó;
04/02/2024;Lages;
04/02/2024;Caçador;
04/02/2024;Araranguá;
04/02/2024;Indaial;
04/02/2024;Xanxerê;
04/02/2024;São Miguel do Oeste;
04/02/2024;Laguna;
04/02/2024;Curitibanos;
04/02/2024;Rio Negrinho;
04/02/2024;Campos Novos;
04/02/2024;Itapoá;
04/02/2024;Joaçaba;
05/02/2024;Florianópolis;
05/02/2024;Itajaí;
05/02/2024;Chapecó;
05/02/2024;Lages;
05/02/2024;Caçador;
05/02/2024;Araranguá;
05/02/2024;Indaial;
05/02/2024;Xanxerê;
05/02/2024;São Miguel do Oeste;
05/02/2024;Laguna;
05/02/2024;Curitibanos;
05/02/2024;Rio Negrinho;
05/02/2024;Campos Novos;
05/02/2024;Itapoá;
05/02/2024;Joaçaba;
06/02/2024;Florianópolis;
06/02/2024;Itajaí;
06/02/2024;Chapecó;
06/02/2024;Lages;
06/02/2024;Caçador;
06/02/2024;Araranguá;
06/02/2024;Indaial;
06/02/2024;Xanxerê;
06/02/2024;São Miguel do Oeste;
06/02/2024;Laguna;
06/02/2024;Curitibanos;
06/02/2024;Rio Negrinho;
06/02/2024;Campos Novos;
06/02/2024;Itapoá;
06/02/2024;Joaçaba;
07/02/2024;Florianópolis;
07/02/2024;Itajaí;
07/02/2024;Chapecó;
07/02/2024;Lages;
07/02/2024;Caçador;
07/02/2024;Araranguá;
07/02/2024;Indaial;
07/02/2024;Xanxerê;
07/02/2024;São Miguel do Oeste;
07/02/2024;Laguna;
07/02/2024;Curitibanos;
07/02/2024;Rio Negrinho;
07/02/2024;Campos Novos;
07/02/2024;Itapoá;
07/02/2024;Joaçaba;
08/02/2024;Florianópolis;
08/02/2024;Itajaí;
08/02/2024;Chapecó;
08/02/2024;Lages;
08/02/2024;Caçador;
08/02/2024;Araranguá;
08/02/2024;Indaial;
08/02/2024;Xanxerê;
08/02/2024;São Miguel do Oeste;
08/02/2024;Laguna;
08/02/2024;Curitibanos;
08/02/2024;Rio Negrinho;
08/02/2024;Campos Novos;
08/02/2024;Itapoá;
08/02/2024;Joaçaba;
09/02/2024;Florianópolis;
09/02/2024;Itajaí;
09/02/2024;Chapecó;
09/02/2024;Lages;
09/02/2024;Caçador;
09/02/2024;Araranguá;
09/02/2024;Indaial;
09/02/2024;Xanxerê;
09/02/2024;São Miguel do Oeste;
09/02/2024;Laguna;
09/02/2024;Curitibanos;
09/02/2024;Rio Negrinho;
09/02/2024;Campos Novos;
09/02/2024;Itapoá;
09/02/2024;Joaçaba;
10/02/2024;Florianópolis;
10/02/2024;Itajaí;
10/02/2024;Chapecó;
10/02/2024;Lages;
10/02/2024;Caçador;
10/02/2024;Araranguá;
10/02/2024;Indaial;
10/02/2024;Xanxerê;
10/02/2024;São Miguel do Oeste;
10/02/2024;Laguna;
10/02/2024;Curitibanos;
10/02/2024;Rio Negrinho;
10/02/2024;Campos Novos;
10/02/2024;Itapoá;
10/02/2024;Joaçaba;
11/02/2024;Florianópolis;
11/02/2024;Itajaí;
11/02/2024;Chapecó;
11/02/2024;Lages;
11/02/2024;Caçador;
11/02/2024;Araranguá;
11/02/2024;Indaial;
11/02/2024;Xanxerê;
11/02/2024;São Miguel do Oeste;
11/02/2024;Laguna;
11/02/2024;Curitibanos;
11/02/2024;Rio Negrinho;
11/02/2024;Campos Novos;
11/02/2024;Itapoá;
11/02/2024;Joaçaba;
12/02/2024;Florianópolis;
12/02/2024;Itajaí;
12/02/2024;Chapecó;
12/02/2024;Lages;
12/02/2024;Caçador;
12/02/2024;Araranguá;
12/02/2024;Indaial;
12/02/2024;Xanxerê;
12/02/2024;São Miguel do Oeste;
12/02/2024;Laguna;
12/02/2024;Curitibanos;
12/02/2024;Rio Negrinho;
12/02/2024;Campos Novos;
12/02/2024;Itapoá;
12/02/2024;Joaçaba;
13/02/2024;Florianópolis;
13/02/2024;Itajaí;
13/02/2024;Chapecó;
13/02/2024;Lages;
13/02/2024;Caçador;
13/02/2024;Araranguá;
13/02/2024;Indaial;
13/02/2024;Xanxerê;
13/02/2024;São Miguel do Oeste;
13/02/2024;Laguna;
13/02/2024;Curitibanos;
13/02/2024;Rio Negrinho;
13/02/2024;Campos Novos;
13/02/2024;Itapoá;
13/02/2024;Joaçaba;
14/02/2024;Florianópolis;
14/02/2024;Itajaí;
14/02/2024;Chapecó;
14/02/2024;Lages;
14/02/2024;Caçador;
14/02/2024;Araranguá;
14/02/2024;Indaial;
14/02/2024;Xanxerê;
14/02/2024;São Miguel do Oeste;
14/02/2024;Laguna;
14/02/2024;Curitibanos;
14/02/2024;Rio Negrinho;
14/02/2024;Campos Novos;
14/02/2024;Itapoá;
14/02/2024;Joaçaba;
15/02/2024;Florianópolis;
15/02/2024;Itajaí;
15/02/2024;Chapecó;
15/02/2024;Lages;
15/02/2024;Caçador;
15/02/2024;Araranguá;
15/02/2024;Indaial;
15/02/2024;Xanxerê;
15/02/2024;São Miguel do Oeste;
15/02/2024;Laguna;
15/02/2024;Curitibanos;
15/02/2024;Rio Negrinho;
15/02/2024;Campos Novos;
15/02/2024;Itapoá;
15/02/2024;Joaçaba;
16/02/2024;Florianópolis;
16/02/2024;Itajaí;
16/02/2024;Chapecó;
16/02/2024;Lages;
16/02/2024;Caçador;
16/02/2024;Araranguá;
16/02/2024;Indaial;
16/02/2024;Xanxerê;
16/02/2024;São Miguel do Oeste;
16/02/2024;Laguna;
16/02/2024;Curitibanos;
16/02/2024;Rio Negrinho;
16/02/2024;Campos Novos;
16/02/2024;Itapoá;
16/02/2024;Joaçaba;
17/02/2024;Florianópolis;
17/02/2024;Itajaí;
17/02/2024;Chapecó;
17/02/2024;Lages;
17/02/2024;Caçador;
17/02/2024;Araranguá;
17/02/2024;Indaial;
17/02/2024;Xanxerê;
17/02/2024;São Miguel do Oeste;
17/02/2024;Laguna;
17/02/2024;Curitibanos;
17/02/2024;Rio Negrinho;
17/02/2024;Campos Novos;
17/02/2024;Itapoá;
17/02/2024;Joaçaba;
18/02/2024;Florianópolis;
18/02/2024;Itajaí;
18/02/2024;Chapecó;
18/02/2024;Lages;
18/02/2024;Caçador;
18/02/2024;Araranguá;
18/02/2024;Indaial;
18/02/2024;Xanxerê;
18/02/2024;São Miguel do Oeste;
18/02/2024;Laguna;
18/02/2024;Curitibanos;
18/02/2024;Rio Negrinho;
18/02/2024;Campos Novos;
18/02/2024;Itapoá;
18/02/2024;Joaçaba;
19/02/2024;Florianópolis;
19/02/2024;Itajaí;
19/02/2024;Chapecó;
19/02/2024;Lages;
19/02/2024;Caçador;
19/02/2024;Araranguá;
19/02/2024;Indaial;
19/02/2024;Xanxerê;
19/02/2024;São Miguel do Oeste;
19/02/2024;Laguna;
19/02/2024;Curitibanos;
19/02/2024;Rio Negrinho;
19/02/2024;Campos Novos;
19/02/2024;Itapoá;
19/02/2024;Joaçaba;
20/02/2024;Florianópolis;
20/02/2024;Itajaí;
20/02/2024;Chapecó;
20/02/2024;Lages;
20/02/2024;Caçador;
20/02/2024;Araranguá;
20/02/2024;Indaial;
20/02/2024;Xanxerê;
20/02/2024;São Miguel do Oeste;
20/02/2024;Laguna;
20/02/2024;Curitibanos;
20/02/2024;Rio Negrinho;
20/02/2024;Campos Novos;
20/02/2024;Itapoá;
20/02/2024;Joaçaba;
21/02/2024;Florianópolis;
21/02/2024;Itajaí;
21/02/2024;Chapecó;
21/02/2024;Lages;
21/02/2024;Caçador;
21/02/2024;Araranguá;
21/02/2024;Indaial;
21/02/2024;Xanxerê;
21/02/2024;São Miguel do Oeste;
21/02/2024;Laguna;
21/02/2024;Curitibanos;
21/02/2024;Rio Negrinho;
21/02/2024;Campos Novos;
21/02/2024;Itapoá;
21/02/2024;Joaçaba;
22/02/2024;Florianópolis;
22/02/2024;Itajaí;
22/02/2024;Chapecó;
22/02/2024;Lages;
22/02/2024;Caçador;
22/02/2024;Araranguá;
22/02/2024;Indaial;
22/02/2024;Xanxerê;
22/02/2024;São Miguel do Oeste;
22/02/2024;Laguna;
22/02/2024;Curitibanos;
22/02/2024;Rio Negrinho;
22/02/2024;Campos Novos;
22/02/2024;Itapoá;
22/02/2024;Joaçaba;
23/02/2024;Florianópolis;
23/02/2024;Itajaí;
23/02/2024;Chapecó;
23/02/2024;Lages;
23/02/2024;Caçador;
23/02/2024;Araranguá;
23/02/2024;Indaial;
23/02/2024;Xanxerê;
23/02/2024;São Miguel do Oeste;
23/02/2024;Laguna;
23/02/2024;Curitibanos;
23/02/2024;Rio Negrinho;
23/02/2024;Campos Novos;
23/02/2024;Itapoá;
23/02/2024;Joaçaba;
24/02/2024;Florianópolis;
24/02/2024;Itajaí;
24/02/2024;Chapecó;
24/02/2024;Lages;
24/02/2024;Caçador;
24/02/2024;Araranguá;
24/02/2024;Indaial;
24/02/2024;Xanxerê;
24/02/2024;São Miguel do Oeste;
24/02/2024;Laguna;
24/02/2024;Curitibanos;
24/02/2024;Rio Negrinho;
24/02/2024;Campos Novos;
24/02/2024;Itapoá;
24/02/2024;Joaçaba;
25/02/2024;Florianópolis;
25/02/2024;Itajaí;
25/02/2024;Chapecó;
25/02/2024;Lages;
25/02/2024;Caçador;
25/02/2024;Araranguá;
25/02/2024;Indaial;
25/02/2024;Xanxerê;
25/02/2024;São Miguel do Oeste;
25/02/2024;Laguna;
25/02/2024;Curitibanos;
25/02/2024;Rio Negrinho;
25/02/2024;Campos Novos;
25/02/2024;Itapoá;
25/02/2024;Joaçaba;
26/02/2024;Florianópolis;
26/02/2024;Itajaí;
26/02/2024;Chapecó;
26/02/2024;Lages;
26/02/2024;Caçador;
26/02/2024;Araranguá;
26/02/2024;Indaial;
26/02/2024;Xanxerê;
26/02/2024;São Miguel do Oeste;
26/02/2024;Laguna;
26/02/2024;Curitibanos;
26/02/2024;Rio Negrinho;
26/02/2024;Campos Novos;
26/02/2024;Itapoá;
26/02/2024;Joaçaba;
27/02/2024;Florianópolis;
27/02/2024;Itajaí;
27/02/2024;Chapecó;
27/02/2024;Lages;
27/02/2024;Caçador;
27/02/2024;Araranguá;
27/02/2024;Indaial;
27/02/2024;Xanxerê;
27/02/2024;São Miguel do Oeste;
27/02/2024;Laguna;
27/02/2024;Curitibanos;
27/02/2024;Rio Negrinho;
27/02/2024;Campos Novos;
27/02/2024;Itapoá;
27/02/2024;Joaçaba;
28/02/2024;Florianópolis;
28/02/2024;Itajaí;
28/02/2024;Chapecó;
28/02/2024;Lages;
28/02/2024;Caçador;
28/02/2024;Araranguá;
28/02/2024;Indaial;
28/02/2024;Xanxerê;
28/02/2024;São Miguel do Oeste;
28/02/2024;Laguna;
28/02/2024;Curitibanos;
28/02/2024;Rio Negrinho;
28/02/2024;Campos Novos;
28/02/2024;Itapoá;
28/02/2024;Joaçaba;
29/02/2024;Florianópolis;
29/02/2024;Itajaí;
29/02/2024;Chapecó;
29/02/2024;Lages;
29/02/2024;Caçador;
29/02/2024;Araranguá;
29/02/2024;Indaial;
29/02/2024;Xanxerê;
29/02/2024;São Miguel do Oeste;
29/02/2024;Laguna;
29/02/2024;Curitibanos;
29/02/2024;Rio Negrinho;
29/02/2024;Campos Novos;
29/02/2024;Itapoá;
29/02/2024;Joaçaba;
01/03/2024;Florianópolis;
01/03/2024;Itajaí;
01/03/2024;Chapecó;
01/03/2024;Lages;
01/03/2024;Caçador;
01/03/2024;Araranguá;
01/03/2024;Indaial;
01/03/2024;Xanxerê;
01/03/2024;São Miguel do Oeste;
01/03/2024;Laguna;
01/03/2024;Curitibanos;
01/03/2024;Rio Negrinho;
01/03/2024;Campos Novos;
01/03/2024;Itapoá;
01/03/2024;Joaçaba;
02/03/2024;Florianópolis;
02/03/2024;Itajaí;
02/03/2024;Chapecó;
02/03/2024;Lages;
02/03/2024;Caçador;
02/03/2024;Araranguá;
02/03/2024;Indaial;
02/03/2024;Xanxerê;
02/03/2024;São Miguel do Oeste;
02/03/2024;Laguna;
02/03/2024;Curitibanos;
02/03/2024;Rio Negrinho;
02/03/2024;Campos Novos;
02/03/2024;Itapoá;
02/03/2024;Joaçaba;
03/03/2024;Florianópolis;
03/03/2024;Itajaí;
03/03/2024;Chapecó;
03/03/2024;Lages;
03/03/2024;Caçador;
03/03/2024;Araranguá;
03/03/2024;Indaial;
03/03/2024;Xanxerê;
03/03/2024;São Miguel do Oeste;
03/03/2024;Laguna;
03/03/2024;Curitibanos;
03/03/2024;Rio Negrinho;
03/03/2024;Campos Novos;
03/03/2024;Itapoá;
03/03/2024;Joaçaba;
04/03/2024;Florianópolis;
04/03/2024;Itajaí;
04/03/2024;Chapecó;
04/03/2024;Lages;
04/03/2024;Caçador;
04/03/2024;Araranguá;
04/03/2024;Indaial;
04/03/2024;Xanxerê;
04/03/2024;São Miguel do Oeste;
04/03/2024;Laguna;
04/03/2024;Curitibanos;
04/03/2024;Rio Negrinho;
04/03/2024;Campos Novos;
04/03/2024;Itapoá;
04/03/2024;Joaçaba;
05/03/2024;Florianópolis;
05/03/2024;Itajaí;
05/03/2024;Chapecó;
05/03/2024;Lages;
05/03/2024;Caçador;
05/03/2024;Araranguá;
05/03/2024;Indaial;
05/03/2024;Xanxerê;
05/03/2024;São Miguel do Oeste;
05/03/2024;Laguna;
05/03/2024;Curitibanos;
05/03/2024;Rio Negrinho;
05/03/2024;Campos Novos;
05/03/2024;Itapoá;
05/03/2024;Joaçaba;
06/03/2024;Florianópolis;
06/03/2024;Itajaí;
06/03/2024;Chapecó;
06/03/2024;Lages;
06/03/2024;Caçador;
06/03/2024;Araranguá;
06/03/2024;Indaial;
06/03/2024;Xanxerê;
06/03/2024;São Miguel do Oeste;
06/03/2024;Laguna;
06/03/2024;Curitibanos;
06/03/2024;Rio Negrinho;
06/03/2024;Campos Novos;
06/03/2024;Itapoá;
06/03/2024;Joaçaba;
07/03/2024;Florianópolis;
07/03/2024;Itajaí;
07/03/2024;Chapecó;
07/03/2024;Lages;
07/03/2024;Caçador;
07/03/2024;Araranguá;
07/03/2024;Indaial;
07/03/2024;Xanxerê;
07/03/2024;São Miguel do Oeste;
07/03/2024;Laguna;
07/03/2024;Curitibanos;
07/03/2024;Rio Negrinho;
07/03/2024;Campos Novos;
07/03/2024;Itapoá;
07/03/2024;Joaçaba;
08/03/2024;Florianópolis;
08/03/2024;Itajaí;
08/03/2024;Chapecó;
08/03/2024;Lages;
08/03/2024;Caçador;
08/03/2024;Araranguá;
08/03/2024;Indaial;
08/03/2024;Xanxerê;
08/03/2024;São Miguel do Oeste;
08/03/2024;Laguna;
08/03/2024;Curitibanos;
08/03/2024;Rio Negrinho;
08/03/2024;Campos Novos;
08/03/2024;Itapoá;
08/03/2024;Joaçaba;
09/03/2024;Florianópolis;
09/03/2024;Itajaí;
09/03/2024;Chapecó;
09/03/2024;Lages;
09/03/2024;Caçador;
09/03/2024;Araranguá;
09/03/2024;Indaial;
09/03/2024;Xanxerê;
09/03/2024;São Miguel do Oeste;
09/03/2024;Laguna;
09/03/2024;Curitibanos;
09/03/2024;Rio Negrinho;
09/03/2024;Campos Novos;
09/03/2024;Itapoá;
09/03/2024;Joaçaba;
10/03/2024;Florianópolis;
10/03/2024;Itajaí;
10/03/2024;Chapecó;
10/03/2024;Lages;
10/03/2024;Caçador;
10/03/2024;Araranguá;
10/03/2024;Indaial;
10/03/2024;Xanxerê;
10/03/2024;São Miguel do Oeste;
10/03/2024;Laguna;
10/03/2024;Curitibanos;
10/03/2024;Rio Negrinho;
10/03/2024;Campos Novos;
10/03/2024;Itapoá;
10/03/2024;Joaçaba;
11/03/2024;Florianópolis;
11/03/2024;Itajaí;
11/03/2024;Chapecó;
11/03/2024;Lages;
11/03/2024;Caçador;
11/03/2024;Araranguá;
11/03/2024;Indaial;
11/03/2024;Xanxerê;
11/03/2024;São Miguel do Oeste;
11/03/2024;Laguna;
11/03/2024;Curitibanos;
11/03/2024;Rio Negrinho;
11/03/2024;Campos Novos;
11/03/2024;Itapoá;
11/03/2024;Joaçaba;
12/03/2024;Florianópolis;
12/03/2024;Itajaí;
12/03/2024;Chapecó;
12/03/2024;Lages;
12/03/2024;Caçador;
12/03/2024;Araranguá;
12/03/2024;Indaial;
12/03/2024;Xanxerê;
12/03/2024;São Miguel do Oeste;
12/03/2024;Laguna;
12/03/2024;Curitibanos;
12/03/2024;Rio Negrinho;
12/03/2024;Campos Novos;
12/03/2024;Itapoá;
12/03/2024;Joaçaba;
13/03/2024;Florianópolis;
13/03/2024;Itajaí;
13/03/2024;Chapecó;
13/03/2024;Lages;
13/03/2024;Caçador;
13/03/2024;Araranguá;
13/03/2024;Indaial;
13/03/2024;Xanxerê;
13/03/2024;São Miguel do Oeste;
13/03/2024;Laguna;
13/03/2024;Curitibanos;
13/03/2024;Rio Negrinho;
13/03/2024;Campos Novos;
13/03/2024;Itapoá;
13/03/2024;Joaçaba;
14/03/2024;Florianópolis;
14/03/2024;Itajaí;
14/03/2024;Chapecó;
14/03/2024;Lages;
14/03/2024;Caçador;
14/03/2024;Araranguá;
14/03/2024;Indaial;
14/03/2024;Xanxerê;
14/03/2024;São Miguel do Oeste;
14/03/2024;Laguna;
14/03/2024;Curitibanos;
14/03/2024;Rio Negrinho;
14/03/2024;Campos Novos;
14/03/2024;Itapoá;
14/03/2024;Joaçaba;
15/03/2024;Florianópolis;
15/03/2024;Itajaí;
15/03/2024;Chapecó;
15/03/2024;Lages;
15/03/2024;Caçador;
15/03/2024;Araranguá;
15/03/2024;Indaial;
15/03/2024;Xanxerê;
15/03/2024;São Miguel do Oeste;
15/03/2024;Laguna;
15/03/2024;Curitibanos;
15/03/2024;Rio Negrinho;
15/03/2024;Campos Novos;
15/03/2024;Itapoá;
15/03/2024;Joaçaba;
16/03/2024;Florianópolis;
16/03/2024;Itajaí;
16/03/2024;Chapecó;
16/03/2024;Lages;
16/03/2024;Caçador;
16/03/2024;Araranguá;
16/03/2024;Indaial;
16/03/2024;Xanxerê;
16/03/2024;São Miguel do Oeste;
16/03/2024;Laguna;
16/03/2024;Curitibanos;
16/03/2024;Rio Negrinho;
16/03/2024;Campos Novos;
16/03/2024;Itapoá;
16/03/2024;Joaçaba;
17/03/2024;Florianópolis;
17/03/2024;Itajaí;
17/03/2024;Chapecó;
17/03/2024;Lages;
17/03/2024;Caçador;
17/03/2024;Araranguá;
17/03/2024;Indaial;
17/03/2024;Xanxerê;
17/03/2024;São Miguel do Oeste;
17/03/2024;Laguna;
17/03/2024;Curitibanos;
17/03/2024;Rio Negrinho;
17/03/2024;Campos Novos;
17/03/2024;Itapoá;
17/03/2024;Joaçaba;
18/03/2024;Florianópolis;
18/03/2024;Itajaí;
18/03/2024;Chapecó;
18/03/2024;Lages;
18/03/2024;Caçador;
18/03/2024;Araranguá;
18/03/2024;Indaial;
18/03/2024;Xanxerê;
18/03/2024;São Miguel do Oeste;
18/03/2024;Laguna;
18/03/2024;Curitibanos;
18/03/2024;Rio Negrinho;
18/03/2024;Campos Novos;
18/03/2024;Itapoá;
18/03/2024;Joaçaba;
19/03/2024;Florianópolis;
19/03/2024;Itajaí;
19/03/2024;Chapecó;
19/03/2024;Lages;
19/03/2024;Caçador;
19/03/2024;Araranguá;
19/03/2024;Indaial;
19/03/2024;Xanxerê;
19/03/2024;São Miguel do Oeste;
19/03/2024;Laguna;
19/03/2024;Curitibanos;
19/03/2024;Rio Negrinho;
19/03/2024;Campos Novos;
19/03/2024;Itapoá;
19/03/2024;Joaçaba;
20/03/2024;Florianópolis;
20/03/2024;Itajaí;
20/03/2024;Chapecó;
20/03/2024;Lages;
20/03/2024;Caçador;
20/03/2024;Araranguá;
20/03/2024;Indaial;
20/03/2024;Xanxerê;
20/03/2024;São Miguel do Oeste;
20/03/2024;Laguna;
20/03/2024;Curitibanos;
20/03/2024;Rio Negrinho;
20/03/2024;Campos Novos;
20/03/2024;Itapoá;
20/03/2024;Joaçaba;
21/03/2024;Florianópolis;
21/03/2024;Itajaí;
21/03/2024;Chapecó;
21/03/2024;Lages;
21/03/2024;Caçador;
21/03/2024;Araranguá;
21/03/2024;Indaial;
21/03/2024;Xanxerê;
21/03/2024;São Miguel do Oeste;
21/03/2024;Laguna;
21/03/2024;Curitibanos;
21/03/2024;Rio Negrinho;
21/03/2024;Campos Novos;
21/03/2024;Itapoá;
21/03/2024;Joaçaba;
22/03/2024;Florianópolis;
22/03/2024;Itajaí;
22/03/2024;Chapecó;
22/03/2024;Lages;
22/03/2024;Caçador;
22/03/2024;Araranguá;
22/03/2024;Indaial;
22/03/2024;Xanxerê;
22/03/2024;São Miguel do Oeste;
22/03/2024;Laguna;
22/03/2024;Curitibanos;
22/03/2024;Rio Negrinho;
22/03/2024;Campos Novos;
22/03/2024;Itapoá;
22/03/2024;Joaçaba;
23/03/2024;Florianópolis;
23/03/2024;Itajaí;
23/03/2024;Chapecó;
23/03/2024;Lages;
23/03/2024;Caçador;
23/03/2024;Araranguá;
23/03/2024;Indaial;
23/03/2024;Xanxerê;
23/03/2024;São Miguel do Oeste;
23/03/2024;Laguna;
23/03/2024;Curitibanos;
23/03/2024;Rio Negrinho;
23/03/2024;Campos Novos;
23/03/2024;Itapoá;
23/03/2024;Joaçaba;
24/03/2024;Florianópolis;
24/03/2024;Itajaí;
24/03/2024;Chapecó;
24/03/2024;Lages;
24/03/2024;Caçador;
24/03/2024;Araranguá;
24/03/2024;Indaial;
24/03/2024;Xanxerê;
24/03/2024;São Miguel do Oeste;
24/03/2024;Laguna;
24/03/2024;Curitibanos;
24/03/2024;Rio Negrinho;
24/03/2024;Campos Novos;
24/03/2024;Itapoá;
24/03/2024;Joaçaba;
25/03/2024;Florianópolis;
25/03/2024;Itajaí;
25/03/2024;Chapecó;
25/03/2024;Lages;
25/03/2024;Caçador;
25/03/2024;Araranguá;
25/03/2024;Indaial;
25/03/2024;Xanxerê;
25/03/2024;São Miguel do Oeste;
25/03/2024;Laguna;
25/03/2024;Curitibanos;
25/03/2024;Rio Negrinho;
25/03/2024;Campos Novos;
25/03/2024;Itapoá;
25/03/2024;Joaçaba;
26/03/2024;Florianópolis;
26/03/2024;Itajaí;
26/03/2024;Chapecó;
26/03/2024;Lages;
26/03/2024;Caçador;
26/03/2024;Araranguá;
26/03/2024;Indaial;
26/03/2024;Xanxerê;
26/03/2024;São Miguel do Oeste;
26/03/2024;Laguna;
26/03/2024;Curitibanos;
26/03/2024;Rio Negrinho;
26/03/2024;Campos Novos;
26/03/2024;Itapoá;
26/03/2024;Joaçaba;
27/03/2024;Florianópolis;
27/03/2024;Itajaí;
27/03/2024;Chapecó;
27/03/2024;Lages;
27/03/2024;Caçador;
27/03/2024;Araranguá;
27/03/2024;Indaial;
27/03/2024;Xanxerê;
27/03/2024;São Miguel do Oeste;
27/03/2024;Laguna;
27/03/2024;Curitibanos;
27/03/2024;Rio Negrinho;
27/03/2024;Campos Novos;
27/03/2024;Itapoá;
27/03/2024;Joaçaba;
28/03/2024;Florianópolis;
28/03/2024;Itajaí;
28/03/2024;Chapecó;
28/03/2024;Lages;
28/03/2024;Caçador;
28/03/2024;Araranguá;
28/03/2024;Indaial;
28/03/2024;Xanxerê;
28/03/2024;São Miguel do Oeste;
28/03/2024;Laguna;
28/03/2024;Curitibanos;
28/03/2024;Rio Negrinho;
28/03/2024;Campos Novos;
28/03/2024;Itapoá;
28/03/2024;Joaçaba;
29/03/2024;Florianópolis;
29/03/2024;Itajaí;
29/03/2024;Chapecó;
29/03/2024;Lages;
29/03/2024;Caçador;
29/03/2024;Araranguá;
29/03/2024;Indaial;
29/03/2024;Xanxerê;
29/03/2024;São Miguel do Oeste;
29/03/2024;Laguna;
29/03/2024;Curitibanos;
29/03/2024;Rio Negrinho;
29/03/2024;Campos Novos;
29/03/2024;Itapoá;
29/03/2024;Joaçaba;
30/03/2024;Florianópolis;
30/03/2024;Itajaí;
30/03/2024;Chapecó;
30/03/2024;Lages;
30/03/2024;Caçador;
30/03/2024;Araranguá;
30/03/2024;Indaial;
30/03/2024;Xanxerê;
30/03/2024;São Miguel do Oeste;
30/03/2024;Laguna;
30/03/2024;Curitibanos;
30/03/2024;Rio Negrinho;
30/03/2024;Campos Novos;
30/03/2024;Itapoá;
30/03/2024;Joaçaba;
31/03/2024;Florianópolis;
31/03/2024;Itajaí;
31/03/2024;Chapecó;
31/03/2024;Lages;
31/03/2024;Caçador;
31/03/2024;Araranguá;
31/03/2024;Indaial;
31/03/2024;Xanxerê;
31/03/2024;São Miguel do Oeste;
31/03/2024;Laguna;
31/03/2024;Curitibanos;
31/03/2024;Rio Negrinho;
31/03/2024;Campos Novos;
31/03/2024;Itapoá;
31/03/2024;Joaçaba;
01/04/2024;Florianópolis;
01/04/2024;Itajaí;
01/04/2024;Chapecó;
01/04/2024;Lages;
01/04/2024;Caçador;
01/04/2024;Araranguá;
01/04/2024;Indaial;
01/04/2024;Xanxerê;
01/04/2024;São Miguel do Oeste;
01/04/2024;Laguna;
01/04/2024;Curitibanos;
01/04/2024;Rio Negrinho;
01/04/2024;Campos Novos;
01/04/2024;Itapoá;
01/04/2024;Joaçaba;
02/04/2024;Florianópolis;
02/04/2024;Itajaí;
02/04/2024;Chapecó;
02/04/2024;Lages;
02/04/2024;Caçador;
02/04/2024;Araranguá;
02/04/2024;Indaial;
02/04/2024;Xanxerê;
02/04/2024;São Miguel do Oeste;
02/04/2024;Laguna;
02/04/2024;Curitibanos;
02/04/2024;Rio Negrinho;
02/04/2024;Campos Novos;
02/04/2024;Itapoá;
02/04/2024;Joaçaba;
03/04/2024;Florianópolis;
03/04/2024;Itajaí;
03/04/2024;Chapecó;
03/04/2024;Lages;
03/04/2024;Caçador;
03/04/2024;Araranguá;
03/04/2024;Indaial;
03/04/2024;Xanxerê;
03/04/2024;São Miguel do Oeste;
03/04/2024;Laguna;
03/04/2024;Curitibanos;
03/04/2024;Rio Negrinho;
03/04/2024;Campos Novos;
03/04/2024;Itapoá;
03/04/2024;Joaçaba;
04/04/2024;Florianópolis;
04/04/2024;Itajaí;
04/04/2024;Chapecó;
04/04/2024;Lages;
04/04/2024;Caçador;
04/04/2024;Araranguá;
04/04/2024;Indaial;
04/04/2024;Xanxerê;
04/04/2024;São Miguel do Oeste;
04/04/2024;Laguna;
04/04/2024;Curitibanos;
04/04/2024;Rio Negrinho;
04/04/2024;Campos Novos;
04/04/2024;Itapoá;
04/04/2024;Joaçaba;
05/04/2024;Florianópolis;
05/04/2024;Itajaí;
05/04/2024;Chapecó;
05/04/2024;Lages;
05/04/2024;Caçador;
05/04/2024;Araranguá;
05/04/2024;Indaial;
05/04/2024;Xanxerê;
05/04/2024;São Miguel do Oeste;
05/04/2024;Laguna;
05/04/2024;Curitibanos;
05/04/2024;Rio Negrinho;
05/04/2024;Campos Novos;
05/04/2024;Itapoá;
05/04/2024;Joaçaba;
06/04/2024;Florianópolis;
06/04/2024;Itajaí;
06/04/2024;Chapecó;
06/04/2024;Lages;
06/04/2024;Caçador;
06/04/2024;Araranguá;
06/04/2024;Indaial;
06/04/2024;Xanxerê;
06/04/2024;São Miguel do Oeste;
06/04/2024;Laguna;
06/04/2024;Curitibanos;
06/04/2024;Rio Negrinho;
06/04/2024;Campos Novos;
06/04/2024;Itapoá;
06/04/2024;Joaçaba;
07/04/2024;Florianópolis;
07/04/2024;Itajaí;
07/04/2024;Chapecó;
07/04/2024;Lages;
07/04/2024;Caçador;
07/04/2024;Araranguá;
07/04/2024;Indaial;
07/04/2024;Xanxerê;
07/04/2024;São Miguel do Oeste;
07/04/2024;Laguna;
07/04/2024;Curitibanos;
07/04/2024;Rio Negrinho;
07/04/2024;Campos Novos;
07/04/2024;Itapoá;
07/04/2024;Joaçaba;
08/04/2024;Florianópolis;
08/04/2024;Itajaí;
08/04/2024;Chapecó;
08/04/2024;Lages;
08/04/2024;Caçador;
08/04/2024;Araranguá;
08/04/2024;Indaial;
08/04/2024;Xanxerê;
08/04/2024;São Miguel do Oeste;
08/04/2024;Laguna;
08/04/2024;Curitibanos;
08/04/2024;Rio Negrinho;
08/04/2024;Campos Novos;
08/04/2024;Itapoá;
08/04/2024;Joaçaba;
09/04/2024;Florianópolis;
09/04/2024;Itajaí;
09/04/2024;Chapecó;
09/04/2024;Lages;
09/04/2024;Caçador;
09/04/2024;Araranguá;
09/04/2024;Indaial;
09/04/2024;Xanxerê;
09/04/2024;São Miguel do Oeste;
09/04/2024;Laguna;
09/04/2024;Curitibanos;
09/04/2024;Rio Negrinho;
09/04/2024;Campos Novos;
09/04/2024;Itapoá;
09/04/2024;Joaçaba;
10/04/2024;Florianópolis;
10/04/2024;Itajaí;
10/04/2024;Chapecó;
10/04/2024;Lages;
10/04/2024;Caçador;
10/04/2024;Araranguá;
10/04/2024;Indaial;
10/04/2024;Xanxerê;
10/04/2024;São Miguel do Oeste;
10/04/2024;Laguna;
10/04/2024;Curitibanos;
10/04/2024;Rio Negrinho;
10/04/2024;Campos Novos;
10/04/2024;Itapoá;
10/04/2024;Joaçaba;
11/04/2024;Florianópolis;
11/04/2024;Itajaí;
11/04/2024;Chapecó;
11/04/2024;Lages;
11/04/2024;Caçador;
11/04/2024;Araranguá;
11/04/2024;Indaial;
11/04/2024;Xanxerê;
11/04/2024;São Miguel do Oeste;
11/04/2024;Laguna;
11/04/2024;Curitibanos;
11/04/2024;Rio Negrinho;
11/04/2024;Campos Novos;
11/04/2024;Itapoá;
11/04/2024;Joaçaba;
12/04/2024;Florianópolis;
12/04/2024;Itajaí;
12/04/2024;Chapecó;
12/04/2024;Lages;
12/04/2024;Caçador;
12/04/2024;Araranguá;
12/04/2024;Indaial;
12/04/2024;Xanxerê;
12/04/2024;São Miguel do Oeste;
12/04/2024;Laguna;
12/04/2024;Curitibanos;
12/04/2024;Rio Negrinho;
12/04/2024;Campos Novos;
12/04/2024;Itapoá;
12/04/2024;Joaçaba;
13/04/2024;Florianópolis;
13/04/2024;Itajaí;
13/04/2024;Chapecó;
13/04/2024;Lages;
13/04/2024;Caçador;
13/04/2024;Araranguá;
13/04/2024;Indaial;
13/04/2024;Xanxerê;
13/04/2024;São Miguel do Oeste;
13/04/2024;Laguna;
13/04/2024;Curitibanos;
13/04/2024;Rio Negrinho;
13/04/2024;Campos Novos;
13/04/2024;Itapoá;
13/04/2024;Joaçaba;
14/04/2024;Florianópolis;
14/04/2024;Itajaí;
14/04/2024;Chapecó;
14/04/2024;Lages;
14/04/2024;Caçador;
14/04/2024;Araranguá;
14/04/2024;Indaial;
14/04/2024;Xanxerê;
14/04/2024;São Miguel do Oeste;
14/04/2024;Laguna;
14/04/2024;Curitibanos;
14/04/2024;Rio Negrinho;
14/04/2024;Campos Novos;
14/04/2024;Itapoá;
14/04/2024;Joaçaba;
15/04/2024;Florianópolis;
15/04/2024;Itajaí;
15/04/2024;Chapecó;
15/04/2024;Lages;
15/04/2024;Caçador;
15/04/2024;Araranguá;
15/04/2024;Indaial;
15/04/2024;Xanxerê;
15/04/2024;São Miguel do Oeste;
15/04/2024;Laguna;
15/04/2024;Curitibanos;
15/04/2024;Rio Negrinho;
15/04/2024;Campos Novos;
15/04/2024;Itapoá;
15/04/2024;Joaçaba;
16/04/2024;Florianópolis;
16/04/2024;Itajaí;
16/04/2024;Chapecó;
16/04/2024;Lages;
16/04/2024;Caçador;
16/04/2024;Araranguá;
16/04/2024;Indaial;
16/04/2024;Xanxerê;
16/04/2024;São Miguel do Oeste;
16/04/2024;Laguna;
16/04/2024;Curitibanos;
16/04/2024;Rio Negrinho;
16/04/2024;Campos Novos;
16/04/2024;Itapoá;
16/04/2024;Joaçaba;
17/04/2024;Florianópolis;
17/04/2024;Itajaí;
17/04/2024;Chapecó;
17/04/2024;Lages;
17/04/2024;Caçador;
17/04/2024;Araranguá;
17/04/2024;Indaial;
17/04/2024;Xanxerê;
17/04/2024;São Miguel do Oeste;
17/04/2024;Laguna;
17/04/2024;Curitibanos;
17/04/2024;Rio Negrinho;
17/04/2024;Campos Novos;
17/04/2024;Itapoá;
17/04/2024;Joaçaba;
18/04/2024;Florianópolis;
18/04/2024;Itajaí;
18/04/2024;Chapecó;
18/04/2024;Lages;
18/04/2024;Caçador;
18/04/2024;Araranguá;
18/04/2024;Indaial;
18/04/2024;Xanxerê;
18/04/2024;São Miguel do Oeste;
18/04/2024;Laguna;
18/04/2024;Curitibanos;
18/04/2024;Rio Negrinho;
18/04/2024;Campos Novos;
18/04/2024;Itapoá;
18/04/2024;Joaçaba;
19/04/2024;Florianópolis;
19/04/2024;Itajaí;
19/04/2024;Chapecó;
19/04/2024;Lages;
19/04/2024;Caçador;
19/04/2024;Araranguá;
19/04/2024;Indaial;
19/04/2024;Xanxerê;
19/04/2024;São Miguel do Oeste;
19/04/2024;Laguna;
19/04/2024;Curitibanos;
19/04/2024;Rio Negrinho;
19/04/2024;Campos Novos;
19/04/2024;Itapoá;
19/04/2024;Joaçaba;
20/04/2024;Florianópolis;
20/04/2024;Itajaí;
20/04/2024;Chapecó;
20/04/2024;Lages;
20/04/2024;Caçador;
20/04/2024;Araranguá;
20/04/2024;Indaial;
20/04/2024;Xanxerê;
20/04/2024;São Miguel do Oeste;
20/04/2024;Laguna;
20/04/2024;Curitibanos;
20/04/2024;Rio Negrinho;
20/04/2024;Campos Novos;
20/04/2024;Itapoá;
20/04/2024;Joaçaba;
21/04/2024;Florianópolis;
21/04/2024;Itajaí;
21/04/2024;Chapecó;
21/04/2024;Lages;
21/04/2024;Caçador;
21/04/2024;Araranguá;
21/04/2024;Indaial;
21/04/2024;Xanxerê;
21/04/2024;São Miguel do Oeste;
21/04/2024;Laguna;
21/04/2024;Curitibanos;
21/04/2024;Rio Negrinho;
21/04/2024;Campos Novos;
21/04/2024;Itapoá;
21/04/2024;Joaçaba;
22/04/2024;Florianópolis;
22/04/2024;Itajaí;
22/04/2024;Chapecó;
22/04/2024;Lages;
22/04/2024;Caçador;
22/04/2024;Araranguá;
22/04/2024;Indaial;
22/04/2024;Xanxerê;
22/04/2024;São Miguel do Oeste;
22/04/2024;Laguna;
22/04/2024;Curitibanos;
22/04/2024;Rio Negrinho;
22/04/2024;Campos Novos;
22/04/2024;Itapoá;
22/04/2024;Joaçaba;
23/04/2024;Florianópolis;
23/04/2024;Itajaí;
23/04/2024;Chapecó;
23/04/2024;Lages;
23/04/2024;Caçador;
23/04/2024;Araranguá;
23/04/2024;Indaial;
23/04/2024;Xanxerê;
23/04/2024;São Miguel do Oeste;
23/04/2024;Laguna;
23/04/2024;Curitibanos;
23/04/2024;Rio Negrinho;
23/04/2024;Campos Novos;
23/04/2024;Itapoá;
23/04/2024;Joaçaba;
24/04/2024;Florianópolis;
24/04/2024;Itajaí;
24/04/2024;Chapecó;
24/04/2024;Lages;
24/04/2024;Caçador;
24/04/2024;Araranguá;
24/04/2024;Indaial;
24/04/2024;Xanxerê;
24/04/2024;São Miguel do Oeste;
24/04/2024;Laguna;
24/04/2024;Curitibanos;
24/04/2024;Rio Negrinho;
24/04/2024;Campos Novos;
24/04/2024;Itapoá;
24/04/2024;Joaçaba;
25/04/2024;Florianópolis;
25/04/2024;Itajaí;
25/04/2024;Chapecó;
25/04/2024;Lages;
25/04/2024;Caçador;
25/04/2024;Araranguá;
25/04/2024;Indaial;
25/04/2024;Xanxerê;
25/04/2024;São Miguel do Oeste;
25/04/2024;Laguna;
25/04/2024;Curitibanos;
25/04/2024;Rio Negrinho;
25/04/2024;Campos Novos;
25/04/2024;Itapoá;
25/04/2024;Joaçaba;
26/04/2024;Florianópolis;
26/04/2024;Itajaí;
26/04/2024;Chapecó;
26/04/2024;Lages;
26/04/2024;Caçador;
26/04/2024;Araranguá;
26/04/2024;Indaial;
26/04/2024;Xanxerê;
26/04/2024;São Miguel do Oeste;
26/04/2024;Laguna;
26/04/2024;Curitibanos;
26/04/2024;Rio Negrinho;
26/04/2024;Campos Novos;
26/04/2024;Itapoá;
26/04/2024;Joaçaba;
27/04/2024;Florianópolis;
27/04/2024;Itajaí;
27/04/2024;Chapecó;
27/04/2024;Lages;
27/04/2024;Caçador;
27/04/2024;Araranguá;
27/04/2024;Indaial;
27/04/2024;Xanxerê;
27/04/2024;São Miguel do Oeste;
27/04/2024;Laguna;
27/04/2024;Curitibanos;
27/04/2024;Rio Negrinho;
27/04/2024;Campos Novos;
27/04/2024;Itapoá;
27/04/2024;Joaçaba;
28/04/2024;Florianópolis;
28/04/2024;Itajaí;
28/04/2024;Chapecó;
28/04/2024;Lages;
28/04/2024;Caçador;
28/04/2024;Araranguá;
28/04/2024;Indaial;
28/04/2024;Xanxerê;
28/04/2024;São Miguel do Oeste;
28/04/2024;Laguna;
28/04/2024;Curitibanos;
28/04/2024;Rio Negrinho;
28/04/2024;Campos Novos;
28/04/2024;Itapoá;
28/04/2024;Joaçaba;
29/04/2024;Florianópolis;
29/04/2024;Itajaí;
29/04/2024;Chapecó;
29/04/2024;Lages;
29/04/2024;Caçador;
29/04/2024;Araranguá;
29/04/2024;Indaial;
29/04/2024;Xanxerê;
29/04/2024;São Miguel do Oeste;
29/04/2024;Laguna;
29/04/2024;Curitibanos;
29/04/2024;Rio Negrinho;
29/04/2024;Campos Novos;
29/04/2024;Itapoá;
29/04/2024;Joaçaba;
30/04/2024;Florianópolis;
30/04/2024;Itajaí;
30/04/2024;Chapecó;
30/04/2024;Lages;
30/04/2024;Caçador;
30/04/2024;Araranguá;
30/04/2024;Indaial;
30/04/2024;Xanxerê;
30/04/2024;São Miguel do Oeste;
30/04/2024;Laguna;
30/04/2024;Curitibanos;
30/04/2024;Rio Negrinho;
30/04/2024;Campos Novos;
30/04/2024;Itapoá;
30/04/2024;Joaçaba;
01/05/2024;Florianópolis;
01/05/2024;Itajaí;
01/05/2024;Chapecó;
01/05/2024;Lages;
01/05/2024;Caçador;
01/05/2024;Araranguá;
01/05/2024;Indaial;
01/05/2024;Xanxerê;
01/05/2024;São Miguel do Oeste;
01/05/2024;Laguna;
01/05/2024;Curitibanos;
01/05/2024;Rio Negrinho;
01/05/2024;Campos Novos;
01/05/2024;Itapoá;
01/05/2024;Joaçaba;
02/05/2024;Florianópolis;
02/05/2024;Itajaí;
02/05/2024;Chapecó;
02/05/2024;Lages;
02/05/2024;Caçador;
02/05/2024;Araranguá;
02/05/2024;Indaial;
02/05/2024;Xanxerê;
02/05/2024;São Miguel do Oeste;
02/05/2024;Laguna;
02/05/2024;Curitibanos;
02/05/2024;Rio Negrinho;
02/05/2024;Campos Novos;
02/05/2024;Itapoá;
02/05/2024;Joaçaba;
03/05/2024;Florianópolis;
03/05/2024;Itajaí;
03/05/2024;Chapecó;
03/05/2024;Lages;
03/05/2024;Caçador;
03/05/2024;Araranguá;
03/05/2024;Indaial;
03/05/2024;Xanxerê;
03/05/2024;São Miguel do Oeste;
03/05/2024;Laguna;
03/05/2024;Curitibanos;
03/05/2024;Rio Negrinho;
03/05/2024;Campos Novos;
03/05/2024;Itapoá;
03/05/2024;Joaçaba;
04/05/2024;Florianópolis;
04/05/2024;Itajaí;
04/05/2024;Chapecó;
04/05/2024;Lages;
04/05/2024;Caçador;
04/05/2024;Araranguá;
04/05/2024;Indaial;
04/05/2024;Xanxerê;
04/05/2024;São Miguel do Oeste;
04/05/2024;Laguna;
04/05/2024;Curitibanos;
04/05/2024;Rio Negrinho;
04/05/2024;Campos Novos;
04/05/2024;Itapoá;
04/05/2024;Joaçaba;
05/05/2024;Florianópolis;
05/05/2024;Itajaí;
05/05/2024;Chapecó;
05/05/2024;Lages;
05/05/2024;Caçador;
05/05/2024;Araranguá;
05/05/2024;Indaial;
05/05/2024;Xanxerê;
05/05/2024;São Miguel do Oeste;
05/05/2024;Laguna;
05/05/2024;Curitibanos;
05/05/2024;Rio Negrinho;
05/05/2024;Campos Novos;
05/05/2024;Itapoá;
05/05/2024;Joaçaba;
06/05/2024;Florianópolis;
06/05/2024;Itajaí;
06/05/2024;Chapecó;
06/05/2024;Lages;
06/05/2024;Caçador;
06/05/2024;Araranguá;
06/05/2024;Indaial;
06/05/2024;Xanxerê;
06/05/2024;São Miguel do Oeste;
06/05/2024;Laguna;
06/05/2024;Curitibanos;
06/05/2024;Rio Negrinho;
06/05/2024;Campos Novos;
06/05/2024;Itapoá;
06/05/2024;Joaçaba;
07/05/2024;Florianópolis;
07/05/2024;Itajaí;
07/05/2024;Chapecó;
07/05/2024;Lages;
07/05/2024;Caçador;
07/05/2024;Araranguá;
07/05/2024;Indaial;
07/05/2024;Xanxerê;
07/05/2024;São Miguel do Oeste;
07/05/2024;Laguna;
07/05/2024;Curitibanos;
07/05/2024;Rio Negrinho;
07/05/2024;Campos Novos;
07/05/2024;Itapoá;
07/05/2024;Joaçaba;
08/05/2024;Florianópolis;
08/05/2024;Itajaí;
08/05/2024;Chapecó;
08/05/2024;Lages;
08/05/2024;Caçador;
08/05/2024;Araranguá;
08/05/2024;Indaial;
08/05/2024;Xanxerê;
08/05/2024;São Miguel do Oeste;
08/05/2024;Laguna;
08/05/2024;Curitibanos;
08/05/2024;Rio Negrinho;
08/05/2024;Campos Novos;
08/05/2024;Itapoá;
08/05/2024;Joaçaba;
09/05/2024;Florianópolis;
09/05/2024;Itajaí;
09/05/2024;Chapecó;
09/05/2024;Lages;
09/05/2024;Caçador;
09/05/2024;Araranguá;
09/05/2024;Indaial;
09/05/2024;Xanxerê;
09/05/2024;São Miguel do Oeste;
09/05/2024;Laguna;
09/05/2024;Curitibanos;
09/05/2024;Rio Negrinho;
09/05/2024;Campos Novos;
09/05/2024;Itapoá;
09/05/2024;Joaçaba;
10/05/2024;Florianópolis;
10/05/2024;Itajaí;
10/05/2024;Chapecó;
10/05/2024;Lages;
10/05/2024;Caçador;
10/05/2024;Araranguá;
10/05/2024;Indaial;
10/05/2024;Xanxerê;
10/05/2024;São Miguel do Oeste;
10/05/2024;Laguna;
10/05/2024;Curitibanos;
10/05/2024;Rio Negrinho;
10/05/2024;Campos Novos;
10/05/2024;Itapoá;
10/05/2024;Joaçaba;
11/05/2024;Florianópolis;
11/05/2024;Itajaí;
11/05/2024;Chapecó;
11/05/2024;Lages;
11/05/2024;Caçador;
11/05/2024;Araranguá;
11/05/2024;Indaial;
11/05/2024;Xanxerê;
11/05/2024;São Miguel do Oeste;
11/05/2024;Laguna;
11/05/2024;Curitibanos;
11/05/2024;Rio Negrinho;
11/05/2024;Campos Novos;
11/05/2024;Itapoá;
11/05/2024;Joaçaba;
12/05/2024;Florianópolis;
12/05/2024;Itajaí;
12/05/2024;Chapecó;
12/05/2024;Lages;
12/05/2024;Caçador;
12/05/2024;Araranguá;
12/05/2024;Indaial;
12/05/2024;Xanxerê;
12/05/2024;São Miguel do Oeste;
12/05/2024;Laguna;
12/05/2024;Curitibanos;
12/05/2024;Rio Negrinho;
12/05/2024;Campos Novos;
12/05/2024;Itapoá;
12/05/2024;Joaçaba;
13/05/2024;Florianópolis;
13/05/2024;Itajaí;
13/05/2024;Chapecó;
13/05/2024;Lages;
13/05/2024;Caçador;
13/05/2024;Araranguá;
13/05/2024;Indaial;
13/05/2024;Xanxerê;
13/05/2024;São Miguel do Oeste;
13/05/2024;Laguna;
13/05/2024;Curitibanos;
13/05/2024;Rio Negrinho;
13/05/2024;Campos Novos;
13/05/2024;Itapoá;
13/05/2024;Joaçaba;
14/05/2024;Florianópolis;
14/05/2024;Itajaí;
14/05/2024;Chapecó;
14/05/2024;Lages;
14/05/2024;Caçador;
14/05/2024;Araranguá;
14/05/2024;Indaial;
14/05/2024;Xanxerê;
14/05/2024;São Miguel do Oeste;
14/05/2024;Laguna;
14/05/2024;Curitibanos;
14/05/2024;Rio Negrinho;
14/05/2024;Campos Novos;
14/05/2024;Itapoá;
14/05/2024;Joaçaba;
15/05/2024;Florianópolis;
15/05/2024;Itajaí;
15/05/2024;Chapecó;
15/05/2024;Lages;
15/05/2024;Caçador;
15/05/2024;Araranguá;
15/05/2024;Indaial;
15/05/2024;Xanxerê;
15/05/2024;São Miguel do Oeste;
15/05/2024;Laguna;
15/05/2024;Curitibanos;
15/05/2024;Rio Negrinho;
15/05/2024;Campos Novos;
15/05/2024;Itapoá;
15/05/2024;Joaçaba;
16/05/2024;Florianópolis;
16/05/2024;Itajaí;
16/05/2024;Chapecó;
16/05/2024;Lages;
16/05/2024;Caçador;
16/05/2024;Araranguá;
16/05/2024;Indaial;
16/05/2024;Xanxerê;
16/05/2024;São Miguel do Oeste;
16/05/2024;Laguna;
16/05/2024;Curitibanos;
16/05/2024;Rio Negrinho;
16/05/2024;Campos Novos;
16/05/2024;Itapoá;
16/05/2024;Joaçaba;
17/05/2024;Florianópolis;
17/05/2024;Itajaí;
17/05/2024;Chapecó;
17/05/2024;Lages;
17/05/2024;Caçador;
17/05/2024;Araranguá;
17/05/2024;Indaial;
17/05/2024;Xanxerê;
17/05/2024;São Miguel do Oeste;
17/05/2024;Laguna;
17/05/2024;Curitibanos;
17/05/2024;Rio Negrinho;
17/05/2024;Campos Novos;
17/05/2024;Itapoá;
17/05/2024;Joaçaba;
18/05/2024;Florianópolis;
18/05/2024;Itajaí;
18/05/2024;Chapecó;
18/05/2024;Lages;
18/05/2024;Caçador;
18/05/2024;Araranguá;
18/05/2024;Indaial;
18/05/2024;Xanxerê;
18/05/2024;São Miguel do Oeste;
18/05/2024;Laguna;
18/05/2024;Curitibanos;
18/05/2024;Rio Negrinho;
18/05/2024;Campos Novos;
18/05/2024;Itapoá;
18/05/2024;Joaçaba;
19/05/2024;Florianópolis;
19/05/2024;Itajaí;
19/05/2024;Chapecó;
19/05/2024;Lages;
19/05/2024;Caçador;
19/05/2024;Araranguá;
19/05/2024;Indaial;
19/05/2024;Xanxerê;
19/05/2024;São Miguel do Oeste;
19/05/2024;Laguna;
19/05/2024;Curitibanos;
19/05/2024;Rio Negrinho;
19/05/2024;Campos Novos;
19/05/2024;Itapoá;
19/05/2024;Joaçaba;
20/05/2024;Florianópolis;
20/05/2024;Itajaí;
20/05/2024;Chapecó;
20/05/2024;Lages;
20/05/2024;Caçador;
20/05/2024;Araranguá;
20/05/2024;Indaial;
20/05/2024;Xanxerê;
20/05/2024;São Miguel do Oeste;
20/05/2024;Laguna;
20/05/2024;Curitibanos;
20/05/2024;Rio Negrinho;
20/05/2024;Campos Novos;
20/05/2024;Itapoá;
20/05/2024;Joaçaba;
21/05/2024;Florianópolis;
21/05/2024;Itajaí;
21/05/2024;Chapecó;
21/05/2024;Lages;
21/05/2024;Caçador;
21/05/2024;Araranguá;
21/05/2024;Indaial;
21/05/2024;Xanxerê;
21/05/2024;São Miguel do Oeste;
21/05/2024;Laguna;
21/05/2024;Curitibanos;
21/05/2024;Rio Negrinho;
21/05/2024;Campos Novos;
21/05/2024;Itapoá;
21/05/2024;Joaçaba;
22/05/2024;Florianópolis;
22/05/2024;Itajaí;
22/05/2024;Chapecó;
22/05/2024;Lages;
22/05/2024;Caçador;
22/05/2024;Araranguá;
22/05/2024;Indaial;
22/05/2024;Xanxerê;
22/05/2024;São Miguel do Oeste;
22/05/2024;Laguna;
22/05/2024;Curitibanos;
22/05/2024;Rio Negrinho;
22/05/2024;Campos Novos;
22/05/2024;Itapoá;
22/05/2024;Joaçaba;
23/05/2024;Florianópolis;
23/05/2024;Itajaí;
23/05/2024;Chapecó;
23/05/2024;Lages;
23/05/2024;Caçador;
23/05/2024;Araranguá;
23/05/2024;Indaial;
23/05/2024;Xanxerê;
23/05/2024;São Miguel do Oeste;
23/05/2024;Laguna;
23/05/2024;Curitibanos;
23/05/2024;Rio Negrinho;
23/05/2024;Campos Novos;
23/05/2024;Itapoá;
23/05/2024;Joaçaba;
24/05/2024;Florianópolis;
24/05/2024;Itajaí;
24/05/2024;Chapecó;
24/05/2024;Lages;
24/05/2024;Caçador;
24/05/2024;Araranguá;
24/05/2024;Indaial;
24/05/2024;Xanxerê;
24/05/2024;São Miguel do Oeste;
24/05/2024;Laguna;
24/05/2024;Curitibanos;
24/05/2024;Rio Negrinho;
24/05/2024;Campos Novos;
24/05/2024;Itapoá;
24/05/2024;Joaçaba;
25/05/2024;Florianópolis;
25/05/2024;Itajaí;
25/05/2024;Chapecó;
25/05/2024;Lages;
25/05/2024;Caçador;
25/05/2024;Araranguá;
25/05/2024;Indaial;
25/05/2024;Xanxerê;
25/05/2024;São Miguel do Oeste;
25/05/2024;Laguna;
25/05/2024;Curitibanos;
25/05/2024;Rio Negrinho;
25/05/2024;Campos Novos;
25/05/2024;Itapoá;
25/05/2024;Joaçaba;
26/05/2024;Florianópolis;
26/05/2024;Itajaí;
26/05/2024;Chapecó;
26/05/2024;Lages;
26/05/2024;Caçador;
26/05/2024;Araranguá;
26/05/2024;Indaial;
26/05/2024;Xanxerê;
26/05/2024;São Miguel do Oeste;
26/05/2024;Laguna;
26/05/2024;Curitibanos;
26/05/2024;Rio Negrinho;
26/05/2024;Campos Novos;
26/05/2024;Itapoá;
26/05/2024;Joaçaba;
27/05/2024;Florianópolis;
27/05/2024;Itajaí;
27/05/2024;Chapecó;
27/05/2024;Lages;
27/05/2024;Caçador;
27/05/2024;Araranguá;
27/05/2024;Indaial;
27/05/2024;Xanxerê;
27/05/2024;São Miguel do Oeste;
27/05/2024;Laguna;
27/05/2024;Curitibanos;
27/05/2024;Rio Negrinho;
27/05/2024;Campos Novos;
27/05/2024;Itapoá;
27/05/2024;Joaçaba;
28/05/2024;Florianópolis;
28/05/2024;Itajaí;
28/05/2024;Chapecó;
28/05/2024;Lages;
28/05/2024;Caçador;
28/05/2024;Araranguá;
28/05/2024;Indaial;
28/05/2024;Xanxerê;
28/05/2024;São Miguel do Oeste;
28/05/2024;Laguna;
28/05/2024;Curitibanos;
28/05/2024;Rio Negrinho;
28/05/2024;Campos Novos;
28/05/2024;Itapoá;
28/05/2024;Joaçaba;
29/05/2024;Florianópolis;
29/05/2024;Itajaí;
29/05/2024;Chapecó;
29/05/2024;Lages;
29/05/2024;Caçador;
29/05/2024;Araranguá;
29/05/2024;Indaial;
29/05/2024;Xanxerê;
29/05/2024;São Miguel do Oeste;
29/05/2024;Laguna;
29/05/2024;Curitibanos;
29/05/2024;Rio Negrinho;
29/05/2024;Campos Novos;
29/05/2024;Itapoá;
29/05/2024;Joaçaba;
30/05/2024;Florianópolis;
30/05/2024;Itajaí;
30/05/2024;Chapecó;
30/05/2024;Lages;
30/05/2024;Caçador;
30/05/2024;Araranguá;
30/05/2024;Indaial;
30/05/2024;Xanxerê;
30/05/2024;São Miguel do Oeste;
30/05/2024;Laguna;
30/05/2024;Curitibanos;
30/05/2024;Rio Negrinho;
30/05/2024;Campos Novos;
30/05/2024;Itapoá;
30/05/2024;Joaçaba;
31/05/2024;Florianópolis;
31/05/2024;Itajaí;
31/05/2024;Chapecó;
31/05/2024;Lages;
31/05/2024;Caçador;
31/05/2024;Araranguá;
31/05/2024;Indaial;
31/05/2024;Xanxerê;
31/05/2024;São Miguel do Oeste;
31/05/2024;Laguna;
31/05/2024;Curitibanos;
31/05/2024;Rio Negrinho;
31/05/2024;Campos Novos;
31/05/2024;Itapoá;
31/05/2024;Joaçaba;
01/06/2024;Florianópolis;
01/06/2024;Itajaí;
01/06/2024;Chapecó;
01/06/2024;Lages;
01/06/2024;Caçador;
01/06/2024;Araranguá;
01/06/2024;Indaial;
01/06/2024;Xanxerê;
01/06/2024;São Miguel do Oeste;
01/06/2024;Laguna;
01/06/2024;Curitibanos;
01/06/2024;Rio Negrinho;
01/06/2024;Campos Novos;
01/06/2024;Itapoá;
01/06/2024;Joaçaba;
02/06/2024;Florianópolis;
02/06/2024;Itajaí;
02/06/2024;Chapecó;
02/06/2024;Lages;
02/06/2024;Caçador;
02/06/2024;Araranguá;
02/06/2024;Indaial;
02/06/2024;Xanxerê;
02/06/2024;São Miguel do Oeste;
02/06/2024;Laguna;
02/06/2024;Curitibanos;
02/06/2024;Rio Negrinho;
02/06/2024;Campos Novos;
02/06/2024;Itapoá;
02/06/2024;Joaçaba;
03/06/2024;Florianópolis;
03/06/2024;Itajaí;
03/06/2024;Chapecó;
03/06/2024;Lages;
03/06/2024;Caçador;
03/06/2024;Araranguá;
03/06/2024;Indaial;
03/06/2024;Xanxerê;
03/06/2024;São Miguel do Oeste;
03/06/2024;Laguna;
03/06/2024;Curitibanos;
03/06/2024;Rio Negrinho;
03/06/2024;Campos Novos;
03/06/2024;Itapoá;
03/06/2024;Joaçaba;
04/06/2024;Florianópolis;
04/06/2024;Itajaí;
04/06/2024;Chapecó;
04/06/2024;Lages;
04/06/2024;Caçador;
04/06/2024;Araranguá;
04/06/2024;Indaial;
04/06/2024;Xanxerê;
04/06/2024;São Miguel do Oeste;
04/06/2024;Laguna;
04/06/2024;Curitibanos;
04/06/2024;Rio Negrinho;
04/06/2024;Campos Novos;
04/06/2024;Itapoá;
04/06/2024;Joaçaba;
05/06/2024;Florianópolis;
05/06/2024;Itajaí;
05/06/2024;Chapecó;
05/06/2024;Lages;
05/06/2024;Caçador;
05/06/2024;Araranguá;
05/06/2024;Indaial;
05/06/2024;Xanxerê;
05/06/2024;São Miguel do Oeste;
05/06/2024;Laguna;
05/06/2024;Curitibanos;
05/06/2024;Rio Negrinho;
05/06/2024;Campos Novos;
05/06/2024;Itapoá;
05/06/2024;Joaçaba;
06/06/2024;Florianópolis;
06/06/2024;Itajaí;
06/06/2024;Chapecó;
06/06/2024;Lages;
06/06/2024;Caçador;
06/06/2024;Araranguá;
06/06/2024;Indaial;
06/06/2024;Xanxerê;
06/06/2024;São Miguel do Oeste;
06/06/2024;Laguna;
06/06/2024;Curitibanos;
06/06/2024;Rio Negrinho;
06/06/2024;Campos Novos;
06/06/2024;Itapoá;
06/06/2024;Joaçaba;
07/06/2024;Florianópolis;
07/06/2024;Itajaí;
07/06/2024;Chapecó;
07/06/2024;Lages;
07/06/2024;Caçador;
07/06/2024;Araranguá;
07/06/2024;Indaial;
07/06/2024;Xanxerê;
07/06/2024;São Miguel do Oeste;
07/06/2024;Laguna;
07/06/2024;Curitibanos;
07/06/2024;Rio Negrinho;
07/06/2024;Campos Novos;
07/06/2024;Itapoá;
07/06/2024;Joaçaba;
08/06/2024;Florianópolis;
08/06/2024;Itajaí;
08/06/2024;Chapecó;
08/06/2024;Lages;
08/06/2024;Caçador;
08/06/2024;Araranguá;
08/06/2024;Indaial;
08/06/2024;Xanxerê;
08/06/2024;São Miguel do Oeste;
08/06/2024;Laguna;
08/06/2024;Curitibanos;
08/06/2024;Rio Negrinho;
08/06/2024;Campos Novos;
08/06/2024;Itapoá;
08/06/2024;Joaçaba;
09/06/2024;Florianópolis;
09/06/2024;Itajaí;
09/06/2024;Chapecó;
09/06/2024;Lages;
09/06/2024;Caçador;
09/06/2024;Araranguá;
09/06/2024;Indaial;
09/06/2024;Xanxerê;
09/06/2024;São Miguel do Oeste;
09/06/2024;Laguna;
09/06/2024;Curitibanos;
09/06/2024;Rio Negrinho;
09/06/2024;Campos Novos;
09/06/2024;Itapoá;
09/06/2024;Joaçaba;
10/06/2024;Florianópolis;
10/06/2024;Itajaí;
10/06/2024;Chapecó;
10/06/2024;Lages;
10/06/2024;Caçador;
10/06/2024;Araranguá;
10/06/2024;Indaial;
10/06/2024;Xanxerê;
10/06/2024;São Miguel do Oeste;
10/06/2024;Laguna;
10/06/2024;Curitibanos;
10/06/2024;Rio Negrinho;
10/06/2024;Campos Novos;
10/06/2024;Itapoá;
10/06/2024;Joaçaba;
11/06/2024;Florianópolis;
11/06/2024;Itajaí;
11/06/2024;Chapecó;
11/06/2024;Lages;
11/06/2024;Caçador;
11/06/2024;Araranguá;
11/06/2024;Indaial;
11/06/2024;Xanxerê;
11/06/2024;São Miguel do Oeste;
11/06/2024;Laguna;
11/06/2024;Curitibanos;
11/06/2024;Rio Negrinho;
11/06/2024;Campos Novos;
11/06/2024;Itapoá;
11/06/2024;Joaçaba;
12/06/2024;Florianópolis;
12/06/2024;Itajaí;
12/06/2024;Chapecó;
12/06/2024;Lages;
12/06/2024;Caçador;
12/06/2024;Araranguá;
12/06/2024;Indaial;
12/06/2024;Xanxerê;
12/06/2024;São Miguel do Oeste;
12/06/2024;Laguna;
12/06/2024;Curitibanos;
12/06/2024;Rio Negrinho;
12/06/2024;Campos Novos;
12/06/2024;Itapoá;
12/06/2024;Joaçaba;
13/06/2024;Florianópolis;
13/06/2024;Itajaí;
13/06/2024;Chapecó;
13/06/2024;Lages;
13/06/2024;Caçador;
13/06/2024;Araranguá;
13/06/2024;Indaial;
13/06/2024;Xanxerê;
13/06/2024;São Miguel do Oeste;
13/06/2024;Laguna;
13/06/2024;Curitibanos;
13/06/2024;Rio Negrinho;
13/06/2024;Campos Novos;
13/06/2024;Itapoá;
13/06/2024;Joaçaba;
14/06/2024;Florianópolis;
14/06/2024;Itajaí;
14/06/2024;Chapecó;
14/06/2024;Lages;
14/06/2024;Caçador;
14/06/2024;Araranguá;
14/06/2024;Indaial;
14/06/2024;Xanxerê;
14/06/2024;São Miguel do Oeste;
14/06/2024;Laguna;
14/06/2024;Curitibanos;
14/06/2024;Rio Negrinho;
14/06/2024;Campos Novos;
14/06/2024;Itapoá;
14/06/2024;Joaçaba;
15/06/2024;Florianópolis;
15/06/2024;Itajaí;
15/06/2024;Chapecó;
15/06/2024;Lages;
15/06/2024;Caçador;
15/06/2024;Araranguá;
15/06/2024;Indaial;
15/06/2024;Xanxerê;
15/06/2024;São Miguel do Oeste;
15/06/2024;Laguna;
15/06/2024;Curitibanos;
15/06/2024;Rio Negrinho;
15/06/2024;Campos Novos;
15/06/2024;Itapoá;
15/06/2024;Joaçaba;
16/06/2024;Florianópolis;
16/06/2024;Itajaí;
16/06/2024;Chapecó;
16/06/2024;Lages;
16/06/2024;Caçador;
16/06/2024;Araranguá;
16/06/2024;Indaial;
16/06/2024;Xanxerê;
16/06/2024;São Miguel do Oeste;
16/06/2024;Laguna;
16/06/2024;Curitibanos;
16/06/2024;Rio Negrinho;
16/06/2024;Campos Novos;
16/06/2024;Itapoá;
16/06/2024;Joaçaba;
17/06/2024;Florianópolis;
17/06/2024;Itajaí;
17/06/2024;Chapecó;
17/06/2024;Lages;
17/06/2024;Caçador;
17/06/2024;Araranguá;
17/06/2024;Indaial;
17/06/2024;Xanxerê;
17/06/2024;São Miguel do Oeste;
17/06/2024;Laguna;
17/06/2024;Curitibanos;
17/06/2024;Rio Negrinho;
17/06/2024;Campos Novos;
17/06/2024;Itapoá;
17/06/2024;Joaçaba;
18/06/2024;Florianópolis;
18/06/2024;Itajaí;
18/06/2024;Chapecó;
18/06/2024;Lages;
18/06/2024;Caçador;
18/06/2024;Araranguá;
18/06/2024;Indaial;
18/06/2024;Xanxerê;
18/06/2024;São Miguel do Oeste;
18/06/2024;Laguna;
18/06/2024;Curitibanos;
18/06/2024;Rio Negrinho;
18/06/2024;Campos Novos;
18/06/2024;Itapoá;
18/06/2024;Joaçaba;
19/06/2024;Florianópolis;
19/06/2024;Itajaí;
19/06/2024;Chapecó;
19/06/2024;Lages;
19/06/2024;Caçador;
19/06/2024;Araranguá;
19/06/2024;Indaial;
19/06/2024;Xanxerê;
19/06/2024;São Miguel do Oeste;
19/06/2024;Laguna;
19/06/2024;Curitibanos;
19/06/2024;Rio Negrinho;
19/06/2024;Campos Novos;
19/06/2024;Itapoá;
19/06/2024;Joaçaba;
20/06/2024;Florianópolis;
20/06/2024;Itajaí;
20/06/2024;Chapecó;
20/06/2024;Lages;
20/06/2024;Caçador;
20/06/2024;Araranguá;
20/06/2024;Indaial;
20/06/2024;Xanxerê;
20/06/2024;São Miguel do Oeste;
20/06/2024;Laguna;
20/06/2024;Curitibanos;
20/06/2024;Rio Negrinho;
20/06/2024;Campos Novos;
20/06/2024;Itapoá;
20/06/2024;Joaçaba;
21/06/2024;Florianópolis;
21/06/2024;Itajaí;
21/06/2024;Chapecó;
21/06/2024;Lages;
21/06/2024;Caçador;
21/06/2024;Araranguá;
21/06/2024;Indaial;
21/06/2024;Xanxerê;
21/06/2024;São Miguel do Oeste;
21/06/2024;Laguna;
21/06/2024;Curitibanos;
21/06/2024;Rio Negrinho;
21/06/2024;Campos Novos;
21/06/2024;Itapoá;
21/06/2024;Joaçaba;
22/06/2024;Florianópolis;
22/06/2024;Itajaí;
22/06/2024;Chapecó;
22/06/2024;Lages;
22/06/2024;Caçador;
22/06/2024;Araranguá;
22/06/2024;Indaial;
22/06/2024;Xanxerê;
22/06/2024;São Miguel do Oeste;
22/06/2024;Laguna;
22/06/2024;Curitibanos;
22/06/2024;Rio Negrinho;
22/06/2024;Campos Novos;
22/06/2024;Itapoá;
22/06/2024;Joaçaba;
23/06/2024;Florianópolis;
23/06/2024;Itajaí;
23/06/2024;Chapecó;
23/06/2024;Lages;
23/06/2024;Caçador;
23/06/2024;Araranguá;
23/06/2024;Indaial;
23/06/2024;Xanxerê;
23/06/2024;São Miguel do Oeste;
23/06/2024;Laguna;
23/06/2024;Curitibanos;
23/06/2024;Rio Negrinho;
23/06/2024;Campos Novos;
23/06/2024;Itapoá;
23/06/2024;Joaçaba;
24/06/2024;Florianópolis;
24/06/2024;Itajaí;
24/06/2024;Chapecó;
24/06/2024;Lages;
24/06/2024;Caçador;
24/06/2024;Araranguá;
24/06/2024;Indaial;
24/06/2024;Xanxerê;
24/06/2024;São Miguel do Oeste;
24/06/2024;Laguna;
24/06/2024;Curitibanos;
24/06/2024;Rio Negrinho;
24/06/2024;Campos Novos;
24/06/2024;Itapoá;
24/06/2024;Joaçaba;
25/06/2024;Florianópolis;
25/06/2024;Itajaí;
25/06/2024;Chapecó;
25/06/2024;Lages;
25/06/2024;Caçador;
25/06/2024;Araranguá;
25/06/2024;Indaial;
25/06/2024;Xanxerê;
25/06/2024;São Miguel do Oeste;
25/06/2024;Laguna;
25/06/2024;Curitibanos;
25/06/2024;Rio Negrinho;
25/06/2024;Campos Novos;
25/06/2024;Itapoá;
25/06/2024;Joaçaba;
26/06/2024;Florianópolis;
26/06/2024;Itajaí;
26/06/2024;Chapecó;
26/06/2024;Lages;
26/06/2024;Caçador;
26/06/2024;Araranguá;
26/06/2024;Indaial;
26/06/2024;Xanxerê;
26/06/2024;São Miguel do Oeste;
26/06/2024;Laguna;
26/06/2024;Curitibanos;
26/06/2024;Rio Negrinho;
26/06/2024;Campos Novos;
26/06/2024;Itapoá;
26/06/2024;Joaçaba;
27/06/2024;Florianópolis;
27/06/2024;Itajaí;
27/06/2024;Chapecó;
27/06/2024;Lages;
27/06/2024;Caçador;
27/06/2024;Araranguá;
27/06/2024;Indaial;
27/06/2024;Xanxerê;
27/06/2024;São Miguel do Oeste;
27/06/2024;Laguna;
27/06/2024;Curitibanos;
27/06/2024;Rio Negrinho;
27/06/2024;Campos Novos;
27/06/2024;Itapoá;
27/06/2024;Joaçaba;
28/06/2024;Florianópolis;
28/06/2024;Itajaí;
28/06/2024;Chapecó;
28/06/2024;Lages;
28/06/2024;Caçador;
28/06/2024;Araranguá;
28/06/2024;Indaial;
28/06/2024;Xanxerê;
28/06/2024;São Miguel do Oeste;
28/06/2024;Laguna;
28/06/2024;Curitibanos;
28/06/2024;Rio Negrinho;
28/06/2024;Campos Novos;
28/06/2024;Itapoá;
28/06/2024;Joaçaba;
29/06/2024;Florianópolis;
29/06/2024;Itajaí;
29/06/2024;Chapecó;
29/06/2024;Lages;
29/06/2024;Caçador;
29/06/2024;Araranguá;
29/06/2024;Indaial;
29/06/2024;Xanxerê;
29/06/2024;São Miguel do Oeste;
29/06/2024;Laguna;
29/06/2024;Curitibanos;
29/06/2024;Rio Negrinho;
29/06/2024;Campos Novos;
29/06/2024;Itapoá;
29/06/2024;Joaçaba;
30/06/2024;Florianópolis;
30/06/2024;Itajaí;
30/06/2024;Chapecó;
30/06/2024;Lages;
30/06/2024;Caçador;
30/06/2024;Araranguá;
30/06/2024;Indaial;
30/06/2024;Xanxerê;
30/06/2024;São Miguel do Oeste;
30/06/2024;Laguna;
30/06/2024;Curitibanos;
30/06/2024;Rio Negrinho;
30/06/2024;Campos Novos;
30/06/2024;Itapoá;
30/06/2024;Joaçaba;
01/07/2024;Florianópolis;
01/07/2024;Itajaí;
01/07/2024;Chapecó;
01/07/2024;Lages;
01/07/2024;Caçador;
01/07/2024;Araranguá;
01/07/2024;Indaial;
01/07/2024;Xanxerê;
01/07/2024;São Miguel do Oeste;
01/07/2024;Laguna;
01/07/2024;Curitibanos;
01/07/2024;Rio Negrinho;
01/07/2024;Campos Novos;
01/07/2024;Itapoá;
01/07/2024;Joaçaba;
02/07/2024;Florianópolis;
02/07/2024;Itajaí;
02/07/2024;Chapecó;
02/07/2024;Lages;
02/07/2024;Caçador;
02/07/2024;Araranguá;
02/07/2024;Indaial;
02/07/2024;Xanxerê;
02/07/2024;São Miguel do Oeste;
02/07/2024;Laguna;
02/07/2024;Curitibanos;
02/07/2024;Rio Negrinho;
02/07/2024;Campos Novos;
02/07/2024;Itapoá;
02/07/2024;Joaçaba;
03/07/2024;Florianópolis;
03/07/2024;Itajaí;
03/07/2024;Chapecó;
03/07/2024;Lages;
03/07/2024;Caçador;
03/07/2024;Araranguá;
03/07/2024;Indaial;
03/07/2024;Xanxerê;
03/07/2024;São Miguel do Oeste;
03/07/2024;Laguna;
03/07/2024;Curitibanos;
03/07/2024;Rio Negrinho;
03/07/2024;Campos Novos;
03/07/2024;Itapoá;
03/07/2024;Joaçaba;
04/07/2024;Florianópolis;
04/07/2024;Itajaí;
04/07/2024;Chapecó;
04/07/2024;Lages;
04/07/2024;Caçador;
04/07/2024;Araranguá;
04/07/2024;Indaial;
04/07/2024;Xanxerê;
04/07/2024;São Miguel do Oeste;
04/07/2024;Laguna;
04/07/2024;Curitibanos;
04/07/2024;Rio Negrinho;
04/07/2024;Campos Novos;
04/07/2024;Itapoá;
04/07/2024;Joaçaba;
05/07/2024;Florianópolis;
05/07/2024;Itajaí;
05/07/2024;Chapecó;
05/07/2024;Lages;
05/07/2024;Caçador;
05/07/2024;Araranguá;
05/07/2024;Indaial;
05/07/2024;Xanxerê;
05/07/2024;São Miguel do Oeste;
05/07/2024;Laguna;
05/07/2024;Curitibanos;
05/07/2024;Rio Negrinho;
05/07/2024;Campos Novos;
05/07/2024;Itapoá;
05/07/2024;Joaçaba;
06/07/2024;Florianópolis;
06/07/2024;Itajaí;
06/07/2024;Chapecó;
06/07/2024;Lages;
06/07/2024;Caçador;
06/07/2024;Araranguá;
06/07/2024;Indaial;
06/07/2024;Xanxerê;
06/07/2024;São Miguel do Oeste;
06/07/2024;Laguna;
06/07/2024;Curitibanos;
06/07/2024;Rio Negrinho;
06/07/2024;Campos Novos;
06/07/2024;Itapoá;
06/07/2024;Joaçaba;
07/07/2024;Florianópolis;
07/07/2024;Itajaí;
07/07/2024;Chapecó;
07/07/2024;Lages;
07/07/2024;Caçador;
07/07/2024;Araranguá;
07/07/2024;Indaial;
07/07/2024;Xanxerê;
07/07/2024;São Miguel do Oeste;
07/07/2024;Laguna;
07/07/2024;Curitibanos;
07/07/2024;Rio Negrinho;
07/07/2024;Campos Novos;
07/07/2024;Itapoá;
07/07/2024;Joaçaba;
08/07/2024;Florianópolis;
08/07/2024;Itajaí;
08/07/2024;Chapecó;
08/07/2024;Lages;
08/07/2024;Caçador;
08/07/2024;Araranguá;
08/07/2024;Indaial;
08/07/2024;Xanxerê;
08/07/2024;São Miguel do Oeste;
08/07/2024;Laguna;
08/07/2024;Curitibanos;
08/07/2024;Rio Negrinho;
08/07/2024;Campos Novos;
08/07/2024;Itapoá;
08/07/2024;Joaçaba;
09/07/2024;Florianópolis;
09/07/2024;Itajaí;
09/07/2024;Chapecó;
09/07/2024;Lages;
09/07/2024;Caçador;
09/07/2024;Araranguá;
09/07/2024;Indaial;
09/07/2024;Xanxerê;
09/07/2024;São Miguel do Oeste;
09/07/2024;Laguna;
09/07/2024;Curitibanos;
09/07/2024;Rio Negrinho;
09/07/2024;Campos Novos;
09/07/2024;Itapoá;
09/07/2024;Joaçaba;
10/07/2024;Florianópolis;
10/07/2024;Itajaí;
10/07/2024;Chapecó;
10/07/2024;Lages;
10/07/2024;Caçador;
10/07/2024;Araranguá;
10/07/2024;Indaial;
10/07/2024;Xanxerê;
10/07/2024;São Miguel do Oeste;
10/07/2024;Laguna;
10/07/2024;Curitibanos;
10/07/2024;Rio Negrinho;
10/07/2024;Campos Novos;
10/07/2024;Itapoá;
10/07/2024;Joaçaba;
11/07/2024;Florianópolis;
11/07/2024;Itajaí;
11/07/2024;Chapecó;
11/07/2024;Lages;
11/07/2024;Caçador;
11/07/2024;Araranguá;
11/07/2024;Indaial;
11/07/2024;Xanxerê;
11/07/2024;São Miguel do Oeste;
11/07/2024;Laguna;
11/07/2024;Curitibanos;
11/07/2024;Rio Negrinho;
11/07/2024;Campos Novos;
11/07/2024;Itapoá;
11/07/2024;Joaçaba;
12/07/2024;Florianópolis;
12/07/2024;Itajaí;
12/07/2024;Chapecó;
12/07/2024;Lages;
12/07/2024;Caçador;
12/07/2024;Araranguá;
12/07/2024;Indaial;
12/07/2024;Xanxerê;
12/07/2024;São Miguel do Oeste;
12/07/2024;Laguna;
12/07/2024;Curitibanos;
12/07/2024;Rio Negrinho;
12/07/2024;Campos Novos;
12/07/2024;Itapoá;
12/07/2024;Joaçaba;
13/07/2024;Florianópolis;
13/07/2024;Itajaí;
13/07/2024;Chapecó;
13/07/2024;Lages;
13/07/2024;Caçador;
13/07/2024;Araranguá;
13/07/2024;Indaial;
13/07/2024;Xanxerê;
13/07/2024;São Miguel do Oeste;
13/07/2024;Laguna;
13/07/2024;Curitibanos;
13/07/2024;Rio Negrinho;
13/07/2024;Campos Novos;
13/07/2024;Itapoá;
13/07/2024;Joaçaba;
14/07/2024;Florianópolis;
14/07/2024;Itajaí;
14/07/2024;Chapecó;
14/07/2024;Lages;
14/07/2024;Caçador;
14/07/2024;Araranguá;
14/07/2024;Indaial;
14/07/2024;Xanxerê;
14/07/2024;São Miguel do Oeste;
14/07/2024;Laguna;
14/07/2024;Curitibanos;
14/07/2024;Rio Negrinho;
14/07/2024;Campos Novos;
14/07/2024;Itapoá;
14/07/2024;Joaçaba;
15/07/2024;Florianópolis;
15/07/2024;Itajaí;
15/07/2024;Chapecó;
15/07/2024;Lages;
15/07/2024;Caçador;
15/07/2024;Araranguá;
15/07/2024;Indaial;
15/07/2024;Xanxerê;
15/07/2024;São Miguel do Oeste;
15/07/2024;Laguna;
15/07/2024;Curitibanos;
15/07/2024;Rio Negrinho;
15/07/2024;Campos Novos;
15/07/2024;Itapoá;
15/07/2024;Joaçaba;
16/07/2024;Florianópolis;
16/07/2024;Itajaí;
16/07/2024;Chapecó;
16/07/2024;Lages;
16/07/2024;Caçador;
16/07/2024;Araranguá;
16/07/2024;Indaial;
16/07/2024;Xanxerê;
16/07/2024;São Miguel do Oeste;
16/07/2024;Laguna;
16/07/2024;Curitibanos;
16/07/2024;Rio Negrinho;
16/07/2024;Campos Novos;
16/07/2024;Itapoá;
16/07/2024;Joaçaba;
17/07/2024;Florianópolis;
17/07/2024;Itajaí;
17/07/2024;Chapecó;
17/07/2024;Lages;
17/07/2024;Caçador;
17/07/2024;Araranguá;
17/07/2024;Indaial;
17/07/2024;Xanxerê;
17/07/2024;São Miguel do Oeste;
17/07/2024;Laguna;
17/07/2024;Curitibanos;
17/07/2024;Rio Negrinho;
17/07/2024;Campos Novos;
17/07/2024;Itapoá;
17/07/2024;Joaçaba;
18/07/2024;Florianópolis;
18/07/2024;Itajaí;
18/07/2024;Chapecó;
18/07/2024;Lages;
18/07/2024;Caçador;
18/07/2024;Araranguá;
18/07/2024;Indaial;
18/07/2024;Xanxerê;
18/07/2024;São Miguel do Oeste;
18/07/2024;Laguna;
18/07/2024;Curitibanos;
18/07/2024;Rio Negrinho;
18/07/2024;Campos Novos;
18/07/2024;Itapoá;
18/07/2024;Joaçaba;
19/07/2024;Florianópolis;
19/07/2024;Itajaí;
19/07/2024;Chapecó;
19/07/2024;Lages;
19/07/2024;Caçador;
19/07/2024;Araranguá;
19/07/2024;Indaial;
19/07/2024;Xanxerê;
19/07/2024;São Miguel do Oeste;
19/07/2024;Laguna;
19/07/2024;Curitibanos;
19/07/2024;Rio Negrinho;
19/07/2024;Campos Novos;
19/07/2024;Itapoá;
19/07/2024;Joaçaba;
20/07/2024;Florianópolis;
20/07/2024;Itajaí;
20/07/2024;Chapecó;
20/07/2024;Lages;
20/07/2024;Caçador;
20/07/2024;Araranguá;
20/07/2024;Indaial;
20/07/2024;Xanxerê;
20/07/2024;São Miguel do Oeste;
20/07/2024;Laguna;
20/07/2024;Curitibanos;
20/07/2024;Rio Negrinho;
20/07/2024;Campos Novos;
20/07/2024;Itapoá;
20/07/2024;Joaçaba;
21/07/2024;Florianópolis;
21/07/2024;Itajaí;
21/07/2024;Chapecó;
21/07/2024;Lages;
21/07/2024;Caçador;
21/07/2024;Araranguá;
21/07/2024;Indaial;
21/07/2024;Xanxerê;
21/07/2024;São Miguel do Oeste;
21/07/2024;Laguna;
21/07/2024;Curitibanos;
21/07/2024;Rio Negrinho;
21/07/2024;Campos Novos;
21/07/2024;Itapoá;
21/07/2024;Joaçaba;
22/07/2024;Florianópolis;
22/07/2024;Itajaí;
22/07/2024;Chapecó;
22/07/2024;Lages;
22/07/2024;Caçador;
22/07/2024;Araranguá;
22/07/2024;Indaial;
22/07/2024;Xanxerê;
22/07/2024;São Miguel do Oeste;
22/07/2024;Laguna;
22/07/2024;Curitibanos;
22/07/2024;Rio Negrinho;
22/07/2024;Campos Novos;
22/07/2024;Itapoá;
22/07/2024;Joaçaba;
23/07/2024;Florianópolis;
23/07/2024;Itajaí;
23/07/2024;Chapecó;
23/07/2024;Lages;
23/07/2024;Caçador;
23/07/2024;Araranguá;
23/07/2024;Indaial;
23/07/2024;Xanxerê;
23/07/2024;São Miguel do Oeste;
23/07/2024;Laguna;
23/07/2024;Curitibanos;
23/07/2024;Rio Negrinho;
23/07/2024;Campos Novos;
23/07/2024;Itapoá;
23/07/2024;Joaçaba;
24/07/2024;Florianópolis;
24/07/2024;Itajaí;
24/07/2024;Chapecó;
24/07/2024;Lages;
24/07/2024;Caçador;
24/07/2024;Araranguá;
24/07/2024;Indaial;
24/07/2024;Xanxerê;
24/07/2024;São Miguel do Oeste;
24/07/2024;Laguna;
24/07/2024;Curitibanos;
24/07/2024;Rio Negrinho;
24/07/2024;Campos Novos;
24/07/2024;Itapoá;
24/07/2024;Joaçaba;
25/07/2024;Florianópolis;
25/07/2024;Itajaí;
25/07/2024;Chapecó;
25/07/2024;Lages;
25/07/2024;Caçador;
25/07/2024;Araranguá;
25/07/2024;Indaial;
25/07/2024;Xanxerê;
25/07/2024;São Miguel do Oeste;
25/07/2024;Laguna;
25/07/2024;Curitibanos;
25/07/2024;Rio Negrinho;
25/07/2024;Campos Novos;
25/07/2024;Itapoá;
25/07/2024;Joaçaba;
26/07/2024;Florianópolis;
26/07/2024;Itajaí;
26/07/2024;Chapecó;
26/07/2024;Lages;
26/07/2024;Caçador;
26/07/2024;Araranguá;
26/07/2024;Indaial;
26/07/2024;Xanxerê;
26/07/2024;São Miguel do Oeste;
26/07/2024;Laguna;
26/07/2024;Curitibanos;
26/07/2024;Rio Negrinho;
26/07/2024;Campos Novos;
26/07/2024;Itapoá;
26/07/2024;Joaçaba;
27/07/2024;Florianópolis;
27/07/2024;Itajaí;
27/07/2024;Chapecó;
27/07/2024;Lages;
27/07/2024;Caçador;
27/07/2024;Araranguá;
27/07/2024;Indaial;
27/07/2024;Xanxerê;
27/07/2024;São Miguel do Oeste;
27/07/2024;Laguna;
27/07/2024;Curitibanos;
27/07/2024;Rio Negrinho;
27/07/2024;Campos Novos;
27/07/2024;Itapoá;
27/07/2024;Joaçaba;
28/07/2024;Florianópolis;
28/07/2024;Itajaí;
28/07/2024;Chapecó;
28/07/2024;Lages;
28/07/2024;Caçador;
28/07/2024;Araranguá;
28/07/2024;Indaial;
28/07/2024;Xanxerê;
28/07/2024;São Miguel do Oeste;
28/07/2024;Laguna;
28/07/2024;Curitibanos;
28/07/2024;Rio Negrinho;
28/07/2024;Campos Novos;
28/07/2024;Itapoá;
28/07/2024;Joaçaba;
29/07/2024;Florianópolis;
29/07/2024;Itajaí;
29/07/2024;Chapecó;
29/07/2024;Lages;
29/07/2024;Caçador;
29/07/2024;Araranguá;
29/07/2024;Indaial;
29/07/2024;Xanxerê;
29/07/2024;São Miguel do Oeste;
29/07/2024;Laguna;
29/07/2024;Curitibanos;
29/07/2024;Rio Negrinho;
29/07/2024;Campos Novos;
29/07/2024;Itapoá;
29/07/2024;Joaçaba;
30/07/2024;Florianópolis;
30/07/2024;Itajaí;
30/07/2024;Chapecó;
30/07/2024;Lages;
30/07/2024;Caçador;
30/07/2024;Araranguá;
30/07/2024;Indaial;
30/07/2024;Xanxerê;
30/07/2024;São Miguel do Oeste;
30/07/2024;Laguna;
30/07/2024;Curitibanos;
30/07/2024;Rio Negrinho;
30/07/2024;Campos Novos;
30/07/2024;Itapoá;
30/07/2024;Joaçaba;
31/07/2024;Florianópolis;
31/07/2024;Itajaí;
31/07/2024;Chapecó;
31/07/2024;Lages;
31/07/2024;Caçador;
31/07/2024;Araranguá;
31/07/2024;Indaial;
31/07/2024;Xanxerê;
31/07/2024;São Miguel do Oeste;
31/07/2024;Laguna;
31/07/2024;Curitibanos;
31/07/2024;Rio Negrinho;
31/07/2024;Campos Novos;
31/07/2024;Itapoá;
31/07/2024;Joaçaba;
01/08/2024;Florianópolis;
01/08/2024;Itajaí;
01/08/2024;Chapecó;
01/08/2024;Lages;
01/08/2024;Caçador;
01/08/2024;Araranguá;
01/08/2024;Indaial;
01/08/2024;Xanxerê;
01/08/2024;São Miguel do Oeste;
01/08/2024;Laguna;
01/08/2024;Curitibanos;
01/08/2024;Rio Negrinho;
01/08/2024;Campos Novos;
01/08/2024;Itapoá;
01/08/2024;Joaçaba;
02/08/2024;Florianópolis;
02/08/2024;Itajaí;
02/08/2024;Chapecó;
02/08/2024;Lages;
02/08/2024;Caçador;
02/08/2024;Araranguá;
02/08/2024;Indaial;
02/08/2024;Xanxerê;
02/08/2024;São Miguel do Oeste;
02/08/2024;Laguna;
02/08/2024;Curitibanos;
02/08/2024;Rio Negrinho;
02/08/2024;Campos Novos;
02/08/2024;Itapoá;
02/08/2024;Joaçaba;
03/08/2024;Florianópolis;
03/08/2024;Itajaí;
03/08/2024;Chapecó;
03/08/2024;Lages;
03/08/2024;Caçador;
03/08/2024;Araranguá;
03/08/2024;Indaial;
03/08/2024;Xanxerê;
03/08/2024;São Miguel do Oeste;
03/08/2024;Laguna;
03/08/2024;Curitibanos;
03/08/2024;Rio Negrinho;
03/08/2024;Campos Novos;
03/08/2024;Itapoá;
03/08/2024;Joaçaba;
04/08/2024;Florianópolis;
04/08/2024;Itajaí;
04/08/2024;Chapecó;
04/08/2024;Lages;
04/08/2024;Caçador;
04/08/2024;Araranguá;
04/08/2024;Indaial;
04/08/2024;Xanxerê;
04/08/2024;São Miguel do Oeste;
04/08/2024;Laguna;
04/08/2024;Curitibanos;
04/08/2024;Rio Negrinho;
04/08/2024;Campos Novos;
04/08/2024;Itapoá;
04/08/2024;Joaçaba;
05/08/2024;Florianópolis;
05/08/2024;Itajaí;
05/08/2024;Chapecó;
05/08/2024;Lages;
05/08/2024;Caçador;
05/08/2024;Araranguá;
05/08/2024;Indaial;
05/08/2024;Xanxerê;
05/08/2024;São Miguel do Oeste;
05/08/2024;Laguna;
05/08/2024;Curitibanos;
05/08/2024;Rio Negrinho;
05/08/2024;Campos Novos;
05/08/2024;Itapoá;
05/08/2024;Joaçaba;
06/08/2024;Florianópolis;
06/08/2024;Itajaí;
06/08/2024;Chapecó;
06/08/2024;Lages;
06/08/2024;Caçador;
06/08/2024;Araranguá;
06/08/2024;Indaial;
06/08/2024;Xanxerê;
06/08/2024;São Miguel do Oeste;
06/08/2024;Laguna;
06/08/2024;Curitibanos;
06/08/2024;Rio Negrinho;
06/08/2024;Campos Novos;
06/08/2024;Itapoá;
06/08/2024;Joaçaba;
07/08/2024;Florianópolis;
07/08/2024;Itajaí;
07/08/2024;Chapecó;
07/08/2024;Lages;
07/08/2024;Caçador;
07/08/2024;Araranguá;
07/08/2024;Indaial;
07/08/2024;Xanxerê;
07/08/2024;São Miguel do Oeste;
07/08/2024;Laguna;
07/08/2024;Curitibanos;
07/08/2024;Rio Negrinho;
07/08/2024;Campos Novos;
07/08/2024;Itapoá;
07/08/2024;Joaçaba;
08/08/2024;Florianópolis;
08/08/2024;Itajaí;
08/08/2024;Chapecó;
08/08/2024;Lages;
08/08/2024;Caçador;
08/08/2024;Araranguá;
08/08/2024;Indaial;
08/08/2024;Xanxerê;
08/08/2024;São Miguel do Oeste;
08/08/2024;Laguna;
08/08/2024;Curitibanos;
08/08/2024;Rio Negrinho;
08/08/2024;Campos Novos;
08/08/2024;Itapoá;
08/08/2024;Joaçaba;
09/08/2024;Florianópolis;
09/08/2024;Itajaí;
09/08/2024;Chapecó;
09/08/2024;Lages;
09/08/2024;Caçador;
09/08/2024;Araranguá;
09/08/2024;Indaial;
09/08/2024;Xanxerê;
09/08/2024;São Miguel do Oeste;
09/08/2024;Laguna;
09/08/2024;Curitibanos;
09/08/2024;Rio Negrinho;
09/08/2024;Campos Novos;
09/08/2024;Itapoá;
09/08/2024;Joaçaba;
10/08/2024;Florianópolis;
10/08/2024;Itajaí;
10/08/2024;Chapecó;
10/08/2024;Lages;
10/08/2024;Caçador;
10/08/2024;Araranguá;
10/08/2024;Indaial;
10/08/2024;Xanxerê;
10/08/2024;São Miguel do Oeste;
10/08/2024;Laguna;
10/08/2024;Curitibanos;
10/08/2024;Rio Negrinho;
10/08/2024;Campos Novos;
10/08/2024;Itapoá;
10/08/2024;Joaçaba;
11/08/2024;Florianópolis;
11/08/2024;Itajaí;
11/08/2024;Chapecó;
11/08/2024;Lages;
11/08/2024;Caçador;
11/08/2024;Araranguá;
11/08/2024;Indaial;
11/08/2024;Xanxerê;
11/08/2024;São Miguel do Oeste;
11/08/2024;Laguna;
11/08/2024;Curitibanos;
11/08/2024;Rio Negrinho;
11/08/2024;Campos Novos;
11/08/2024;Itapoá;
11/08/2024;Joaçaba;
12/08/2024;Florianópolis;
12/08/2024;Itajaí;
12/08/2024;Chapecó;
12/08/2024;Lages;
12/08/2024;Caçador;
12/08/2024;Araranguá;
12/08/2024;Indaial;
12/08/2024;Xanxerê;
12/08/2024;São Miguel do Oeste;
12/08/2024;Laguna;
12/08/2024;Curitibanos;
12/08/2024;Rio Negrinho;
12/08/2024;Campos Novos;
12/08/2024;Itapoá;
12/08/2024;Joaçaba;
13/08/2024;Florianópolis;
13/08/2024;Itajaí;
13/08/2024;Chapecó;
13/08/2024;Lages;
13/08/2024;Caçador;
13/08/2024;Araranguá;
13/08/2024;Indaial;
13/08/2024;Xanxerê;
13/08/2024;São Miguel do Oeste;
13/08/2024;Laguna;
13/08/2024;Curitibanos;
13/08/2024;Rio Negrinho;
13/08/2024;Campos Novos;
13/08/2024;Itapoá;
13/08/2024;Joaçaba;
14/08/2024;Florianópolis;
14/08/2024;Itajaí;
14/08/2024;Chapecó;
14/08/2024;Lages;
14/08/2024;Caçador;
14/08/2024;Araranguá;
14/08/2024;Indaial;
14/08/2024;Xanxerê;
14/08/2024;São Miguel do Oeste;
14/08/2024;Laguna;
14/08/2024;Curitibanos;
14/08/2024;Rio Negrinho;
14/08/2024;Campos Novos;
14/08/2024;Itapoá;
14/08/2024;Joaçaba;
15/08/2024;Florianópolis;
15/08/2024;Itajaí;
15/08/2024;Chapecó;
15/08/2024;Lages;
15/08/2024;Caçador;
15/08/2024;Araranguá;
15/08/2024;Indaial;
15/08/2024;Xanxerê;
15/08/2024;São Miguel do Oeste;
15/08/2024;Laguna;
15/08/2024;Curitibanos;
15/08/2024;Rio Negrinho;
15/08/2024;Campos Novos;
15/08/2024;Itapoá;
15/08/2024;Joaçaba;
16/08/2024;Florianópolis;
16/08/2024;Itajaí;
16/08/2024;Chapecó;
16/08/2024;Lages;
16/08/2024;Caçador;
16/08/2024;Araranguá;
16/08/2024;Indaial;
16/08/2024;Xanxerê;
16/08/2024;São Miguel do Oeste;
16/08/2024;Laguna;
16/08/2024;Curitibanos;
16/08/2024;Rio Negrinho;
16/08/2024;Campos Novos;
16/08/2024;Itapoá;
16/08/2024;Joaçaba;
17/08/2024;Florianópolis;
17/08/2024;Itajaí;
17/08/2024;Chapecó;
17/08/2024;Lages;
17/08/2024;Caçador;
17/08/2024;Araranguá;
17/08/2024;Indaial;
17/08/2024;Xanxerê;
17/08/2024;São Miguel do Oeste;
17/08/2024;Laguna;
17/08/2024;Curitibanos;
17/08/2024;Rio Negrinho;
17/08/2024;Campos Novos;
17/08/2024;Itapoá;
17/08/2024;Joaçaba;
18/08/2024;Florianópolis;
18/08/2024;Itajaí;
18/08/2024;Chapecó;
18/08/2024;Lages;
18/08/2024;Caçador;
18/08/2024;Araranguá;
18/08/2024;Indaial;
18/08/2024;Xanxerê;
18/08/2024;São Miguel do Oeste;
18/08/2024;Laguna;
18/08/2024;Curitibanos;
18/08/2024;Rio Negrinho;
18/08/2024;Campos Novos;
18/08/2024;Itapoá;
18/08/2024;Joaçaba;
19/08/2024;Florianópolis;
19/08/2024;Itajaí;
19/08/2024;Chapecó;
19/08/2024;Lages;
19/08/2024;Caçador;
19/08/2024;Araranguá;
19/08/2024;Indaial;
19/08/2024;Xanxerê;
19/08/2024;São Miguel do Oeste;
19/08/2024;Laguna;
19/08/2024;Curitibanos;
19/08/2024;Rio Negrinho;
19/08/2024;Campos Novos;
19/08/2024;Itapoá;
19/08/2024;Joaçaba;
20/08/2024;Florianópolis;
20/08/2024;Itajaí;
20/08/2024;Chapecó;
20/08/2024;Lages;
20/08/2024;Caçador;
20/08/2024;Araranguá;
20/08/2024;Indaial;
20/08/2024;Xanxerê;
20/08/2024;São Miguel do Oeste;
20/08/2024;Laguna;
20/08/2024;Curitibanos;
20/08/2024;Rio Negrinho;
20/08/2024;Campos Novos;
20/08/2024;Itapoá;
20/08/2024;Joaçaba;
21/08/2024;Florianópolis;
21/08/2024;Itajaí;
21/08/2024;Chapecó;
21/08/2024;Lages;
21/08/2024;Caçador;
21/08/2024;Araranguá;
21/08/2024;Indaial;
21/08/2024;Xanxerê;
21/08/2024;São Miguel do Oeste;
21/08/2024;Laguna;
21/08/2024;Curitibanos;
21/08/2024;Rio Negrinho;
21/08/2024;Campos Novos;
21/08/2024;Itapoá;
21/08/2024;Joaçaba;
22/08/2024;Florianópolis;
22/08/2024;Itajaí;
22/08/2024;Chapecó;
22/08/2024;Lages;
22/08/2024;Caçador;
22/08/2024;Araranguá;
22/08/2024;Indaial;
22/08/2024;Xanxerê;
22/08/2024;São Miguel do Oeste;
22/08/2024;Laguna;
22/08/2024;Curitibanos;
22/08/2024;Rio Negrinho;
22/08/2024;Campos Novos;
22/08/2024;Itapoá;
22/08/2024;Joaçaba;
23/08/2024;Florianópolis;
23/08/2024;Itajaí;
23/08/2024;Chapecó;
23/08/2024;Lages;
23/08/2024;Caçador;
23/08/2024;Araranguá;
23/08/2024;Indaial;
23/08/2024;Xanxerê;
23/08/2024;São Miguel do Oeste;
23/08/2024;Laguna;
23/08/2024;Curitibanos;
23/08/2024;Rio Negrinho;
23/08/2024;Campos Novos;
23/08/2024;Itapoá;
23/08/2024;Joaçaba;
24/08/2024;Florianópolis;
24/08/2024;Itajaí;
24/08/2024;Chapecó;
24/08/2024;Lages;
24/08/2024;Caçador;
24/08/2024;Araranguá;
24/08/2024;Indaial;
24/08/2024;Xanxerê;
24/08/2024;São Miguel do Oeste;
24/08/2024;Laguna;
24/08/2024;Curitibanos;
24/08/2024;Rio Negrinho;
24/08/2024;Campos Novos;
24/08/2024;Itapoá;
24/08/2024;Joaçaba;
25/08/2024;Florianópolis;
25/08/2024;Itajaí;
25/08/2024;Chapecó;
25/08/2024;Lages;
25/08/2024;Caçador;
25/08/2024;Araranguá;
25/08/2024;Indaial;
25/08/2024;Xanxerê;
25/08/2024;São Miguel do Oeste;
25/08/2024;Laguna;
25/08/2024;Curitibanos;
25/08/2024;Rio Negrinho;
25/08/2024;Campos Novos;
25/08/2024;Itapoá;
25/08/2024;Joaçaba;
26/08/2024;Florianópolis;
26/08/2024;Itajaí;
26/08/2024;Chapecó;
26/08/2024;Lages;
26/08/2024;Caçador;
26/08/2024;Araranguá;
26/08/2024;Indaial;
26/08/2024;Xanxerê;
26/08/2024;São Miguel do Oeste;
26/08/2024;Laguna;
26/08/2024;Curitibanos;
26/08/2024;Rio Negrinho;
26/08/2024;Campos Novos;
26/08/2024;Itapoá;
26/08/2024;Joaçaba;
27/08/2024;Florianópolis;
27/08/2024;Itajaí;
27/08/2024;Chapecó;
27/08/2024;Lages;
27/08/2024;Caçador;
27/08/2024;Araranguá;
27/08/2024;Indaial;
27/08/2024;Xanxerê;
27/08/2024;São Miguel do Oeste;
27/08/2024;Laguna;
27/08/2024;Curitibanos;
27/08/2024;Rio Negrinho;
27/08/2024;Campos Novos;
27/08/2024;Itapoá;
27/08/2024;Joaçaba;
28/08/2024;Florianópolis;
28/08/2024;Itajaí;
28/08/2024;Chapecó;
28/08/2024;Lages;
28/08/2024;Caçador;
28/08/2024;Araranguá;
28/08/2024;Indaial;
28/08/2024;Xanxerê;
28/08/2024;São Miguel do Oeste;
28/08/2024;Laguna;
28/08/2024;Curitibanos;
28/08/2024;Rio Negrinho;
28/08/2024;Campos Novos;
28/08/2024;Itapoá;
28/08/2024;Joaçaba;
29/08/2024;Florianópolis;
29/08/2024;Itajaí;
29/08/2024;Chapecó;
29/08/2024;Lages;
29/08/2024;Caçador;
29/08/2024;Araranguá;
29/08/2024;Indaial;
29/08/2024;Xanxerê;
29/08/2024;São Miguel do Oeste;
29/08/2024;Laguna;
29/08/2024;Curitibanos;
29/08/2024;Rio Negrinho;
29/08/2024;Campos Novos;
29/08/2024;Itapoá;
29/08/2024;Joaçaba;
30/08/2024;Florianópolis;
30/08/2024;Itajaí;
30/08/2024;Chapecó;
30/08/2024;Lages;
30/08/2024;Caçador;
30/08/2024;Araranguá;
30/08/2024;Indaial;
30/08/2024;Xanxerê;
30/08/2024;São Miguel do Oeste;
30/08/2024;Laguna;
30/08/2024;Curitibanos;
30/08/2024;Rio Negrinho;
30/08/2024;Campos Novos;
30/08/2024;Itapoá;
30/08/2024;Joaçaba;
31/08/2024;Florianópolis;
31/08/2024;Itajaí;
31/08/2024;Chapecó;
31/08/2024;Lages;
31/08/2024;Caçador;
31/08/2024;Araranguá;
31/08/2024;Indaial;
31/08/2024;Xanxerê;
31/08/2024;São Miguel do Oeste;
31/08/2024;Laguna;
31/08/2024;Curitibanos;
31/08/2024;Rio Negrinho;
31/08/2024;Campos Novos;
31/08/2024;Itapoá;
31/08/2024;Joaçaba;
01/09/2024;Florianópolis;
01/09/2024;Itajaí;
01/09/2024;Chapecó;
01/09/2024;Lages;
01/09/2024;Caçador;
01/09/2024;Araranguá;
01/09/2024;Indaial;
01/09/2024;Xanxerê;
01/09/2024;São Miguel do Oeste;
01/09/2024;Laguna;
01/09/2024;Curitibanos;
01/09/2024;Rio Negrinho;
01/09/2024;Campos Novos;
01/09/2024;Itapoá;
01/09/2024;Joaçaba;
02/09/2024;Florianópolis;
02/09/2024;Itajaí;
02/09/2024;Chapecó;
02/09/2024;Lages;
02/09/2024;Caçador;
02/09/2024;Araranguá;
02/09/2024;Indaial;
02/09/2024;Xanxerê;
02/09/2024;São Miguel do Oeste;
02/09/2024;Laguna;
02/09/2024;Curitibanos;
02/09/2024;Rio Negrinho;
02/09/2024;Campos Novos;
02/09/2024;Itapoá;
02/09/2024;Joaçaba;
03/09/2024;Florianópolis;
03/09/2024;Itajaí;
03/09/2024;Chapecó;
03/09/2024;Lages;
03/09/2024;Caçador;
03/09/2024;Araranguá;
03/09/2024;Indaial;
03/09/2024;Xanxerê;
03/09/2024;São Miguel do Oeste;
03/09/2024;Laguna;
03/09/2024;Curitibanos;
03/09/2024;Rio Negrinho;
03/09/2024;Campos Novos;
03/09/2024;Itapoá;
03/09/2024;Joaçaba;
04/09/2024;Florianópolis;
04/09/2024;Itajaí;
04/09/2024;Chapecó;
04/09/2024;Lages;
04/09/2024;Caçador;
04/09/2024;Araranguá;
04/09/2024;Indaial;
04/09/2024;Xanxerê;
04/09/2024;São Miguel do Oeste;
04/09/2024;Laguna;
04/09/2024;Curitibanos;
04/09/2024;Rio Negrinho;
04/09/2024;Campos Novos;
04/09/2024;Itapoá;
04/09/2024;Joaçaba;
05/09/2024;Florianópolis;
05/09/2024;Itajaí;
05/09/2024;Chapecó;
05/09/2024;Lages;
05/09/2024;Caçador;
05/09/2024;Araranguá;
05/09/2024;Indaial;
05/09/2024;Xanxerê;
05/09/2024;São Miguel do Oeste;
05/09/2024;Laguna;
05/09/2024;Curitibanos;
05/09/2024;Rio Negrinho;
05/09/2024;Campos Novos;
05/09/2024;Itapoá;
05/09/2024;Joaçaba;
06/09/2024;Florianópolis;
06/09/2024;Itajaí;
06/09/2024;Chapecó;
06/09/2024;Lages;
06/09/2024;Caçador;
06/09/2024;Araranguá;
06/09/2024;Indaial;
06/09/2024;Xanxerê;
06/09/2024;São Miguel do Oeste;
06/09/2024;Laguna;
06/09/2024;Curitibanos;
06/09/2024;Rio Negrinho;
06/09/2024;Campos Novos;
06/09/2024;Itapoá;
06/09/2024;Joaçaba;
07/09/2024;Florianópolis;
07/09/2024;Itajaí;
07/09/2024;Chapecó;
07/09/2024;Lages;
07/09/2024;Caçador;
07/09/2024;Araranguá;
07/09/2024;Indaial;
07/09/2024;Xanxerê;
07/09/2024;São Miguel do Oeste;
07/09/2024;Laguna;
07/09/2024;Curitibanos;
07/09/2024;Rio Negrinho;
07/09/2024;Campos Novos;
07/09/2024;Itapoá;
07/09/2024;Joaçaba;
08/09/2024;Florianópolis;
08/09/2024;Itajaí;
08/09/2024;Chapecó;
08/09/2024;Lages;
08/09/2024;Caçador;
08/09/2024;Araranguá;
08/09/2024;Indaial;
08/09/2024;Xanxerê;
08/09/2024;São Miguel do Oeste;
08/09/2024;Laguna;
08/09/2024;Curitibanos;
08/09/2024;Rio Negrinho;
08/09/2024;Campos Novos;
08/09/2024;Itapoá;
08/09/2024;Joaçaba;
09/09/2024;Florianópolis;
09/09/2024;Itajaí;
09/09/2024;Chapecó;
09/09/2024;Lages;
09/09/2024;Caçador;
09/09/2024;Araranguá;
09/09/2024;Indaial;
09/09/2024;Xanxerê;
09/09/2024;São Miguel do Oeste;
09/09/2024;Laguna;
09/09/2024;Curitibanos;
09/09/2024;Rio Negrinho;
09/09/2024;Campos Novos;
09/09/2024;Itapoá;
09/09/2024;Joaçaba;
10/09/2024;Florianópolis;
10/09/2024;Itajaí;
10/09/2024;Chapecó;
10/09/2024;Lages;
10/09/2024;Caçador;
10/09/2024;Araranguá;
10/09/2024;Indaial;
10/09/2024;Xanxerê;
10/09/2024;São Miguel do Oeste;
10/09/2024;Laguna;
10/09/2024;Curitibanos;
10/09/2024;Rio Negrinho;
10/09/2024;Campos Novos;
10/09/2024;Itapoá;
10/09/2024;Joaçaba;
11/09/2024;Florianópolis;
11/09/2024;Itajaí;
11/09/2024;Chapecó;
11/09/2024;Lages;
11/09/2024;Caçador;
11/09/2024;Araranguá;
11/09/2024;Indaial;
11/09/2024;Xanxerê;
11/09/2024;São Miguel do Oeste;
11/09/2024;Laguna;
11/09/2024;Curitibanos;
11/09/2024;Rio Negrinho;
11/09/2024;Campos Novos;
11/09/2024;Itapoá;
11/09/2024;Joaçaba;
12/09/2024;Florianópolis;
12/09/2024;Itajaí;
12/09/2024;Chapecó;
12/09/2024;Lages;
12/09/2024;Caçador;
12/09/2024;Araranguá;
12/09/2024;Indaial;
12/09/2024;Xanxerê;
12/09/2024;São Miguel do Oeste;
12/09/2024;Laguna;
12/09/2024;Curitibanos;
12/09/2024;Rio Negrinho;
12/09/2024;Campos Novos;
12/09/2024;Itapoá;
12/09/2024;Joaçaba;
13/09/2024;Florianópolis;
13/09/2024;Itajaí;
13/09/2024;Chapecó;
13/09/2024;Lages;
13/09/2024;Caçador;
13/09/2024;Araranguá;
13/09/2024;Indaial;
13/09/2024;Xanxerê;
13/09/2024;São Miguel do Oeste;
13/09/2024;Laguna;
13/09/2024;Curitibanos;
13/09/2024;Rio Negrinho;
13/09/2024;Campos Novos;
13/09/2024;Itapoá;
13/09/2024;Joaçaba;
14/09/2024;Florianópolis;
14/09/2024;Itajaí;
14/09/2024;Chapecó;
14/09/2024;Lages;
14/09/2024;Caçador;
14/09/2024;Araranguá;
14/09/2024;Indaial;
14/09/2024;Xanxerê;
14/09/2024;São Miguel do Oeste;
14/09/2024;Laguna;
14/09/2024;Curitibanos;
14/09/2024;Rio Negrinho;
14/09/2024;Campos Novos;
14/09/2024;Itapoá;
14/09/2024;Joaçaba;
15/09/2024;Florianópolis;
15/09/2024;Itajaí;
15/09/2024;Chapecó;
15/09/2024;Lages;
15/09/2024;Caçador;
15/09/2024;Araranguá;
15/09/2024;Indaial;
15/09/2024;Xanxerê;
15/09/2024;São Miguel do Oeste;
15/09/2024;Laguna;
15/09/2024;Curitibanos;
15/09/2024;Rio Negrinho;
15/09/2024;Campos Novos;
15/09/2024;Itapoá;
15/09/2024;Joaçaba;
16/09/2024;Florianópolis;
16/09/2024;Itajaí;
16/09/2024;Chapecó;
16/09/2024;Lages;
16/09/2024;Caçador;
16/09/2024;Araranguá;
16/09/2024;Indaial;
16/09/2024;Xanxerê;
16/09/2024;São Miguel do Oeste;
16/09/2024;Laguna;
16/09/2024;Curitibanos;
16/09/2024;Rio Negrinho;
16/09/2024;Campos Novos;
16/09/2024;Itapoá;
16/09/2024;Joaçaba;
17/09/2024;Florianópolis;
17/09/2024;Itajaí;
17/09/2024;Chapecó;
17/09/2024;Lages;
17/09/2024;Caçador;
17/09/2024;Araranguá;
17/09/2024;Indaial;
17/09/2024;Xanxerê;
17/09/2024;São Miguel do Oeste;
17/09/2024;Laguna;
17/09/2024;Curitibanos;
17/09/2024;Rio Negrinho;
17/09/2024;Campos Novos;
17/09/2024;Itapoá;
17/09/2024;Joaçaba;
18/09/2024;Florianópolis;
18/09/2024;Itajaí;
18/09/2024;Chapecó;
18/09/2024;Lages;
18/09/2024;Caçador;
18/09/2024;Araranguá;
18/09/2024;Indaial;
18/09/2024;Xanxerê;
18/09/2024;São Miguel do Oeste;
18/09/2024;Laguna;
18/09/2024;Curitibanos;
18/09/2024;Rio Negrinho;
18/09/2024;Campos Novos;
18/09/2024;Itapoá;
18/09/2024;Joaçaba;
19/09/2024;Florianópolis;
19/09/2024;Itajaí;
19/09/2024;Chapecó;
19/09/2024;Lages;
19/09/2024;Caçador;
19/09/2024;Araranguá;
19/09/2024;Indaial;
19/09/2024;Xanxerê;
19/09/2024;São Miguel do Oeste;
19/09/2024;Laguna;
19/09/2024;Curitibanos;
19/09/2024;Rio Negrinho;
19/09/2024;Campos Novos;
19/09/2024;Itapoá;
19/09/2024;Joaçaba;
20/09/2024;Florianópolis;
20/09/2024;Itajaí;
20/09/2024;Chapecó;
20/09/2024;Lages;
20/09/2024;Caçador;
20/09/2024;Araranguá;
20/09/2024;Indaial;
20/09/2024;Xanxerê;
20/09/2024;São Miguel do Oeste;
20/09/2024;Laguna;
20/09/2024;Curitibanos;
20/09/2024;Rio Negrinho;
20/09/2024;Campos Novos;
20/09/2024;Itapoá;
20/09/2024;Joaçaba;
21/09/2024;Florianópolis;
21/09/2024;Itajaí;
21/09/2024;Chapecó;
21/09/2024;Lages;
21/09/2024;Caçador;
21/09/2024;Araranguá;
21/09/2024;Indaial;
21/09/2024;Xanxerê;
21/09/2024;São Miguel do Oeste;
21/09/2024;Laguna;
21/09/2024;Curitibanos;
21/09/2024;Rio Negrinho;
21/09/2024;Campos Novos;
21/09/2024;Itapoá;
21/09/2024;Joaçaba;
22/09/2024;Florianópolis;
22/09/2024;Itajaí;
22/09/2024;Chapecó;
22/09/2024;Lages;
22/09/2024;Caçador;
22/09/2024;Araranguá;
22/09/2024;Indaial;
22/09/2024;Xanxerê;
22/09/2024;São Miguel do Oeste;
22/09/2024;Laguna;
22/09/2024;Curitibanos;
22/09/2024;Rio Negrinho;
22/09/2024;Campos Novos;
22/09/2024;Itapoá;
22/09/2024;Joaçaba;
23/09/2024;Florianópolis;
23/09/2024;Itajaí;
23/09/2024;Chapecó;
23/09/2024;Lages;
23/09/2024;Caçador;
23/09/2024;Araranguá;
23/09/2024;Indaial;
23/09/2024;Xanxerê;
23/09/2024;São Miguel do Oeste;
23/09/2024;Laguna;
23/09/2024;Curitibanos;
23/09/2024;Rio Negrinho;
23/09/2024;Campos Novos;
23/09/2024;Itapoá;
23/09/2024;Joaçaba;
24/09/2024;Florianópolis;
24/09/2024;Itajaí;
24/09/2024;Chapecó;
24/09/2024;Lages;
24/09/2024;Caçador;
24/09/2024;Araranguá;
24/09/2024;Indaial;
24/09/2024;Xanxerê;
24/09/2024;São Miguel do Oeste;
24/09/2024;Laguna;
24/09/2024;Curitibanos;
24/09/2024;Rio Negrinho;
24/09/2024;Campos Novos;
24/09/2024;Itapoá;
24/09/2024;Joaçaba;
25/09/2024;Florianópolis;
25/09/2024;Itajaí;
25/09/2024;Chapecó;
25/09/2024;Lages;
25/09/2024;Caçador;
25/09/2024;Araranguá;
25/09/2024;Indaial;
25/09/2024;Xanxerê;
25/09/2024;São Miguel do Oeste;
25/09/2024;Laguna;
25/09/2024;Curitibanos;
25/09/2024;Rio Negrinho;
25/09/2024;Campos Novos;
25/09/2024;Itapoá;
25/09/2024;Joaçaba;
26/09/2024;Florianópolis;
26/09/2024;Itajaí;
26/09/2024;Chapecó;
26/09/2024;Lages;
26/09/2024;Caçador;
26/09/2024;Araranguá;
26/09/2024;Indaial;
26/09/2024;Xanxerê;
26/09/2024;São Miguel do Oeste;
26/09/2024;Laguna;
26/09/2024;Curitibanos;
26/09/2024;Rio Negrinho;
26/09/2024;Campos Novos;
26/09/2024;Itapoá;
26/09/2024;Joaçaba;
27/09/2024;Florianópolis;
27/09/2024;Itajaí;
27/09/2024;Chapecó;
27/09/2024;Lages;
27/09/2024;Caçador;
27/09/2024;Araranguá;
27/09/2024;Indaial;
27/09/2024;Xanxerê;
27/09/2024;São Miguel do Oeste;
27/09/2024;Laguna;
27/09/2024;Curitibanos;
27/09/2024;Rio Negrinho;
27/09/2024;Campos Novos;
27/09/2024;Itapoá;
27/09/2024;Joaçaba;
28/09/2024;Florianópolis;
28/09/2024;Itajaí;
28/09/2024;Chapecó;
28/09/2024;Lages;
28/09/2024;Caçador;
28/09/2024;Araranguá;
28/09/2024;Indaial;
28/09/2024;Xanxerê;
28/09/2024;São Miguel do Oeste;
28/09/2024;Laguna;
28/09/2024;Curitibanos;
28/09/2024;Rio Negrinho;
28/09/2024;Campos Novos;
28/09/2024;Itapoá;
28/09/2024;Joaçaba;
29/09/2024;Florianópolis;
29/09/2024;Itajaí;
29/09/2024;Chapecó;
29/09/2024;Lages;
29/09/2024;Caçador;
29/09/2024;Araranguá;
29/09/2024;Indaial;
29/09/2024;Xanxerê;
29/09/2024;São Miguel do Oeste;
29/09/2024;Laguna;
29/09/2024;Curitibanos;
29/09/2024;Rio Negrinho;
29/09/2024;Campos Novos;
29/09/2024;Itapoá;
29/09/2024;Joaçaba;
30/09/2024;Florianópolis;
30/09/2024;Itajaí;
30/09/2024;Chapecó;
30/09/2024;Lages;
30/09/2024;Caçador;
30/09/2024;Araranguá;
30/09/2024;Indaial;
30/09/2024;Xanxerê;
30/09/2024;São Miguel do Oeste;
30/09/2024;Laguna;
30/09/2024;Curitibanos;
30/09/2024;Rio Negrinho;
30/09/2024;Campos Novos;
30/09/2024;Itapoá;
30/09/2024;Joaçaba;
01/10/2024;Florianópolis;
01/10/2024;Itajaí;
01/10/2024;Chapecó;
01/10/2024;Lages;
01/10/2024;Caçador;
01/10/2024;Araranguá;
01/10/2024;Indaial;
01/10/2024;Xanxerê;
01/10/2024;São Miguel do Oeste;
01/10/2024;Laguna;
01/10/2024;Curitibanos;
01/10/2024;Rio Negrinho;
01/10/2024;Campos Novos;
01/10/2024;Itapoá;
01/10/2024;Joaçaba;
02/10/2024;Florianópolis;
02/10/2024;Itajaí;
02/10/2024;Chapecó;
02/10/2024;Lages;
02/10/2024;Caçador;
02/10/2024;Araranguá;
02/10/2024;Indaial;
02/10/2024;Xanxerê;
02/10/2024;São Miguel do Oeste;
02/10/2024;Laguna;
02/10/2024;Curitibanos;
02/10/2024;Rio Negrinho;
02/10/2024;Campos Novos;
02/10/2024;Itapoá;
02/10/2024;Joaçaba;
03/10/2024;Florianópolis;
03/10/2024;Itajaí;
03/10/2024;Chapecó;
03/10/2024;Lages;
03/10/2024;Caçador;
03/10/2024;Araranguá;
03/10/2024;Indaial;
03/10/2024;Xanxerê;
03/10/2024;São Miguel do Oeste;
03/10/2024;Laguna;
03/10/2024;Curitibanos;
03/10/2024;Rio Negrinho;
03/10/2024;Campos Novos;
03/10/2024;Itapoá;
03/10/2024;Joaçaba;
04/10/2024;Florianópolis;
04/10/2024;Itajaí;
04/10/2024;Chapecó;
04/10/2024;Lages;
04/10/2024;Caçador;
04/10/2024;Araranguá;
04/10/2024;Indaial;
04/10/2024;Xanxerê;
04/10/2024;São Miguel do Oeste;
04/10/2024;Laguna;
04/10/2024;Curitibanos;
04/10/2024;Rio Negrinho;
04/10/2024;Campos Novos;
04/10/2024;Itapoá;
04/10/2024;Joaçaba;
05/10/2024;Florianópolis;
05/10/2024;Itajaí;
05/10/2024;Chapecó;
05/10/2024;Lages;
05/10/2024;Caçador;
05/10/2024;Araranguá;
05/10/2024;Indaial;
05/10/2024;Xanxerê;
05/10/2024;São Miguel do Oeste;
05/10/2024;Laguna;
05/10/2024;Curitibanos;
05/10/2024;Rio Negrinho;
05/10/2024;Campos Novos;
05/10/2024;Itapoá;
05/10/2024;Joaçaba;
06/10/2024;Florianópolis;
06/10/2024;Itajaí;
06/10/2024;Chapecó;
06/10/2024;Lages;
06/10/2024;Caçador;
06/10/2024;Araranguá;
06/10/2024;Indaial;
06/10/2024;Xanxerê;
06/10/2024;São Miguel do Oeste;
06/10/2024;Laguna;
06/10/2024;Curitibanos;
06/10/2024;Rio Negrinho;
06/10/2024;Campos Novos;
06/10/2024;Itapoá;
06/10/2024;Joaçaba;
07/10/2024;Florianópolis;
07/10/2024;Itajaí;
07/10/2024;Chapecó;
07/10/2024;Lages;
07/10/2024;Caçador;
07/10/2024;Araranguá;
07/10/2024;Indaial;
07/10/2024;Xanxerê;
07/10/2024;São Miguel do Oeste;
07/10/2024;Laguna;
07/10/2024;Curitibanos;
07/10/2024;Rio Negrinho;
07/10/2024;Campos Novos;
07/10/2024;Itapoá;
07/10/2024;Joaçaba;
08/10/2024;Florianópolis;
08/10/2024;Itajaí;
08/10/2024;Chapecó;
08/10/2024;Lages;
08/10/2024;Caçador;
08/10/2024;Araranguá;
08/10/2024;Indaial;
08/10/2024;Xanxerê;
08/10/2024;São Miguel do Oeste;
08/10/2024;Laguna;
08/10/2024;Curitibanos;
08/10/2024;Rio Negrinho;
08/10/2024;Campos Novos;
08/10/2024;Itapoá;
08/10/2024;Joaçaba;
09/10/2024;Florianópolis;
09/10/2024;Itajaí;
09/10/2024;Chapecó;
09/10/2024;Lages;
09/10/2024;Caçador;
09/10/2024;Araranguá;
09/10/2024;Indaial;
09/10/2024;Xanxerê;
09/10/2024;São Miguel do Oeste;
09/10/2024;Laguna;
09/10/2024;Curitibanos;
09/10/2024;Rio Negrinho;
09/10/2024;Campos Novos;
09/10/2024;Itapoá;
09/10/2024;Joaçaba;
10/10/2024;Florianópolis;
10/10/2024;Itajaí;
10/10/2024;Chapecó;
10/10/2024;Lages;
10/10/2024;Caçador;
10/10/2024;Araranguá;
10/10/2024;Indaial;
10/10/2024;Xanxerê;
10/10/2024;São Miguel do Oeste;
10/10/2024;Laguna;
10/10/2024;Curitibanos;
10/10/2024;Rio Negrinho;
10/10/2024;Campos Novos;
10/10/2024;Itapoá;
10/10/2024;Joaçaba;
11/10/2024;Florianópolis;
11/10/2024;Itajaí;
11/10/2024;Chapecó;
11/10/2024;Lages;
11/10/2024;Caçador;
11/10/2024;Araranguá;
11/10/2024;Indaial;
11/10/2024;Xanxerê;
11/10/2024;São Miguel do Oeste;
11/10/2024;Laguna;
11/10/2024;Curitibanos;
11/10/2024;Rio Negrinho;
11/10/2024;Campos Novos;
11/10/2024;Itapoá;
11/10/2024;Joaçaba;
12/10/2024;Florianópolis;
12/10/2024;Itajaí;
12/10/2024;Chapecó;
12/10/2024;Lages;
12/10/2024;Caçador;
12/10/2024;Araranguá;
12/10/2024;Indaial;
12/10/2024;Xanxerê;
12/10/2024;São Miguel do Oeste;
12/10/2024;Laguna;
12/10/2024;Curitibanos;
12/10/2024;Rio Negrinho;
12/10/2024;Campos Novos;
12/10/2024;Itapoá;
12/10/2024;Joaçaba;
13/10/2024;Florianópolis;
13/10/2024;Itajaí;
13/10/2024;Chapecó;
13/10/2024;Lages;
13/10/2024;Caçador;
13/10/2024;Araranguá;
13/10/2024;Indaial;
13/10/2024;Xanxerê;
13/10/2024;São Miguel do Oeste;
13/10/2024;Laguna;
13/10/2024;Curitibanos;
13/10/2024;Rio Negrinho;
13/10/2024;Campos Novos;
13/10/2024;Itapoá;
13/10/2024;Joaçaba;
14/10/2024;Florianópolis;
14/10/2024;Itajaí;
14/10/2024;Chapecó;
14/10/2024;Lages;
14/10/2024;Caçador;
14/10/2024;Araranguá;
14/10/2024;Indaial;
14/10/2024;Xanxerê;
14/10/2024;São Miguel do Oeste;
14/10/2024;Laguna;
14/10/2024;Curitibanos;
14/10/2024;Rio Negrinho;
14/10/2024;Campos Novos;
14/10/2024;Itapoá;
14/10/2024;Joaçaba;
15/10/2024;Florianópolis;
15/10/2024;Itajaí;
15/10/2024;Chapecó;
15/10/2024;Lages;
15/10/2024;Caçador;
15/10/2024;Araranguá;
15/10/2024;Indaial;
15/10/2024;Xanxerê;
15/10/2024;São Miguel do Oeste;
15/10/2024;Laguna;
15/10/2024;Curitibanos;
15/10/2024;Rio Negrinho;
15/10/2024;Campos Novos;
15/10/2024;Itapoá;
15/10/2024;Joaçaba;
16/10/2024;Florianópolis;
16/10/2024;Itajaí;
16/10/2024;Chapecó;
16/10/2024;Lages;
16/10/2024;Caçador;
16/10/2024;Araranguá;
16/10/2024;Indaial;
16/10/2024;Xanxerê;
16/10/2024;São Miguel do Oeste;
16/10/2024;Laguna;
16/10/2024;Curitibanos;
16/10/2024;Rio Negrinho;
16/10/2024;Campos Novos;
16/10/2024;Itapoá;
16/10/2024;Joaçaba;
17/10/2024;Florianópolis;
17/10/2024;Itajaí;
17/10/2024;Chapecó;
17/10/2024;Lages;
17/10/2024;Caçador;
17/10/2024;Araranguá;
17/10/2024;Indaial;
17/10/2024;Xanxerê;
17/10/2024;São Miguel do Oeste;
17/10/2024;Laguna;
17/10/2024;Curitibanos;
17/10/2024;Rio Negrinho;
17/10/2024;Campos Novos;
17/10/2024;Itapoá;
17/10/2024;Joaçaba;
18/10/2024;Florianópolis;
18/10/2024;Itajaí;
18/10/2024;Chapecó;
18/10/2024;Lages;
18/10/2024;Caçador;
18/10/2024;Araranguá;
18/10/2024;Indaial;
18/10/2024;Xanxerê;
18/10/2024;São Miguel do Oeste;
18/10/2024;Laguna;
18/10/2024;Curitibanos;
18/10/2024;Rio Negrinho;
18/10/2024;Campos Novos;
18/10/2024;Itapoá;
18/10/2024;Joaçaba;
19/10/2024;Florianópolis;
19/10/2024;Itajaí;
19/10/2024;Chapecó;
19/10/2024;Lages;
19/10/2024;Caçador;
19/10/2024;Araranguá;
19/10/2024;Indaial;
19/10/2024;Xanxerê;
19/10/2024;São Miguel do Oeste;
19/10/2024;Laguna;
19/10/2024;Curitibanos;
19/10/2024;Rio Negrinho;
19/10/2024;Campos Novos;
19/10/2024;Itapoá;
19/10/2024;Joaçaba;
20/10/2024;Florianópolis;
20/10/2024;Itajaí;
20/10/2024;Chapecó;
20/10/2024;Lages;
20/10/2024;Caçador;
20/10/2024;Araranguá;
20/10/2024;Indaial;
20/10/2024;Xanxerê;
20/10/2024;São Miguel do Oeste;
20/10/2024;Laguna;
20/10/2024;Curitibanos;
20/10/2024;Rio Negrinho;
20/10/2024;Campos Novos;
20/10/2024;Itapoá;
20/10/2024;Joaçaba;
21/10/2024;Florianópolis;
21/10/2024;Itajaí;
21/10/2024;Chapecó;
21/10/2024;Lages;
21/10/2024;Caçador;
21/10/2024;Araranguá;
21/10/2024;Indaial;
21/10/2024;Xanxerê;
21/10/2024;São Miguel do Oeste;
21/10/2024;Laguna;
21/10/2024;Curitibanos;
21/10/2024;Rio Negrinho;
21/10/2024;Campos Novos;
21/10/2024;Itapoá;
21/10/2024;Joaçaba;
22/10/2024;Florianópolis;
22/10/2024;Itajaí;
22/10/2024;Chapecó;
22/10/2024;Lages;
22/10/2024;Caçador;
22/10/2024;Araranguá;
22/10/2024;Indaial;
22/10/2024;Xanxerê;
22/10/2024;São Miguel do Oeste;
22/10/2024;Laguna;
22/10/2024;Curitibanos;
22/10/2024;Rio Negrinho;
22/10/2024;Campos Novos;
22/10/2024;Itapoá;
22/10/2024;Joaçaba;
23/10/2024;Florianópolis;
23/10/2024;Itajaí;
23/10/2024;Chapecó;
23/10/2024;Lages;
23/10/2024;Caçador;
23/10/2024;Araranguá;
23/10/2024;Indaial;
23/10/2024;Xanxerê;
23/10/2024;São Miguel do Oeste;
23/10/2024;Laguna;
23/10/2024;Curitibanos;
23/10/2024;Rio Negrinho;
23/10/2024;Campos Novos;
23/10/2024;Itapoá;
23/10/2024;Joaçaba;
24/10/2024;Florianópolis;
24/10/2024;Itajaí;
24/10/2024;Chapecó;
24/10/2024;Lages;
24/10/2024;Caçador;
24/10/2024;Araranguá;
24/10/2024;Indaial;
24/10/2024;Xanxerê;
24/10/2024;São Miguel do Oeste;
24/10/2024;Laguna;
24/10/2024;Curitibanos;
24/10/2024;Rio Negrinho;
24/10/2024;Campos Novos;
24/10/2024;Itapoá;
24/10/2024;Joaçaba;
25/10/2024;Florianópolis;
25/10/2024;Itajaí;
25/10/2024;Chapecó;
25/10/2024;Lages;
25/10/2024;Caçador;
25/10/2024;Araranguá;
25/10/2024;Indaial;
25/10/2024;Xanxerê;
25/10/2024;São Miguel do Oeste;
25/10/2024;Laguna;
25/10/2024;Curitibanos;
25/10/2024;Rio Negrinho;
25/10/2024;Campos Novos;
25/10/2024;Itapoá;
25/10/2024;Joaçaba;
26/10/2024;Florianópolis;
26/10/2024;Itajaí;
26/10/2024;Chapecó;
26/10/2024;Lages;
26/10/2024;Caçador;
26/10/2024;Araranguá;
26/10/2024;Indaial;
26/10/2024;Xanxerê;
26/10/2024;São Miguel do Oeste;
26/10/2024;Laguna;
26/10/2024;Curitibanos;
26/10/2024;Rio Negrinho;
26/10/2024;Campos Novos;
26/10/2024;Itapoá;
26/10/2024;Joaçaba;
27/10/2024;Florianópolis;
27/10/2024;Itajaí;
27/10/2024;Chapecó;
27/10/2024;Lages;
27/10/2024;Caçador;
27/10/2024;Araranguá;
27/10/2024;Indaial;
27/10/2024;Xanxerê;
27/10/2024;São Miguel do Oeste;
27/10/2024;Laguna;
27/10/2024;Curitibanos;
27/10/2024;Rio Negrinho;
27/10/2024;Campos Novos;
27/10/2024;Itapoá;
27/10/2024;Joaçaba;
28/10/2024;Florianópolis;
28/10/2024;Itajaí;
28/10/2024;Chapecó;
28/10/2024;Lages;
28/10/2024;Caçador;
28/10/2024;Araranguá;
28/10/2024;Indaial;
28/10/2024;Xanxerê;
28/10/2024;São Miguel do Oeste;
28/10/2024;Laguna;
28/10/2024;Curitibanos;
28/10/2024;Rio Negrinho;
28/10/2024;Campos Novos;
28/10/2024;Itapoá;
28/10/2024;Joaçaba;
29/10/2024;Florianópolis;
29/10/2024;Itajaí;
29/10/2024;Chapecó;
29/10/2024;Lages;
29/10/2024;Caçador;
29/10/2024;Araranguá;
29/10/2024;Indaial;
29/10/2024;Xanxerê;
29/10/2024;São Miguel do Oeste;
29/10/2024;Laguna;
29/10/2024;Curitibanos;
29/10/2024;Rio Negrinho;
29/10/2024;Campos Novos;
29/10/2024;Itapoá;
29/10/2024;Joaçaba;
30/10/2024;Florianópolis;
30/10/2024;Itajaí;
30/10/2024;Chapecó;
30/10/2024;Lages;
30/10/2024;Caçador;
30/10/2024;Araranguá;
30/10/2024;Indaial;
30/10/2024;Xanxerê;
30/10/2024;São Miguel do Oeste;
30/10/2024;Laguna;
30/10/2024;Curitibanos;
30/10/2024;Rio Negrinho;
30/10/2024;Campos Novos;
30/10/2024;Itapoá;
30/10/2024;Joaçaba;
31/10/2024;Florianópolis;
31/10/2024;Itajaí;
31/10/2024;Chapecó;
31/10/2024;Lages;
31/10/2024;Caçador;
31/10/2024;Araranguá;
31/10/2024;Indaial;
31/10/2024;Xanxerê;
31/10/2024;São Miguel do Oeste;
31/10/2024;Laguna;
31/10/2024;Curitibanos;
31/10/2024;Rio Negrinho;
31/10/2024;Campos Novos;
31/10/2024;Itapoá;
31/10/2024;Joaçaba;
01/11/2024;Florianópolis;
01/11/2024;Itajaí;
01/11/2024;Chapecó;
01/11/2024;Lages;
01/11/2024;Caçador;
01/11/2024;Araranguá;
01/11/2024;Indaial;
01/11/2024;Xanxerê;
01/11/2024;São Miguel do Oeste;
01/11/2024;Laguna;
01/11/2024;Curitibanos;
01/11/2024;Rio Negrinho;
01/11/2024;Campos Novos;
01/11/2024;Itapoá;
01/11/2024;Joaçaba;
02/11/2024;Florianópolis;
02/11/2024;Itajaí;
02/11/2024;Chapecó;
02/11/2024;Lages;
02/11/2024;Caçador;
02/11/2024;Araranguá;
02/11/2024;Indaial;
02/11/2024;Xanxerê;
02/11/2024;São Miguel do Oeste;
02/11/2024;Laguna;
02/11/2024;Curitibanos;
02/11/2024;Rio Negrinho;
02/11/2024;Campos Novos;
02/11/2024;Itapoá;
02/11/2024;Joaçaba;
03/11/2024;Florianópolis;
03/11/2024;Itajaí;
03/11/2024;Chapecó;
03/11/2024;Lages;
03/11/2024;Caçador;
03/11/2024;Araranguá;
03/11/2024;Indaial;
03/11/2024;Xanxerê;
03/11/2024;São Miguel do Oeste;
03/11/2024;Laguna;
03/11/2024;Curitibanos;
03/11/2024;Rio Negrinho;
03/11/2024;Campos Novos;
03/11/2024;Itapoá;
03/11/2024;Joaçaba;
04/11/2024;Florianópolis;
04/11/2024;Itajaí;
04/11/2024;Chapecó;
04/11/2024;Lages;
04/11/2024;Caçador;
04/11/2024;Araranguá;
04/11/2024;Indaial;
04/11/2024;Xanxerê;
04/11/2024;São Miguel do Oeste;
04/11/2024;Laguna;
04/11/2024;Curitibanos;
04/11/2024;Rio Negrinho;
04/11/2024;Campos Novos;
04/11/2024;Itapoá;
04/11/2024;Joaçaba;
05/11/2024;Florianópolis;
05/11/2024;Itajaí;
05/11/2024;Chapecó;
05/11/2024;Lages;
05/11/2024;Caçador;
05/11/2024;Araranguá;
05/11/2024;Indaial;
05/11/2024;Xanxerê;
05/11/2024;São Miguel do Oeste;
05/11/2024;Laguna;
05/11/2024;Curitibanos;
05/11/2024;Rio Negrinho;
05/11/2024;Campos Novos;
05/11/2024;Itapoá;
05/11/2024;Joaçaba;
06/11/2024;Florianópolis;
06/11/2024;Itajaí;
06/11/2024;Chapecó;
06/11/2024;Lages;
06/11/2024;Caçador;
06/11/2024;Araranguá;
06/11/2024;Indaial;
06/11/2024;Xanxerê;
06/11/2024;São Miguel do Oeste;
06/11/2024;Laguna;
06/11/2024;Curitibanos;
06/11/2024;Rio Negrinho;
06/11/2024;Campos Novos;
06/11/2024;Itapoá;
06/11/2024;Joaçaba;
07/11/2024;Florianópolis;
07/11/2024;Itajaí;
07/11/2024;Chapecó;
07/11/2024;Lages;
07/11/2024;Caçador;
07/11/2024;Araranguá;
07/11/2024;Indaial;
07/11/2024;Xanxerê;
07/11/2024;São Miguel do Oeste;
07/11/2024;Laguna;
07/11/2024;Curitibanos;
07/11/2024;Rio Negrinho;
07/11/2024;Campos Novos;
07/11/2024;Itapoá;
07/11/2024;Joaçaba;
08/11/2024;Florianópolis;
08/11/2024;Itajaí;
08/11/2024;Chapecó;
08/11/2024;Lages;
08/11/2024;Caçador;
08/11/2024;Araranguá;
08/11/2024;Indaial;
08/11/2024;Xanxerê;
08/11/2024;São Miguel do Oeste;
08/11/2024;Laguna;
08/11/2024;Curitibanos;
08/11/2024;Rio Negrinho;
08/11/2024;Campos Novos;
08/11/2024;Itapoá;
08/11/2024;Joaçaba;
09/11/2024;Florianópolis;
09/11/2024;Itajaí;
09/11/2024;Chapecó;
09/11/2024;Lages;
09/11/2024;Caçador;
09/11/2024;Araranguá;
09/11/2024;Indaial;
09/11/2024;Xanxerê;
09/11/2024;São Miguel do Oeste;
09/11/2024;Laguna;
09/11/2024;Curitibanos;
09/11/2024;Rio Negrinho;
09/11/2024;Campos Novos;
09/11/2024;Itapoá;
09/11/2024;Joaçaba;
10/11/2024;Florianópolis;
10/11/2024;Itajaí;
10/11/2024;Chapecó;
10/11/2024;Lages;
10/11/2024;Caçador;
10/11/2024;Araranguá;
10/11/2024;Indaial;
10/11/2024;Xanxerê;
10/11/2024;São Miguel do Oeste;
10/11/2024;Laguna;
10/11/2024;Curitibanos;
10/11/2024;Rio Negrinho;
10/11/2024;Campos Novos;
10/11/2024;Itapoá;
10/11/2024;Joaçaba;
11/11/2024;Florianópolis;
11/11/2024;Itajaí;
11/11/2024;Chapecó;
11/11/2024;Lages;
11/11/2024;Caçador;
11/11/2024;Araranguá;
11/11/2024;Indaial;
11/11/2024;Xanxerê;
11/11/2024;São Miguel do Oeste;
11/11/2024;Laguna;
11/11/2024;Curitibanos;
11/11/2024;Rio Negrinho;
11/11/2024;Campos Novos;
11/11/2024;Itapoá;
11/11/2024;Joaçaba;
12/11/2024;Florianópolis;
12/11/2024;Itajaí;
12/11/2024;Chapecó;
12/11/2024;Lages;
12/11/2024;Caçador;
12/11/2024;Araranguá;
12/11/2024;Indaial;
12/11/2024;Xanxerê;
12/11/2024;São Miguel do Oeste;
12/11/2024;Laguna;
12/11/2024;Curitibanos;
12/11/2024;Rio Negrinho;
12/11/2024;Campos Novos;
12/11/2024;Itapoá;
12/11/2024;Joaçaba;
13/11/2024;Florianópolis;
13/11/2024;Itajaí;
13/11/2024;Chapecó;
13/11/2024;Lages;
13/11/2024;Caçador;
13/11/2024;Araranguá;
13/11/2024;Indaial;
13/11/2024;Xanxerê;
13/11/2024;São Miguel do Oeste;
13/11/2024;Laguna;
13/11/2024;Curitibanos;
13/11/2024;Rio Negrinho;
13/11/2024;Campos Novos;
13/11/2024;Itapoá;
13/11/2024;Joaçaba;
14/11/2024;Florianópolis;
14/11/2024;Itajaí;
14/11/2024;Chapecó;
14/11/2024;Lages;
14/11/2024;Caçador;
14/11/2024;Araranguá;
14/11/2024;Indaial;
14/11/2024;Xanxerê;
14/11/2024;São Miguel do Oeste;
14/11/2024;Laguna;
14/11/2024;Curitibanos;
14/11/2024;Rio Negrinho;
14/11/2024;Campos Novos;
14/11/2024;Itapoá;
14/11/2024;Joaçaba;
15/11/2024;Florianópolis;
15/11/2024;Itajaí;
15/11/2024;Chapecó;
15/11/2024;Lages;
15/11/2024;Caçador;
15/11/2024;Araranguá;
15/11/2024;Indaial;
15/11/2024;Xanxerê;
15/11/2024;São Miguel do Oeste;
15/11/2024;Laguna;
15/11/2024;Curitibanos;
15/11/2024;Rio Negrinho;
15/11/2024;Campos Novos;
15/11/2024;Itapoá;
15/11/2024;Joaçaba;
16/11/2024;Florianópolis;
16/11/2024;Itajaí;
16/11/2024;Chapecó;
16/11/2024;Lages;
16/11/2024;Caçador;
16/11/2024;Araranguá;
16/11/2024;Indaial;
16/11/2024;Xanxerê;
16/11/2024;São Miguel do Oeste;
16/11/2024;Laguna;
16/11/2024;Curitibanos;
16/11/2024;Rio Negrinho;
16/11/2024;Campos Novos;
16/11/2024;Itapoá;
16/11/2024;Joaçaba;
17/11/2024;Florianópolis;
17/11/2024;Itajaí;
17/11/2024;Chapecó;
17/11/2024;Lages;
17/11/2024;Caçador;
17/11/2024;Araranguá;
17/11/2024;Indaial;
17/11/2024;Xanxerê;
17/11/2024;São Miguel do Oeste;
17/11/2024;Laguna;
17/11/2024;Curitibanos;
17/11/2024;Rio Negrinho;
17/11/2024;Campos Novos;
17/11/2024;Itapoá;
17/11/2024;Joaçaba;
18/11/2024;Florianópolis;
18/11/2024;Itajaí;
18/11/2024;Chapecó;
18/11/2024;Lages;
18/11/2024;Caçador;
18/11/2024;Araranguá;
18/11/2024;Indaial;
18/11/2024;Xanxerê;
18/11/2024;São Miguel do Oeste;
18/11/2024;Laguna;
18/11/2024;Curitibanos;
18/11/2024;Rio Negrinho;
18/11/2024;Campos Novos;
18/11/2024;Itapoá;
18/11/2024;Joaçaba;
19/11/2024;Florianópolis;
19/11/2024;Itajaí;
19/11/2024;Chapecó;
19/11/2024;Lages;
19/11/2024;Caçador;
19/11/2024;Araranguá;
19/11/2024;Indaial;
19/11/2024;Xanxerê;
19/11/2024;São Miguel do Oeste;
19/11/2024;Laguna;
19/11/2024;Curitibanos;
19/11/2024;Rio Negrinho;
19/11/2024;Campos Novos;
19/11/2024;Itapoá;
19/11/2024;Joaçaba;
20/11/2024;Florianópolis;
20/11/2024;Itajaí;
20/11/2024;Chapecó;
20/11/2024;Lages;
20/11/2024;Caçador;
20/11/2024;Araranguá;
20/11/2024;Indaial;
20/11/2024;Xanxerê;
20/11/2024;São Miguel do Oeste;
20/11/2024;Laguna;
20/11/2024;Curitibanos;
20/11/2024;Rio Negrinho;
20/11/2024;Campos Novos;
20/11/2024;Itapoá;
20/11/2024;Joaçaba;
21/11/2024;Florianópolis;
21/11/2024;Itajaí;
21/11/2024;Chapecó;
21/11/2024;Lages;
21/11/2024;Caçador;
21/11/2024;Araranguá;
21/11/2024;Indaial;
21/11/2024;Xanxerê;
21/11/2024;São Miguel do Oeste;
21/11/2024;Laguna;
21/11/2024;Curitibanos;
21/11/2024;Rio Negrinho;
21/11/2024;Campos Novos;
21/11/2024;Itapoá;
21/11/2024;Joaçaba;
22/11/2024;Florianópolis;
22/11/2024;Itajaí;
22/11/2024;Chapecó;
22/11/2024;Lages;
22/11/2024;Caçador;
22/11/2024;Araranguá;
22/11/2024;Indaial;
22/11/2024;Xanxerê;
22/11/2024;São Miguel do Oeste;
22/11/2024;Laguna;
22/11/2024;Curitibanos;
22/11/2024;Rio Negrinho;
22/11/2024;Campos Novos;
22/11/2024;Itapoá;
22/11/2024;Joaçaba;
23/11/2024;Florianópolis;
23/11/2024;Itajaí;
23/11/2024;Chapecó;
23/11/2024;Lages;
23/11/2024;Caçador;
23/11/2024;Araranguá;
23/11/2024;Indaial;
23/11/2024;Xanxerê;
23/11/2024;São Miguel do Oeste;
23/11/2024;Laguna;
23/11/2024;Curitibanos;
23/11/2024;Rio Negrinho;
23/11/2024;Campos Novos;
23/11/2024;Itapoá;
23/11/2024;Joaçaba;
24/11/2024;Florianópolis;
24/11/2024;Itajaí;
24/11/2024;Chapecó;
24/11/2024;Lages;
24/11/2024;Caçador;
24/11/2024;Araranguá;
24/11/2024;Indaial;
24/11/2024;Xanxerê;
24/11/2024;São Miguel do Oeste;
24/11/2024;Laguna;
24/11/2024;Curitibanos;
24/11/2024;Rio Negrinho;
24/11/2024;Campos Novos;
24/11/2024;Itapoá;
24/11/2024;Joaçaba;
25/11/2024;Florianópolis;
25/11/2024;Itajaí;
25/11/2024;Chapecó;
25/11/2024;Lages;
25/11/2024;Caçador;
25/11/2024;Araranguá;
25/11/2024;Indaial;
25/11/2024;Xanxerê;
25/11/2024;São Miguel do Oeste;
25/11/2024;Laguna;
25/11/2024;Curitibanos;
25/11/2024;Rio Negrinho;
25/11/2024;Campos Novos;
25/11/2024;Itapoá;
25/11/2024;Joaçaba;
26/11/2024;Florianópolis;
26/11/2024;Itajaí;
26/11/2024;Chapecó;
26/11/2024;Lages;
26/11/2024;Caçador;
26/11/2024;Araranguá;
26/11/2024;Indaial;
26/11/2024;Xanxerê;
26/11/2024;São Miguel do Oeste;
26/11/2024;Laguna;
26/11/2024;Curitibanos;
26/11/2024;Rio Negrinho;
26/11/2024;Campos Novos;
26/11/2024;Itapoá;
26/11/2024;Joaçaba;
27/11/2024;Florianópolis;
27/11/2024;Itajaí;
27/11/2024;Chapecó;
27/11/2024;Lages;
27/11/2024;Caçador;
27/11/2024;Araranguá;
27/11/2024;Indaial;
27/11/2024;Xanxerê;
27/11/2024;São Miguel do Oeste;
27/11/2024;Laguna;
27/11/2024;Curitibanos;
27/11/2024;Rio Negrinho;
27/11/2024;Campos Novos;
27/11/2024;Itapoá;
27/11/2024;Joaçaba;
28/11/2024;Florianópolis;
28/11/2024;Itajaí;
28/11/2024;Chapecó;
28/11/2024;Lages;
28/11/2024;Caçador;
28/11/2024;Araranguá;
28/11/2024;Indaial;
28/11/2024;Xanxerê;
28/11/2024;São Miguel do Oeste;
28/11/2024;Laguna;
28/11/2024;Curitibanos;
28/11/2024;Rio Negrinho;
28/11/2024;Campos Novos;
28/11/2024;Itapoá;
28/11/2024;Joaçaba;
29/11/2024;Florianópolis;
29/11/2024;Itajaí;
29/11/2024;Chapecó;
29/11/2024;Lages;
29/11/2024;Caçador;
29/11/2024;Araranguá;
29/11/2024;Indaial;
29/11/2024;Xanxerê;
29/11/2024;São Miguel do Oeste;
29/11/2024;Laguna;
29/11/2024;Curitibanos;
29/11/2024;Rio Negrinho;
29/11/2024;Campos Novos;
29/11/2024;Itapoá;
29/11/2024;Joaçaba;
30/11/2024;Florianópolis;
30/11/2024;Itajaí;
30/11/2024;Chapecó;
30/11/2024;Lages;
30/11/2024;Caçador;
30/11/2024;Araranguá;
30/11/2024;Indaial;
30/11/2024;Xanxerê;
30/11/2024;São Miguel do Oeste;
30/11/2024;Laguna;
30/11/2024;Curitibanos;
30/11/2024;Rio Negrinho;
30/11/2024;Campos Novos;
30/11/2024;Itapoá;
30/11/2024;Joaçaba;
01/12/2024;Florianópolis;
01/12/2024;Itajaí;
01/12/2024;Chapecó;
01/12/2024;Lages;
01/12/2024;Caçador;
01/12/2024;Araranguá;
01/12/2024;Indaial;
01/12/2024;Xanxerê;
01/12/2024;São Miguel do Oeste;
01/12/2024;Laguna;
01/12/2024;Curitibanos;
01/12/2024;Rio Negrinho;
01/12/2024;Campos Novos;
01/12/2024;Itapoá;
01/12/2024;Joaçaba;
02/12/2024;Florianópolis;
02/12/2024;Itajaí;
02/12/2024;Chapecó;
02/12/2024;Lages;
02/12/2024;Caçador;
02/12/2024;Araranguá;
02/12/2024;Indaial;
02/12/2024;Xanxerê;
02/12/2024;São Miguel do Oeste;
02/12/2024;Laguna;
02/12/2024;Curitibanos;
02/12/2024;Rio Negrinho;
02/12/2024;Campos Novos;
02/12/2024;Itapoá;
02/12/2024;Joaçaba;
03/12/2024;Florianópolis;
03/12/2024;Itajaí;
03/12/2024;Chapecó;
03/12/2024;Lages;
03/12/2024;Caçador;
03/12/2024;Araranguá;
03/12/2024;Indaial;
03/12/2024;Xanxerê;
03/12/2024;São Miguel do Oeste;
03/12/2024;Laguna;
03/12/2024;Curitibanos;
03/12/2024;Rio Negrinho;
03/12/2024;Campos Novos;
03/12/2024;Itapoá;
03/12/2024;Joaçaba;
04/12/2024;Florianópolis;
04/12/2024;Itajaí;
04/12/2024;Chapecó;
04/12/2024;Lages;
04/12/2024;Caçador;
04/12/2024;Araranguá;
04/12/2024;Indaial;
04/12/2024;Xanxerê;
04/12/2024;São Miguel do Oeste;
04/12/2024;Laguna;
04/12/2024;Curitibanos;
04/12/2024;Rio Negrinho;
04/12/2024;Campos Novos;
04/12/2024;Itapoá;
04/12/2024;Joaçaba;
05/12/2024;Florianópolis;
05/12/2024;Itajaí;
05/12/2024;Chapecó;
05/12/2024;Lages;
05/12/2024;Caçador;
05/12/2024;Araranguá;
05/12/2024;Indaial;
05/12/2024;Xanxerê;
05/12/2024;São Miguel do Oeste;
05/12/2024;Laguna;
05/12/2024;Curitibanos;
05/12/2024;Rio Negrinho;
05/12/2024;Campos Novos;
05/12/2024;Itapoá;
05/12/2024;Joaçaba;
06/12/2024;Florianópolis;
06/12/2024;Itajaí;
06/12/2024;Chapecó;
06/12/2024;Lages;
06/12/2024;Caçador;
06/12/2024;Araranguá;
06/12/2024;Indaial;
06/12/2024;Xanxerê;
06/12/2024;São Miguel do Oeste;
06/12/2024;Laguna;
06/12/2024;Curitibanos;
06/12/2024;Rio Negrinho;
06/12/2024;Campos Novos;
06/12/2024;Itapoá;
06/12/2024;Joaçaba;
07/12/2024;Florianópolis;
07/12/2024;Itajaí;
07/12/2024;Chapecó;
07/12/2024;Lages;
07/12/2024;Caçador;
07/12/2024;Araranguá;
07/12/2024;Indaial;
07/12/2024;Xanxerê;
07/12/2024;São Miguel do Oeste;
07/12/2024;Laguna;
07/12/2024;Curitibanos;
07/12/2024;Rio Negrinho;
07/12/2024;Campos Novos;
07/12/2024;Itapoá;
07/12/2024;Joaçaba;
08/12/2024;Florianópolis;
08/12/2024;Itajaí;
08/12/2024;Chapecó;
08/12/2024;Lages;
08/12/2024;Caçador;
08/12/2024;Araranguá;
08/12/2024;Indaial;
08/12/2024;Xanxerê;
08/12/2024;São Miguel do Oeste;
08/12/2024;Laguna;
08/12/2024;Curitibanos;
08/12/2024;Rio Negrinho;
08/12/2024;Campos Novos;
08/12/2024;Itapoá;
08/12/2024;Joaçaba;
09/12/2024;Florianópolis;
09/12/2024;Itajaí;
09/12/2024;Chapecó;
09/12/2024;Lages;
09/12/2024;Caçador;
09/12/2024;Araranguá;
09/12/2024;Indaial;
09/12/2024;Xanxerê;
09/12/2024;São Miguel do Oeste;
09/12/2024;Laguna;
09/12/2024;Curitibanos;
09/12/2024;Rio Negrinho;
09/12/2024;Campos Novos;
09/12/2024;Itapoá;
09/12/2024;Joaçaba;
10/12/2024;Florianópolis;
10/12/2024;Itajaí;
10/12/2024;Chapecó;
10/12/2024;Lages;
10/12/2024;Caçador;
10/12/2024;Araranguá;
10/12/2024;Indaial;
10/12/2024;Xanxerê;
10/12/2024;São Miguel do Oeste;
10/12/2024;Laguna;
10/12/2024;Curitibanos;
10/12/2024;Rio Negrinho;
10/12/2024;Campos Novos;
10/12/2024;Itapoá;
10/12/2024;Joaçaba;
11/12/2024;Florianópolis;
11/12/2024;Itajaí;
11/12/2024;Chapecó;
11/12/2024;Lages;
11/12/2024;Caçador;
11/12/2024;Araranguá;
11/12/2024;Indaial;
11/12/2024;Xanxerê;
11/12/2024;São Miguel do Oeste;
11/12/2024;Laguna;
11/12/2024;Curitibanos;
11/12/2024;Rio Negrinho;
11/12/2024;Campos Novos;
11/12/2024;Itapoá;
11/12/2024;Joaçaba;
12/12/2024;Florianópolis;
12/12/2024;Itajaí;
12/12/2024;Chapecó;
12/12/2024;Lages;
12/12/2024;Caçador;
12/12/2024;Araranguá;
12/12/2024;Indaial;
12/12/2024;Xanxerê;
12/12/2024;São Miguel do Oeste;
12/12/2024;Laguna;
12/12/2024;Curitibanos;
12/12/2024;Rio Negrinho;
12/12/2024;Campos Novos;
12/12/2024;Itapoá;
12/12/2024;Joaçaba;
13/12/2024;Florianópolis;
13/12/2024;Itajaí;
13/12/2024;Chapecó;
13/12/2024;Lages;
13/12/2024;Caçador;
13/12/2024;Araranguá;
13/12/2024;Indaial;
13/12/2024;Xanxerê;
13/12/2024;São Miguel do Oeste;
13/12/2024;Laguna;
13/12/2024;Curitibanos;
13/12/2024;Rio Negrinho;
13/12/2024;Campos Novos;
13/12/2024;Itapoá;
13/12/2024;Joaçaba;
14/12/2024;Florianópolis;
14/12/2024;Itajaí;
14/12/2024;Chapecó;
14/12/2024;Lages;
14/12/2024;Caçador;
14/12/2024;Araranguá;
14/12/2024;Indaial;
14/12/2024;Xanxerê;
14/12/2024;São Miguel do Oeste;
14/12/2024;Laguna;
14/12/2024;Curitibanos;
14/12/2024;Rio Negrinho;
14/12/2024;Campos Novos;
14/12/2024;Itapoá;
14/12/2024;Joaçaba;
15/12/2024;Florianópolis;
15/12/2024;Itajaí;
15/12/2024;Chapecó;
15/12/2024;Lages;
15/12/2024;Caçador;
15/12/2024;Araranguá;
15/12/2024;Indaial;
15/12/2024;Xanxerê;
15/12/2024;São Miguel do Oeste;
15/12/2024;Laguna;
15/12/2024;Curitibanos;
15/12/2024;Rio Negrinho;
15/12/2024;Campos Novos;
15/12/2024;Itapoá;
15/12/2024;Joaçaba;
16/12/2024;Florianópolis;
16/12/2024;Itajaí;
16/12/2024;Chapecó;
16/12/2024;Lages;
16/12/2024;Caçador;
16/12/2024;Araranguá;
16/12/2024;Indaial;
16/12/2024;Xanxerê;
16/12/2024;São Miguel do Oeste;
16/12/2024;Laguna;
16/12/2024;Curitibanos;
16/12/2024;Rio Negrinho;
16/12/2024;Campos Novos;
16/12/2024;Itapoá;
16/12/2024;Joaçaba;
17/12/2024;Florianópolis;
17/12/2024;Itajaí;
17/12/2024;Chapecó;
17/12/2024;Lages;
17/12/2024;Caçador;
17/12/2024;Araranguá;
17/12/2024;Indaial;
17/12/2024;Xanxerê;
17/12/2024;São Miguel do Oeste;
17/12/2024;Laguna;
17/12/2024;Curitibanos;
17/12/2024;Rio Negrinho;
17/12/2024;Campos Novos;
17/12/2024;Itapoá;
17/12/2024;Joaçaba;
18/12/2024;Florianópolis;
18/12/2024;Itajaí;
18/12/2024;Chapecó;
18/12/2024;Lages;
18/12/2024;Caçador;
18/12/2024;Araranguá;
18/12/2024;Indaial;
18/12/2024;Xanxerê;
18/12/2024;São Miguel do Oeste;
18/12/2024;Laguna;
18/12/2024;Curitibanos;
18/12/2024;Rio Negrinho;
18/12/2024;Campos Novos;
18/12/2024;Itapoá;
18/12/2024;Joaçaba;
19/12/2024;Florianópolis;
19/12/2024;Itajaí;
19/12/2024;Chapecó;
19/12/2024;Lages;
19/12/2024;Caçador;
19/12/2024;Araranguá;
19/12/2024;Indaial;
19/12/2024;Xanxerê;
19/12/2024;São Miguel do Oeste;
19/12/2024;Laguna;
19/12/2024;Curitibanos;
19/12/2024;Rio Negrinho;
19/12/2024;Campos Novos;
19/12/2024;Itapoá;
19/12/2024;Joaçaba;
20/12/2024;Florianópolis;
20/12/2024;Itajaí;
20/12/2024;Chapecó;
20/12/2024;Lages;
20/12/2024;Caçador;
20/12/2024;Araranguá;
20/12/2024;Indaial;
20/12/2024;Xanxerê;
20/12/2024;São Miguel do Oeste;
20/12/2024;Laguna;
20/12/2024;Curitibanos;
20/12/2024;Rio Negrinho;
20/12/2024;Campos Novos;
20/12/2024;Itapoá;
20/12/2024;Joaçaba;
21/12/2024;Florianópolis;
21/12/2024;Itajaí;
21/12/2024;Chapecó;
21/12/2024;Lages;
21/12/2024;Caçador;
21/12/2024;Araranguá;
21/12/2024;Indaial;
21/12/2024;Xanxerê;
21/12/2024;São Miguel do Oeste;
21/12/2024;Laguna;
21/12/2024;Curitibanos;
21/12/2024;Rio Negrinho;
21/12/2024;Campos Novos;
21/12/2024;Itapoá;
21/12/2024;Joaçaba;
22/12/2024;Florianópolis;
22/12/2024;Itajaí;
22/12/2024;Chapecó;
22/12/2024;Lages;
22/12/2024;Caçador;
22/12/2024;Araranguá;
22/12/2024;Indaial;
22/12/2024;Xanxerê;
22/12/2024;São Miguel do Oeste;
22/12/2024;Laguna;
22/12/2024;Curitibanos;
22/12/2024;Rio Negrinho;
22/12/2024;Campos Novos;
22/12/2024;Itapoá;
22/12/2024;Joaçaba;
23/12/2024;Florianópolis;
23/12/2024;Itajaí;
23/12/2024;Chapecó;
23/12/2024;Lages;
23/12/2024;Caçador;
23/12/2024;Araranguá;
23/12/2024;Indaial;
23/12/2024;Xanxerê;
23/12/2024;São Miguel do Oeste;
23/12/2024;Laguna;
23/12/2024;Curitibanos;
23/12/2024;Rio Negrinho;
23/12/2024;Campos Novos;
23/12/2024;Itapoá;
23/12/2024;Joaçaba;
24/12/2024;Florianópolis;
24/12/2024;Itajaí;
24/12/2024;Chapecó;
24/12/2024;Lages;
24/12/2024;Caçador;
24/12/2024;Araranguá;
24/12/2024;Indaial;
24/12/2024;Xanxerê;
24/12/2024;São Miguel do Oeste;
24/12/2024;Laguna;
24/12/2024;Curitibanos;
24/12/2024;Rio Negrinho;
24/12/2024;Campos Novos;
24/12/2024;Itapoá;
24/12/2024;Joaçaba;
25/12/2024;Florianópolis;
25/12/2024;Itajaí;
25/12/2024;Chapecó;
25/12/2024;Lages;
25/12/2024;Caçador;
25/12/2024;Araranguá;
25/12/2024;Indaial;
25/12/2024;Xanxerê;
25/12/2024;São Miguel do Oeste;
25/12/2024;Laguna;
25/12/2024;Curitibanos;
25/12/2024;Rio Negrinho;
25/12/2024;Campos Novos;
25/12/2024;Itapoá;
25/12/2024;Joaçaba;
26/12/2024;Florianópolis;
26/12/2024;Itajaí;
26/12/2024;Chapecó;
26/12/2024;Lages;
26/12/2024;Caçador;
26/12/2024;Araranguá;
26/12/2024;Indaial;
26/12/2024;Xanxerê;
26/12/2024;São Miguel do Oeste;
26/12/2024;Laguna;
26/12/2024;Curitibanos;
26/12/2024;Rio Negrinho;
26/12/2024;Campos Novos;
26/12/2024;Itapoá;
26/12/2024;Joaçaba;
27/12/2024;Florianópolis;
27/12/2024;Itajaí;
27/12/2024;Chapecó;
27/12/2024;Lages;
27/12/2024;Caçador;
27/12/2024;Araranguá;
27/12/2024;Indaial;
27/12/2024;Xanxerê;
27/12/2024;São Miguel do Oeste;
27/12/2024;Laguna;
27/12/2024;Curitibanos;
27/12/2024;Rio Negrinho;
27/12/2024;Campos Novos;
27/12/2024;Itapoá;
27/12/2024;Joaçaba;
28/12/2024;Florianópolis;
28/12/2024;Itajaí;
28/12/2024;Chapecó;
28/12/2024;Lages;
28/12/2024;Caçador;
28/12/2024;Araranguá;
28/12/2024;Indaial;
28/12/2024;Xanxerê;
28/12/2024;São Miguel do Oeste;
28/12/2024;Laguna;
28/12/2024;Curitibanos;
28/12/2024;Rio Negrinho;
28/12/2024;Campos Novos;
28/12/2024;Itapoá;
28/12/2024;Joaçaba;
29/12/2024;Florianópolis;
29/12/2024;Itajaí;
29/12/2024;Chapecó;
29/12/2024;Lages;
29/12/2024;Caçador;
29/12/2024;Araranguá;
29/12/2024;Indaial;
29/12/2024;Xanxerê;
29/12/2024;São Miguel do Oeste;
29/12/2024;Laguna;
29/12/2024;Curitibanos;
29/12/2024;Rio Negrinho;
29/12/2024;Campos Novos;
29/12/2024;Itapoá;
29/12/2024;Joaçaba;
30/12/2024;Florianópolis;
30/12/2024;Itajaí;
30/12/2024;Chapecó;
30/12/2024;Lages;
30/12/2024;Caçador;
30/12/2024;Araranguá;
30/12/2024;Indaial;
30/12/2024;Xanxerê;
30/12/2024;São Miguel do Oeste;
30/12/2024;Laguna;
30/12/2024;Curitibanos;
30/12/2024;Rio Negrinho;
30/12/2024;Campos Novos;
30/12/2024;Itapoá;
30/12/2024;Joaçaba;
31/12/2024;Florianópolis;
31/12/2024;Itajaí;
31/12/2024;Chapecó;
31/12/2024;Lages;
31/12/2024;Caçador;
31/12/2024;Araranguá;
31/12/2024;Indaial;
31/12/2024;Xanxerê;
31/12/2024;São Miguel do Oeste;
31/12/2024;Laguna;
31/12/2024;Curitibanos;
31/12/2024;Rio Negrinho;
31/12/2024;Campos Novos;
31/12/2024;Itapoá;
31/12/2024;Joaçaba;
01/01/2025;Florianópolis;
01/01/2025;Itajaí;
01/01/2025;Chapecó;
01/01/2025;Lages;
01/01/2025;Caçador;
01/01/2025;Araranguá;
01/01/2025;Indaial;
01/01/2025;Xanxerê;
01/01/2025;São Miguel do Oeste;
01/01/2025;Laguna;
01/01/2025;Curitibanos;
01/01/2025;Rio Negrinho;
01/01/2025;Campos Novos;
01/01/2025;Itapoá;
01/01/2025;Joaçaba;
02/01/2025;Florianópolis;
02/01/2025;Itajaí;
02/01/2025;Chapecó;
02/01/2025;Lages;
02/01/2025;Caçador;
02/01/2025;Araranguá;
02/01/2025;Indaial;
02/01/2025;Xanxerê;
02/01/2025;São Miguel do Oeste;
02/01/2025;Laguna;
02/01/2025;Curitibanos;
02/01/2025;Rio Negrinho;
02/01/2025;Campos Novos;
02/01/2025;Itapoá;
02/01/2025;Joaçaba;
03/01/2025;Florianópolis;
03/01/2025;Itajaí;
03/01/2025;Chapecó;
03/01/2025;Lages;
03/01/2025;Caçador;
03/01/2025;Araranguá;
03/01/2025;Indaial;
03/01/2025;Xanxerê;
03/01/2025;São Miguel do Oeste;
03/01/2025;Laguna;
03/01/2025;Curitibanos;
03/01/2025;Rio Negrinho;
03/01/2025;Campos Novos;
03/01/2025;Itapoá;
03/01/2025;Joaçaba;
04/01/2025;Florianópolis;
04/01/2025;Itajaí;
04/01/2025;Chapecó;
04/01/2025;Lages;
04/01/2025;Caçador;
04/01/2025;Araranguá;
04/01/2025;Indaial;
04/01/2025;Xanxerê;
04/01/2025;São Miguel do Oeste;
04/01/2025;Laguna;
04/01/2025;Curitibanos;
04/01/2025;Rio Negrinho;
04/01/2025;Campos Novos;
04/01/2025;Itapoá;
04/01/2025;Joaçaba;
05/01/2025;Florianópolis;
05/01/2025;Itajaí;
05/01/2025;Chapecó;
05/01/2025;Lages;
05/01/2025;Caçador;
05/01/2025;Araranguá;
05/01/2025;Indaial;
05/01/2025;Xanxerê;
05/01/2025;São Miguel do Oeste;
05/01/2025;Laguna;
05/01/2025;Curitibanos;
05/01/2025;Rio Negrinho;
05/01/2025;Campos Novos;
05/01/2025;Itapoá;
05/01/2025;Joaçaba;
06/01/2025;Florianópolis;
06/01/2025;Itajaí;
06/01/2025;Chapecó;
06/01/2025;Lages;
06/01/2025;Caçador;
06/01/2025;Araranguá;
06/01/2025;Indaial;
06/01/2025;Xanxerê;
06/01/2025;São Miguel do Oeste;
06/01/2025;Laguna;
06/01/2025;Curitibanos;
06/01/2025;Rio Negrinho;
06/01/2025;Campos Novos;
06/01/2025;Itapoá;
06/01/2025;Joaçaba;
07/01/2025;Florianópolis;
07/01/2025;Itajaí;
07/01/2025;Chapecó;
07/01/2025;Lages;
07/01/2025;Caçador;
07/01/2025;Araranguá;
07/01/2025;Indaial;
07/01/2025;Xanxerê;
07/01/2025;São Miguel do Oeste;
07/01/2025;Laguna;
07/01/2025;Curitibanos;
07/01/2025;Rio Negrinho;
07/01/2025;Campos Novos;
07/01/2025;Itapoá;
07/01/2025;Joaçaba;
08/01/2025;Florianópolis;
08/01/2025;Itajaí;
08/01/2025;Chapecó;
08/01/2025;Lages;
08/01/2025;Caçador;
08/01/2025;Araranguá;
08/01/2025;Indaial;
08/01/2025;Xanxerê;
08/01/2025;São Miguel do Oeste;
08/01/2025;Laguna;
08/01/2025;Curitibanos;
08/01/2025;Rio Negrinho;
08/01/2025;Campos Novos;
08/01/2025;Itapoá;
08/01/2025;Joaçaba;
09/01/2025;Florianópolis;
09/01/2025;Itajaí;
09/01/2025;Chapecó;
09/01/2025;Lages;
09/01/2025;Caçador;
09/01/2025;Araranguá;
09/01/2025;Indaial;
09/01/2025;Xanxerê;
09/01/2025;São Miguel do Oeste;
09/01/2025;Laguna;
09/01/2025;Curitibanos;
09/01/2025;Rio Negrinho;
09/01/2025;Campos Novos;
09/01/2025;Itapoá;
09/01/2025;Joaçaba;
10/01/2025;Florianópolis;
10/01/2025;Itajaí;
10/01/2025;Chapecó;
10/01/2025;Lages;
10/01/2025;Caçador;
10/01/2025;Araranguá;
10/01/2025;Indaial;
10/01/2025;Xanxerê;
10/01/2025;São Miguel do Oeste;
10/01/2025;Laguna;
10/01/2025;Curitibanos;
10/01/2025;Rio Negrinho;
10/01/2025;Campos Novos;
10/01/2025;Itapoá;
10/01/2025;Joaçaba;
11/01/2025;Florianópolis;
11/01/2025;Itajaí;
11/01/2025;Chapecó;
11/01/2025;Lages;
11/01/2025;Caçador;
11/01/2025;Araranguá;
11/01/2025;Indaial;
11/01/2025;Xanxerê;
11/01/2025;São Miguel do Oeste;
11/01/2025;Laguna;
11/01/2025;Curitibanos;
11/01/2025;Rio Negrinho;
11/01/2025;Campos Novos;
11/01/2025;Itapoá;
11/01/2025;Joaçaba;
12/01/2025;Florianópolis;
12/01/2025;Itajaí;
12/01/2025;Chapecó;
12/01/2025;Lages;
12/01/2025;Caçador;
12/01/2025;Araranguá;
12/01/2025;Indaial;
12/01/2025;Xanxerê;
12/01/2025;São Miguel do Oeste;
12/01/2025;Laguna;
12/01/2025;Curitibanos;
12/01/2025;Rio Negrinho;
12/01/2025;Campos Novos;
12/01/2025;Itapoá;
12/01/2025;Joaçaba;
13/01/2025;Florianópolis;
13/01/2025;Itajaí;
13/01/2025;Chapecó;
13/01/2025;Lages;
13/01/2025;Caçador;
13/01/2025;Araranguá;
13/01/2025;Indaial;
13/01/2025;Xanxerê;
13/01/2025;São Miguel do Oeste;
13/01/2025;Laguna;
13/01/2025;Curitibanos;
13/01/2025;Rio Negrinho;
13/01/2025;Campos Novos;
13/01/2025;Itapoá;
13/01/2025;Joaçaba;
14/01/2025;Florianópolis;
14/01/2025;Itajaí;
14/01/2025;Chapecó;
14/01/2025;Lages;
14/01/2025;Caçador;
14/01/2025;Araranguá;
14/01/2025;Indaial;
14/01/2025;Xanxerê;
14/01/2025;São Miguel do Oeste;
14/01/2025;Laguna;
14/01/2025;Curitibanos;
14/01/2025;Rio Negrinho;
14/01/2025;Campos Novos;
14/01/2025;Itapoá;
14/01/2025;Joaçaba;
15/01/2025;Florianópolis;
15/01/2025;Itajaí;
15/01/2025;Chapecó;
15/01/2025;Lages;
15/01/2025;Caçador;
15/01/2025;Araranguá;
15/01/2025;Indaial;
15/01/2025;Xanxerê;
15/01/2025;São Miguel do Oeste;
15/01/2025;Laguna;
15/01/2025;Curitibanos;
15/01/2025;Rio Negrinho;
15/01/2025;Campos Novos;
15/01/2025;Itapoá;
15/01/2025;Joaçaba;
16/01/2025;Florianópolis;
16/01/2025;Itajaí;
16/01/2025;Chapecó;
16/01/2025;Lages;
16/01/2025;Caçador;
16/01/2025;Araranguá;
16/01/2025;Indaial;
16/01/2025;Xanxerê;
16/01/2025;São Miguel do Oeste;
16/01/2025;Laguna;
16/01/2025;Curitibanos;
16/01/2025;Rio Negrinho;
16/01/2025;Campos Novos;
16/01/2025;Itapoá;
16/01/2025;Joaçaba;
17/01/2025;Florianópolis;
17/01/2025;Itajaí;
17/01/2025;Chapecó;
17/01/2025;Lages;
17/01/2025;Caçador;
17/01/2025;Araranguá;
17/01/2025;Indaial;
17/01/2025;Xanxerê;
17/01/2025;São Miguel do Oeste;
17/01/2025;Laguna;
17/01/2025;Curitibanos;
17/01/2025;Rio Negrinho;
17/01/2025;Campos Novos;
17/01/2025;Itapoá;
17/01/2025;Joaçaba;
18/01/2025;Florianópolis;
18/01/2025;Itajaí;
18/01/2025;Chapecó;
18/01/2025;Lages;
18/01/2025;Caçador;
18/01/2025;Araranguá;
18/01/2025;Indaial;
18/01/2025;Xanxerê;
18/01/2025;São Miguel do Oeste;
18/01/2025;Laguna;
18/01/2025;Curitibanos;
18/01/2025;Rio Negrinho;
18/01/2025;Campos Novos;
18/01/2025;Itapoá;
18/01/2025;Joaçaba;
19/01/2025;Florianópolis;
19/01/2025;Itajaí;
19/01/2025;Chapecó;
19/01/2025;Lages;
19/01/2025;Caçador;
19/01/2025;Araranguá;
19/01/2025;Indaial;
19/01/2025;Xanxerê;
19/01/2025;São Miguel do Oeste;
19/01/2025;Laguna;
19/01/2025;Curitibanos;
19/01/2025;Rio Negrinho;
19/01/2025;Campos Novos;
19/01/2025;Itapoá;
19/01/2025;Joaçaba;
20/01/2025;Florianópolis;
20/01/2025;Itajaí;
20/01/2025;Chapecó;
20/01/2025;Lages;
20/01/2025;Caçador;
20/01/2025;Araranguá;
20/01/2025;Indaial;
20/01/2025;Xanxerê;
20/01/2025;São Miguel do Oeste;
20/01/2025;Laguna;
20/01/2025;Curitibanos;
20/01/2025;Rio Negrinho;
20/01/2025;Campos Novos;
20/01/2025;Itapoá;
20/01/2025;Joaçaba;
21/01/2025;Florianópolis;
21/01/2025;Itajaí;
21/01/2025;Chapecó;
21/01/2025;Lages;
21/01/2025;Caçador;
21/01/2025;Araranguá;
21/01/2025;Indaial;
21/01/2025;Xanxerê;
21/01/2025;São Miguel do Oeste;
21/01/2025;Laguna;
21/01/2025;Curitibanos;
21/01/2025;Rio Negrinho;
21/01/2025;Campos Novos;
21/01/2025;Itapoá;
21/01/2025;Joaçaba;
22/01/2025;Florianópolis;
22/01/2025;Itajaí;
22/01/2025;Chapecó;
22/01/2025;Lages;
22/01/2025;Caçador;
22/01/2025;Araranguá;
22/01/2025;Indaial;
22/01/2025;Xanxerê;
22/01/2025;São Miguel do Oeste;
22/01/2025;Laguna;
22/01/2025;Curitibanos;
22/01/2025;Rio Negrinho;
22/01/2025;Campos Novos;
22/01/2025;Itapoá;
22/01/2025;Joaçaba;
23/01/2025;Florianópolis;
23/01/2025;Itajaí;
23/01/2025;Chapecó;
23/01/2025;Lages;
23/01/2025;Caçador;
23/01/2025;Araranguá;
23/01/2025;Indaial;
23/01/2025;Xanxerê;
23/01/2025;São Miguel do Oeste;
23/01/2025;Laguna;
23/01/2025;Curitibanos;
23/01/2025;Rio Negrinho;
23/01/2025;Campos Novos;
23/01/2025;Itapoá;
23/01/2025;Joaçaba;
24/01/2025;Florianópolis;
24/01/2025;Itajaí;
24/01/2025;Chapecó;
24/01/2025;Lages;
24/01/2025;Caçador;
24/01/2025;Araranguá;
24/01/2025;Indaial;
24/01/2025;Xanxerê;
24/01/2025;São Miguel do Oeste;
24/01/2025;Laguna;
24/01/2025;Curitibanos;
24/01/2025;Rio Negrinho;
24/01/2025;Campos Novos;
24/01/2025;Itapoá;
24/01/2025;Joaçaba;
25/01/2025;Florianópolis;
25/01/2025;Itajaí;
25/01/2025;Chapecó;
25/01/2025;Lages;
25/01/2025;Caçador;
25/01/2025;Araranguá;
25/01/2025;Indaial;
25/01/2025;Xanxerê;
25/01/2025;São Miguel do Oeste;
25/01/2025;Laguna;
25/01/2025;Curitibanos;
25/01/2025;Rio Negrinho;
25/01/2025;Campos Novos;
25/01/2025;Itapoá;
25/01/2025;Joaçaba;
26/01/2025;Florianópolis;
26/01/2025;Itajaí;
26/01/2025;Chapecó;
26/01/2025;Lages;
26/01/2025;Caçador;
26/01/2025;Araranguá;
26/01/2025;Indaial;
26/01/2025;Xanxerê;
26/01/2025;São Miguel do Oeste;
26/01/2025;Laguna;
26/01/2025;Curitibanos;
26/01/2025;Rio Negrinho;
26/01/2025;Campos Novos;
26/01/2025;Itapoá;
26/01/2025;Joaçaba;
27/01/2025;Florianópolis;
27/01/2025;Itajaí;
27/01/2025;Chapecó;
27/01/2025;Lages;
27/01/2025;Caçador;
27/01/2025;Araranguá;
27/01/2025;Indaial;
27/01/2025;Xanxerê;
27/01/2025;São Miguel do Oeste;
27/01/2025;Laguna;
27/01/2025;Curitibanos;
27/01/2025;Rio Negrinho;
27/01/2025;Campos Novos;
27/01/2025;Itapoá;
27/01/2025;Joaçaba;
28/01/2025;Florianópolis;
28/01/2025;Itajaí;
28/01/2025;Chapecó;
28/01/2025;Lages;
28/01/2025;Caçador;
28/01/2025;Araranguá;
28/01/2025;Indaial;
28/01/2025;Xanxerê;
28/01/2025;São Miguel do Oeste;
28/01/2025;Laguna;
28/01/2025;Curitibanos;
28/01/2025;Rio Negrinho;
28/01/2025;Campos Novos;
28/01/2025;Itapoá;
28/01/2025;Joaçaba;
29/01/2025;Florianópolis;
29/01/2025;Itajaí;
29/01/2025;Chapecó;
29/01/2025;Lages;
29/01/2025;Caçador;
29/01/2025;Araranguá;
29/01/2025;Indaial;
29/01/2025;Xanxerê;
29/01/2025;São Miguel do Oeste;
29/01/2025;Laguna;
29/01/2025;Curitibanos;
29/01/2025;Rio Negrinho;
29/01/2025;Campos Novos;
29/01/2025;Itapoá;
29/01/2025;Joaçaba;
30/01/2025;Florianópolis;
30/01/2025;Itajaí;
30/01/2025;Chapecó;
30/01/2025;Lages;
30/01/2025;Caçador;
30/01/2025;Araranguá;
30/01/2025;Indaial;
30/01/2025;Xanxerê;
30/01/2025;São Miguel do Oeste;
30/01/2025;Laguna;
30/01/2025;Curitibanos;
30/01/2025;Rio Negrinho;
30/01/2025;Campos Novos;
30/01/2025;Itapoá;
30/01/2025;Joaçaba;
31/01/2025;Florianópolis;
31/01/2025;Itajaí;
31/01/2025;Chapecó;
31/01/2025;Lages;
31/01/2025;Caçador;
31/01/2025;Araranguá;
31/01/2025;Indaial;
31/01/2025;Xanxerê;
31/01/2025;São Miguel do Oeste;
31/01/2025;Laguna;
31/01/2025;Curitibanos;
31/01/2025;Rio Negrinho;
31/01/2025;Campos Novos;
31/01/2025;Itapoá;
31/01/2025;Joaçaba;
01/02/2025;Florianópolis;
01/02/2025;Itajaí;
01/02/2025;Chapecó;
01/02/2025;Lages;
01/02/2025;Caçador;
01/02/2025;Araranguá;
01/02/2025;Indaial;
01/02/2025;Xanxerê;
01/02/2025;São Miguel do Oeste;
01/02/2025;Laguna;
01/02/2025;Curitibanos;
01/02/2025;Rio Negrinho;
01/02/2025;Campos Novos;
01/02/2025;Itapoá;
01/02/2025;Joaçaba;
02/02/2025;Florianópolis;
02/02/2025;Itajaí;
02/02/2025;Chapecó;
02/02/2025;Lages;
02/02/2025;Caçador;
02/02/2025;Araranguá;
02/02/2025;Indaial;
02/02/2025;Xanxerê;
02/02/2025;São Miguel do Oeste;
02/02/2025;Laguna;
02/02/2025;Curitibanos;
02/02/2025;Rio Negrinho;
02/02/2025;Campos Novos;
02/02/2025;Itapoá;
02/02/2025;Joaçaba;
03/02/2025;Florianópolis;
03/02/2025;Itajaí;
03/02/2025;Chapecó;
03/02/2025;Lages;
03/02/2025;Caçador;
03/02/2025;Araranguá;
03/02/2025;Indaial;
03/02/2025;Xanxerê;
03/02/2025;São Miguel do Oeste;
03/02/2025;Laguna;
03/02/2025;Curitibanos;
03/02/2025;Rio Negrinho;
03/02/2025;Campos Novos;
03/02/2025;Itapoá;
03/02/2025;Joaçaba;
04/02/2025;Florianópolis;
04/02/2025;Itajaí;
04/02/2025;Chapecó;
04/02/2025;Lages;
04/02/2025;Caçador;
04/02/2025;Araranguá;
04/02/2025;Indaial;
04/02/2025;Xanxerê;
04/02/2025;São Miguel do Oeste;
04/02/2025;Laguna;
04/02/2025;Curitibanos;
04/02/2025;Rio Negrinho;
04/02/2025;Campos Novos;
04/02/2025;Itapoá;
04/02/2025;Joaçaba;
05/02/2025;Florianópolis;
05/02/2025;Itajaí;
05/02/2025;Chapecó;
05/02/2025;Lages;
05/02/2025;Caçador;
05/02/2025;Araranguá;
05/02/2025;Indaial;
05/02/2025;Xanxerê;
05/02/2025;São Miguel do Oeste;
05/02/2025;Laguna;
05/02/2025;Curitibanos;
05/02/2025;Rio Negrinho;
05/02/2025;Campos Novos;
05/02/2025;Itapoá;
05/02/2025;Joaçaba;
06/02/2025;Florianópolis;
06/02/2025;Itajaí;
06/02/2025;Chapecó;
06/02/2025;Lages;
06/02/2025;Caçador;
06/02/2025;Araranguá;
06/02/2025;Indaial;
06/02/2025;Xanxerê;
06/02/2025;São Miguel do Oeste;
06/02/2025;Laguna;
06/02/2025;Curitibanos;
06/02/2025;Rio Negrinho;
06/02/2025;Campos Novos;
06/02/2025;Itapoá;
06/02/2025;Joaçaba;
07/02/2025;Florianópolis;
07/02/2025;Itajaí;
07/02/2025;Chapecó;
07/02/2025;Lages;
07/02/2025;Caçador;
07/02/2025;Araranguá;
07/02/2025;Indaial;
07/02/2025;Xanxerê;
07/02/2025;São Miguel do Oeste;
07/02/2025;Laguna;
07/02/2025;Curitibanos;
07/02/2025;Rio Negrinho;
07/02/2025;Campos Novos;
07/02/2025;Itapoá;
07/02/2025;Joaçaba;
08/02/2025;Florianópolis;
08/02/2025;Itajaí;
08/02/2025;Chapecó;
08/02/2025;Lages;
08/02/2025;Caçador;
08/02/2025;Araranguá;
08/02/2025;Indaial;
08/02/2025;Xanxerê;
08/02/2025;São Miguel do Oeste;
08/02/2025;Laguna;
08/02/2025;Curitibanos;
08/02/2025;Rio Negrinho;
08/02/2025;Campos Novos;
08/02/2025;Itapoá;
08/02/2025;Joaçaba;
09/02/2025;Florianópolis;
09/02/2025;Itajaí;
09/02/2025;Chapecó;
09/02/2025;Lages;
09/02/2025;Caçador;
09/02/2025;Araranguá;
09/02/2025;Indaial;
09/02/2025;Xanxerê;
09/02/2025;São Miguel do Oeste;
09/02/2025;Laguna;
09/02/2025;Curitibanos;
09/02/2025;Rio Negrinho;
09/02/2025;Campos Novos;
09/02/2025;Itapoá;
09/02/2025;Joaçaba;
10/02/2025;Florianópolis;
10/02/2025;Itajaí;
10/02/2025;Chapecó;
10/02/2025;Lages;
10/02/2025;Caçador;
10/02/2025;Araranguá;
10/02/2025;Indaial;
10/02/2025;Xanxerê;
10/02/2025;São Miguel do Oeste;
10/02/2025;Laguna;
10/02/2025;Curitibanos;
10/02/2025;Rio Negrinho;
10/02/2025;Campos Novos;
10/02/2025;Itapoá;
10/02/2025;Joaçaba;
11/02/2025;Florianópolis;
11/02/2025;Itajaí;
11/02/2025;Chapecó;
11/02/2025;Lages;
11/02/2025;Caçador;
11/02/2025;Araranguá;
11/02/2025;Indaial;
11/02/2025;Xanxerê;
11/02/2025;São Miguel do Oeste;
11/02/2025;Laguna;
11/02/2025;Curitibanos;
11/02/2025;Rio Negrinho;
11/02/2025;Campos Novos;
11/02/2025;Itapoá;
11/02/2025;Joaçaba;
12/02/2025;Florianópolis;
12/02/2025;Itajaí;
12/02/2025;Chapecó;
12/02/2025;Lages;
12/02/2025;Caçador;
12/02/2025;Araranguá;
12/02/2025;Indaial;
12/02/2025;Xanxerê;
12/02/2025;São Miguel do Oeste;
12/02/2025;Laguna;
12/02/2025;Curitibanos;
12/02/2025;Rio Negrinho;
12/02/2025;Campos Novos;
12/02/2025;Itapoá;
12/02/2025;Joaçaba;
13/02/2025;Florianópolis;
13/02/2025;Itajaí;
13/02/2025;Chapecó;
13/02/2025;Lages;
13/02/2025;Caçador;
13/02/2025;Araranguá;
13/02/2025;Indaial;
13/02/2025;Xanxerê;
13/02/2025;São Miguel do Oeste;
13/02/2025;Laguna;
13/02/2025;Curitibanos;
13/02/2025;Rio Negrinho;
13/02/2025;Campos Novos;
13/02/2025;Itapoá;
13/02/2025;Joaçaba;
14/02/2025;Florianópolis;
14/02/2025;Itajaí;
14/02/2025;Chapecó;
14/02/2025;Lages;
14/02/2025;Caçador;
14/02/2025;Araranguá;
14/02/2025;Indaial;
14/02/2025;Xanxerê;
14/02/2025;São Miguel do Oeste;
14/02/2025;Laguna;
14/02/2025;Curitibanos;
14/02/2025;Rio Negrinho;
14/02/2025;Campos Novos;
14/02/2025;Itapoá;
14/02/2025;Joaçaba;
15/02/2025;Florianópolis;
15/02/2025;Itajaí;
15/02/2025;Chapecó;
15/02/2025;Lages;
15/02/2025;Caçador;
15/02/2025;Araranguá;
15/02/2025;Indaial;
15/02/2025;Xanxerê;
15/02/2025;São Miguel do Oeste;
15/02/2025;Laguna;
15/02/2025;Curitibanos;
15/02/2025;Rio Negrinho;
15/02/2025;Campos Novos;
15/02/2025;Itapoá;
15/02/2025;Joaçaba;
16/02/2025;Florianópolis;
16/02/2025;Itajaí;
16/02/2025;Chapecó;
16/02/2025;Lages;
16/02/2025;Caçador;
16/02/2025;Araranguá;
16/02/2025;Indaial;
16/02/2025;Xanxerê;
16/02/2025;São Miguel do Oeste;
16/02/2025;Laguna;
16/02/2025;Curitibanos;
16/02/2025;Rio Negrinho;
16/02/2025;Campos Novos;
16/02/2025;Itapoá;
16/02/2025;Joaçaba;
17/02/2025;Florianópolis;
17/02/2025;Itajaí;
17/02/2025;Chapecó;
17/02/2025;Lages;
17/02/2025;Caçador;
17/02/2025;Araranguá;
17/02/2025;Indaial;
17/02/2025;Xanxerê;
17/02/2025;São Miguel do Oeste;
17/02/2025;Laguna;
17/02/2025;Curitibanos;
17/02/2025;Rio Negrinho;
17/02/2025;Campos Novos;
17/02/2025;Itapoá;
17/02/2025;Joaçaba;
18/02/2025;Florianópolis;
18/02/2025;Itajaí;
18/02/2025;Chapecó;
18/02/2025;Lages;
18/02/2025;Caçador;
18/02/2025;Araranguá;
18/02/2025;Indaial;
18/02/2025;Xanxerê;
18/02/2025;São Miguel do Oeste;
18/02/2025;Laguna;
18/02/2025;Curitibanos;
18/02/2025;Rio Negrinho;
18/02/2025;Campos Novos;
18/02/2025;Itapoá;
18/02/2025;Joaçaba;
19/02/2025;Florianópolis;
19/02/2025;Itajaí;
19/02/2025;Chapecó;
19/02/2025;Lages;
19/02/2025;Caçador;
19/02/2025;Araranguá;
19/02/2025;Indaial;
19/02/2025;Xanxerê;
19/02/2025;São Miguel do Oeste;
19/02/2025;Laguna;
19/02/2025;Curitibanos;
19/02/2025;Rio Negrinho;
19/02/2025;Campos Novos;
19/02/2025;Itapoá;
19/02/2025;Joaçaba;
20/02/2025;Florianópolis;
20/02/2025;Itajaí;
20/02/2025;Chapecó;
20/02/2025;Lages;
20/02/2025;Caçador;
20/02/2025;Araranguá;
20/02/2025;Indaial;
20/02/2025;Xanxerê;
20/02/2025;São Miguel do Oeste;
20/02/2025;Laguna;
20/02/2025;Curitibanos;
20/02/2025;Rio Negrinho;
20/02/2025;Campos Novos;
20/02/2025;Itapoá;
20/02/2025;Joaçaba;
21/02/2025;Florianópolis;
21/02/2025;Itajaí;
21/02/2025;Chapecó;
21/02/2025;Lages;
21/02/2025;Caçador;
21/02/2025;Araranguá;
21/02/2025;Indaial;
21/02/2025;Xanxerê;
21/02/2025;São Miguel do Oeste;
21/02/2025;Laguna;
21/02/2025;Curitibanos;
21/02/2025;Rio Negrinho;
21/02/2025;Campos Novos;
21/02/2025;Itapoá;
21/02/2025;Joaçaba;
22/02/2025;Florianópolis;
22/02/2025;Itajaí;
22/02/2025;Chapecó;
22/02/2025;Lages;
22/02/2025;Caçador;
22/02/2025;Araranguá;
22/02/2025;Indaial;
22/02/2025;Xanxerê;
22/02/2025;São Miguel do Oeste;
22/02/2025;Laguna;
22/02/2025;Curitibanos;
22/02/2025;Rio Negrinho;
22/02/2025;Campos Novos;
22/02/2025;Itapoá;
22/02/2025;Joaçaba;
23/02/2025;Florianópolis;
23/02/2025;Itajaí;
23/02/2025;Chapecó;
23/02/2025;Lages;
23/02/2025;Caçador;
23/02/2025;Araranguá;
23/02/2025;Indaial;
23/02/2025;Xanxerê;
23/02/2025;São Miguel do Oeste;
23/02/2025;Laguna;
23/02/2025;Curitibanos;
23/02/2025;Rio Negrinho;
23/02/2025;Campos Novos;
23/02/2025;Itapoá;
23/02/2025;Joaçaba;
24/02/2025;Florianópolis;
24/02/2025;Itajaí;
24/02/2025;Chapecó;
24/02/2025;Lages;
24/02/2025;Caçador;
24/02/2025;Araranguá;
24/02/2025;Indaial;
24/02/2025;Xanxerê;
24/02/2025;São Miguel do Oeste;
24/02/2025;Laguna;
24/02/2025;Curitibanos;
24/02/2025;Rio Negrinho;
24/02/2025;Campos Novos;
24/02/2025;Itapoá;
24/02/2025;Joaçaba;
25/02/2025;Florianópolis;
25/02/2025;Itajaí;
25/02/2025;Chapecó;
25/02/2025;Lages;
25/02/2025;Caçador;
25/02/2025;Araranguá;
25/02/2025;Indaial;
25/02/2025;Xanxerê;
25/02/2025;São Miguel do Oeste;
25/02/2025;Laguna;
25/02/2025;Curitibanos;
25/02/2025;Rio Negrinho;
25/02/2025;Campos Novos;
25/02/2025;Itapoá;
25/02/2025;Joaçaba;
26/02/2025;Florianópolis;
26/02/2025;Itajaí;
26/02/2025;Chapecó;
26/02/2025;Lages;
26/02/2025;Caçador;
26/02/2025;Araranguá;
26/02/2025;Indaial;
26/02/2025;Xanxerê;
26/02/2025;São Miguel do Oeste;
26/02/2025;Laguna;
26/02/2025;Curitibanos;
26/02/2025;Rio Negrinho;
26/02/2025;Campos Novos;
26/02/2025;Itapoá;
26/02/2025;Joaçaba;
27/02/2025;Florianópolis;
27/02/2025;Itajaí;
27/02/2025;Chapecó;
27/02/2025;Lages;
27/02/2025;Caçador;
27/02/2025;Araranguá;
27/02/2025;Indaial;
27/02/2025;Xanxerê;
27/02/2025;São Miguel do Oeste;
27/02/2025;Laguna;
27/02/2025;Curitibanos;
27/02/2025;Rio Negrinho;
27/02/2025;Campos Novos;
27/02/2025;Itapoá;
27/02/2025;Joaçaba;
28/02/2025;Florianópolis;
28/02/2025;Itajaí;
28/02/2025;Chapecó;
28/02/2025;Lages;
28/02/2025;Caçador;
28/02/2025;Araranguá;
28/02/2025;Indaial;
28/02/2025;Xanxerê;
28/02/2025;São Miguel do Oeste;
28/02/2025;Laguna;
28/02/2025;Curitibanos;
28/02/2025;Rio Negrinho;
28/02/2025;Campos Novos;
28/02/2025;Itapoá;
28/02/2025;Joaçaba;
01/03/2025;Florianópolis;
01/03/2025;Itajaí;
01/03/2025;Chapecó;
01/03/2025;Lages;
01/03/2025;Caçador;
01/03/2025;Araranguá;
01/03/2025;Indaial;
01/03/2025;Xanxerê;
01/03/2025;São Miguel do Oeste;
01/03/2025;Laguna;
01/03/2025;Curitibanos;
01/03/2025;Rio Negrinho;
01/03/2025;Campos Novos;
01/03/2025;Itapoá;
01/03/2025;Joaçaba;
02/03/2025;Florianópolis;
02/03/2025;Itajaí;
02/03/2025;Chapecó;
02/03/2025;Lages;
02/03/2025;Caçador;
02/03/2025;Araranguá;
02/03/2025;Indaial;
02/03/2025;Xanxerê;
02/03/2025;São Miguel do Oeste;
02/03/2025;Laguna;
02/03/2025;Curitibanos;
02/03/2025;Rio Negrinho;
02/03/2025;Campos Novos;
02/03/2025;Itapoá;
02/03/2025;Joaçaba;
03/03/2025;Florianópolis;
03/03/2025;Itajaí;
03/03/2025;Chapecó;
03/03/2025;Lages;
03/03/2025;Caçador;
03/03/2025;Araranguá;
03/03/2025;Indaial;
03/03/2025;Xanxerê;
03/03/2025;São Miguel do Oeste;
03/03/2025;Laguna;
03/03/2025;Curitibanos;
03/03/2025;Rio Negrinho;
03/03/2025;Campos Novos;
03/03/2025;Itapoá;
03/03/2025;Joaçaba;
04/03/2025;Florianópolis;
04/03/2025;Itajaí;
04/03/2025;Chapecó;
04/03/2025;Lages;
04/03/2025;Caçador;
04/03/2025;Araranguá;
04/03/2025;Indaial;
04/03/2025;Xanxerê;
04/03/2025;São Miguel do Oeste;
04/03/2025;Laguna;
04/03/2025;Curitibanos;
04/03/2025;Rio Negrinho;
04/03/2025;Campos Novos;
04/03/2025;Itapoá;
04/03/2025;Joaçaba;
05/03/2025;Florianópolis;
05/03/2025;Itajaí;
05/03/2025;Chapecó;
05/03/2025;Lages;
05/03/2025;Caçador;
05/03/2025;Araranguá;
05/03/2025;Indaial;
05/03/2025;Xanxerê;
05/03/2025;São Miguel do Oeste;
05/03/2025;Laguna;
05/03/2025;Curitibanos;
05/03/2025;Rio Negrinho;
05/03/2025;Campos Novos;
05/03/2025;Itapoá;
05/03/2025;Joaçaba;
06/03/2025;Florianópolis;
06/03/2025;Itajaí;
06/03/2025;Chapecó;
06/03/2025;Lages;
06/03/2025;Caçador;
06/03/2025;Araranguá;
06/03/2025;Indaial;
06/03/2025;Xanxerê;
06/03/2025;São Miguel do Oeste;
06/03/2025;Laguna;
06/03/2025;Curitibanos;
06/03/2025;Rio Negrinho;
06/03/2025;Campos Novos;
06/03/2025;Itapoá;
06/03/2025;Joaçaba;
07/03/2025;Florianópolis;
07/03/2025;Itajaí;
07/03/2025;Chapecó;
07/03/2025;Lages;
07/03/2025;Caçador;
07/03/2025;Araranguá;
07/03/2025;Indaial;
07/03/2025;Xanxerê;
07/03/2025;São Miguel do Oeste;
07/03/2025;Laguna;
07/03/2025;Curitibanos;
07/03/2025;Rio Negrinho;
07/03/2025;Campos Novos;
07/03/2025;Itapoá;
07/03/2025;Joaçaba;
08/03/2025;Florianópolis;
08/03/2025;Itajaí;
08/03/2025;Chapecó;
08/03/2025;Lages;
08/03/2025;Caçador;
08/03/2025;Araranguá;
08/03/2025;Indaial;
08/03/2025;Xanxerê;
08/03/2025;São Miguel do Oeste;
08/03/2025;Laguna;
08/03/2025;Curitibanos;
08/03/2025;Rio Negrinho;
08/03/2025;Campos Novos;
08/03/2025;Itapoá;
08/03/2025;Joaçaba;
09/03/2025;Florianópolis;
09/03/2025;Itajaí;
09/03/2025;Chapecó;
09/03/2025;Lages;
09/03/2025;Caçador;
09/03/2025;Araranguá;
09/03/2025;Indaial;
09/03/2025;Xanxerê;
09/03/2025;São Miguel do Oeste;
09/03/2025;Laguna;
09/03/2025;Curitibanos;
09/03/2025;Rio Negrinho;
09/03/2025;Campos Novos;
09/03/2025;Itapoá;
09/03/2025;Joaçaba;
10/03/2025;Florianópolis;
10/03/2025;Itajaí;
10/03/2025;Chapecó;
10/03/2025;Lages;
10/03/2025;Caçador;
10/03/2025;Araranguá;
10/03/2025;Indaial;
10/03/2025;Xanxerê;
10/03/2025;São Miguel do Oeste;
10/03/2025;Laguna;
10/03/2025;Curitibanos;
10/03/2025;Rio Negrinho;
10/03/2025;Campos Novos;
10/03/2025;Itapoá;
10/03/2025;Joaçaba;
11/03/2025;Florianópolis;
11/03/2025;Itajaí;
11/03/2025;Chapecó;
11/03/2025;Lages;
11/03/2025;Caçador;
11/03/2025;Araranguá;
11/03/2025;Indaial;
11/03/2025;Xanxerê;
11/03/2025;São Miguel do Oeste;
11/03/2025;Laguna;
11/03/2025;Curitibanos;
11/03/2025;Rio Negrinho;
11/03/2025;Campos Novos;
11/03/2025;Itapoá;
11/03/2025;Joaçaba;
12/03/2025;Florianópolis;
12/03/2025;Itajaí;
12/03/2025;Chapecó;
12/03/2025;Lages;
12/03/2025;Caçador;
12/03/2025;Araranguá;
12/03/2025;Indaial;
12/03/2025;Xanxerê;
12/03/2025;São Miguel do Oeste;
12/03/2025;Laguna;
12/03/2025;Curitibanos;
12/03/2025;Rio Negrinho;
12/03/2025;Campos Novos;
12/03/2025;Itapoá;
12/03/2025;Joaçaba;
13/03/2025;Florianópolis;
13/03/2025;Itajaí;
13/03/2025;Chapecó;
13/03/2025;Lages;
13/03/2025;Caçador;
13/03/2025;Araranguá;
13/03/2025;Indaial;
13/03/2025;Xanxerê;
13/03/2025;São Miguel do Oeste;
13/03/2025;Laguna;
13/03/2025;Curitibanos;
13/03/2025;Rio Negrinho;
13/03/2025;Campos Novos;
13/03/2025;Itapoá;
13/03/2025;Joaçaba;
14/03/2025;Florianópolis;
14/03/2025;Itajaí;
14/03/2025;Chapecó;
14/03/2025;Lages;
14/03/2025;Caçador;
14/03/2025;Araranguá;
14/03/2025;Indaial;
14/03/2025;Xanxerê;
14/03/2025;São Miguel do Oeste;
14/03/2025;Laguna;
14/03/2025;Curitibanos;
14/03/2025;Rio Negrinho;
14/03/2025;Campos Novos;
14/03/2025;Itapoá;
14/03/2025;Joaçaba;
15/03/2025;Florianópolis;
15/03/2025;Itajaí;
15/03/2025;Chapecó;
15/03/2025;Lages;
15/03/2025;Caçador;
15/03/2025;Araranguá;
15/03/2025;Indaial;
15/03/2025;Xanxerê;
15/03/2025;São Miguel do Oeste;
15/03/2025;Laguna;
15/03/2025;Curitibanos;
15/03/2025;Rio Negrinho;
15/03/2025;Campos Novos;
15/03/2025;Itapoá;
15/03/2025;Joaçaba;
16/03/2025;Florianópolis;
16/03/2025;Itajaí;
16/03/2025;Chapecó;
16/03/2025;Lages;
16/03/2025;Caçador;
16/03/2025;Araranguá;
16/03/2025;Indaial;
16/03/2025;Xanxerê;
16/03/2025;São Miguel do Oeste;
16/03/2025;Laguna;
16/03/2025;Curitibanos;
16/03/2025;Rio Negrinho;
16/03/2025;Campos Novos;
16/03/2025;Itapoá;
16/03/2025;Joaçaba;
17/03/2025;Florianópolis;
17/03/2025;Itajaí;
17/03/2025;Chapecó;
17/03/2025;Lages;
17/03/2025;Caçador;
17/03/2025;Araranguá;
17/03/2025;Indaial;
17/03/2025;Xanxerê;
17/03/2025;São Miguel do Oeste;
17/03/2025;Laguna;
17/03/2025;Curitibanos;
17/03/2025;Rio Negrinho;
17/03/2025;Campos Novos;
17/03/2025;Itapoá;
17/03/2025;Joaçaba;
18/03/2025;Florianópolis;
18/03/2025;Itajaí;
18/03/2025;Chapecó;
18/03/2025;Lages;
18/03/2025;Caçador;
18/03/2025;Araranguá;
18/03/2025;Indaial;
18/03/2025;Xanxerê;
18/03/2025;São Miguel do Oeste;
18/03/2025;Laguna;
18/03/2025;Curitibanos;
18/03/2025;Rio Negrinho;
18/03/2025;Campos Novos;
18/03/2025;Itapoá;
18/03/2025;Joaçaba;
19/03/2025;Florianópolis;
19/03/2025;Itajaí;
19/03/2025;Chapecó;
19/03/2025;Lages;
19/03/2025;Caçador;
19/03/2025;Araranguá;
19/03/2025;Indaial;
19/03/2025;Xanxerê;
19/03/2025;São Miguel do Oeste;
19/03/2025;Laguna;
19/03/2025;Curitibanos;
19/03/2025;Rio Negrinho;
19/03/2025;Campos Novos;
19/03/2025;Itapoá;
19/03/2025;Joaçaba;
20/03/2025;Florianópolis;
20/03/2025;Itajaí;
20/03/2025;Chapecó;
20/03/2025;Lages;
20/03/2025;Caçador;
20/03/2025;Araranguá;
20/03/2025;Indaial;
20/03/2025;Xanxerê;
20/03/2025;São Miguel do Oeste;
20/03/2025;Laguna;
20/03/2025;Curitibanos;
20/03/2025;Rio Negrinho;
20/03/2025;Campos Novos;
20/03/2025;Itapoá;
20/03/2025;Joaçaba;
21/03/2025;Florianópolis;
21/03/2025;Itajaí;
21/03/2025;Chapecó;
21/03/2025;Lages;
21/03/2025;Caçador;
21/03/2025;Araranguá;
21/03/2025;Indaial;
21/03/2025;Xanxerê;
21/03/2025;São Miguel do Oeste;
21/03/2025;Laguna;
21/03/2025;Curitibanos;
21/03/2025;Rio Negrinho;
21/03/2025;Campos Novos;
21/03/2025;Itapoá;
21/03/2025;Joaçaba;
22/03/2025;Florianópolis;
22/03/2025;Itajaí;
22/03/2025;Chapecó;
22/03/2025;Lages;
22/03/2025;Caçador;
22/03/2025;Araranguá;
22/03/2025;Indaial;
22/03/2025;Xanxerê;
22/03/2025;São Miguel do Oeste;
22/03/2025;Laguna;
22/03/2025;Curitibanos;
22/03/2025;Rio Negrinho;
22/03/2025;Campos Novos;
22/03/2025;Itapoá;
22/03/2025;Joaçaba;
23/03/2025;Florianópolis;
23/03/2025;Itajaí;
23/03/2025;Chapecó;
23/03/2025;Lages;
23/03/2025;Caçador;
23/03/2025;Araranguá;
23/03/2025;Indaial;
23/03/2025;Xanxerê;
23/03/2025;São Miguel do Oeste;
23/03/2025;Laguna;
23/03/2025;Curitibanos;
23/03/2025;Rio Negrinho;
23/03/2025;Campos Novos;
23/03/2025;Itapoá;
23/03/2025;Joaçaba;
24/03/2025;Florianópolis;
24/03/2025;Itajaí;
24/03/2025;Chapecó;
24/03/2025;Lages;
24/03/2025;Caçador;
24/03/2025;Araranguá;
24/03/2025;Indaial;
24/03/2025;Xanxerê;
24/03/2025;São Miguel do Oeste;
24/03/2025;Laguna;
24/03/2025;Curitibanos;
24/03/2025;Rio Negrinho;
24/03/2025;Campos Novos;
24/03/2025;Itapoá;
24/03/2025;Joaçaba;
25/03/2025;Florianópolis;
25/03/2025;Itajaí;
25/03/2025;Chapecó;
25/03/2025;Lages;
25/03/2025;Caçador;
25/03/2025;Araranguá;
25/03/2025;Indaial;
25/03/2025;Xanxerê;
25/03/2025;São Miguel do Oeste;
25/03/2025;Laguna;
25/03/2025;Curitibanos;
25/03/2025;Rio Negrinho;
25/03/2025;Campos Novos;
25/03/2025;Itapoá;
25/03/2025;Joaçaba;
26/03/2025;Florianópolis;
26/03/2025;Itajaí;
26/03/2025;Chapecó;
26/03/2025;Lages;
26/03/2025;Caçador;
26/03/2025;Araranguá;
26/03/2025;Indaial;
26/03/2025;Xanxerê;
26/03/2025;São Miguel do Oeste;
26/03/2025;Laguna;
26/03/2025;Curitibanos;
26/03/2025;Rio Negrinho;
26/03/2025;Campos Novos;
26/03/2025;Itapoá;
26/03/2025;Joaçaba;
27/03/2025;Florianópolis;
27/03/2025;Itajaí;
27/03/2025;Chapecó;
27/03/2025;Lages;
27/03/2025;Caçador;
27/03/2025;Araranguá;
27/03/2025;Indaial;
27/03/2025;Xanxerê;
27/03/2025;São Miguel do Oeste;
27/03/2025;Laguna;
27/03/2025;Curitibanos;
27/03/2025;Rio Negrinho;
27/03/2025;Campos Novos;
27/03/2025;Itapoá;
27/03/2025;Joaçaba;
28/03/2025;Florianópolis;
28/03/2025;Itajaí;
28/03/2025;Chapecó;
28/03/2025;Lages;
28/03/2025;Caçador;
28/03/2025;Araranguá;
28/03/2025;Indaial;
28/03/2025;Xanxerê;
28/03/2025;São Miguel do Oeste;
28/03/2025;Laguna;
28/03/2025;Curitibanos;
28/03/2025;Rio Negrinho;
28/03/2025;Campos Novos;
28/03/2025;Itapoá;
28/03/2025;Joaçaba;
29/03/2025;Florianópolis;
29/03/2025;Itajaí;
29/03/2025;Chapecó;
29/03/2025;Lages;
29/03/2025;Caçador;
29/03/2025;Araranguá;
29/03/2025;Indaial;
29/03/2025;Xanxerê;
29/03/2025;São Miguel do Oeste;
29/03/2025;Laguna;
29/03/2025;Curitibanos;
29/03/2025;Rio Negrinho;
29/03/2025;Campos Novos;
29/03/2025;Itapoá;
29/03/2025;Joaçaba;
30/03/2025;Florianópolis;
30/03/2025;Itajaí;
30/03/2025;Chapecó;
30/03/2025;Lages;
30/03/2025;Caçador;
30/03/2025;Araranguá;
30/03/2025;Indaial;
30/03/2025;Xanxerê;
30/03/2025;São Miguel do Oeste;
30/03/2025;Laguna;
30/03/2025;Curitibanos;
30/03/2025;Rio Negrinho;
30/03/2025;Campos Novos;
30/03/2025;Itapoá;
30/03/2025;Joaçaba;
31/03/2025;Florianópolis;
31/03/2025;Itajaí;
31/03/2025;Chapecó;
31/03/2025;Lages;
31/03/2025;Caçador;
31/03/2025;Araranguá;
31/03/2025;Indaial;
31/03/2025;Xanxerê;
31/03/2025;São Miguel do Oeste;
31/03/2025;Laguna;
31/03/2025;Curitibanos;
31/03/2025;Rio Negrinho;
31/03/2025;Campos Novos;
31/03/2025;Itapoá;
31/03/2025;Joaçaba;
01/04/2025;Florianópolis;
01/04/2025;Itajaí;
01/04/2025;Chapecó;
01/04/2025;Lages;
01/04/2025;Caçador;
01/04/2025;Araranguá;
01/04/2025;Indaial;
01/04/2025;Xanxerê;
01/04/2025;São Miguel do Oeste;
01/04/2025;Laguna;
01/04/2025;Curitibanos;
01/04/2025;Rio Negrinho;
01/04/2025;Campos Novos;
01/04/2025;Itapoá;
01/04/2025;Joaçaba;
02/04/2025;Florianópolis;
02/04/2025;Itajaí;
02/04/2025;Chapecó;
02/04/2025;Lages;
02/04/2025;Caçador;
02/04/2025;Araranguá;
02/04/2025;Indaial;
02/04/2025;Xanxerê;
02/04/2025;São Miguel do Oeste;
02/04/2025;Laguna;
02/04/2025;Curitibanos;
02/04/2025;Rio Negrinho;
02/04/2025;Campos Novos;
02/04/2025;Itapoá;
02/04/2025;Joaçaba;
03/04/2025;Florianópolis;
03/04/2025;Itajaí;
03/04/2025;Chapecó;
03/04/2025;Lages;
03/04/2025;Caçador;
03/04/2025;Araranguá;
03/04/2025;Indaial;
03/04/2025;Xanxerê;
03/04/2025;São Miguel do Oeste;
03/04/2025;Laguna;
03/04/2025;Curitibanos;
03/04/2025;Rio Negrinho;
03/04/2025;Campos Novos;
03/04/2025;Itapoá;
03/04/2025;Joaçaba;
04/04/2025;Florianópolis;
04/04/2025;Itajaí;
04/04/2025;Chapecó;
04/04/2025;Lages;
04/04/2025;Caçador;
04/04/2025;Araranguá;
04/04/2025;Indaial;
04/04/2025;Xanxerê;
04/04/2025;São Miguel do Oeste;
04/04/2025;Laguna;
04/04/2025;Curitibanos;
04/04/2025;Rio Negrinho;
04/04/2025;Campos Novos;
04/04/2025;Itapoá;
04/04/2025;Joaçaba;
05/04/2025;Florianópolis;
05/04/2025;Itajaí;
05/04/2025;Chapecó;
05/04/2025;Lages;
05/04/2025;Caçador;
05/04/2025;Araranguá;
05/04/2025;Indaial;
05/04/2025;Xanxerê;
05/04/2025;São Miguel do Oeste;
05/04/2025;Laguna;
05/04/2025;Curitibanos;
05/04/2025;Rio Negrinho;
05/04/2025;Campos Novos;
05/04/2025;Itapoá;
05/04/2025;Joaçaba;
06/04/2025;Florianópolis;
06/04/2025;Itajaí;
06/04/2025;Chapecó;
06/04/2025;Lages;
06/04/2025;Caçador;
06/04/2025;Araranguá;
06/04/2025;Indaial;
06/04/2025;Xanxerê;
06/04/2025;São Miguel do Oeste;
06/04/2025;Laguna;
06/04/2025;Curitibanos;
06/04/2025;Rio Negrinho;
06/04/2025;Campos Novos;
06/04/2025;Itapoá;
06/04/2025;Joaçaba;
07/04/2025;Florianópolis;
07/04/2025;Itajaí;
07/04/2025;Chapecó;
07/04/2025;Lages;
07/04/2025;Caçador;
07/04/2025;Araranguá;
07/04/2025;Indaial;
07/04/2025;Xanxerê;
07/04/2025;São Miguel do Oeste;
07/04/2025;Laguna;
07/04/2025;Curitibanos;
07/04/2025;Rio Negrinho;
07/04/2025;Campos Novos;
07/04/2025;Itapoá;
07/04/2025;Joaçaba;
08/04/2025;Florianópolis;
08/04/2025;Itajaí;
08/04/2025;Chapecó;
08/04/2025;Lages;
08/04/2025;Caçador;
08/04/2025;Araranguá;
08/04/2025;Indaial;
08/04/2025;Xanxerê;
08/04/2025;São Miguel do Oeste;
08/04/2025;Laguna;
08/04/2025;Curitibanos;
08/04/2025;Rio Negrinho;
08/04/2025;Campos Novos;
08/04/2025;Itapoá;
08/04/2025;Joaçaba;
09/04/2025;Florianópolis;
09/04/2025;Itajaí;
09/04/2025;Chapecó;
09/04/2025;Lages;
09/04/2025;Caçador;
09/04/2025;Araranguá;
09/04/2025;Indaial;
09/04/2025;Xanxerê;
09/04/2025;São Miguel do Oeste;
09/04/2025;Laguna;
09/04/2025;Curitibanos;
09/04/2025;Rio Negrinho;
09/04/2025;Campos Novos;
09/04/2025;Itapoá;
09/04/2025;Joaçaba;
10/04/2025;Florianópolis;
10/04/2025;Itajaí;
10/04/2025;Chapecó;
10/04/2025;Lages;
10/04/2025;Caçador;
10/04/2025;Araranguá;
10/04/2025;Indaial;
10/04/2025;Xanxerê;
10/04/2025;São Miguel do Oeste;
10/04/2025;Laguna;
10/04/2025;Curitibanos;
10/04/2025;Rio Negrinho;
10/04/2025;Campos Novos;
10/04/2025;Itapoá;
10/04/2025;Joaçaba;
11/04/2025;Florianópolis;
11/04/2025;Itajaí;
11/04/2025;Chapecó;
11/04/2025;Lages;
11/04/2025;Caçador;
11/04/2025;Araranguá;
11/04/2025;Indaial;
11/04/2025;Xanxerê;
11/04/2025;São Miguel do Oeste;
11/04/2025;Laguna;
11/04/2025;Curitibanos;
11/04/2025;Rio Negrinho;
11/04/2025;Campos Novos;
11/04/2025;Itapoá;
11/04/2025;Joaçaba;
12/04/2025;Florianópolis;
12/04/2025;Itajaí;
12/04/2025;Chapecó;
12/04/2025;Lages;
12/04/2025;Caçador;
12/04/2025;Araranguá;
12/04/2025;Indaial;
12/04/2025;Xanxerê;
12/04/2025;São Miguel do Oeste;
12/04/2025;Laguna;
12/04/2025;Curitibanos;
12/04/2025;Rio Negrinho;
12/04/2025;Campos Novos;
12/04/2025;Itapoá;
12/04/2025;Joaçaba;
13/04/2025;Florianópolis;
13/04/2025;Itajaí;
13/04/2025;Chapecó;
13/04/2025;Lages;
13/04/2025;Caçador;
13/04/2025;Araranguá;
13/04/2025;Indaial;
13/04/2025;Xanxerê;
13/04/2025;São Miguel do Oeste;
13/04/2025;Laguna;
13/04/2025;Curitibanos;
13/04/2025;Rio Negrinho;
13/04/2025;Campos Novos;
13/04/2025;Itapoá;
13/04/2025;Joaçaba;
14/04/2025;Florianópolis;
14/04/2025;Itajaí;
14/04/2025;Chapecó;
14/04/2025;Lages;
14/04/2025;Caçador;
14/04/2025;Araranguá;
14/04/2025;Indaial;
14/04/2025;Xanxerê;
14/04/2025;São Miguel do Oeste;
14/04/2025;Laguna;
14/04/2025;Curitibanos;
14/04/2025;Rio Negrinho;
14/04/2025;Campos Novos;
14/04/2025;Itapoá;
14/04/2025;Joaçaba;
15/04/2025;Florianópolis;
15/04/2025;Itajaí;
15/04/2025;Chapecó;
15/04/2025;Lages;
15/04/2025;Caçador;
15/04/2025;Araranguá;
15/04/2025;Indaial;
15/04/2025;Xanxerê;
15/04/2025;São Miguel do Oeste;
15/04/2025;Laguna;
15/04/2025;Curitibanos;
15/04/2025;Rio Negrinho;
15/04/2025;Campos Novos;
15/04/2025;Itapoá;
15/04/2025;Joaçaba;
16/04/2025;Florianópolis;
16/04/2025;Itajaí;
16/04/2025;Chapecó;
16/04/2025;Lages;
16/04/2025;Caçador;
16/04/2025;Araranguá;
16/04/2025;Indaial;
16/04/2025;Xanxerê;
16/04/2025;São Miguel do Oeste;
16/04/2025;Laguna;
16/04/2025;Curitibanos;
16/04/2025;Rio Negrinho;
16/04/2025;Campos Novos;
16/04/2025;Itapoá;
16/04/2025;Joaçaba;
17/04/2025;Florianópolis;
17/04/2025;Itajaí;
17/04/2025;Chapecó;
17/04/2025;Lages;
17/04/2025;Caçador;
17/04/2025;Araranguá;
17/04/2025;Indaial;
17/04/2025;Xanxerê;
17/04/2025;São Miguel do Oeste;
17/04/2025;Laguna;
17/04/2025;Curitibanos;
17/04/2025;Rio Negrinho;
17/04/2025;Campos Novos;
17/04/2025;Itapoá;
17/04/2025;Joaçaba;
18/04/2025;Florianópolis;
18/04/2025;Itajaí;
18/04/2025;Chapecó;
18/04/2025;Lages;
18/04/2025;Caçador;
18/04/2025;Araranguá;
18/04/2025;Indaial;
18/04/2025;Xanxerê;
18/04/2025;São Miguel do Oeste;
18/04/2025;Laguna;
18/04/2025;Curitibanos;
18/04/2025;Rio Negrinho;
18/04/2025;Campos Novos;
18/04/2025;Itapoá;
18/04/2025;Joaçaba;
19/04/2025;Florianópolis;
19/04/2025;Itajaí;
19/04/2025;Chapecó;
19/04/2025;Lages;
19/04/2025;Caçador;
19/04/2025;Araranguá;
19/04/2025;Indaial;
19/04/2025;Xanxerê;
19/04/2025;São Miguel do Oeste;
19/04/2025;Laguna;
19/04/2025;Curitibanos;
19/04/2025;Rio Negrinho;
19/04/2025;Campos Novos;
19/04/2025;Itapoá;
19/04/2025;Joaçaba;
20/04/2025;Florianópolis;
20/04/2025;Itajaí;
20/04/2025;Chapecó;
20/04/2025;Lages;
20/04/2025;Caçador;
20/04/2025;Araranguá;
20/04/2025;Indaial;
20/04/2025;Xanxerê;
20/04/2025;São Miguel do Oeste;
20/04/2025;Laguna;
20/04/2025;Curitibanos;
20/04/2025;Rio Negrinho;
20/04/2025;Campos Novos;
20/04/2025;Itapoá;
20/04/2025;Joaçaba;
21/04/2025;Florianópolis;
21/04/2025;Itajaí;
21/04/2025;Chapecó;
21/04/2025;Lages;
21/04/2025;Caçador;
21/04/2025;Araranguá;
21/04/2025;Indaial;
21/04/2025;Xanxerê;
21/04/2025;São Miguel do Oeste;
21/04/2025;Laguna;
21/04/2025;Curitibanos;
21/04/2025;Rio Negrinho;
21/04/2025;Campos Novos;
21/04/2025;Itapoá;
21/04/2025;Joaçaba;
22/04/2025;Florianópolis;
22/04/2025;Itajaí;
22/04/2025;Chapecó;
22/04/2025;Lages;
22/04/2025;Caçador;
22/04/2025;Araranguá;
22/04/2025;Indaial;
22/04/2025;Xanxerê;
22/04/2025;São Miguel do Oeste;
22/04/2025;Laguna;
22/04/2025;Curitibanos;
22/04/2025;Rio Negrinho;
22/04/2025;Campos Novos;
22/04/2025;Itapoá;
22/04/2025;Joaçaba;
23/04/2025;Florianópolis;
23/04/2025;Itajaí;
23/04/2025;Chapecó;
23/04/2025;Lages;
23/04/2025;Caçador;
23/04/2025;Araranguá;
23/04/2025;Indaial;
23/04/2025;Xanxerê;
23/04/2025;São Miguel do Oeste;
23/04/2025;Laguna;
23/04/2025;Curitibanos;
23/04/2025;Rio Negrinho;
23/04/2025;Campos Novos;
23/04/2025;Itapoá;
23/04/2025;Joaçaba;
24/04/2025;Florianópolis;
24/04/2025;Itajaí;
24/04/2025;Chapecó;
24/04/2025;Lages;
24/04/2025;Caçador;
24/04/2025;Araranguá;
24/04/2025;Indaial;
24/04/2025;Xanxerê;
24/04/2025;São Miguel do Oeste;
24/04/2025;Laguna;
24/04/2025;Curitibanos;
24/04/2025;Rio Negrinho;
24/04/2025;Campos Novos;
24/04/2025;Itapoá;
24/04/2025;Joaçaba;
25/04/2025;Florianópolis;
25/04/2025;Itajaí;
25/04/2025;Chapecó;
25/04/2025;Lages;
25/04/2025;Caçador;
25/04/2025;Araranguá;
25/04/2025;Indaial;
25/04/2025;Xanxerê;
25/04/2025;São Miguel do Oeste;
25/04/2025;Laguna;
25/04/2025;Curitibanos;
25/04/2025;Rio Negrinho;
25/04/2025;Campos Novos;
25/04/2025;Itapoá;
25/04/2025;Joaçaba;
26/04/2025;Florianópolis;
26/04/2025;Itajaí;
26/04/2025;Chapecó;
26/04/2025;Lages;
26/04/2025;Caçador;
26/04/2025;Araranguá;
26/04/2025;Indaial;
26/04/2025;Xanxerê;
26/04/2025;São Miguel do Oeste;
26/04/2025;Laguna;
26/04/2025;Curitibanos;
26/04/2025;Rio Negrinho;
26/04/2025;Campos Novos;
26/04/2025;Itapoá;
26/04/2025;Joaçaba;
27/04/2025;Florianópolis;
27/04/2025;Itajaí;
27/04/2025;Chapecó;
27/04/2025;Lages;
27/04/2025;Caçador;
27/04/2025;Araranguá;
27/04/2025;Indaial;
27/04/2025;Xanxerê;
27/04/2025;São Miguel do Oeste;
27/04/2025;Laguna;
27/04/2025;Curitibanos;
27/04/2025;Rio Negrinho;
27/04/2025;Campos Novos;
27/04/2025;Itapoá;
27/04/2025;Joaçaba;
28/04/2025;Florianópolis;
28/04/2025;Itajaí;
28/04/2025;Chapecó;
28/04/2025;Lages;
28/04/2025;Caçador;
28/04/2025;Araranguá;
28/04/2025;Indaial;
28/04/2025;Xanxerê;
28/04/2025;São Miguel do Oeste;
28/04/2025;Laguna;
28/04/2025;Curitibanos;
28/04/2025;Rio Negrinho;
28/04/2025;Campos Novos;
28/04/2025;Itapoá;
28/04/2025;Joaçaba;
29/04/2025;Florianópolis;
29/04/2025;Itajaí;
29/04/2025;Chapecó;
29/04/2025;Lages;
29/04/2025;Caçador;
29/04/2025;Araranguá;
29/04/2025;Indaial;
29/04/2025;Xanxerê;
29/04/2025;São Miguel do Oeste;
29/04/2025;Laguna;
29/04/2025;Curitibanos;
29/04/2025;Rio Negrinho;
29/04/2025;Campos Novos;
29/04/2025;Itapoá;
29/04/2025;Joaçaba;
30/04/2025;Florianópolis;
30/04/2025;Itajaí;
30/04/2025;Chapecó;
30/04/2025;Lages;
30/04/2025;Caçador;
30/04/2025;Araranguá;
30/04/2025;Indaial;
30/04/2025;Xanxerê;
30/04/2025;São Miguel do Oeste;
30/04/2025;Laguna;
30/04/2025;Curitibanos;
30/04/2025;Rio Negrinho;
30/04/2025;Campos Novos;
30/04/2025;Itapoá;
30/04/2025;Joaçaba;
01/05/2025;Florianópolis;
01/05/2025;Itajaí;
01/05/2025;Chapecó;
01/05/2025;Lages;
01/05/2025;Caçador;
01/05/2025;Araranguá;
01/05/2025;Indaial;
01/05/2025;Xanxerê;
01/05/2025;São Miguel do Oeste;
01/05/2025;Laguna;
01/05/2025;Curitibanos;
01/05/2025;Rio Negrinho;
01/05/2025;Campos Novos;
01/05/2025;Itapoá;
01/05/2025;Joaçaba;
02/05/2025;Florianópolis;
02/05/2025;Itajaí;
02/05/2025;Chapecó;
02/05/2025;Lages;
02/05/2025;Caçador;
02/05/2025;Araranguá;
02/05/2025;Indaial;
02/05/2025;Xanxerê;
02/05/2025;São Miguel do Oeste;
02/05/2025;Laguna;
02/05/2025;Curitibanos;
02/05/2025;Rio Negrinho;
02/05/2025;Campos Novos;
02/05/2025;Itapoá;
02/05/2025;Joaçaba;
03/05/2025;Florianópolis;
03/05/2025;Itajaí;
03/05/2025;Chapecó;
03/05/2025;Lages;
03/05/2025;Caçador;
03/05/2025;Araranguá;
03/05/2025;Indaial;
03/05/2025;Xanxerê;
03/05/2025;São Miguel do Oeste;
03/05/2025;Laguna;
03/05/2025;Curitibanos;
03/05/2025;Rio Negrinho;
03/05/2025;Campos Novos;
03/05/2025;Itapoá;
03/05/2025;Joaçaba;
04/05/2025;Florianópolis;
04/05/2025;Itajaí;
04/05/2025;Chapecó;
04/05/2025;Lages;
04/05/2025;Caçador;
04/05/2025;Araranguá;
04/05/2025;Indaial;
04/05/2025;Xanxerê;
04/05/2025;São Miguel do Oeste;
04/05/2025;Laguna;
04/05/2025;Curitibanos;
04/05/2025;Rio Negrinho;
04/05/2025;Campos Novos;
04/05/2025;Itapoá;
04/05/2025;Joaçaba;
05/05/2025;Florianópolis;
05/05/2025;Itajaí;
05/05/2025;Chapecó;
05/05/2025;Lages;
05/05/2025;Caçador;
05/05/2025;Araranguá;
05/05/2025;Indaial;
05/05/2025;Xanxerê;
05/05/2025;São Miguel do Oeste;
05/05/2025;Laguna;
05/05/2025;Curitibanos;
05/05/2025;Rio Negrinho;
05/05/2025;Campos Novos;
05/05/2025;Itapoá;
05/05/2025;Joaçaba;
06/05/2025;Florianópolis;
06/05/2025;Itajaí;
06/05/2025;Chapecó;
06/05/2025;Lages;
06/05/2025;Caçador;
06/05/2025;Araranguá;
06/05/2025;Indaial;
06/05/2025;Xanxerê;
06/05/2025;São Miguel do Oeste;
06/05/2025;Laguna;
06/05/2025;Curitibanos;
06/05/2025;Rio Negrinho;
06/05/2025;Campos Novos;
06/05/2025;Itapoá;
06/05/2025;Joaçaba;
07/05/2025;Florianópolis;
07/05/2025;Itajaí;
07/05/2025;Chapecó;
07/05/2025;Lages;
07/05/2025;Caçador;
07/05/2025;Araranguá;
07/05/2025;Indaial;
07/05/2025;Xanxerê;
07/05/2025;São Miguel do Oeste;
07/05/2025;Laguna;
07/05/2025;Curitibanos;
07/05/2025;Rio Negrinho;
07/05/2025;Campos Novos;
07/05/2025;Itapoá;
07/05/2025;Joaçaba;
08/05/2025;Florianópolis;
08/05/2025;Itajaí;
08/05/2025;Chapecó;
08/05/2025;Lages;
08/05/2025;Caçador;
08/05/2025;Araranguá;
08/05/2025;Indaial;
08/05/2025;Xanxerê;
08/05/2025;São Miguel do Oeste;
08/05/2025;Laguna;
08/05/2025;Curitibanos;
08/05/2025;Rio Negrinho;
08/05/2025;Campos Novos;
08/05/2025;Itapoá;
08/05/2025;Joaçaba;
09/05/2025;Florianópolis;
09/05/2025;Itajaí;
09/05/2025;Chapecó;
09/05/2025;Lages;
09/05/2025;Caçador;
09/05/2025;Araranguá;
09/05/2025;Indaial;
09/05/2025;Xanxerê;
09/05/2025;São Miguel do Oeste;
09/05/2025;Laguna;
09/05/2025;Curitibanos;
09/05/2025;Rio Negrinho;
09/05/2025;Campos Novos;
09/05/2025;Itapoá;
09/05/2025;Joaçaba;
10/05/2025;Florianópolis;
10/05/2025;Itajaí;
10/05/2025;Chapecó;
10/05/2025;Lages;
10/05/2025;Caçador;
10/05/2025;Araranguá;
10/05/2025;Indaial;
10/05/2025;Xanxerê;
10/05/2025;São Miguel do Oeste;
10/05/2025;Laguna;
10/05/2025;Curitibanos;
10/05/2025;Rio Negrinho;
10/05/2025;Campos Novos;
10/05/2025;Itapoá;
10/05/2025;Joaçaba;
11/05/2025;Florianópolis;
11/05/2025;Itajaí;
11/05/2025;Chapecó;
11/05/2025;Lages;
11/05/2025;Caçador;
11/05/2025;Araranguá;
11/05/2025;Indaial;
11/05/2025;Xanxerê;
11/05/2025;São Miguel do Oeste;
11/05/2025;Laguna;
11/05/2025;Curitibanos;
11/05/2025;Rio Negrinho;
11/05/2025;Campos Novos;
11/05/2025;Itapoá;
11/05/2025;Joaçaba;
12/05/2025;Florianópolis;
12/05/2025;Itajaí;
12/05/2025;Chapecó;
12/05/2025;Lages;
12/05/2025;Caçador;
12/05/2025;Araranguá;
12/05/2025;Indaial;
12/05/2025;Xanxerê;
12/05/2025;São Miguel do Oeste;
12/05/2025;Laguna;
12/05/2025;Curitibanos;
12/05/2025;Rio Negrinho;
12/05/2025;Campos Novos;
12/05/2025;Itapoá;
12/05/2025;Joaçaba;
13/05/2025;Florianópolis;
13/05/2025;Itajaí;
13/05/2025;Chapecó;
13/05/2025;Lages;
13/05/2025;Caçador;
13/05/2025;Araranguá;
13/05/2025;Indaial;
13/05/2025;Xanxerê;
13/05/2025;São Miguel do Oeste;
13/05/2025;Laguna;
13/05/2025;Curitibanos;
13/05/2025;Rio Negrinho;
13/05/2025;Campos Novos;
13/05/2025;Itapoá;
13/05/2025;Joaçaba;
14/05/2025;Florianópolis;
14/05/2025;Itajaí;
14/05/2025;Chapecó;
14/05/2025;Lages;
14/05/2025;Caçador;
14/05/2025;Araranguá;
14/05/2025;Indaial;
14/05/2025;Xanxerê;
14/05/2025;São Miguel do Oeste;
14/05/2025;Laguna;
14/05/2025;Curitibanos;
14/05/2025;Rio Negrinho;
14/05/2025;Campos Novos;
14/05/2025;Itapoá;
14/05/2025;Joaçaba;
15/05/2025;Florianópolis;
15/05/2025;Itajaí;
15/05/2025;Chapecó;
15/05/2025;Lages;
15/05/2025;Caçador;
15/05/2025;Araranguá;
15/05/2025;Indaial;
15/05/2025;Xanxerê;
15/05/2025;São Miguel do Oeste;
15/05/2025;Laguna;
15/05/2025;Curitibanos;
15/05/2025;Rio Negrinho;
15/05/2025;Campos Novos;
15/05/2025;Itapoá;
15/05/2025;Joaçaba;
16/05/2025;Florianópolis;
16/05/2025;Itajaí;
16/05/2025;Chapecó;
16/05/2025;Lages;
16/05/2025;Caçador;
16/05/2025;Araranguá;
16/05/2025;Indaial;
16/05/2025;Xanxerê;
16/05/2025;São Miguel do Oeste;
16/05/2025;Laguna;
16/05/2025;Curitibanos;
16/05/2025;Rio Negrinho;
16/05/2025;Campos Novos;
16/05/2025;Itapoá;
16/05/2025;Joaçaba;
17/05/2025;Florianópolis;
17/05/2025;Itajaí;
17/05/2025;Chapecó;
17/05/2025;Lages;
17/05/2025;Caçador;
17/05/2025;Araranguá;
17/05/2025;Indaial;
17/05/2025;Xanxerê;
17/05/2025;São Miguel do Oeste;
17/05/2025;Laguna;
17/05/2025;Curitibanos;
17/05/2025;Rio Negrinho;
17/05/2025;Campos Novos;
17/05/2025;Itapoá;
17/05/2025;Joaçaba;
18/05/2025;Florianópolis;
18/05/2025;Itajaí;
18/05/2025;Chapecó;
18/05/2025;Lages;
18/05/2025;Caçador;
18/05/2025;Araranguá;
18/05/2025;Indaial;
18/05/2025;Xanxerê;
18/05/2025;São Miguel do Oeste;
18/05/2025;Laguna;
18/05/2025;Curitibanos;
18/05/2025;Rio Negrinho;
18/05/2025;Campos Novos;
18/05/2025;Itapoá;
18/05/2025;Joaçaba;
19/05/2025;Florianópolis;
19/05/2025;Itajaí;
19/05/2025;Chapecó;
19/05/2025;Lages;
19/05/2025;Caçador;
19/05/2025;Araranguá;
19/05/2025;Indaial;
19/05/2025;Xanxerê;
19/05/2025;São Miguel do Oeste;
19/05/2025;Laguna;
19/05/2025;Curitibanos;
19/05/2025;Rio Negrinho;
19/05/2025;Campos Novos;
19/05/2025;Itapoá;
19/05/2025;Joaçaba;
20/05/2025;Florianópolis;
20/05/2025;Itajaí;
20/05/2025;Chapecó;
20/05/2025;Lages;
20/05/2025;Caçador;
20/05/2025;Araranguá;
20/05/2025;Indaial;
20/05/2025;Xanxerê;
20/05/2025;São Miguel do Oeste;
20/05/2025;Laguna;
20/05/2025;Curitibanos;
20/05/2025;Rio Negrinho;
20/05/2025;Campos Novos;
20/05/2025;Itapoá;
20/05/2025;Joaçaba;
21/05/2025;Florianópolis;
21/05/2025;Itajaí;
21/05/2025;Chapecó;
21/05/2025;Lages;
21/05/2025;Caçador;
21/05/2025;Araranguá;
21/05/2025;Indaial;
21/05/2025;Xanxerê;
21/05/2025;São Miguel do Oeste;
21/05/2025;Laguna;
21/05/2025;Curitibanos;
21/05/2025;Rio Negrinho;
21/05/2025;Campos Novos;
21/05/2025;Itapoá;
21/05/2025;Joaçaba;
22/05/2025;Florianópolis;
22/05/2025;Itajaí;
22/05/2025;Chapecó;
22/05/2025;Lages;
22/05/2025;Caçador;
22/05/2025;Araranguá;
22/05/2025;Indaial;
22/05/2025;Xanxerê;
22/05/2025;São Miguel do Oeste;
22/05/2025;Laguna;
22/05/2025;Curitibanos;
22/05/2025;Rio Negrinho;
22/05/2025;Campos Novos;
22/05/2025;Itapoá;
22/05/2025;Joaçaba;
23/05/2025;Florianópolis;
23/05/2025;Itajaí;
23/05/2025;Chapecó;
23/05/2025;Lages;
23/05/2025;Caçador;
23/05/2025;Araranguá;
23/05/2025;Indaial;
23/05/2025;Xanxerê;
23/05/2025;São Miguel do Oeste;
23/05/2025;Laguna;
23/05/2025;Curitibanos;
23/05/2025;Rio Negrinho;
23/05/2025;Campos Novos;
23/05/2025;Itapoá;
23/05/2025;Joaçaba;
24/05/2025;Florianópolis;
24/05/2025;Itajaí;
24/05/2025;Chapecó;
24/05/2025;Lages;
24/05/2025;Caçador;
24/05/2025;Araranguá;
24/05/2025;Indaial;
24/05/2025;Xanxerê;
24/05/2025;São Miguel do Oeste;
24/05/2025;Laguna;
24/05/2025;Curitibanos;
24/05/2025;Rio Negrinho;
24/05/2025;Campos Novos;
24/05/2025;Itapoá;
24/05/2025;Joaçaba;
25/05/2025;Florianópolis;
25/05/2025;Itajaí;
25/05/2025;Chapecó;
25/05/2025;Lages;
25/05/2025;Caçador;
25/05/2025;Araranguá;
25/05/2025;Indaial;
25/05/2025;Xanxerê;
25/05/2025;São Miguel do Oeste;
25/05/2025;Laguna;
25/05/2025;Curitibanos;
25/05/2025;Rio Negrinho;
25/05/2025;Campos Novos;
25/05/2025;Itapoá;
25/05/2025;Joaçaba;
26/05/2025;Florianópolis;
26/05/2025;Itajaí;
26/05/2025;Chapecó;
26/05/2025;Lages;
26/05/2025;Caçador;
26/05/2025;Araranguá;
26/05/2025;Indaial;
26/05/2025;Xanxerê;
26/05/2025;São Miguel do Oeste;
26/05/2025;Laguna;
26/05/2025;Curitibanos;
26/05/2025;Rio Negrinho;
26/05/2025;Campos Novos;
26/05/2025;Itapoá;
26/05/2025;Joaçaba;
27/05/2025;Florianópolis;
27/05/2025;Itajaí;
27/05/2025;Chapecó;
27/05/2025;Lages;
27/05/2025;Caçador;
27/05/2025;Araranguá;
27/05/2025;Indaial;
27/05/2025;Xanxerê;
27/05/2025;São Miguel do Oeste;
27/05/2025;Laguna;
27/05/2025;Curitibanos;
27/05/2025;Rio Negrinho;
27/05/2025;Campos Novos;
27/05/2025;Itapoá;
27/05/2025;Joaçaba;
28/05/2025;Florianópolis;
28/05/2025;Itajaí;
28/05/2025;Chapecó;
28/05/2025;Lages;
28/05/2025;Caçador;
28/05/2025;Araranguá;
28/05/2025;Indaial;
28/05/2025;Xanxerê;
28/05/2025;São Miguel do Oeste;
28/05/2025;Laguna;
28/05/2025;Curitibanos;
28/05/2025;Rio Negrinho;
28/05/2025;Campos Novos;
28/05/2025;Itapoá;
28/05/2025;Joaçaba;
29/05/2025;Florianópolis;
29/05/2025;Itajaí;
29/05/2025;Chapecó;
29/05/2025;Lages;
29/05/2025;Caçador;
29/05/2025;Araranguá;
29/05/2025;Indaial;
29/05/2025;Xanxerê;
29/05/2025;São Miguel do Oeste;
29/05/2025;Laguna;
29/05/2025;Curitibanos;
29/05/2025;Rio Negrinho;
29/05/2025;Campos Novos;
29/05/2025;Itapoá;
29/05/2025;Joaçaba;
30/05/2025;Florianópolis;
30/05/2025;Itajaí;
30/05/2025;Chapecó;
30/05/2025;Lages;
30/05/2025;Caçador;
30/05/2025;Araranguá;
30/05/2025;Indaial;
30/05/2025;Xanxerê;
30/05/2025;São Miguel do Oeste;
30/05/2025;Laguna;
30/05/2025;Curitibanos;
30/05/2025;Rio Negrinho;
30/05/2025;Campos Novos;
30/05/2025;Itapoá;
30/05/2025;Joaçaba;
31/05/2025;Florianópolis;
31/05/2025;Itajaí;
31/05/2025;Chapecó;
31/05/2025;Lages;
31/05/2025;Caçador;
31/05/2025;Araranguá;
31/05/2025;Indaial;
31/05/2025;Xanxerê;
31/05/2025;São Miguel do Oeste;
31/05/2025;Laguna;
31/05/2025;Curitibanos;
31/05/2025;Rio Negrinho;
31/05/2025;Campos Novos;
31/05/2025;Itapoá;
31/05/2025;Joaçaba;
01/06/2025;Florianópolis;
01/06/2025;Itajaí;
01/06/2025;Chapecó;
01/06/2025;Lages;
01/06/2025;Caçador;
01/06/2025;Araranguá;
01/06/2025;Indaial;
01/06/2025;Xanxerê;
01/06/2025;São Miguel do Oeste;
01/06/2025;Laguna;
01/06/2025;Curitibanos;
01/06/2025;Rio Negrinho;
01/06/2025;Campos Novos;
01/06/2025;Itapoá;
01/06/2025;Joaçaba;
02/06/2025;Florianópolis;
02/06/2025;Itajaí;
02/06/2025;Chapecó;
02/06/2025;Lages;
02/06/2025;Caçador;
02/06/2025;Araranguá;
02/06/2025;Indaial;
02/06/2025;Xanxerê;
02/06/2025;São Miguel do Oeste;
02/06/2025;Laguna;
02/06/2025;Curitibanos;
02/06/2025;Rio Negrinho;
02/06/2025;Campos Novos;
02/06/2025;Itapoá;
02/06/2025;Joaçaba;
03/06/2025;Florianópolis;
03/06/2025;Itajaí;
03/06/2025;Chapecó;
03/06/2025;Lages;
03/06/2025;Caçador;
03/06/2025;Araranguá;
03/06/2025;Indaial;
03/06/2025;Xanxerê;
03/06/2025;São Miguel do Oeste;
03/06/2025;Laguna;
03/06/2025;Curitibanos;
03/06/2025;Rio Negrinho;
03/06/2025;Campos Novos;
03/06/2025;Itapoá;
03/06/2025;Joaçaba;
04/06/2025;Florianópolis;
04/06/2025;Itajaí;
04/06/2025;Chapecó;
04/06/2025;Lages;
04/06/2025;Caçador;
04/06/2025;Araranguá;
04/06/2025;Indaial;
04/06/2025;Xanxerê;
04/06/2025;São Miguel do Oeste;
04/06/2025;Laguna;
04/06/2025;Curitibanos;
04/06/2025;Rio Negrinho;
04/06/2025;Campos Novos;
04/06/2025;Itapoá;
04/06/2025;Joaçaba;
05/06/2025;Florianópolis;
05/06/2025;Itajaí;
05/06/2025;Chapecó;
05/06/2025;Lages;
05/06/2025;Caçador;
05/06/2025;Araranguá;
05/06/2025;Indaial;
05/06/2025;Xanxerê;
05/06/2025;São Miguel do Oeste;
05/06/2025;Laguna;
05/06/2025;Curitibanos;
05/06/2025;Rio Negrinho;
05/06/2025;Campos Novos;
05/06/2025;Itapoá;
05/06/2025;Joaçaba;
06/06/2025;Florianópolis;
06/06/2025;Itajaí;
06/06/2025;Chapecó;
06/06/2025;Lages;
06/06/2025;Caçador;
06/06/2025;Araranguá;
06/06/2025;Indaial;
06/06/2025;Xanxerê;
06/06/2025;São Miguel do Oeste;
06/06/2025;Laguna;
06/06/2025;Curitibanos;
06/06/2025;Rio Negrinho;
06/06/2025;Campos Novos;
06/06/2025;Itapoá;
06/06/2025;Joaçaba;
07/06/2025;Florianópolis;
07/06/2025;Itajaí;
07/06/2025;Chapecó;
07/06/2025;Lages;
07/06/2025;Caçador;
07/06/2025;Araranguá;
07/06/2025;Indaial;
07/06/2025;Xanxerê;
07/06/2025;São Miguel do Oeste;
07/06/2025;Laguna;
07/06/2025;Curitibanos;
07/06/2025;Rio Negrinho;
07/06/2025;Campos Novos;
07/06/2025;Itapoá;
07/06/2025;Joaçaba;
08/06/2025;Florianópolis;
08/06/2025;Itajaí;
08/06/2025;Chapecó;
08/06/2025;Lages;
08/06/2025;Caçador;
08/06/2025;Araranguá;
08/06/2025;Indaial;
08/06/2025;Xanxerê;
08/06/2025;São Miguel do Oeste;
08/06/2025;Laguna;
08/06/2025;Curitibanos;
08/06/2025;Rio Negrinho;
08/06/2025;Campos Novos;
08/06/2025;Itapoá;
08/06/2025;Joaçaba;
09/06/2025;Florianópolis;
09/06/2025;Itajaí;
09/06/2025;Chapecó;
09/06/2025;Lages;
09/06/2025;Caçador;
09/06/2025;Araranguá;
09/06/2025;Indaial;
09/06/2025;Xanxerê;
09/06/2025;São Miguel do Oeste;
09/06/2025;Laguna;
09/06/2025;Curitibanos;
09/06/2025;Rio Negrinho;
09/06/2025;Campos Novos;
09/06/2025;Itapoá;
09/06/2025;Joaçaba;
10/06/2025;Florianópolis;
10/06/2025;Itajaí;
10/06/2025;Chapecó;
10/06/2025;Lages;
10/06/2025;Caçador;
10/06/2025;Araranguá;
10/06/2025;Indaial;
10/06/2025;Xanxerê;
10/06/2025;São Miguel do Oeste;
10/06/2025;Laguna;
10/06/2025;Curitibanos;
10/06/2025;Rio Negrinho;
10/06/2025;Campos Novos;
10/06/2025;Itapoá;
10/06/2025;Joaçaba;
11/06/2025;Florianópolis;
11/06/2025;Itajaí;
11/06/2025;Chapecó;
11/06/2025;Lages;
11/06/2025;Caçador;
11/06/2025;Araranguá;
11/06/2025;Indaial;
11/06/2025;Xanxerê;
11/06/2025;São Miguel do Oeste;
11/06/2025;Laguna;
11/06/2025;Curitibanos;
11/06/2025;Rio Negrinho;
11/06/2025;Campos Novos;
11/06/2025;Itapoá;
11/06/2025;Joaçaba;
12/06/2025;Florianópolis;
12/06/2025;Itajaí;
12/06/2025;Chapecó;
12/06/2025;Lages;
12/06/2025;Caçador;
12/06/2025;Araranguá;
12/06/2025;Indaial;
12/06/2025;Xanxerê;
12/06/2025;São Miguel do Oeste;
12/06/2025;Laguna;
12/06/2025;Curitibanos;
12/06/2025;Rio Negrinho;
12/06/2025;Campos Novos;
12/06/2025;Itapoá;
12/06/2025;Joaçaba;
13/06/2025;Florianópolis;
13/06/2025;Itajaí;
13/06/2025;Chapecó;
13/06/2025;Lages;
13/06/2025;Caçador;
13/06/2025;Araranguá;
13/06/2025;Indaial;
13/06/2025;Xanxerê;
13/06/2025;São Miguel do Oeste;
13/06/2025;Laguna;
13/06/2025;Curitibanos;
13/06/2025;Rio Negrinho;
13/06/2025;Campos Novos;
13/06/2025;Itapoá;
13/06/2025;Joaçaba;
14/06/2025;Florianópolis;
14/06/2025;Itajaí;
14/06/2025;Chapecó;
14/06/2025;Lages;
14/06/2025;Caçador;
14/06/2025;Araranguá;
14/06/2025;Indaial;
14/06/2025;Xanxerê;
14/06/2025;São Miguel do Oeste;
14/06/2025;Laguna;
14/06/2025;Curitibanos;
14/06/2025;Rio Negrinho;
14/06/2025;Campos Novos;
14/06/2025;Itapoá;
14/06/2025;Joaçaba;
15/06/2025;Florianópolis;
15/06/2025;Itajaí;
15/06/2025;Chapecó;
15/06/2025;Lages;
15/06/2025;Caçador;
15/06/2025;Araranguá;
15/06/2025;Indaial;
15/06/2025;Xanxerê;
15/06/2025;São Miguel do Oeste;
15/06/2025;Laguna;
15/06/2025;Curitibanos;
15/06/2025;Rio Negrinho;
15/06/2025;Campos Novos;
15/06/2025;Itapoá;
15/06/2025;Joaçaba;
16/06/2025;Florianópolis;
16/06/2025;Itajaí;
16/06/2025;Chapecó;
16/06/2025;Lages;
16/06/2025;Caçador;
16/06/2025;Araranguá;
16/06/2025;Indaial;
16/06/2025;Xanxerê;
16/06/2025;São Miguel do Oeste;
16/06/2025;Laguna;
16/06/2025;Curitibanos;
16/06/2025;Rio Negrinho;
16/06/2025;Campos Novos;
16/06/2025;Itapoá;
16/06/2025;Joaçaba;
17/06/2025;Florianópolis;
17/06/2025;Itajaí;
17/06/2025;Chapecó;
17/06/2025;Lages;
17/06/2025;Caçador;
17/06/2025;Araranguá;
17/06/2025;Indaial;
17/06/2025;Xanxerê;
17/06/2025;São Miguel do Oeste;
17/06/2025;Laguna;
17/06/2025;Curitibanos;
17/06/2025;Rio Negrinho;
17/06/2025;Campos Novos;
17/06/2025;Itapoá;
17/06/2025;Joaçaba;
18/06/2025;Florianópolis;
18/06/2025;Itajaí;
18/06/2025;Chapecó;
18/06/2025;Lages;
18/06/2025;Caçador;
18/06/2025;Araranguá;
18/06/2025;Indaial;
18/06/2025;Xanxerê;
18/06/2025;São Miguel do Oeste;
18/06/2025;Laguna;
18/06/2025;Curitibanos;
18/06/2025;Rio Negrinho;
18/06/2025;Campos Novos;
18/06/2025;Itapoá;
18/06/2025;Joaçaba;
19/06/2025;Florianópolis;
19/06/2025;Itajaí;
19/06/2025;Chapecó;
19/06/2025;Lages;
19/06/2025;Caçador;
19/06/2025;Araranguá;
19/06/2025;Indaial;
19/06/2025;Xanxerê;
19/06/2025;São Miguel do Oeste;
19/06/2025;Laguna;
19/06/2025;Curitibanos;
19/06/2025;Rio Negrinho;
19/06/2025;Campos Novos;
19/06/2025;Itapoá;
19/06/2025;Joaçaba;
20/06/2025;Florianópolis;
20/06/2025;Itajaí;
20/06/2025;Chapecó;
20/06/2025;Lages;
20/06/2025;Caçador;
20/06/2025;Araranguá;
20/06/2025;Indaial;
20/06/2025;Xanxerê;
20/06/2025;São Miguel do Oeste;
20/06/2025;Laguna;
20/06/2025;Curitibanos;
20/06/2025;Rio Negrinho;
20/06/2025;Campos Novos;
20/06/2025;Itapoá;
20/06/2025;Joaçaba;
21/06/2025;Florianópolis;
21/06/2025;Itajaí;
21/06/2025;Chapecó;
21/06/2025;Lages;
21/06/2025;Caçador;
21/06/2025;Araranguá;
21/06/2025;Indaial;
21/06/2025;Xanxerê;
21/06/2025;São Miguel do Oeste;
21/06/2025;Laguna;
21/06/2025;Curitibanos;
21/06/2025;Rio Negrinho;
21/06/2025;Campos Novos;
21/06/2025;Itapoá;
21/06/2025;Joaçaba;
22/06/2025;Florianópolis;
22/06/2025;Itajaí;
22/06/2025;Chapecó;
22/06/2025;Lages;
22/06/2025;Caçador;
22/06/2025;Araranguá;
22/06/2025;Indaial;
22/06/2025;Xanxerê;
22/06/2025;São Miguel do Oeste;
22/06/2025;Laguna;
22/06/2025;Curitibanos;
22/06/2025;Rio Negrinho;
22/06/2025;Campos Novos;
22/06/2025;Itapoá;
22/06/2025;Joaçaba;
23/06/2025;Florianópolis;
23/06/2025;Itajaí;
23/06/2025;Chapecó;
23/06/2025;Lages;
23/06/2025;Caçador;
23/06/2025;Araranguá;
23/06/2025;Indaial;
23/06/2025;Xanxerê;
23/06/2025;São Miguel do Oeste;
23/06/2025;Laguna;
23/06/2025;Curitibanos;
23/06/2025;Rio Negrinho;
23/06/2025;Campos Novos;
23/06/2025;Itapoá;
23/06/2025;Joaçaba;
24/06/2025;Florianópolis;
24/06/2025;Itajaí;
24/06/2025;Chapecó;
24/06/2025;Lages;
24/06/2025;Caçador;
24/06/2025;Araranguá;
24/06/2025;Indaial;
24/06/2025;Xanxerê;
24/06/2025;São Miguel do Oeste;
24/06/2025;Laguna;
24/06/2025;Curitibanos;
24/06/2025;Rio Negrinho;
24/06/2025;Campos Novos;
24/06/2025;Itapoá;
24/06/2025;Joaçaba;
25/06/2025;Florianópolis;
25/06/2025;Itajaí;
25/06/2025;Chapecó;
25/06/2025;Lages;
25/06/2025;Caçador;
25/06/2025;Araranguá;
25/06/2025;Indaial;
25/06/2025;Xanxerê;
25/06/2025;São Miguel do Oeste;
25/06/2025;Laguna;
25/06/2025;Curitibanos;
25/06/2025;Rio Negrinho;
25/06/2025;Campos Novos;
25/06/2025;Itapoá;
25/06/2025;Joaçaba;
26/06/2025;Florianópolis;
26/06/2025;Itajaí;
26/06/2025;Chapecó;
26/06/2025;Lages;
26/06/2025;Caçador;
26/06/2025;Araranguá;
26/06/2025;Indaial;
26/06/2025;Xanxerê;
26/06/2025;São Miguel do Oeste;
26/06/2025;Laguna;
26/06/2025;Curitibanos;
26/06/2025;Rio Negrinho;
26/06/2025;Campos Novos;
26/06/2025;Itapoá;
26/06/2025;Joaçaba;
27/06/2025;Florianópolis;
27/06/2025;Itajaí;
27/06/2025;Chapecó;
27/06/2025;Lages;
27/06/2025;Caçador;
27/06/2025;Araranguá;
27/06/2025;Indaial;
27/06/2025;Xanxerê;
27/06/2025;São Miguel do Oeste;
27/06/2025;Laguna;
27/06/2025;Curitibanos;
27/06/2025;Rio Negrinho;
27/06/2025;Campos Novos;
27/06/2025;Itapoá;
27/06/2025;Joaçaba;
28/06/2025;Florianópolis;
28/06/2025;Itajaí;
28/06/2025;Chapecó;
28/06/2025;Lages;
28/06/2025;Caçador;
28/06/2025;Araranguá;
28/06/2025;Indaial;
28/06/2025;Xanxerê;
28/06/2025;São Miguel do Oeste;
28/06/2025;Laguna;
28/06/2025;Curitibanos;
28/06/2025;Rio Negrinho;
28/06/2025;Campos Novos;
28/06/2025;Itapoá;
28/06/2025;Joaçaba;
29/06/2025;Florianópolis;
29/06/2025;Itajaí;
29/06/2025;Chapecó;
29/06/2025;Lages;
29/06/2025;Caçador;
29/06/2025;Araranguá;
29/06/2025;Indaial;
29/06/2025;Xanxerê;
29/06/2025;São Miguel do Oeste;
29/06/2025;Laguna;
29/06/2025;Curitibanos;
29/06/2025;Rio Negrinho;
29/06/2025;Campos Novos;
29/06/2025;Itapoá;
29/06/2025;Joaçaba;
30/06/2025;Florianópolis;
30/06/2025;Itajaí;
30/06/2025;Chapecó;
30/06/2025;Lages;
30/06/2025;Caçador;
30/06/2025;Araranguá;
30/06/2025;Indaial;
30/06/2025;Xanxerê;
30/06/2025;São Miguel do Oeste;
30/06/2025;Laguna;
30/06/2025;Curitibanos;
30/06/2025;Rio Negrinho;
30/06/2025;Campos Novos;
30/06/2025;Itapoá;
30/06/2025;Joaçaba;
01/07/2025;Florianópolis;
01/07/2025;Itajaí;
01/07/2025;Chapecó;
01/07/2025;Lages;
01/07/2025;Caçador;
01/07/2025;Araranguá;
01/07/2025;Indaial;
01/07/2025;Xanxerê;
01/07/2025;São Miguel do Oeste;
01/07/2025;Laguna;
01/07/2025;Curitibanos;
01/07/2025;Rio Negrinho;
01/07/2025;Campos Novos;
01/07/2025;Itapoá;
01/07/2025;Joaçaba;
02/07/2025;Florianópolis;
02/07/2025;Itajaí;
02/07/2025;Chapecó;
02/07/2025;Lages;
02/07/2025;Caçador;
02/07/2025;Araranguá;
02/07/2025;Indaial;
02/07/2025;Xanxerê;
02/07/2025;São Miguel do Oeste;
02/07/2025;Laguna;
02/07/2025;Curitibanos;
02/07/2025;Rio Negrinho;
02/07/2025;Campos Novos;
02/07/2025;Itapoá;
02/07/2025;Joaçaba;
03/07/2025;Florianópolis;
03/07/2025;Itajaí;
03/07/2025;Chapecó;
03/07/2025;Lages;
03/07/2025;Caçador;
03/07/2025;Araranguá;
03/07/2025;Indaial;
03/07/2025;Xanxerê;
03/07/2025;São Miguel do Oeste;
03/07/2025;Laguna;
03/07/2025;Curitibanos;
03/07/2025;Rio Negrinho;
03/07/2025;Campos Novos;
03/07/2025;Itapoá;
03/07/2025;Joaçaba;
04/07/2025;Florianópolis;
04/07/2025;Itajaí;
04/07/2025;Chapecó;
04/07/2025;Lages;
04/07/2025;Caçador;
04/07/2025;Araranguá;
04/07/2025;Indaial;
04/07/2025;Xanxerê;
04/07/2025;São Miguel do Oeste;
04/07/2025;Laguna;
04/07/2025;Curitibanos;
04/07/2025;Rio Negrinho;
04/07/2025;Campos Novos;
04/07/2025;Itapoá;
04/07/2025;Joaçaba;
05/07/2025;Florianópolis;
05/07/2025;Itajaí;
05/07/2025;Chapecó;
05/07/2025;Lages;
05/07/2025;Caçador;
05/07/2025;Araranguá;
05/07/2025;Indaial;
05/07/2025;Xanxerê;
05/07/2025;São Miguel do Oeste;
05/07/2025;Laguna;
05/07/2025;Curitibanos;
05/07/2025;Rio Negrinho;
05/07/2025;Campos Novos;
05/07/2025;Itapoá;
05/07/2025;Joaçaba;
06/07/2025;Florianópolis;
06/07/2025;Itajaí;
06/07/2025;Chapecó;
06/07/2025;Lages;
06/07/2025;Caçador;
06/07/2025;Araranguá;
06/07/2025;Indaial;
06/07/2025;Xanxerê;
06/07/2025;São Miguel do Oeste;
06/07/2025;Laguna;
06/07/2025;Curitibanos;
06/07/2025;Rio Negrinho;
06/07/2025;Campos Novos;
06/07/2025;Itapoá;
06/07/2025;Joaçaba;
07/07/2025;Florianópolis;
07/07/2025;Itajaí;
07/07/2025;Chapecó;
07/07/2025;Lages;
07/07/2025;Caçador;
07/07/2025;Araranguá;
07/07/2025;Indaial;
07/07/2025;Xanxerê;
07/07/2025;São Miguel do Oeste;
07/07/2025;Laguna;
07/07/2025;Curitibanos;
07/07/2025;Rio Negrinho;
07/07/2025;Campos Novos;
07/07/2025;Itapoá;
07/07/2025;Joaçaba;
08/07/2025;Florianópolis;
08/07/2025;Itajaí;
08/07/2025;Chapecó;
08/07/2025;Lages;
08/07/2025;Caçador;
08/07/2025;Araranguá;
08/07/2025;Indaial;
08/07/2025;Xanxerê;
08/07/2025;São Miguel do Oeste;
08/07/2025;Laguna;
08/07/2025;Curitibanos;
08/07/2025;Rio Negrinho;
08/07/2025;Campos Novos;
08/07/2025;Itapoá;
08/07/2025;Joaçaba;
09/07/2025;Florianópolis;
09/07/2025;Itajaí;
09/07/2025;Chapecó;
09/07/2025;Lages;
09/07/2025;Caçador;
09/07/2025;Araranguá;
09/07/2025;Indaial;
09/07/2025;Xanxerê;
09/07/2025;São Miguel do Oeste;
09/07/2025;Laguna;
09/07/2025;Curitibanos;
09/07/2025;Rio Negrinho;
09/07/2025;Campos Novos;
09/07/2025;Itapoá;
09/07/2025;Joaçaba;
10/07/2025;Florianópolis;
10/07/2025;Itajaí;
10/07/2025;Chapecó;
10/07/2025;Lages;
10/07/2025;Caçador;
10/07/2025;Araranguá;
10/07/2025;Indaial;
10/07/2025;Xanxerê;
10/07/2025;São Miguel do Oeste;
10/07/2025;Laguna;
10/07/2025;Curitibanos;
10/07/2025;Rio Negrinho;
10/07/2025;Campos Novos;
10/07/2025;Itapoá;
10/07/2025;Joaçaba;
11/07/2025;Florianópolis;
11/07/2025;Itajaí;
11/07/2025;Chapecó;
11/07/2025;Lages;
11/07/2025;Caçador;
11/07/2025;Araranguá;
11/07/2025;Indaial;
11/07/2025;Xanxerê;
11/07/2025;São Miguel do Oeste;
11/07/2025;Laguna;
11/07/2025;Curitibanos;
11/07/2025;Rio Negrinho;
11/07/2025;Campos Novos;
11/07/2025;Itapoá;
11/07/2025;Joaçaba;
12/07/2025;Florianópolis;
12/07/2025;Itajaí;
12/07/2025;Chapecó;
12/07/2025;Lages;
12/07/2025;Caçador;
12/07/2025;Araranguá;
12/07/2025;Indaial;
12/07/2025;Xanxerê;
12/07/2025;São Miguel do Oeste;
12/07/2025;Laguna;
12/07/2025;Curitibanos;
12/07/2025;Rio Negrinho;
12/07/2025;Campos Novos;
12/07/2025;Itapoá;
12/07/2025;Joaçaba;
13/07/2025;Florianópolis;
13/07/2025;Itajaí;
13/07/2025;Chapecó;
13/07/2025;Lages;
13/07/2025;Caçador;
13/07/2025;Araranguá;
13/07/2025;Indaial;
13/07/2025;Xanxerê;
13/07/2025;São Miguel do Oeste;
13/07/2025;Laguna;
13/07/2025;Curitibanos;
13/07/2025;Rio Negrinho;
13/07/2025;Campos Novos;
13/07/2025;Itapoá;
13/07/2025;Joaçaba;
14/07/2025;Florianópolis;
14/07/2025;Itajaí;
14/07/2025;Chapecó;
14/07/2025;Lages;
14/07/2025;Caçador;
14/07/2025;Araranguá;
14/07/2025;Indaial;
14/07/2025;Xanxerê;
14/07/2025;São Miguel do Oeste;
14/07/2025;Laguna;
14/07/2025;Curitibanos;
14/07/2025;Rio Negrinho;
14/07/2025;Campos Novos;
14/07/2025;Itapoá;
14/07/2025;Joaçaba;
15/07/2025;Florianópolis;
15/07/2025;Itajaí;
15/07/2025;Chapecó;
15/07/2025;Lages;
15/07/2025;Caçador;
15/07/2025;Araranguá;
15/07/2025;Indaial;
15/07/2025;Xanxerê;
15/07/2025;São Miguel do Oeste;
15/07/2025;Laguna;
15/07/2025;Curitibanos;
15/07/2025;Rio Negrinho;
15/07/2025;Campos Novos;
15/07/2025;Itapoá;
15/07/2025;Joaçaba;
16/07/2025;Florianópolis;
16/07/2025;Itajaí;
16/07/2025;Chapecó;
16/07/2025;Lages;
16/07/2025;Caçador;
16/07/2025;Araranguá;
16/07/2025;Indaial;
16/07/2025;Xanxerê;
16/07/2025;São Miguel do Oeste;
16/07/2025;Laguna;
16/07/2025;Curitibanos;
16/07/2025;Rio Negrinho;
16/07/2025;Campos Novos;
16/07/2025;Itapoá;
16/07/2025;Joaçaba;
17/07/2025;Florianópolis;
17/07/2025;Itajaí;
17/07/2025;Chapecó;
17/07/2025;Lages;
17/07/2025;Caçador;
17/07/2025;Araranguá;
17/07/2025;Indaial;
17/07/2025;Xanxerê;
17/07/2025;São Miguel do Oeste;
17/07/2025;Laguna;
17/07/2025;Curitibanos;
17/07/2025;Rio Negrinho;
17/07/2025;Campos Novos;
17/07/2025;Itapoá;
17/07/2025;Joaçaba;
18/07/2025;Florianópolis;
18/07/2025;Itajaí;
18/07/2025;Chapecó;
18/07/2025;Lages;
18/07/2025;Caçador;
18/07/2025;Araranguá;
18/07/2025;Indaial;
18/07/2025;Xanxerê;
18/07/2025;São Miguel do Oeste;
18/07/2025;Laguna;
18/07/2025;Curitibanos;
18/07/2025;Rio Negrinho;
18/07/2025;Campos Novos;
18/07/2025;Itapoá;
18/07/2025;Joaçaba;
19/07/2025;Florianópolis;
19/07/2025;Itajaí;
19/07/2025;Chapecó;
19/07/2025;Lages;
19/07/2025;Caçador;
19/07/2025;Araranguá;
19/07/2025;Indaial;
19/07/2025;Xanxerê;
19/07/2025;São Miguel do Oeste;
19/07/2025;Laguna;
19/07/2025;Curitibanos;
19/07/2025;Rio Negrinho;
19/07/2025;Campos Novos;
19/07/2025;Itapoá;
19/07/2025;Joaçaba;
20/07/2025;Florianópolis;
20/07/2025;Itajaí;
20/07/2025;Chapecó;
20/07/2025;Lages;
20/07/2025;Caçador;
20/07/2025;Araranguá;
20/07/2025;Indaial;
20/07/2025;Xanxerê;
20/07/2025;São Miguel do Oeste;
20/07/2025;Laguna;
20/07/2025;Curitibanos;
20/07/2025;Rio Negrinho;
20/07/2025;Campos Novos;
20/07/2025;Itapoá;
20/07/2025;Joaçaba;
21/07/2025;Florianópolis;
21/07/2025;Itajaí;
21/07/2025;Chapecó;
21/07/2025;Lages;
21/07/2025;Caçador;
21/07/2025;Araranguá;
21/07/2025;Indaial;
21/07/2025;Xanxerê;
21/07/2025;São Miguel do Oeste;
21/07/2025;Laguna;
21/07/2025;Curitibanos;
21/07/2025;Rio Negrinho;
21/07/2025;Campos Novos;
21/07/2025;Itapoá;
21/07/2025;Joaçaba;
22/07/2025;Florianópolis;
22/07/2025;Itajaí;
22/07/2025;Chapecó;
22/07/2025;Lages;
22/07/2025;Caçador;
22/07/2025;Araranguá;
22/07/2025;Indaial;
22/07/2025;Xanxerê;
22/07/2025;São Miguel do Oeste;
22/07/2025;Laguna;
22/07/2025;Curitibanos;
22/07/2025;Rio Negrinho;
22/07/2025;Campos Novos;
22/07/2025;Itapoá;
22/07/2025;Joaçaba;
23/07/2025;Florianópolis;
23/07/2025;Itajaí;
23/07/2025;Chapecó;
23/07/2025;Lages;
23/07/2025;Caçador;
23/07/2025;Araranguá;
23/07/2025;Indaial;
23/07/2025;Xanxerê;
23/07/2025;São Miguel do Oeste;
23/07/2025;Laguna;
23/07/2025;Curitibanos;
23/07/2025;Rio Negrinho;
23/07/2025;Campos Novos;
23/07/2025;Itapoá;
23/07/2025;Joaçaba;
24/07/2025;Florianópolis;
24/07/2025;Itajaí;
24/07/2025;Chapecó;
24/07/2025;Lages;
24/07/2025;Caçador;
24/07/2025;Araranguá;
24/07/2025;Indaial;
24/07/2025;Xanxerê;
24/07/2025;São Miguel do Oeste;
24/07/2025;Laguna;
24/07/2025;Curitibanos;
24/07/2025;Rio Negrinho;
24/07/2025;Campos Novos;
24/07/2025;Itapoá;
24/07/2025;Joaçaba;
25/07/2025;Florianópolis;
25/07/2025;Itajaí;
25/07/2025;Chapecó;
25/07/2025;Lages;
25/07/2025;Caçador;
25/07/2025;Araranguá;
25/07/2025;Indaial;
25/07/2025;Xanxerê;
25/07/2025;São Miguel do Oeste;
25/07/2025;Laguna;
25/07/2025;Curitibanos;
25/07/2025;Rio Negrinho;
25/07/2025;Campos Novos;
25/07/2025;Itapoá;
25/07/2025;Joaçaba;
26/07/2025;Florianópolis;
26/07/2025;Itajaí;
26/07/2025;Chapecó;
26/07/2025;Lages;
26/07/2025;Caçador;
26/07/2025;Araranguá;
26/07/2025;Indaial;
26/07/2025;Xanxerê;
26/07/2025;São Miguel do Oeste;
26/07/2025;Laguna;
26/07/2025;Curitibanos;
26/07/2025;Rio Negrinho;
26/07/2025;Campos Novos;
26/07/2025;Itapoá;
26/07/2025;Joaçaba;
27/07/2025;Florianópolis;
27/07/2025;Itajaí;
27/07/2025;Chapecó;
27/07/2025;Lages;
27/07/2025;Caçador;
27/07/2025;Araranguá;
27/07/2025;Indaial;
27/07/2025;Xanxerê;
27/07/2025;São Miguel do Oeste;
27/07/2025;Laguna;
27/07/2025;Curitibanos;
27/07/2025;Rio Negrinho;
27/07/2025;Campos Novos;
27/07/2025;Itapoá;
27/07/2025;Joaçaba;
28/07/2025;Florianópolis;
28/07/2025;Itajaí;
28/07/2025;Chapecó;
28/07/2025;Lages;
28/07/2025;Caçador;
28/07/2025;Araranguá;
28/07/2025;Indaial;
28/07/2025;Xanxerê;
28/07/2025;São Miguel do Oeste;
28/07/2025;Laguna;
28/07/2025;Curitibanos;
28/07/2025;Rio Negrinho;
28/07/2025;Campos Novos;
28/07/2025;Itapoá;
28/07/2025;Joaçaba;
29/07/2025;Florianópolis;
29/07/2025;Itajaí;
29/07/2025;Chapecó;
29/07/2025;Lages;
29/07/2025;Caçador;
29/07/2025;Araranguá;
29/07/2025;Indaial;
29/07/2025;Xanxerê;
29/07/2025;São Miguel do Oeste;
29/07/2025;Laguna;
29/07/2025;Curitibanos;
29/07/2025;Rio Negrinho;
29/07/2025;Campos Novos;
29/07/2025;Itapoá;
29/07/2025;Joaçaba;
30/07/2025;Florianópolis;
30/07/2025;Itajaí;
30/07/2025;Chapecó;
30/07/2025;Lages;
30/07/2025;Caçador;
30/07/2025;Araranguá;
30/07/2025;Indaial;
30/07/2025;Xanxerê;
30/07/2025;São Miguel do Oeste;
30/07/2025;Laguna;
30/07/2025;Curitibanos;
30/07/2025;Rio Negrinho;
30/07/2025;Campos Novos;
30/07/2025;Itapoá;
30/07/2025;Joaçaba;
31/07/2025;Florianópolis;
31/07/2025;Itajaí;
31/07/2025;Chapecó;
31/07/2025;Lages;
31/07/2025;Caçador;
31/07/2025;Araranguá;
31/07/2025;Indaial;
31/07/2025;Xanxerê;
31/07/2025;São Miguel do Oeste;
31/07/2025;Laguna;
31/07/2025;Curitibanos;
31/07/2025;Rio Negrinho;
31/07/2025;Campos Novos;
31/07/2025;Itapoá;
31/07/2025;Joaçaba;
01/08/2025;Florianópolis;
01/08/2025;Itajaí;
01/08/2025;Chapecó;
01/08/2025;Lages;
01/08/2025;Caçador;
01/08/2025;Araranguá;
01/08/2025;Indaial;
01/08/2025;Xanxerê;
01/08/2025;São Miguel do Oeste;
01/08/2025;Laguna;
01/08/2025;Curitibanos;
01/08/2025;Rio Negrinho;
01/08/2025;Campos Novos;
01/08/2025;Itapoá;
01/08/2025;Joaçaba;
02/08/2025;Florianópolis;
02/08/2025;Itajaí;
02/08/2025;Chapecó;
02/08/2025;Lages;
02/08/2025;Caçador;
02/08/2025;Araranguá;
02/08/2025;Indaial;
02/08/2025;Xanxerê;
02/08/2025;São Miguel do Oeste;
02/08/2025;Laguna;
02/08/2025;Curitibanos;
02/08/2025;Rio Negrinho;
02/08/2025;Campos Novos;
02/08/2025;Itapoá;
02/08/2025;Joaçaba;
03/08/2025;Florianópolis;
03/08/2025;Itajaí;
03/08/2025;Chapecó;
03/08/2025;Lages;
03/08/2025;Caçador;
03/08/2025;Araranguá;
03/08/2025;Indaial;
03/08/2025;Xanxerê;
03/08/2025;São Miguel do Oeste;
03/08/2025;Laguna;
03/08/2025;Curitibanos;
03/08/2025;Rio Negrinho;
03/08/2025;Campos Novos;
03/08/2025;Itapoá;
03/08/2025;Joaçaba;
04/08/2025;Florianópolis;
04/08/2025;Itajaí;
04/08/2025;Chapecó;
04/08/2025;Lages;
04/08/2025;Caçador;
04/08/2025;Araranguá;
04/08/2025;Indaial;
04/08/2025;Xanxerê;
04/08/2025;São Miguel do Oeste;
04/08/2025;Laguna;
04/08/2025;Curitibanos;
04/08/2025;Rio Negrinho;
04/08/2025;Campos Novos;
04/08/2025;Itapoá;
04/08/2025;Joaçaba;
05/08/2025;Florianópolis;
05/08/2025;Itajaí;
05/08/2025;Chapecó;
05/08/2025;Lages;
05/08/2025;Caçador;
05/08/2025;Araranguá;
05/08/2025;Indaial;
05/08/2025;Xanxerê;
05/08/2025;São Miguel do Oeste;
05/08/2025;Laguna;
05/08/2025;Curitibanos;
05/08/2025;Rio Negrinho;
05/08/2025;Campos Novos;
05/08/2025;Itapoá;
05/08/2025;Joaçaba;
06/08/2025;Florianópolis;
06/08/2025;Itajaí;
06/08/2025;Chapecó;
06/08/2025;Lages;
06/08/2025;Caçador;
06/08/2025;Araranguá;
06/08/2025;Indaial;
06/08/2025;Xanxerê;
06/08/2025;São Miguel do Oeste;
06/08/2025;Laguna;
06/08/2025;Curitibanos;
06/08/2025;Rio Negrinho;
06/08/2025;Campos Novos;
06/08/2025;Itapoá;
06/08/2025;Joaçaba;
07/08/2025;Florianópolis;
07/08/2025;Itajaí;
07/08/2025;Chapecó;
07/08/2025;Lages;
07/08/2025;Caçador;
07/08/2025;Araranguá;
07/08/2025;Indaial;
07/08/2025;Xanxerê;
07/08/2025;São Miguel do Oeste;
07/08/2025;Laguna;
07/08/2025;Curitibanos;
07/08/2025;Rio Negrinho;
07/08/2025;Campos Novos;
07/08/2025;Itapoá;
07/08/2025;Joaçaba;
08/08/2025;Florianópolis;
08/08/2025;Itajaí;
08/08/2025;Chapecó;
08/08/2025;Lages;
08/08/2025;Caçador;
08/08/2025;Araranguá;
08/08/2025;Indaial;
08/08/2025;Xanxerê;
08/08/2025;São Miguel do Oeste;
08/08/2025;Laguna;
08/08/2025;Curitibanos;
08/08/2025;Rio Negrinho;
08/08/2025;Campos Novos;
08/08/2025;Itapoá;
08/08/2025;Joaçaba;
09/08/2025;Florianópolis;
09/08/2025;Itajaí;
09/08/2025;Chapecó;
09/08/2025;Lages;
09/08/2025;Caçador;
09/08/2025;Araranguá;
09/08/2025;Indaial;
09/08/2025;Xanxerê;
09/08/2025;São Miguel do Oeste;
09/08/2025;Laguna;
09/08/2025;Curitibanos;
09/08/2025;Rio Negrinho;
09/08/2025;Campos Novos;
09/08/2025;Itapoá;
09/08/2025;Joaçaba;
10/08/2025;Florianópolis;
10/08/2025;Itajaí;
10/08/2025;Chapecó;
10/08/2025;Lages;
10/08/2025;Caçador;
10/08/2025;Araranguá;
10/08/2025;Indaial;
10/08/2025;Xanxerê;
10/08/2025;São Miguel do Oeste;
10/08/2025;Laguna;
10/08/2025;Curitibanos;
10/08/2025;Rio Negrinho;
10/08/2025;Campos Novos;
10/08/2025;Itapoá;
10/08/2025;Joaçaba;
11/08/2025;Florianópolis;
11/08/2025;Itajaí;
11/08/2025;Chapecó;
11/08/2025;Lages;
11/08/2025;Caçador;
11/08/2025;Araranguá;
11/08/2025;Indaial;
11/08/2025;Xanxerê;
11/08/2025;São Miguel do Oeste;
11/08/2025;Laguna;
11/08/2025;Curitibanos;
11/08/2025;Rio Negrinho;
11/08/2025;Campos Novos;
11/08/2025;Itapoá;
11/08/2025;Joaçaba;
12/08/2025;Florianópolis;
12/08/2025;Itajaí;
12/08/2025;Chapecó;
12/08/2025;Lages;
12/08/2025;Caçador;
12/08/2025;Araranguá;
12/08/2025;Indaial;
12/08/2025;Xanxerê;
12/08/2025;São Miguel do Oeste;
12/08/2025;Laguna;
12/08/2025;Curitibanos;
12/08/2025;Rio Negrinho;
12/08/2025;Campos Novos;
12/08/2025;Itapoá;
12/08/2025;Joaçaba;
13/08/2025;Florianópolis;
13/08/2025;Itajaí;
13/08/2025;Chapecó;
13/08/2025;Lages;
13/08/2025;Caçador;
13/08/2025;Araranguá;
13/08/2025;Indaial;
13/08/2025;Xanxerê;
13/08/2025;São Miguel do Oeste;
13/08/2025;Laguna;
13/08/2025;Curitibanos;
13/08/2025;Rio Negrinho;
13/08/2025;Campos Novos;
13/08/2025;Itapoá;
13/08/2025;Joaçaba;
14/08/2025;Florianópolis;
14/08/2025;Itajaí;
14/08/2025;Chapecó;
14/08/2025;Lages;
14/08/2025;Caçador;
14/08/2025;Araranguá;
14/08/2025;Indaial;
14/08/2025;Xanxerê;
14/08/2025;São Miguel do Oeste;
14/08/2025;Laguna;
14/08/2025;Curitibanos;
14/08/2025;Rio Negrinho;
14/08/2025;Campos Novos;
14/08/2025;Itapoá;
14/08/2025;Joaçaba;
15/08/2025;Florianópolis;
15/08/2025;Itajaí;
15/08/2025;Chapecó;
15/08/2025;Lages;
15/08/2025;Caçador;
15/08/2025;Araranguá;
15/08/2025;Indaial;
15/08/2025;Xanxerê;
15/08/2025;São Miguel do Oeste;
15/08/2025;Laguna;
15/08/2025;Curitibanos;
15/08/2025;Rio Negrinho;
15/08/2025;Campos Novos;
15/08/2025;Itapoá;
15/08/2025;Joaçaba;
16/08/2025;Florianópolis;
16/08/2025;Itajaí;
16/08/2025;Chapecó;
16/08/2025;Lages;
16/08/2025;Caçador;
16/08/2025;Araranguá;
16/08/2025;Indaial;
16/08/2025;Xanxerê;
16/08/2025;São Miguel do Oeste;
16/08/2025;Laguna;
16/08/2025;Curitibanos;
16/08/2025;Rio Negrinho;
16/08/2025;Campos Novos;
16/08/2025;Itapoá;
16/08/2025;Joaçaba;
17/08/2025;Florianópolis;
17/08/2025;Itajaí;
17/08/2025;Chapecó;
17/08/2025;Lages;
17/08/2025;Caçador;
17/08/2025;Araranguá;
17/08/2025;Indaial;
17/08/2025;Xanxerê;
17/08/2025;São Miguel do Oeste;
17/08/2025;Laguna;
17/08/2025;Curitibanos;
17/08/2025;Rio Negrinho;
17/08/2025;Campos Novos;
17/08/2025;Itapoá;
17/08/2025;Joaçaba;
18/08/2025;Florianópolis;
18/08/2025;Itajaí;
18/08/2025;Chapecó;
18/08/2025;Lages;
18/08/2025;Caçador;
18/08/2025;Araranguá;
18/08/2025;Indaial;
18/08/2025;Xanxerê;
18/08/2025;São Miguel do Oeste;
18/08/2025;Laguna;
18/08/2025;Curitibanos;
18/08/2025;Rio Negrinho;
18/08/2025;Campos Novos;
18/08/2025;Itapoá;
18/08/2025;Joaçaba;
19/08/2025;Florianópolis;
19/08/2025;Itajaí;
19/08/2025;Chapecó;
19/08/2025;Lages;
19/08/2025;Caçador;
19/08/2025;Araranguá;
19/08/2025;Indaial;
19/08/2025;Xanxerê;
19/08/2025;São Miguel do Oeste;
19/08/2025;Laguna;
19/08/2025;Curitibanos;
19/08/2025;Rio Negrinho;
19/08/2025;Campos Novos;
19/08/2025;Itapoá;
19/08/2025;Joaçaba;
20/08/2025;Florianópolis;
20/08/2025;Itajaí;
20/08/2025;Chapecó;
20/08/2025;Lages;
20/08/2025;Caçador;
20/08/2025;Araranguá;
20/08/2025;Indaial;
20/08/2025;Xanxerê;
20/08/2025;São Miguel do Oeste;
20/08/2025;Laguna;
20/08/2025;Curitibanos;
20/08/2025;Rio Negrinho;
20/08/2025;Campos Novos;
20/08/2025;Itapoá;
20/08/2025;Joaçaba;
21/08/2025;Florianópolis;
21/08/2025;Itajaí;
21/08/2025;Chapecó;
21/08/2025;Lages;
21/08/2025;Caçador;
21/08/2025;Araranguá;
21/08/2025;Indaial;
21/08/2025;Xanxerê;
21/08/2025;São Miguel do Oeste;
21/08/2025;Laguna;
21/08/2025;Curitibanos;
21/08/2025;Rio Negrinho;
21/08/2025;Campos Novos;
21/08/2025;Itapoá;
21/08/2025;Joaçaba;
22/08/2025;Florianópolis;
22/08/2025;Itajaí;
22/08/2025;Chapecó;
22/08/2025;Lages;
22/08/2025;Caçador;
22/08/2025;Araranguá;
22/08/2025;Indaial;
22/08/2025;Xanxerê;
22/08/2025;São Miguel do Oeste;
22/08/2025;Laguna;
22/08/2025;Curitibanos;
22/08/2025;Rio Negrinho;
22/08/2025;Campos Novos;
22/08/2025;Itapoá;
22/08/2025;Joaçaba;
23/08/2025;Florianópolis;
23/08/2025;Itajaí;
23/08/2025;Chapecó;
23/08/2025;Lages;
23/08/2025;Caçador;
23/08/2025;Araranguá;
23/08/2025;Indaial;
23/08/2025;Xanxerê;
23/08/2025;São Miguel do Oeste;
23/08/2025;Laguna;
23/08/2025;Curitibanos;
23/08/2025;Rio Negrinho;
23/08/2025;Campos Novos;
23/08/2025;Itapoá;
23/08/2025;Joaçaba;
24/08/2025;Florianópolis;
24/08/2025;Itajaí;
24/08/2025;Chapecó;
24/08/2025;Lages;
24/08/2025;Caçador;
24/08/2025;Araranguá;
24/08/2025;Indaial;
24/08/2025;Xanxerê;
24/08/2025;São Miguel do Oeste;
24/08/2025;Laguna;
24/08/2025;Curitibanos;
24/08/2025;Rio Negrinho;
24/08/2025;Campos Novos;
24/08/2025;Itapoá;
24/08/2025;Joaçaba;
25/08/2025;Florianópolis;
25/08/2025;Itajaí;
25/08/2025;Chapecó;
25/08/2025;Lages;
25/08/2025;Caçador;
25/08/2025;Araranguá;
25/08/2025;Indaial;
25/08/2025;Xanxerê;
25/08/2025;São Miguel do Oeste;
25/08/2025;Laguna;
25/08/2025;Curitibanos;
25/08/2025;Rio Negrinho;
25/08/2025;Campos Novos;
25/08/2025;Itapoá;
25/08/2025;Joaçaba;
26/08/2025;Florianópolis;
26/08/2025;Itajaí;
26/08/2025;Chapecó;
26/08/2025;Lages;
26/08/2025;Caçador;
26/08/2025;Araranguá;
26/08/2025;Indaial;
26/08/2025;Xanxerê;
26/08/2025;São Miguel do Oeste;
26/08/2025;Laguna;
26/08/2025;Curitibanos;
26/08/2025;Rio Negrinho;
26/08/2025;Campos Novos;
26/08/2025;Itapoá;
26/08/2025;Joaçaba;
27/08/2025;Florianópolis;
27/08/2025;Itajaí;
27/08/2025;Chapecó;
27/08/2025;Lages;
27/08/2025;Caçador;
27/08/2025;Araranguá;
27/08/2025;Indaial;
27/08/2025;Xanxerê;
27/08/2025;São Miguel do Oeste;
27/08/2025;Laguna;
27/08/2025;Curitibanos;
27/08/2025;Rio Negrinho;
27/08/2025;Campos Novos;
27/08/2025;Itapoá;
27/08/2025;Joaçaba;
28/08/2025;Florianópolis;
28/08/2025;Itajaí;
28/08/2025;Chapecó;
28/08/2025;Lages;
28/08/2025;Caçador;
28/08/2025;Araranguá;
28/08/2025;Indaial;
28/08/2025;Xanxerê;
28/08/2025;São Miguel do Oeste;
28/08/2025;Laguna;
28/08/2025;Curitibanos;
28/08/2025;Rio Negrinho;
28/08/2025;Campos Novos;
28/08/2025;Itapoá;
28/08/2025;Joaçaba;
29/08/2025;Florianópolis;
29/08/2025;Itajaí;
29/08/2025;Chapecó;
29/08/2025;Lages;
29/08/2025;Caçador;
29/08/2025;Araranguá;
29/08/2025;Indaial;
29/08/2025;Xanxerê;
29/08/2025;São Miguel do Oeste;
29/08/2025;Laguna;
29/08/2025;Curitibanos;
29/08/2025;Rio Negrinho;
29/08/2025;Campos Novos;
29/08/2025;Itapoá;
29/08/2025;Joaçaba;
30/08/2025;Florianópolis;
30/08/2025;Itajaí;
30/08/2025;Chapecó;
30/08/2025;Lages;
30/08/2025;Caçador;
30/08/2025;Araranguá;
30/08/2025;Indaial;
30/08/2025;Xanxerê;
30/08/2025;São Miguel do Oeste;
30/08/2025;Laguna;
30/08/2025;Curitibanos;
30/08/2025;Rio Negrinho;
30/08/2025;Campos Novos;
30/08/2025;Itapoá;
30/08/2025;Joaçaba;
31/08/2025;Florianópolis;
31/08/2025;Itajaí;
31/08/2025;Chapecó;
31/08/2025;Lages;
31/08/2025;Caçador;
31/08/2025;Araranguá;
31/08/2025;Indaial;
31/08/2025;Xanxerê;
31/08/2025;São Miguel do Oeste;
31/08/2025;Laguna;
31/08/2025;Curitibanos;
31/08/2025;Rio Negrinho;
31/08/2025;Campos Novos;
31/08/2025;Itapoá;
31/08/2025;Joaçaba;
01/09/2025;Florianópolis;
01/09/2025;Itajaí;
01/09/2025;Chapecó;
01/09/2025;Lages;
01/09/2025;Caçador;
01/09/2025;Araranguá;
01/09/2025;Indaial;
01/09/2025;Xanxerê;
01/09/2025;São Miguel do Oeste;
01/09/2025;Laguna;
01/09/2025;Curitibanos;
01/09/2025;Rio Negrinho;
01/09/2025;Campos Novos;
01/09/2025;Itapoá;
01/09/2025;Joaçaba;
02/09/2025;Florianópolis;
02/09/2025;Itajaí;
02/09/2025;Chapecó;
02/09/2025;Lages;
02/09/2025;Caçador;
02/09/2025;Araranguá;
02/09/2025;Indaial;
02/09/2025;Xanxerê;
02/09/2025;São Miguel do Oeste;
02/09/2025;Laguna;
02/09/2025;Curitibanos;
02/09/2025;Rio Negrinho;
02/09/2025;Campos Novos;
02/09/2025;Itapoá;
02/09/2025;Joaçaba;
03/09/2025;Florianópolis;
03/09/2025;Itajaí;
03/09/2025;Chapecó;
03/09/2025;Lages;
03/09/2025;Caçador;
03/09/2025;Araranguá;
03/09/2025;Indaial;
03/09/2025;Xanxerê;
03/09/2025;São Miguel do Oeste;
03/09/2025;Laguna;
03/09/2025;Curitibanos;
03/09/2025;Rio Negrinho;
03/09/2025;Campos Novos;
03/09/2025;Itapoá;
03/09/2025;Joaçaba;
04/09/2025;Florianópolis;
04/09/2025;Itajaí;
04/09/2025;Chapecó;
04/09/2025;Lages;
04/09/2025;Caçador;
04/09/2025;Araranguá;
04/09/2025;Indaial;
04/09/2025;Xanxerê;
04/09/2025;São Miguel do Oeste;
04/09/2025;Laguna;
04/09/2025;Curitibanos;
04/09/2025;Rio Negrinho;
04/09/2025;Campos Novos;
04/09/2025;Itapoá;
04/09/2025;Joaçaba;
05/09/2025;Florianópolis;
05/09/2025;Itajaí;
05/09/2025;Chapecó;
05/09/2025;Lages;
05/09/2025;Caçador;
05/09/2025;Araranguá;
05/09/2025;Indaial;
05/09/2025;Xanxerê;
05/09/2025;São Miguel do Oeste;
05/09/2025;Laguna;
05/09/2025;Curitibanos;
05/09/2025;Rio Negrinho;
05/09/2025;Campos Novos;
05/09/2025;Itapoá;
05/09/2025;Joaçaba;
06/09/2025;Florianópolis;
06/09/2025;Itajaí;
06/09/2025;Chapecó;
06/09/2025;Lages;
06/09/2025;Caçador;
06/09/2025;Araranguá;
06/09/2025;Indaial;
06/09/2025;Xanxerê;
06/09/2025;São Miguel do Oeste;
06/09/2025;Laguna;
06/09/2025;Curitibanos;
06/09/2025;Rio Negrinho;
06/09/2025;Campos Novos;
06/09/2025;Itapoá;
06/09/2025;Joaçaba;
07/09/2025;Florianópolis;
07/09/2025;Itajaí;
07/09/2025;Chapecó;
07/09/2025;Lages;
07/09/2025;Caçador;
07/09/2025;Araranguá;
07/09/2025;Indaial;
07/09/2025;Xanxerê;
07/09/2025;São Miguel do Oeste;
07/09/2025;Laguna;
07/09/2025;Curitibanos;
07/09/2025;Rio Negrinho;
07/09/2025;Campos Novos;
07/09/2025;Itapoá;
07/09/2025;Joaçaba;
08/09/2025;Florianópolis;
08/09/2025;Itajaí;
08/09/2025;Chapecó;
08/09/2025;Lages;
08/09/2025;Caçador;
08/09/2025;Araranguá;
08/09/2025;Indaial;
08/09/2025;Xanxerê;
08/09/2025;São Miguel do Oeste;
08/09/2025;Laguna;
08/09/2025;Curitibanos;
08/09/2025;Rio Negrinho;
08/09/2025;Campos Novos;
08/09/2025;Itapoá;
08/09/2025;Joaçaba;
09/09/2025;Florianópolis;
09/09/2025;Itajaí;
09/09/2025;Chapecó;
09/09/2025;Lages;
09/09/2025;Caçador;
09/09/2025;Araranguá;
09/09/2025;Indaial;
09/09/2025;Xanxerê;
09/09/2025;São Miguel do Oeste;
09/09/2025;Laguna;
09/09/2025;Curitibanos;
09/09/2025;Rio Negrinho;
09/09/2025;Campos Novos;
09/09/2025;Itapoá;
09/09/2025;Joaçaba;
10/09/2025;Florianópolis;
10/09/2025;Itajaí;
10/09/2025;Chapecó;
10/09/2025;Lages;
10/09/2025;Caçador;
10/09/2025;Araranguá;
10/09/2025;Indaial;
10/09/2025;Xanxerê;
10/09/2025;São Miguel do Oeste;
10/09/2025;Laguna;
10/09/2025;Curitibanos;
10/09/2025;Rio Negrinho;
10/09/2025;Campos Novos;
10/09/2025;Itapoá;
10/09/2025;Joaçaba;
11/09/2025;Florianópolis;
11/09/2025;Itajaí;
11/09/2025;Chapecó;
11/09/2025;Lages;
11/09/2025;Caçador;
11/09/2025;Araranguá;
11/09/2025;Indaial;
11/09/2025;Xanxerê;
11/09/2025;São Miguel do Oeste;
11/09/2025;Laguna;
11/09/2025;Curitibanos;
11/09/2025;Rio Negrinho;
11/09/2025;Campos Novos;
11/09/2025;Itapoá;
11/09/2025;Joaçaba;
12/09/2025;Florianópolis;
12/09/2025;Itajaí;
12/09/2025;Chapecó;
12/09/2025;Lages;
12/09/2025;Caçador;
12/09/2025;Araranguá;
12/09/2025;Indaial;
12/09/2025;Xanxerê;
12/09/2025;São Miguel do Oeste;
12/09/2025;Laguna;
12/09/2025;Curitibanos;
12/09/2025;Rio Negrinho;
12/09/2025;Campos Novos;
12/09/2025;Itapoá;
12/09/2025;Joaçaba;
13/09/2025;Florianópolis;
13/09/2025;Itajaí;
13/09/2025;Chapecó;
13/09/2025;Lages;
13/09/2025;Caçador;
13/09/2025;Araranguá;
13/09/2025;Indaial;
13/09/2025;Xanxerê;
13/09/2025;São Miguel do Oeste;
13/09/2025;Laguna;
13/09/2025;Curitibanos;
13/09/2025;Rio Negrinho;
13/09/2025;Campos Novos;
13/09/2025;Itapoá;
13/09/2025;Joaçaba;
14/09/2025;Florianópolis;
14/09/2025;Itajaí;
14/09/2025;Chapecó;
14/09/2025;Lages;
14/09/2025;Caçador;
14/09/2025;Araranguá;
14/09/2025;Indaial;
14/09/2025;Xanxerê;
14/09/2025;São Miguel do Oeste;
14/09/2025;Laguna;
14/09/2025;Curitibanos;
14/09/2025;Rio Negrinho;
14/09/2025;Campos Novos;
14/09/2025;Itapoá;
14/09/2025;Joaçaba;
15/09/2025;Florianópolis;
15/09/2025;Itajaí;
15/09/2025;Chapecó;
15/09/2025;Lages;
15/09/2025;Caçador;
15/09/2025;Araranguá;
15/09/2025;Indaial;
15/09/2025;Xanxerê;
15/09/2025;São Miguel do Oeste;
15/09/2025;Laguna;
15/09/2025;Curitibanos;
15/09/2025;Rio Negrinho;
15/09/2025;Campos Novos;
15/09/2025;Itapoá;
15/09/2025;Joaçaba;
16/09/2025;Florianópolis;
16/09/2025;Itajaí;
16/09/2025;Chapecó;
16/09/2025;Lages;
16/09/2025;Caçador;
16/09/2025;Araranguá;
16/09/2025;Indaial;
16/09/2025;Xanxerê;
16/09/2025;São Miguel do Oeste;
16/09/2025;Laguna;
16/09/2025;Curitibanos;
16/09/2025;Rio Negrinho;
16/09/2025;Campos Novos;
16/09/2025;Itapoá;
16/09/2025;Joaçaba;
17/09/2025;Florianópolis;
17/09/2025;Itajaí;
17/09/2025;Chapecó;
17/09/2025;Lages;
17/09/2025;Caçador;
17/09/2025;Araranguá;
17/09/2025;Indaial;
17/09/2025;Xanxerê;
17/09/2025;São Miguel do Oeste;
17/09/2025;Laguna;
17/09/2025;Curitibanos;
17/09/2025;Rio Negrinho;
17/09/2025;Campos Novos;
17/09/2025;Itapoá;
17/09/2025;Joaçaba;
18/09/2025;Florianópolis;
18/09/2025;Itajaí;
18/09/2025;Chapecó;
18/09/2025;Lages;
18/09/2025;Caçador;
18/09/2025;Araranguá;
18/09/2025;Indaial;
18/09/2025;Xanxerê;
18/09/2025;São Miguel do Oeste;
18/09/2025;Laguna;
18/09/2025;Curitibanos;
18/09/2025;Rio Negrinho;
18/09/2025;Campos Novos;
18/09/2025;Itapoá;
18/09/2025;Joaçaba;
19/09/2025;Florianópolis;
19/09/2025;Itajaí;
19/09/2025;Chapecó;
19/09/2025;Lages;
19/09/2025;Caçador;
19/09/2025;Araranguá;
19/09/2025;Indaial;
19/09/2025;Xanxerê;
19/09/2025;São Miguel do Oeste;
19/09/2025;Laguna;
19/09/2025;Curitibanos;
19/09/2025;Rio Negrinho;
19/09/2025;Campos Novos;
19/09/2025;Itapoá;
19/09/2025;Joaçaba;
20/09/2025;Florianópolis;
20/09/2025;Itajaí;
20/09/2025;Chapecó;
20/09/2025;Lages;
20/09/2025;Caçador;
20/09/2025;Araranguá;
20/09/2025;Indaial;
20/09/2025;Xanxerê;
20/09/2025;São Miguel do Oeste;
20/09/2025;Laguna;
20/09/2025;Curitibanos;
20/09/2025;Rio Negrinho;
20/09/2025;Campos Novos;
20/09/2025;Itapoá;
20/09/2025;Joaçaba;
21/09/2025;Florianópolis;
21/09/2025;Itajaí;
21/09/2025;Chapecó;
21/09/2025;Lages;
21/09/2025;Caçador;
21/09/2025;Araranguá;
21/09/2025;Indaial;
21/09/2025;Xanxerê;
21/09/2025;São Miguel do Oeste;
21/09/2025;Laguna;
21/09/2025;Curitibanos;
21/09/2025;Rio Negrinho;
21/09/2025;Campos Novos;
21/09/2025;Itapoá;
21/09/2025;Joaçaba;
22/09/2025;Florianópolis;
22/09/2025;Itajaí;
22/09/2025;Chapecó;
22/09/2025;Lages;
22/09/2025;Caçador;
22/09/2025;Araranguá;
22/09/2025;Indaial;
22/09/2025;Xanxerê;
22/09/2025;São Miguel do Oeste;
22/09/2025;Laguna;
22/09/2025;Curitibanos;
22/09/2025;Rio Negrinho;
22/09/2025;Campos Novos;
22/09/2025;Itapoá;
22/09/2025;Joaçaba;
23/09/2025;Itajaí;
23/09/2025;Chapecó;
23/09/2025;Lages;
23/09/2025;Caçador;
23/09/2025;Araranguá;
23/09/2025;Indaial;
23/09/2025;Xanxerê;
23/09/2025;São Miguel do Oeste;
23/09/2025;Laguna;
23/09/2025;Curitibanos;
23/09/2025;Rio Negrinho;
23/09/2025;Campos Novos;
23/09/2025;Itapoá;
23/09/2025;Joaçaba;
24/09/2025;Florianópolis;
24/09/2025;Itajaí;
24/09/2025;Chapecó;
24/09/2025;Lages;
24/09/2025;Caçador;
24/09/2025;Araranguá;
24/09/2025;Indaial;
24/09/2025;Xanxerê;
24/09/2025;São Miguel do Oeste;
24/09/2025;Laguna;
24/09/2025;Curitibanos;
24/09/2025;Rio Negrinho;
24/09/2025;Campos Novos;
24/09/2025;Itapoá;
24/09/2025;Joaçaba;
25/09/2025;Itajaí;
25/09/2025;Chapecó;
25/09/2025;Lages;
25/09/2025;Caçador;
25/09/2025;Araranguá;
25/09/2025;Indaial;
25/09/2025;Xanxerê;
25/09/2025;São Miguel do Oeste;
25/09/2025;Laguna;
25/09/2025;Curitibanos;
25/09/2025;Rio Negrinho;
25/09/2025;Campos Novos;
25/09/2025;Itapoá;
25/09/2025;Joaçaba;
26/09/2025;Florianópolis;
26/09/2025;Itajaí;
26/09/2025;Chapecó;
26/09/2025;Lages;
26/09/2025;Caçador;
26/09/2025;Araranguá;
26/09/2025;Indaial;
26/09/2025;Xanxerê;
26/09/2025;São Miguel do Oeste;
26/09/2025;Laguna;
26/09/2025;Curitibanos;
26/09/2025;Rio Negrinho;
26/09/2025;Campos Novos;
26/09/2025;Itapoá;
26/09/2025;Joaçaba;
27/09/2025;Florianópolis;
27/09/2025;Itajaí;
27/09/2025;Chapecó;
27/09/2025;Lages;
27/09/2025;Caçador;
27/09/2025;Araranguá;
27/09/2025;Indaial;
27/09/2025;Xanxerê;
27/09/2025;São Miguel do Oeste;
27/09/2025;Laguna;
27/09/2025;Curitibanos;
27/09/2025;Rio Negrinho;
27/09/2025;Campos Novos;
27/09/2025;Itapoá;
27/09/2025;Joaçaba;
28/09/2025;Florianópolis;
28/09/2025;Itajaí;
28/09/2025;Chapecó;
28/09/2025;Lages;
28/09/2025;Caçador;
28/09/2025;Araranguá;
28/09/2025;Indaial;
28/09/2025;Xanxerê;
28/09/2025;São Miguel do Oeste;
28/09/2025;Laguna;
28/09/2025;Curitibanos;
28/09/2025;Rio Negrinho;
28/09/2025;Campos Novos;
28/09/2025;Itapoá;
28/09/2025;Joaçaba;
29/09/2025;Florianópolis;
29/09/2025;Itajaí;
29/09/2025;Chapecó;
29/09/2025;Lages;
29/09/2025;Caçador;
29/09/2025;Araranguá;
29/09/2025;Indaial;
29/09/2025;Xanxerê;
29/09/2025;São Miguel do Oeste;
29/09/2025;Laguna;
29/09/2025;Curitibanos;
29/09/2025;Rio Negrinho;
29/09/2025;Campos Novos;
29/09/2025;Itapoá;
29/09/2025;Joaçaba;
30/09/2025;Florianópolis;
30/09/2025;Itajaí;
30/09/2025;Chapecó;
30/09/2025;Lages;
30/09/2025;Caçador;
30/09/2025;Araranguá;
30/09/2025;Indaial;
30/09/2025;Xanxerê;
30/09/2025;São Miguel do Oeste;
30/09/2025;Laguna;
30/09/2025;Curitibanos;
30/09/2025;Rio Negrinho;
30/09/2025;Campos Novos;
30/09/2025;Itapoá;
30/09/2025;Joaçaba;
01/10/2025;Florianópolis;
01/10/2025;Itajaí;
01/10/2025;Chapecó;
01/10/2025;Lages;
01/10/2025;Caçador;
01/10/2025;Araranguá;
01/10/2025;Indaial;
01/10/2025;Xanxerê;
01/10/2025;São Miguel do Oeste;
01/10/2025;Laguna;
01/10/2025;Curitibanos;
01/10/2025;Rio Negrinho;
01/10/2025;Campos Novos;
01/10/2025;Itapoá;
01/10/2025;Joaçaba;
02/10/2025;Florianópolis;
02/10/2025;Itajaí;
02/10/2025;Chapecó;
02/10/2025;Lages;
02/10/2025;Caçador;
02/10/2025;Araranguá;
02/10/2025;Indaial;
02/10/2025;Xanxerê;
02/10/2025;São Miguel do Oeste;
02/10/2025;Laguna;
02/10/2025;Curitibanos;
02/10/2025;Rio Negrinho;
02/10/2025;Campos Novos;
02/10/2025;Itapoá;
02/10/2025;Joaçaba;
03/10/2025;Florianópolis;
03/10/2025;Itajaí;
03/10/2025;Chapecó;
03/10/2025;Lages;
03/10/2025;Caçador;
03/10/2025;Araranguá;
03/10/2025;Indaial;
03/10/2025;Xanxerê;
03/10/2025;São Miguel do Oeste;
03/10/2025;Laguna;
03/10/2025;Curitibanos;
03/10/2025;Rio Negrinho;
03/10/2025;Campos Novos;
03/10/2025;Itapoá;
03/10/2025;Joaçaba;
04/10/2025;Florianópolis;
04/10/2025;Itajaí;
04/10/2025;Chapecó;
04/10/2025;Lages;
04/10/2025;Caçador;
04/10/2025;Araranguá;
04/10/2025;Indaial;
04/10/2025;Xanxerê;
04/10/2025;São Miguel do Oeste;
04/10/2025;Laguna;
04/10/2025;Curitibanos;
04/10/2025;Rio Negrinho;
04/10/2025;Campos Novos;
04/10/2025;Itapoá;
04/10/2025;Joaçaba;
05/10/2025;Florianópolis;
05/10/2025;Itajaí;
05/10/2025;Chapecó;
05/10/2025;Lages;
05/10/2025;Caçador;
05/10/2025;Araranguá;
05/10/2025;Indaial;
05/10/2025;Xanxerê;
05/10/2025;São Miguel do Oeste;
05/10/2025;Laguna;
05/10/2025;Curitibanos;
05/10/2025;Rio Negrinho;
05/10/2025;Campos Novos;
05/10/2025;Itapoá;
05/10/2025;Joaçaba;
06/10/2025;Florianópolis;
06/10/2025;Itajaí;
06/10/2025;Chapecó;
06/10/2025;Lages;
06/10/2025;Caçador;
06/10/2025;Araranguá;
06/10/2025;Indaial;
06/10/2025;Xanxerê;
06/10/2025;São Miguel do Oeste;
06/10/2025;Laguna;
06/10/2025;Curitibanos;
06/10/2025;Rio Negrinho;
06/10/2025;Campos Novos;
06/10/2025;Itapoá;
06/10/2025;Joaçaba;
07/10/2025;Florianópolis;
07/10/2025;Itajaí;
07/10/2025;Chapecó;
07/10/2025;Lages;
07/10/2025;Caçador;
07/10/2025;Araranguá;
07/10/2025;Indaial;
07/10/2025;Xanxerê;
07/10/2025;São Miguel do Oeste;
07/10/2025;Laguna;
07/10/2025;Curitibanos;
07/10/2025;Rio Negrinho;
07/10/2025;Campos Novos;
07/10/2025;Itapoá;
07/10/2025;Joaçaba;
08/10/2025;Florianópolis;
08/10/2025;Itajaí;
08/10/2025;Chapecó;
08/10/2025;Lages;
08/10/2025;Caçador;
08/10/2025;Araranguá;
08/10/2025;Indaial;
08/10/2025;Xanxerê;
08/10/2025;São Miguel do Oeste;
08/10/2025;Laguna;
08/10/2025;Curitibanos;
08/10/2025;Rio Negrinho;
08/10/2025;Campos Novos;
08/10/2025;Itapoá;
08/10/2025;Joaçaba;
09/10/2025;Florianópolis;
09/10/2025;Itajaí;
09/10/2025;Chapecó;
09/10/2025;Lages;
09/10/2025;Caçador;
09/10/2025;Araranguá;
09/10/2025;Indaial;
09/10/2025;Xanxerê;
09/10/2025;São Miguel do Oeste;
09/10/2025;Laguna;
09/10/2025;Curitibanos;
09/10/2025;Rio Negrinho;
09/10/2025;Campos Novos;
09/10/2025;Itapoá;
09/10/2025;Joaçaba;
10/10/2025;Florianópolis;
10/10/2025;Itajaí;
10/10/2025;Chapecó;
10/10/2025;Lages;
10/10/2025;Caçador;
10/10/2025;Araranguá;
10/10/2025;Indaial;
10/10/2025;Xanxerê;
10/10/2025;São Miguel do Oeste;
10/10/2025;Laguna;
10/10/2025;Curitibanos;
10/10/2025;Rio Negrinho;
10/10/2025;Campos Novos;
10/10/2025;Itapoá;
10/10/2025;Joaçaba;
11/10/2025;Florianópolis;
11/10/2025;Itajaí;
11/10/2025;Chapecó;
11/10/2025;Lages;
11/10/2025;Caçador;
11/10/2025;Araranguá;
11/10/2025;Indaial;
11/10/2025;Xanxerê;
11/10/2025;São Miguel do Oeste;
11/10/2025;Laguna;
11/10/2025;Curitibanos;
11/10/2025;Rio Negrinho;
11/10/2025;Campos Novos;
11/10/2025;Itapoá;
11/10/2025;Joaçaba;
12/10/2025;Florianópolis;
12/10/2025;Itajaí;
12/10/2025;Chapecó;
12/10/2025;Lages;
12/10/2025;Caçador;
12/10/2025;Araranguá;
12/10/2025;Indaial;
12/10/2025;Xanxerê;
12/10/2025;São Miguel do Oeste;
12/10/2025;Laguna;
12/10/2025;Curitibanos;
12/10/2025;Rio Negrinho;
12/10/2025;Campos Novos;
12/10/2025;Itapoá;
12/10/2025;Joaçaba;
13/10/2025;Itajaí;
13/10/2025;Chapecó;
13/10/2025;Lages;
13/10/2025;Caçador;
13/10/2025;Araranguá;
13/10/2025;Indaial;
13/10/2025;Xanxerê;
13/10/2025;São Miguel do Oeste;
13/10/2025;Laguna;
13/10/2025;Curitibanos;
13/10/2025;Rio Negrinho;
13/10/2025;Campos Novos;
13/10/2025;Itapoá;
13/10/2025;Joaçaba;
14/10/2025;Florianópolis;
14/10/2025;Itajaí;
14/10/2025;Chapecó;
14/10/2025;Lages;
14/10/2025;Caçador;
14/10/2025;Araranguá;
14/10/2025;Indaial;
14/10/2025;Xanxerê;
14/10/2025;São Miguel do Oeste;
14/10/2025;Laguna;
14/10/2025;Curitibanos;
14/10/2025;Rio Negrinho;
14/10/2025;Campos Novos;
14/10/2025;Itapoá;
14/10/2025;Joaçaba;
15/10/2025;Florianópolis;
15/10/2025;Itajaí;
15/10/2025;Chapecó;
15/10/2025;Lages;
15/10/2025;Caçador;
15/10/2025;Araranguá;
15/10/2025;Indaial;
15/10/2025;Xanxerê;
15/10/2025;São Miguel do Oeste;
15/10/2025;Laguna;
15/10/2025;Curitibanos;
15/10/2025;Rio Negrinho;
15/10/2025;Campos Novos;
15/10/2025;Itapoá;
15/10/2025;Joaçaba;
16/10/2025;Florianópolis;
16/10/2025;Itajaí;
16/10/2025;Chapecó;
16/10/2025;Lages;
16/10/2025;Caçador;
16/10/2025;Araranguá;
16/10/2025;Indaial;
16/10/2025;Xanxerê;
16/10/2025;São Miguel do Oeste;
16/10/2025;Laguna;
16/10/2025;Curitibanos;
16/10/2025;Rio Negrinho;
16/10/2025;Campos Novos;
16/10/2025;Itapoá;
16/10/2025;Joaçaba;
17/10/2025;Florianópolis;
17/10/2025;Itajaí;
17/10/2025;Chapecó;
17/10/2025;Lages;
17/10/2025;Caçador;
17/10/2025;Araranguá;
17/10/2025;Indaial;
17/10/2025;Xanxerê;
17/10/2025;São Miguel do Oeste;
17/10/2025;Laguna;
17/10/2025;Curitibanos;
17/10/2025;Rio Negrinho;
17/10/2025;Campos Novos;
17/10/2025;Itapoá;
17/10/2025;Joaçaba;
18/10/2025;Florianópolis;
18/10/2025;Itajaí;
18/10/2025;Chapecó;
18/10/2025;Lages;
18/10/2025;Caçador;
18/10/2025;Araranguá;
18/10/2025;Indaial;
18/10/2025;Xanxerê;
18/10/2025;São Miguel do Oeste;
18/10/2025;Laguna;
18/10/2025;Curitibanos;
18/10/2025;Rio Negrinho;
18/10/2025;Campos Novos;
18/10/2025;Itapoá;
18/10/2025;Joaçaba;
19/10/2025;Florianópolis;
19/10/2025;Itajaí;
19/10/2025;Chapecó;
19/10/2025;Lages;
19/10/2025;Caçador;
19/10/2025;Araranguá;
19/10/2025;Indaial;
19/10/2025;Xanxerê;
19/10/2025;São Miguel do Oeste;
19/10/2025;Laguna;
19/10/2025;Curitibanos;
19/10/2025;Rio Negrinho;
19/10/2025;Campos Novos;
19/10/2025;Itapoá;
19/10/2025;Joaçaba;
20/10/2025;Florianópolis;
20/10/2025;Itajaí;
20/10/2025;Chapecó;
20/10/2025;Lages;
20/10/2025;Caçador;
20/10/2025;Araranguá;
20/10/2025;Indaial;
20/10/2025;Xanxerê;
20/10/2025;São Miguel do Oeste;
20/10/2025;Laguna;
20/10/2025;Curitibanos;
20/10/2025;Rio Negrinho;
20/10/2025;Campos Novos;
20/10/2025;Itapoá;
20/10/2025;Joaçaba;
21/10/2025;Florianópolis;
21/10/2025;Itajaí;
21/10/2025;Chapecó;
21/10/2025;Lages;
21/10/2025;Caçador;
21/10/2025;Araranguá;
21/10/2025;Indaial;
21/10/2025;Xanxerê;
21/10/2025;São Miguel do Oeste;
21/10/2025;Laguna;
21/10/2025;Curitibanos;
21/10/2025;Rio Negrinho;
21/10/2025;Campos Novos;
21/10/2025;Itapoá;
21/10/2025;Joaçaba;
22/10/2025;Florianópolis;
22/10/2025;Itajaí;
22/10/2025;Chapecó;
22/10/2025;Lages;
22/10/2025;Caçador;
22/10/2025;Araranguá;
22/10/2025;Indaial;
22/10/2025;Xanxerê;
22/10/2025;São Miguel do Oeste;
22/10/2025;Laguna;
22/10/2025;Curitibanos;
22/10/2025;Rio Negrinho;
22/10/2025;Campos Novos;
22/10/2025;Itapoá;
22/10/2025;Joaçaba;
23/10/2025;Florianópolis;
23/10/2025;Itajaí;
23/10/2025;Chapecó;
23/10/2025;Lages;
23/10/2025;Caçador;
23/10/2025;Araranguá;
23/10/2025;Indaial;
23/10/2025;Xanxerê;
23/10/2025;São Miguel do Oeste;
23/10/2025;Laguna;
23/10/2025;Curitibanos;
23/10/2025;Rio Negrinho;
23/10/2025;Campos Novos;
23/10/2025;Itapoá;
23/10/2025;Joaçaba;
24/10/2025;Florianópolis;
24/10/2025;Itajaí;
24/10/2025;Chapecó;
24/10/2025;Lages;
24/10/2025;Caçador;
24/10/2025;Araranguá;
24/10/2025;Indaial;
24/10/2025;Xanxerê;
24/10/2025;São Miguel do Oeste;
24/10/2025;Laguna;
24/10/2025;Curitibanos;
24/10/2025;Rio Negrinho;
24/10/2025;Campos Novos;
24/10/2025;Itapoá;
24/10/2025;Joaçaba;
25/10/2025;Florianópolis;
25/10/2025;Itajaí;
25/10/2025;Chapecó;
25/10/2025;Lages;
25/10/2025;Caçador;
25/10/2025;Araranguá;
25/10/2025;Indaial;
25/10/2025;Xanxerê;
25/10/2025;São Miguel do Oeste;
25/10/2025;Laguna;
25/10/2025;Curitibanos;
25/10/2025;Rio Negrinho;
25/10/2025;Campos Novos;
25/10/2025;Itapoá;
25/10/2025;Joaçaba;
26/10/2025;Florianópolis;
26/10/2025;Itajaí;
26/10/2025;Chapecó;
26/10/2025;Lages;
26/10/2025;Caçador;
26/10/2025;Araranguá;
26/10/2025;Indaial;
26/10/2025;Xanxerê;
26/10/2025;São Miguel do Oeste;
26/10/2025;Laguna;
26/10/2025;Curitibanos;
26/10/2025;Rio Negrinho;
26/10/2025;Campos Novos;
26/10/2025;Itapoá;
26/10/2025;Joaçaba;
27/10/2025;Florianópolis;
27/10/2025;Itajaí;
27/10/2025;Chapecó;
27/10/2025;Lages;
27/10/2025;Caçador;
27/10/2025;Araranguá;
27/10/2025;Indaial;
27/10/2025;Xanxerê;
27/10/2025;São Miguel do Oeste;
27/10/2025;Laguna;
27/10/2025;Curitibanos;
27/10/2025;Rio Negrinho;
27/10/2025;Campos Novos;
27/10/2025;Itapoá;
27/10/2025;Joaçaba;
28/10/2025;Florianópolis;
28/10/2025;Itajaí;
28/10/2025;Chapecó;
28/10/2025;Lages;
28/10/2025;Caçador;
28/10/2025;Araranguá;
28/10/2025;Indaial;
28/10/2025;Xanxerê;
28/10/2025;São Miguel do Oeste;
28/10/2025;Laguna;
28/10/2025;Curitibanos;
28/10/2025;Rio Negrinho;
28/10/2025;Campos Novos;
28/10/2025;Itapoá;
28/10/2025;Joaçaba;
29/10/2025;Florianópolis;
29/10/2025;Itajaí;
29/10/2025;Chapecó;
29/10/2025;Lages;
29/10/2025;Caçador;
29/10/2025;Araranguá;
29/10/2025;Indaial;
29/10/2025;Xanxerê;
29/10/2025;São Miguel do Oeste;
29/10/2025;Laguna;
29/10/2025;Curitibanos;
29/10/2025;Rio Negrinho;
29/10/2025;Campos Novos;
29/10/2025;Itapoá;
29/10/2025;Joaçaba;
30/10/2025;Florianópolis;
30/10/2025;Itajaí;
30/10/2025;Chapecó;
30/10/2025;Lages;
30/10/2025;Caçador;
30/10/2025;Araranguá;
30/10/2025;Indaial;
30/10/2025;Xanxerê;
30/10/2025;São Miguel do Oeste;
30/10/2025;Laguna;
30/10/2025;Curitibanos;
30/10/2025;Rio Negrinho;
30/10/2025;Campos Novos;
30/10/2025;Itapoá;
30/10/2025;Joaçaba;
31/10/2025;Florianópolis;
31/10/2025;Itajaí;
31/10/2025;Chapecó;
31/10/2025;Lages;
31/10/2025;Caçador;
31/10/2025;Araranguá;
31/10/2025;Indaial;
31/10/2025;Xanxerê;
31/10/2025;São Miguel do Oeste;
31/10/2025;Laguna;
31/10/2025;Curitibanos;
31/10/2025;Rio Negrinho;
31/10/2025;Campos Novos;
31/10/2025;Itapoá;
31/10/2025;Joaçaba;
01/11/2025;Florianópolis;
01/11/2025;Itajaí;
01/11/2025;Chapecó;
01/11/2025;Lages;
01/11/2025;Caçador;
01/11/2025;Araranguá;
01/11/2025;Indaial;
01/11/2025;Xanxerê;
01/11/2025;São Miguel do Oeste;
01/11/2025;Laguna;
01/11/2025;Curitibanos;
01/11/2025;Rio Negrinho;
01/11/2025;Campos Novos;
01/11/2025;Itapoá;
01/11/2025;Joaçaba;
02/11/2025;Florianópolis;
02/11/2025;Itajaí;
02/11/2025;Chapecó;
02/11/2025;Lages;
02/11/2025;Caçador;
02/11/2025;Araranguá;
02/11/2025;Indaial;
02/11/2025;Xanxerê;
02/11/2025;São Miguel do Oeste;
02/11/2025;Laguna;
02/11/2025;Curitibanos;
02/11/2025;Rio Negrinho;
02/11/2025;Campos Novos;
02/11/2025;Itapoá;
02/11/2025;Joaçaba;
03/11/2025;Florianópolis;
03/11/2025;Itajaí;
03/11/2025;Chapecó;
03/11/2025;Lages;
03/11/2025;Caçador;
03/11/2025;Araranguá;
03/11/2025;Indaial;
03/11/2025;Xanxerê;
03/11/2025;São Miguel do Oeste;
03/11/2025;Laguna;
03/11/2025;Curitibanos;
03/11/2025;Rio Negrinho;
03/11/2025;Campos Novos;
03/11/2025;Itapoá;
03/11/2025;Joaçaba;
04/11/2025;Florianópolis;
04/11/2025;Itajaí;
04/11/2025;Chapecó;
04/11/2025;Lages;
04/11/2025;Caçador;
04/11/2025;Araranguá;
04/11/2025;Indaial;
04/11/2025;Xanxerê;
04/11/2025;São Miguel do Oeste;
04/11/2025;Laguna;
04/11/2025;Curitibanos;
04/11/2025;Rio Negrinho;
04/11/2025;Campos Novos;
04/11/2025;Itapoá;
04/11/2025;Joaçaba;
05/11/2025;Florianópolis;
05/11/2025;Itajaí;
05/11/2025;Chapecó;
05/11/2025;Lages;
05/11/2025;Caçador;
05/11/2025;Araranguá;
05/11/2025;Indaial;
05/11/2025;Xanxerê;
05/11/2025;São Miguel do Oeste;
05/11/2025;Laguna;
05/11/2025;Curitibanos;
05/11/2025;Rio Negrinho;
05/11/2025;Campos Novos;
05/11/2025;Itapoá;
05/11/2025;Joaçaba;
06/11/2025;Florianópolis;
06/11/2025;Itajaí;
06/11/2025;Chapecó;
06/11/2025;Lages;
06/11/2025;Caçador;
06/11/2025;Araranguá;
06/11/2025;Indaial;
06/11/2025;Xanxerê;
06/11/2025;São Miguel do Oeste;
06/11/2025;Laguna;
06/11/2025;Curitibanos;
06/11/2025;Rio Negrinho;
06/11/2025;Campos Novos;
06/11/2025;Itapoá;
06/11/2025;Joaçaba;
07/11/2025;Florianópolis;
07/11/2025;Itajaí;
07/11/2025;Chapecó;
07/11/2025;Lages;
07/11/2025;Caçador;
07/11/2025;Araranguá;
07/11/2025;Indaial;
07/11/2025;Xanxerê;
07/11/2025;São Miguel do Oeste;
07/11/2025;Laguna;
07/11/2025;Curitibanos;
07/11/2025;Rio Negrinho;
07/11/2025;Campos Novos;
07/11/2025;Itapoá;
07/11/2025;Joaçaba;
08/11/2025;Florianópolis;
08/11/2025;Itajaí;
08/11/2025;Chapecó;
08/11/2025;Lages;
08/11/2025;Caçador;
08/11/2025;Araranguá;
08/11/2025;Indaial;
08/11/2025;Xanxerê;
08/11/2025;São Miguel do Oeste;
08/11/2025;Laguna;
08/11/2025;Curitibanos;
08/11/2025;Rio Negrinho;
08/11/2025;Campos Novos;
08/11/2025;Itapoá;
08/11/2025;Joaçaba;
09/11/2025;Florianópolis;
09/11/2025;Itajaí;
09/11/2025;Chapecó;
09/11/2025;Lages;
09/11/2025;Caçador;
09/11/2025;Araranguá;
09/11/2025;Indaial;
09/11/2025;Xanxerê;
09/11/2025;São Miguel do Oeste;
09/11/2025;Laguna;
09/11/2025;Curitibanos;
09/11/2025;Rio Negrinho;
09/11/2025;Campos Novos;
09/11/2025;Itapoá;
09/11/2025;Joaçaba;
10/11/2025;Florianópolis;
10/11/2025;Itajaí;
10/11/2025;Chapecó;
10/11/2025;Lages;
10/11/2025;Caçador;
10/11/2025;Araranguá;
10/11/2025;Indaial;
10/11/2025;Xanxerê;
10/11/2025;São Miguel do Oeste;
10/11/2025;Laguna;
10/11/2025;Curitibanos;
10/11/2025;Rio Negrinho;
10/11/2025;Campos Novos;
10/11/2025;Itapoá;
10/11/2025;Joaçaba;
11/11/2025;Florianópolis;
11/11/2025;Itajaí;
11/11/2025;Chapecó;
11/11/2025;Lages;
11/11/2025;Caçador;
11/11/2025;Araranguá;
11/11/2025;Indaial;
11/11/2025;Xanxerê;
11/11/2025;São Miguel do Oeste;
11/11/2025;Laguna;
11/11/2025;Curitibanos;
11/11/2025;Rio Negrinho;
11/11/2025;Campos Novos;
11/11/2025;Itapoá;
11/11/2025;Joaçaba;
12/11/2025;Florianópolis;
12/11/2025;Itajaí;
12/11/2025;Chapecó;
12/11/2025;Lages;
12/11/2025;Caçador;
12/11/2025;Araranguá;
12/11/2025;Indaial;
12/11/2025;Xanxerê;
12/11/2025;São Miguel do Oeste;
12/11/2025;Laguna;
12/11/2025;Curitibanos;
12/11/2025;Rio Negrinho;
12/11/2025;Campos Novos;
12/11/2025;Itapoá;
12/11/2025;Joaçaba;
13/11/2025;Florianópolis;
13/11/2025;Itajaí;
13/11/2025;Chapecó;
13/11/2025;Lages;
13/11/2025;Caçador;
13/11/2025;Araranguá;
13/11/2025;Indaial;
13/11/2025;Xanxerê;
13/11/2025;São Miguel do Oeste;
13/11/2025;Laguna;
13/11/2025;Curitibanos;
13/11/2025;Rio Negrinho;
13/11/2025;Campos Novos;
13/11/2025;Itapoá;
13/11/2025;Joaçaba;
14/11/2025;Florianópolis;
14/11/2025;Itajaí;
14/11/2025;Chapecó;
14/11/2025;Lages;
14/11/2025;Caçador;
14/11/2025;Araranguá;
14/11/2025;Indaial;
14/11/2025;Xanxerê;
14/11/2025;São Miguel do Oeste;
14/11/2025;Laguna;
14/11/2025;Curitibanos;
14/11/2025;Rio Negrinho;
14/11/2025;Campos Novos;
14/11/2025;Itapoá;
14/11/2025;Joaçaba;
15/11/2025;Florianópolis;
15/11/2025;Itajaí;
15/11/2025;Chapecó;
15/11/2025;Lages;
15/11/2025;Caçador;
15/11/2025;Araranguá;
15/11/2025;Indaial;
15/11/2025;Xanxerê;
15/11/2025;São Miguel do Oeste;
15/11/2025;Laguna;
15/11/2025;Curitibanos;
15/11/2025;Rio Negrinho;
15/11/2025;Campos Novos;
15/11/2025;Itapoá;
15/11/2025;Joaçaba;
16/11/2025;Florianópolis;
16/11/2025;Itajaí;
16/11/2025;Chapecó;
16/11/2025;Lages;
16/11/2025;Caçador;
16/11/2025;Araranguá;
16/11/2025;Indaial;
16/11/2025;Xanxerê;
16/11/2025;São Miguel do Oeste;
16/11/2025;Laguna;
16/11/2025;Curitibanos;
16/11/2025;Rio Negrinho;
16/11/2025;Campos Novos;
16/11/2025;Itapoá;
16/11/2025;Joaçaba;
17/11/2025;Florianópolis;
17/11/2025;Itajaí;
17/11/2025;Chapecó;
17/11/2025;Lages;
17/11/2025;Caçador;
17/11/2025;Araranguá;
17/11/2025;Indaial;
17/11/2025;Xanxerê;
17/11/2025;São Miguel do Oeste;
17/11/2025;Laguna;
17/11/2025;Curitibanos;
17/11/2025;Rio Negrinho;
17/11/2025;Campos Novos;
17/11/2025;Itapoá;
17/11/2025;Joaçaba;
18/11/2025;Florianópolis;
18/11/2025;Itajaí;
18/11/2025;Chapecó;
18/11/2025;Lages;
18/11/2025;Caçador;
18/11/2025;Araranguá;
18/11/2025;Indaial;
18/11/2025;Xanxerê;
18/11/2025;São Miguel do Oeste;
18/11/2025;Laguna;
18/11/2025;Curitibanos;
18/11/2025;Rio Negrinho;
18/11/2025;Campos Novos;
18/11/2025;Itapoá;
18/11/2025;Joaçaba;
19/11/2025;Florianópolis;
19/11/2025;Itajaí;
19/11/2025;Chapecó;
19/11/2025;Lages;
19/11/2025;Caçador;
19/11/2025;Araranguá;
19/11/2025;Indaial;
19/11/2025;Xanxerê;
19/11/2025;São Miguel do Oeste;
19/11/2025;Laguna;
19/11/2025;Curitibanos;
19/11/2025;Rio Negrinho;
19/11/2025;Campos Novos;
19/11/2025;Itapoá;
19/11/2025;Joaçaba;
20/11/2025;Florianópolis;
20/11/2025;Itajaí;
20/11/2025;Chapecó;
20/11/2025;Lages;
20/11/2025;Caçador;
20/11/2025;Araranguá;
20/11/2025;Indaial;
20/11/2025;Xanxerê;
20/11/2025;São Miguel do Oeste;
20/11/2025;Laguna;
20/11/2025;Curitibanos;
20/11/2025;Rio Negrinho;
20/11/2025;Campos Novos;
20/11/2025;Itapoá;
20/11/2025;Joaçaba;
21/11/2025;Florianópolis;
21/11/2025;Itajaí;
21/11/2025;Chapecó;
21/11/2025;Lages;
21/11/2025;Caçador;
21/11/2025;Araranguá;
21/11/2025;Indaial;
21/11/2025;Xanxerê;
21/11/2025;São Miguel do Oeste;
21/11/2025;Laguna;
21/11/2025;Curitibanos;
21/11/2025;Rio Negrinho;
21/11/2025;Campos Novos;
21/11/2025;Itapoá;
21/11/2025;Joaçaba;
22/11/2025;Florianópolis;
22/11/2025;Itajaí;
22/11/2025;Chapecó;
22/11/2025;Lages;
22/11/2025;Caçador;
22/11/2025;Araranguá;
22/11/2025;Indaial;
22/11/2025;Xanxerê;
22/11/2025;São Miguel do Oeste;
22/11/2025;Laguna;
22/11/2025;Curitibanos;
22/11/2025;Rio Negrinho;
22/11/2025;Campos Novos;
22/11/2025;Itapoá;
22/11/2025;Joaçaba;
23/11/2025;Florianópolis;
23/11/2025;Itajaí;
23/11/2025;Chapecó;
23/11/2025;Lages;
23/11/2025;Caçador;
23/11/2025;Araranguá;
23/11/2025;Indaial;
23/11/2025;Xanxerê;
23/11/2025;São Miguel do Oeste;
23/11/2025;Laguna;
23/11/2025;Curitibanos;
23/11/2025;Rio Negrinho;
23/11/2025;Campos Novos;
23/11/2025;Itapoá;
23/11/2025;Joaçaba;
24/11/2025;Florianópolis;
24/11/2025;Itajaí;
24/11/2025;Chapecó;
24/11/2025;Lages;
24/11/2025;Caçador;
24/11/2025;Araranguá;
24/11/2025;Indaial;
24/11/2025;Xanxerê;
24/11/2025;São Miguel do Oeste;
24/11/2025;Laguna;
24/11/2025;Curitibanos;
24/11/2025;Rio Negrinho;
24/11/2025;Campos Novos;
24/11/2025;Itapoá;
24/11/2025;Joaçaba;
25/11/2025;Florianópolis;
25/11/2025;Itajaí;
25/11/2025;Chapecó;
25/11/2025;Lages;
25/11/2025;Caçador;
25/11/2025;Araranguá;
25/11/2025;Indaial;
25/11/2025;Xanxerê;
25/11/2025;São Miguel do Oeste;
25/11/2025;Laguna;
25/11/2025;Curitibanos;
25/11/2025;Rio Negrinho;
25/11/2025;Campos Novos;
25/11/2025;Itapoá;
25/11/2025;Joaçaba;
26/11/2025;Florianópolis;
26/11/2025;Itajaí;
26/11/2025;Chapecó;
26/11/2025;Lages;
26/11/2025;Caçador;
26/11/2025;Araranguá;
26/11/2025;Indaial;
26/11/2025;Xanxerê;
26/11/2025;São Miguel do Oeste;
26/11/2025;Laguna;
26/11/2025;Curitibanos;
26/11/2025;Rio Negrinho;
26/11/2025;Campos Novos;
26/11/2025;Itapoá;
26/11/2025;Joaçaba;
27/11/2025;Florianópolis;
27/11/2025;Itajaí;
27/11/2025;Chapecó;
27/11/2025;Lages;
27/11/2025;Caçador;
27/11/2025;Araranguá;
27/11/2025;Indaial;
27/11/2025;Xanxerê;
27/11/2025;São Miguel do Oeste;
27/11/2025;Laguna;
27/11/2025;Curitibanos;
27/11/2025;Rio Negrinho;
27/11/2025;Campos Novos;
27/11/2025;Itapoá;
27/11/2025;Joaçaba;
28/11/2025;Florianópolis;
28/11/2025;Itajaí;
28/11/2025;Chapecó;
28/11/2025;Lages;
28/11/2025;Caçador;
28/11/2025;Araranguá;
28/11/2025;Indaial;
28/11/2025;Xanxerê;
28/11/2025;São Miguel do Oeste;
28/11/2025;Laguna;
28/11/2025;Curitibanos;
28/11/2025;Rio Negrinho;
28/11/2025;Campos Novos;
28/11/2025;Itapoá;
28/11/2025;Joaçaba;
29/11/2025;Florianópolis;
29/11/2025;Itajaí;
29/11/2025;Chapecó;
29/11/2025;Lages;
29/11/2025;Caçador;
29/11/2025;Araranguá;
29/11/2025;Indaial;
29/11/2025;Xanxerê;
29/11/2025;São Miguel do Oeste;
29/11/2025;Laguna;
29/11/2025;Curitibanos;
29/11/2025;Rio Negrinho;
29/11/2025;Campos Novos;
29/11/2025;Itapoá;
29/11/2025;Joaçaba;
30/11/2025;Florianópolis;
30/11/2025;Itajaí;
30/11/2025;Chapecó;
30/11/2025;Lages;
30/11/2025;Caçador;
30/11/2025;Araranguá;
30/11/2025;Indaial;
30/11/2025;Xanxerê;
30/11/2025;São Miguel do Oeste;
30/11/2025;Laguna;
30/11/2025;Curitibanos;
30/11/2025;Rio Negrinho;
30/11/2025;Campos Novos;
30/11/2025;Itapoá;
30/11/2025;Joaçaba;
01/12/2025;Florianópolis;
01/12/2025;Itajaí;
01/12/2025;Chapecó;
01/12/2025;Lages;
01/12/2025;Caçador;
01/12/2025;Araranguá;
01/12/2025;Indaial;
01/12/2025;Xanxerê;
01/12/2025;São Miguel do Oeste;
01/12/2025;Laguna;
01/12/2025;Curitibanos;
01/12/2025;Rio Negrinho;
01/12/2025;Campos Novos;
01/12/2025;Itapoá;
01/12/2025;Joaçaba;
02/12/2025;Florianópolis;
02/12/2025;Itajaí;
02/12/2025;Chapecó;
02/12/2025;Lages;
02/12/2025;Caçador;
02/12/2025;Araranguá;
02/12/2025;Indaial;
02/12/2025;Xanxerê;
02/12/2025;São Miguel do Oeste;
02/12/2025;Laguna;
02/12/2025;Curitibanos;
02/12/2025;Rio Negrinho;
02/12/2025;Campos Novos;
02/12/2025;Itapoá;
02/12/2025;Joaçaba;
03/12/2025;Florianópolis;
03/12/2025;Itajaí;
03/12/2025;Chapecó;
03/12/2025;Lages;
03/12/2025;Caçador;
03/12/2025;Araranguá;
03/12/2025;Indaial;
03/12/2025;Xanxerê;
03/12/2025;São Miguel do Oeste;
03/12/2025;Laguna;
03/12/2025;Curitibanos;
03/12/2025;Rio Negrinho;
03/12/2025;Campos Novos;
03/12/2025;Itapoá;
03/12/2025;Joaçaba;
04/12/2025;Florianópolis;
04/12/2025;Itajaí;
04/12/2025;Chapecó;
04/12/2025;Lages;
04/12/2025;Caçador;
04/12/2025;Araranguá;
04/12/2025;Indaial;
04/12/2025;Xanxerê;
04/12/2025;São Miguel do Oeste;
04/12/2025;Laguna;
04/12/2025;Curitibanos;
04/12/2025;Rio Negrinho;
04/12/2025;Campos Novos;
04/12/2025;Itapoá;
04/12/2025;Joaçaba;
05/12/2025;Florianópolis;
05/12/2025;Itajaí;
05/12/2025;Chapecó;
05/12/2025;Lages;
05/12/2025;Caçador;
05/12/2025;Araranguá;
05/12/2025;Indaial;
05/12/2025;Xanxerê;
05/12/2025;São Miguel do Oeste;
05/12/2025;Laguna;
05/12/2025;Curitibanos;
05/12/2025;Rio Negrinho;
05/12/2025;Campos Novos;
05/12/2025;Itapoá;
05/12/2025;Joaçaba;
06/12/2025;Florianópolis;
06/12/2025;Itajaí;
06/12/2025;Chapecó;
06/12/2025;Lages;
06/12/2025;Caçador;
06/12/2025;Araranguá;
06/12/2025;Indaial;
06/12/2025;Xanxerê;
06/12/2025;São Miguel do Oeste;
06/12/2025;Laguna;
06/12/2025;Curitibanos;
06/12/2025;Rio Negrinho;
06/12/2025;Campos Novos;
06/12/2025;Itapoá;
06/12/2025;Joaçaba;
07/12/2025;Florianópolis;
07/12/2025;Itajaí;
07/12/2025;Chapecó;
07/12/2025;Lages;
07/12/2025;Caçador;
07/12/2025;Araranguá;
07/12/2025;Indaial;
07/12/2025;Xanxerê;
07/12/2025;São Miguel do Oeste;
07/12/2025;Laguna;
07/12/2025;Curitibanos;
07/12/2025;Rio Negrinho;
07/12/2025;Campos Novos;
07/12/2025;Itapoá;
07/12/2025;Joaçaba;
08/12/2025;Florianópolis;
08/12/2025;Itajaí;
08/12/2025;Chapecó;
08/12/2025;Lages;
08/12/2025;Caçador;
08/12/2025;Araranguá;
08/12/2025;Indaial;
08/12/2025;Xanxerê;
08/12/2025;São Miguel do Oeste;
08/12/2025;Laguna;
08/12/2025;Curitibanos;
08/12/2025;Rio Negrinho;
08/12/2025;Campos Novos;
08/12/2025;Itapoá;
08/12/2025;Joaçaba;
09/12/2025;Florianópolis;
09/12/2025;Itajaí;
09/12/2025;Chapecó;
09/12/2025;Lages;
09/12/2025;Caçador;
09/12/2025;Araranguá;
09/12/2025;Indaial;
09/12/2025;Xanxerê;
09/12/2025;São Miguel do Oeste;
09/12/2025;Laguna;
09/12/2025;Curitibanos;
09/12/2025;Rio Negrinho;
09/12/2025;Campos Novos;
09/12/2025;Itapoá;
09/12/2025;Joaçaba;
10/12/2025;Florianópolis;
10/12/2025;Itajaí;
10/12/2025;Chapecó;
10/12/2025;Lages;
10/12/2025;Caçador;
10/12/2025;Araranguá;
10/12/2025;Indaial;
10/12/2025;Xanxerê;
10/12/2025;São Miguel do Oeste;
10/12/2025;Laguna;
10/12/2025;Curitibanos;
10/12/2025;Rio Negrinho;
10/12/2025;Campos Novos;
10/12/2025;Itapoá;
10/12/2025;Joaçaba;
11/12/2025;Florianópolis;
11/12/2025;Itajaí;
11/12/2025;Chapecó;
11/12/2025;Lages;
11/12/2025;Caçador;
11/12/2025;Araranguá;
11/12/2025;Indaial;
11/12/2025;Xanxerê;
11/12/2025;São Miguel do Oeste;
11/12/2025;Laguna;
11/12/2025;Curitibanos;
11/12/2025;Rio Negrinho;
11/12/2025;Campos Novos;
11/12/2025;Itapoá;
11/12/2025;Joaçaba;
12/12/2025;Florianópolis;
12/12/2025;Itajaí;
12/12/2025;Chapecó;
12/12/2025;Lages;
12/12/2025;Caçador;
12/12/2025;Araranguá;
12/12/2025;Indaial;
12/12/2025;Xanxerê;
12/12/2025;São Miguel do Oeste;
12/12/2025;Laguna;
12/12/2025;Curitibanos;
12/12/2025;Rio Negrinho;
12/12/2025;Campos Novos;
12/12/2025;Itapoá;
12/12/2025;Joaçaba;
13/12/2025;Florianópolis;
13/12/2025;Itajaí;
13/12/2025;Chapecó;
13/12/2025;Lages;
13/12/2025;Caçador;
13/12/2025;Araranguá;
13/12/2025;Indaial;
13/12/2025;Xanxerê;
13/12/2025;São Miguel do Oeste;
13/12/2025;Laguna;
13/12/2025;Curitibanos;
13/12/2025;Rio Negrinho;
13/12/2025;Campos Novos;
13/12/2025;Itapoá;
13/12/2025;Joaçaba;
14/12/2025;Florianópolis;
14/12/2025;Itajaí;
14/12/2025;Chapecó;
14/12/2025;Lages;
14/12/2025;Caçador;
14/12/2025;Araranguá;
14/12/2025;Indaial;
14/12/2025;Xanxerê;
14/12/2025;São Miguel do Oeste;
14/12/2025;Laguna;
14/12/2025;Curitibanos;
14/12/2025;Rio Negrinho;
14/12/2025;Campos Novos;
14/12/2025;Itapoá;
14/12/2025;Joaçaba;
15/12/2025;Florianópolis;
15/12/2025;Itajaí;
15/12/2025;Chapecó;
15/12/2025;Lages;
15/12/2025;Caçador;
15/12/2025;Araranguá;
15/12/2025;Indaial;
15/12/2025;Xanxerê;
15/12/2025;São Miguel do Oeste;
15/12/2025;Laguna;
15/12/2025;Curitibanos;
15/12/2025;Rio Negrinho;
15/12/2025;Campos Novos;
15/12/2025;Itapoá;
15/12/2025;Joaçaba;
16/12/2025;Florianópolis;
16/12/2025;Itajaí;
16/12/2025;Chapecó;
16/12/2025;Lages;
16/12/2025;Caçador;
16/12/2025;Araranguá;
16/12/2025;Indaial;
16/12/2025;Xanxerê;
16/12/2025;São Miguel do Oeste;
16/12/2025;Laguna;
16/12/2025;Curitibanos;
16/12/2025;Rio Negrinho;
16/12/2025;Campos Novos;
16/12/2025;Itapoá;
16/12/2025;Joaçaba;
17/12/2025;Florianópolis;
17/12/2025;Itajaí;
17/12/2025;Chapecó;
17/12/2025;Lages;
17/12/2025;Caçador;
17/12/2025;Araranguá;
17/12/2025;Indaial;
17/12/2025;Xanxerê;
17/12/2025;São Miguel do Oeste;
17/12/2025;Laguna;
17/12/2025;Curitibanos;
17/12/2025;Rio Negrinho;
17/12/2025;Campos Novos;
17/12/2025;Itapoá;
17/12/2025;Joaçaba;
18/12/2025;Florianópolis;
18/12/2025;Itajaí;
18/12/2025;Chapecó;
18/12/2025;Lages;
18/12/2025;Caçador;
18/12/2025;Araranguá;
18/12/2025;Indaial;
18/12/2025;Xanxerê;
18/12/2025;São Miguel do Oeste;
18/12/2025;Laguna;
18/12/2025;Curitibanos;
18/12/2025;Rio Negrinho;
18/12/2025;Campos Novos;
18/12/2025;Itapoá;
18/12/2025;Joaçaba;
19/12/2025;Florianópolis;
19/12/2025;Itajaí;
19/12/2025;Chapecó;
19/12/2025;Lages;
19/12/2025;Caçador;
19/12/2025;Araranguá;
19/12/2025;Indaial;
19/12/2025;Xanxerê;
19/12/2025;São Miguel do Oeste;
19/12/2025;Laguna;
19/12/2025;Curitibanos;
19/12/2025;Rio Negrinho;
19/12/2025;Campos Novos;
19/12/2025;Itapoá;
19/12/2025;Joaçaba;
20/12/2025;Florianópolis;
20/12/2025;Itajaí;
20/12/2025;Chapecó;
20/12/2025;Lages;
20/12/2025;Caçador;
20/12/2025;Araranguá;
20/12/2025;Indaial;
20/12/2025;Xanxerê;
20/12/2025;São Miguel do Oeste;
20/12/2025;Laguna;
20/12/2025;Curitibanos;
20/12/2025;Rio Negrinho;
20/12/2025;Campos Novos;
20/12/2025;Itapoá;
20/12/2025;Joaçaba;
21/12/2025;Florianópolis;
21/12/2025;Itajaí;
21/12/2025;Chapecó;
21/12/2025;Lages;
21/12/2025;Caçador;
21/12/2025;Araranguá;
21/12/2025;Indaial;
21/12/2025;Xanxerê;
21/12/2025;São Miguel do Oeste;
21/12/2025;Laguna;
21/12/2025;Curitibanos;
21/12/2025;Rio Negrinho;
21/12/2025;Campos Novos;
21/12/2025;Itapoá;
21/12/2025;Joaçaba;
22/12/2025;Florianópolis;
22/12/2025;Itajaí;
22/12/2025;Chapecó;
22/12/2025;Lages;
22/12/2025;Caçador;
22/12/2025;Araranguá;
22/12/2025;Indaial;
22/12/2025;Xanxerê;
22/12/2025;São Miguel do Oeste;
22/12/2025;Laguna;
22/12/2025;Curitibanos;
22/12/2025;Rio Negrinho;
22/12/2025;Campos Novos;
22/12/2025;Itapoá;
22/12/2025;Joaçaba;
23/12/2025;Florianópolis;
23/12/2025;Itajaí;
23/12/2025;Chapecó;
23/12/2025;Lages;
23/12/2025;Caçador;
23/12/2025;Araranguá;
23/12/2025;Indaial;
23/12/2025;Xanxerê;
23/12/2025;São Miguel do Oeste;
23/12/2025;Laguna;
23/12/2025;Curitibanos;
23/12/2025;Rio Negrinho;
23/12/2025;Campos Novos;
23/12/2025;Itapoá;
23/12/2025;Joaçaba;
24/12/2025;Florianópolis;
24/12/2025;Itajaí;
24/12/2025;Chapecó;
24/12/2025;Lages;
24/12/2025;Caçador;
24/12/2025;Araranguá;
24/12/2025;Indaial;
24/12/2025;Xanxerê;
24/12/2025;São Miguel do Oeste;
24/12/2025;Laguna;
24/12/2025;Curitibanos;
24/12/2025;Rio Negrinho;
24/12/2025;Campos Novos;
24/12/2025;Itapoá;
24/12/2025;Joaçaba;
25/12/2025;Florianópolis;
25/12/2025;Itajaí;
25/12/2025;Chapecó;
25/12/2025;Lages;
25/12/2025;Caçador;
25/12/2025;Araranguá;
25/12/2025;Indaial;
25/12/2025;Xanxerê;
25/12/2025;São Miguel do Oeste;
25/12/2025;Laguna;
25/12/2025;Curitibanos;
25/12/2025;Rio Negrinho;
25/12/2025;Campos Novos;
25/12/2025;Itapoá;
25/12/2025;Joaçaba;
26/12/2025;Florianópolis;
26/12/2025;Itajaí;
26/12/2025;Chapecó;
26/12/2025;Lages;
26/12/2025;Caçador;
26/12/2025;Araranguá;
26/12/2025;Indaial;
26/12/2025;Xanxerê;
26/12/2025;São Miguel do Oeste;
26/12/2025;Laguna;
26/12/2025;Curitibanos;
26/12/2025;Rio Negrinho;
26/12/2025;Campos Novos;
26/12/2025;Itapoá;
26/12/2025;Joaçaba;
27/12/2025;Florianópolis;
27/12/2025;Itajaí;
27/12/2025;Chapecó;
27/12/2025;Lages;
27/12/2025;Caçador;
27/12/2025;Araranguá;
27/12/2025;Indaial;
27/12/2025;Xanxerê;
27/12/2025;São Miguel do Oeste;
27/12/2025;Laguna;
27/12/2025;Curitibanos;
27/12/2025;Rio Negrinho;
27/12/2025;Campos Novos;
27/12/2025;Itapoá;
27/12/2025;Joaçaba;
28/12/2025;Florianópolis;
28/12/2025;Itajaí;
28/12/2025;Chapecó;
28/12/2025;Lages;
28/12/2025;Caçador;
28/12/2025;Araranguá;
28/12/2025;Indaial;
28/12/2025;Xanxerê;
28/12/2025;São Miguel do Oeste;
28/12/2025;Laguna;
28/12/2025;Curitibanos;
28/12/2025;Rio Negrinho;
28/12/2025;Campos Novos;
28/12/2025;Itapoá;
28/12/2025;Joaçaba;
29/12/2025;Florianópolis;
29/12/2025;Itajaí;
29/12/2025;Chapecó;
29/12/2025;Lages;
29/12/2025;Caçador;
29/12/2025;Araranguá;
29/12/2025;Indaial;
29/12/2025;Xanxerê;
29/12/2025;São Miguel do Oeste;
29/12/2025;Laguna;
29/12/2025;Curitibanos;
29/12/2025;Rio Negrinho;
29/12/2025;Campos Novos;
29/12/2025;Itapoá;
29/12/2025;Joaçaba;
30/12/2025;Florianópolis;
30/12/2025;Itajaí;
30/12/2025;Chapecó;
30/12/2025;Lages;
30/12/2025;Caçador;
30/12/2025;Araranguá;
30/12/2025;Indaial;
30/12/2025;Xanxerê;
30/12/2025;São Miguel do Oeste;
30/12/2025;Laguna;
30/12/2025;Curitibanos;
30/12/2025;Rio Negrinho;
30/12/2025;Campos Novos;
30/12/2025;Itapoá;
30/12/2025;Joaçaba;
31/12/2025;Florianópolis;
31/12/2025;Itajaí;
31/12/2025;Chapecó;
31/12/2025;Lages;
31/12/2025;Caçador;
31/12/2025;Araranguá;
31/12/2025;Indaial;
31/12/2025;Xanxerê;
31/12/2025;São Miguel do Oeste;
31/12/2025;Laguna;
31/12/2025;Curitibanos;
31/12/2025;Rio Negrinho;
31/12/2025;Campos Novos;
31/12/2025;Itapoá;
31/12/2025;Joaçaba;
